time_window,avg_cpu,avg_mem,active_machines
1970-01-01 00:05:00+00:00,0.00662258341715068,0.004912416316267439,9525
1970-01-01 00:06:00+00:00,0.0032542922377261723,0.0027331814024285322,3805
1970-01-01 00:07:00+00:00,0.003070296988253512,0.00277046208077236,4167
1970-01-01 00:08:00+00:00,0.0019503157258017327,0.0018228199376562183,4338
1970-01-01 00:09:00+00:00,0.0016886134027699234,0.0014684567589526752,5545
1970-01-01 00:10:00+00:00,0.006117088320165377,0.004734603443912198,9523
1970-01-01 00:11:00+00:00,0.0026061743901443814,0.0017219476842574427,5384
1970-01-01 00:12:00+00:00,0.002485190087928891,0.0015634134874919225,4991
1970-01-01 00:13:00+00:00,0.0020933823139859774,0.0012252671335528289,4764
1970-01-01 00:14:00+00:00,0.002585709198040266,0.0015027608494474537,5253
1970-01-01 00:15:00+00:00,0.006013907736881367,0.004661959762683008,9524
1970-01-01 00:16:00+00:00,0.006022529999509178,0.002190681771872983,5495
1970-01-01 00:17:00+00:00,0.00447506266980625,0.002208418583971274,4625
1970-01-01 00:18:00+00:00,0.004968400540310236,0.0019646959794140223,4422
1970-01-01 00:19:00+00:00,0.0035878069321205784,0.0014335703689941524,4455
1970-01-01 00:20:00+00:00,0.006490425979472219,0.004707414562502092,9527
1970-01-01 00:21:00+00:00,0.004164457832695049,0.0020529857561342037,4959
1970-01-01 00:22:00+00:00,0.003119546862624612,0.00185512042649629,4683
1970-01-01 00:23:00+00:00,0.0030117792375308197,0.0013259957555938609,4854
1970-01-01 00:24:00+00:00,0.0029881541583624076,0.0010711709189026863,4127
1970-01-01 00:25:00+00:00,0.006843293185319382,0.004804707982725508,9527
1970-01-01 00:26:00+00:00,0.0028860980745713466,0.001309784382772334,4073
1970-01-01 00:27:00+00:00,0.003919253623761304,0.001371944957423304,4308
1970-01-01 00:28:00+00:00,0.0030512432899161214,0.0013254906057188875,4899
1970-01-01 00:29:00+00:00,0.0030094942629525752,0.0009036416206855612,3782
1970-01-01 00:30:00+00:00,0.006898997174739643,0.004840349138229796,9527
1970-01-01 00:31:00+00:00,0.00299645097795675,0.0017245501194392949,4735
1970-01-01 00:32:00+00:00,0.0026869092453043982,0.001334416364746224,5336
1970-01-01 00:33:00+00:00,0.0022628266275955757,0.001278617789874211,4728
1970-01-01 00:34:00+00:00,0.0028988696796260352,0.0013495470180087071,3929
1970-01-01 00:35:00+00:00,0.006858008961315632,0.004833410710216924,9527
1970-01-01 00:36:00+00:00,0.0033151467293350977,0.0013914144940962094,4893
1970-01-01 00:37:00+00:00,0.003636795628098484,0.001183270291672608,4602
1970-01-01 00:38:00+00:00,0.0040305719806009764,0.0010699200668381364,4337
1970-01-01 00:39:00+00:00,0.0026197925730335006,0.0008774444597064091,3882
1970-01-01 00:40:00+00:00,0.006634382076208804,0.004735290157067515,9529
1970-01-01 00:41:00+00:00,0.0035216628637376565,0.001254061103513708,3394
1970-01-01 00:42:00+00:00,0.0021213354654542643,0.0007327406636720679,3696
1970-01-01 00:43:00+00:00,0.0023857563979548906,0.0011731669426020088,4406
1970-01-01 00:44:00+00:00,0.0023936231562725766,0.0007465092516350231,2495
1970-01-01 00:45:00+00:00,0.006374275600374353,0.0047158023683380535,9526
1970-01-01 00:46:00+00:00,0.003394886091035036,0.0011373156788816864,5461
1970-01-01 00:47:00+00:00,0.004370059093958924,0.0011577098302438297,4662
1970-01-01 00:48:00+00:00,0.0031716298400535133,0.0014442526951003326,3756
1970-01-01 00:49:00+00:00,0.0029255646814365438,0.0015203201785105908,4470
1970-01-01 00:50:00+00:00,0.005946103849725898,0.004700296758331739,9526
1970-01-01 00:51:00+00:00,0.002360858055853073,0.001121773652107485,4296
1970-01-01 00:52:00+00:00,0.002316676097876324,0.0012691111330655157,4960
1970-01-01 00:53:00+00:00,0.0019935212512957445,0.0010181490463772346,4185
1970-01-01 00:54:00+00:00,0.0025123411601626865,0.0010898234550892707,3499
1970-01-01 00:55:00+00:00,0.005441759350985404,0.004629220642144416,9525
1970-01-01 00:56:00+00:00,0.00262105776260921,0.0010212575956365239,4152
1970-01-01 00:57:00+00:00,0.00418659834955055,0.0010622894792128416,4608
1970-01-01 00:58:00+00:00,0.004676792501195693,0.0011596996520576754,3904
1970-01-01 00:59:00+00:00,0.0027041307942251105,0.000875958989175518,2897
1970-01-01 01:00:00+00:00,0.005175811577454566,0.004558569665905111,9526
1970-01-01 01:01:00+00:00,0.002858202213592765,0.0012340050715532135,4114
1970-01-01 01:02:00+00:00,0.0038815362216446975,0.0021779734787889266,5095
1970-01-01 01:03:00+00:00,0.0025249533794729265,0.0009626214125601642,4111
1970-01-01 01:04:00+00:00,0.002081214046592819,0.0009211328841094638,3680
1970-01-01 01:05:00+00:00,0.004910166416836895,0.0044663564082298105,9526
1970-01-01 01:06:00+00:00,0.003980366318251301,0.0016745254238305176,5744
1970-01-01 01:07:00+00:00,0.0024753328726458204,0.0011796925706921131,5851
1970-01-01 01:08:00+00:00,0.0028398018294314197,0.001698725108712161,5200
1970-01-01 01:09:00+00:00,0.002275961999813605,0.0010480456187415266,5140
1970-01-01 01:10:00+00:00,0.005203590921060128,0.004562187424660833,9529
1970-01-01 01:11:00+00:00,0.0020306887452174243,0.0011911732330033553,6179
1970-01-01 01:12:00+00:00,0.0026423719171134773,0.0009520651103622964,5776
1970-01-01 01:13:00+00:00,0.0024932795102244804,0.0011023598037593386,4803
1970-01-01 01:14:00+00:00,0.0017758988569755868,0.0008955225991555978,4368
1970-01-01 01:15:00+00:00,0.005207731000314949,0.004574403943107031,9530
1970-01-01 01:16:00+00:00,0.0042012158930814026,0.001222013981249997,5183
1970-01-01 01:17:00+00:00,0.0034074841337650434,0.0011973539946161852,6058
1970-01-01 01:18:00+00:00,0.004880846958190125,0.0011834056169805617,4380
1970-01-01 01:19:00+00:00,0.003033942795615501,0.0007587331580164112,3727
1970-01-01 01:20:00+00:00,0.005024336896705022,0.004558004422225975,9527
1970-01-01 01:21:00+00:00,0.002681619938779549,0.0015148835154155692,5904
1970-01-01 01:22:00+00:00,0.001753306999385599,0.0011042969217346355,6863
1970-01-01 01:23:00+00:00,0.002074751513857609,0.0012776378968534223,6779
1970-01-01 01:24:00+00:00,0.0017858358859626216,0.0008769113924613073,4779
1970-01-01 01:25:00+00:00,0.00517886128648862,0.004577338176301412,9514
1970-01-01 01:26:00+00:00,0.0023246549116442868,0.0014498538871290702,5345
1970-01-01 01:27:00+00:00,0.0027401487254563694,0.0013909714098749206,6472
1970-01-01 01:28:00+00:00,0.003127406467769572,0.0010505876131273245,6240
1970-01-01 01:29:00+00:00,0.0017877310332482866,0.0009118241032376581,6266
1970-01-01 01:30:00+00:00,0.005121798521302126,0.004534972407935717,9516
1970-01-01 01:31:00+00:00,0.003186104486990966,0.002036564022072102,5858
1970-01-01 01:32:00+00:00,0.002417081203810318,0.0016714428339881092,4939
1970-01-01 01:33:00+00:00,0.0018273795781573315,0.0012388340077780218,5536
1970-01-01 01:34:00+00:00,0.0019360123270098259,0.0007464421721154645,6353
1970-01-01 01:35:00+00:00,0.00505219121219161,0.004454572057661315,9521
1970-01-01 01:36:00+00:00,0.003138849919446047,0.0011518617499482898,7345
1970-01-01 01:37:00+00:00,0.004263583598007002,0.0012647388893105866,5606
1970-01-01 01:38:00+00:00,0.002457476996250844,0.0011973638274920602,5173
1970-01-01 01:39:00+00:00,0.0020787141080502946,0.0008009448319527349,4972
1970-01-01 01:40:00+00:00,0.005365226719421803,0.004500706397184797,9528
1970-01-01 01:41:00+00:00,0.003421370568980673,0.0014251358184825366,7224
1970-01-01 01:42:00+00:00,0.002484913258805447,0.001329808696405338,5810
1970-01-01 01:43:00+00:00,0.0028038169861408276,0.0007941912418061636,6647
1970-01-01 01:44:00+00:00,0.0022969686506425233,0.0008085859431980813,6437
1970-01-01 01:45:00+00:00,0.0054550926947379876,0.004439556756882874,9529
1970-01-01 01:46:00+00:00,0.0026249403476064264,0.0013893977449366502,6880
1970-01-01 01:47:00+00:00,0.0039612345051104085,0.0012362499048214084,6550
1970-01-01 01:48:00+00:00,0.0036090718009488694,0.0016207315175771767,3534
1970-01-01 01:49:00+00:00,0.0025750379591704176,0.0008665295987639557,4519
1970-01-01 01:50:00+00:00,0.005662858440098604,0.00454017300592587,9525
1970-01-01 01:51:00+00:00,0.0032663500413939095,0.0016158391872506757,3241
1970-01-01 01:52:00+00:00,0.0037828305323334126,0.001514996211946386,3291
1970-01-01 01:53:00+00:00,0.002164986599506002,0.0009889915453687138,3738
1970-01-01 01:54:00+00:00,0.0020002429509002493,0.0007336348777071971,5962
1970-01-01 01:55:00+00:00,0.0056507720706269115,0.004455896207834145,9526
1970-01-01 01:56:00+00:00,0.003350201373759683,0.001299919546674826,6854
1970-01-01 01:57:00+00:00,0.0032092166430154737,0.0011764005999788292,6939
1970-01-01 01:58:00+00:00,0.003468733179156713,0.0013088655688140995,5541
1970-01-01 01:59:00+00:00,0.0020180397408095323,0.0007668717498137469,4012
1970-01-01 02:00:00+00:00,0.005768000349490245,0.004543796742432931,9527
1970-01-01 02:01:00+00:00,0.0041592001141845065,0.0018935502236058395,3682
1970-01-01 02:02:00+00:00,0.003261434464227583,0.0012944956952285543,4340
1970-01-01 02:03:00+00:00,0.003963356869051179,0.0014322875671050007,5318
1970-01-01 02:04:00+00:00,0.002166278097425383,0.0008524968292575696,4728
1970-01-01 02:05:00+00:00,0.005642760538095536,0.004476659046026601,9528
1970-01-01 02:06:00+00:00,0.0031224783566617866,0.00133752111591005,5551
1970-01-01 02:07:00+00:00,0.0058264924057189384,0.0012481813845427177,4522
1970-01-01 02:08:00+00:00,0.0025008438550797097,0.0008986332385635831,3831
1970-01-01 02:09:00+00:00,0.0030339699511074563,0.0010992676027265422,3995
1970-01-01 02:10:00+00:00,0.005576276093989519,0.004456354615764687,9527
1970-01-01 02:11:00+00:00,0.004825316859542781,0.002880790617765693,6948
1970-01-01 02:12:00+00:00,0.0031939720162082186,0.0016442755334442189,5568
1970-01-01 02:13:00+00:00,0.0021309118052160363,0.0010921532640411776,5538
1970-01-01 02:14:00+00:00,0.002930442872056541,0.0013564869884931002,4903
1970-01-01 02:15:00+00:00,0.0056621459709703436,0.00449812772648021,9527
1970-01-01 02:16:00+00:00,0.0054557800374720414,0.0019257786107285048,5677
1970-01-01 02:17:00+00:00,0.003644764946034722,0.0014786524590338682,5689
1970-01-01 02:18:00+00:00,0.002393896446182559,0.00109865787927991,4838
1970-01-01 02:19:00+00:00,0.003031675458653321,0.0014105250030356394,5060
1970-01-01 02:20:00+00:00,0.005552929017960813,0.004494300458121181,9527
1970-01-01 02:21:00+00:00,0.00306964222728306,0.0012893356267806107,5759
1970-01-01 02:22:00+00:00,0.0020985781954909327,0.0010151496018841512,5824
1970-01-01 02:23:00+00:00,0.0020672671739700695,0.0009864834916491433,4903
1970-01-01 02:24:00+00:00,0.0014745236371694137,0.0006589047614852028,5137
1970-01-01 02:25:00+00:00,0.005210949447867749,0.004277043309359311,9526
1970-01-01 02:26:00+00:00,0.003091663340761006,0.001235218080277822,6628
1970-01-01 02:27:00+00:00,0.0033807688680314294,0.0013116844717896855,5793
1970-01-01 02:28:00+00:00,0.0017609782577460748,0.0011473367603025387,5378
1970-01-01 02:29:00+00:00,0.0015474942413554625,0.0009953795151673164,4951
1970-01-01 02:30:00+00:00,0.0053405507190264385,0.0043536451522425785,9528
1970-01-01 02:31:00+00:00,0.0023536612990261996,0.0012222573178272637,3078
1970-01-01 02:32:00+00:00,0.0012339982631312607,0.00042172327136906756,345
1970-01-01 02:33:00+00:00,0.0012533498848891845,0.0007395211995074227,6922
1970-01-01 02:34:00+00:00,0.001053208243564654,0.00037046173444872,6226
1970-01-01 02:35:00+00:00,0.005119335032612031,0.004239768988277716,9529
1970-01-01 02:36:00+00:00,0.0031053398080684966,0.0016412909492890156,6411
1970-01-01 02:37:00+00:00,0.0060724985596878394,0.0022705641253489544,8325
1970-01-01 02:38:00+00:00,0.0030085177356111706,0.0012753352595231608,8155
1970-01-01 02:39:00+00:00,0.001952933737110339,0.0010345627366121473,7346
1970-01-01 02:40:00+00:00,0.005823282049387117,0.004265961539012486,9531
1970-01-01 02:41:00+00:00,0.002718318660018133,0.001697412987286745,7663
1970-01-01 02:42:00+00:00,0.0016824487426580791,0.0011702491507953074,5302
1970-01-01 02:43:00+00:00,0.0016371750566196571,0.0009314393797275102,5429
1970-01-01 02:44:00+00:00,0.0012408033357730508,0.0007868740274315388,6219
1970-01-01 02:45:00+00:00,0.005511923992430494,0.00429555408173212,9531
1970-01-01 02:46:00+00:00,0.001648262196472246,0.0014886731475821748,7733
1970-01-01 02:47:00+00:00,0.0024988043121826112,0.0012654152730232817,6824
1970-01-01 02:48:00+00:00,0.0021429705057492573,0.0011269879710373825,7529
1970-01-01 02:49:00+00:00,0.0018834765330176721,0.0010158802204075802,6032
1970-01-01 02:50:00+00:00,0.005615534368730592,0.004363169774152888,9531
1970-01-01 02:51:00+00:00,0.0025190020238500584,0.0017474497018792686,6954
1970-01-01 02:52:00+00:00,0.0016379432303006522,0.001135230767922324,7074
1970-01-01 02:53:00+00:00,0.0015431287579079018,0.0011075849826198642,6620
1970-01-01 02:54:00+00:00,0.001189542146569617,0.0006766858144912882,7311
1970-01-01 02:55:00+00:00,0.0053683781762845495,0.004337599933559441,9531
1970-01-01 02:56:00+00:00,0.0022890972500952318,0.0012035903610071851,7888
1970-01-01 02:57:00+00:00,0.002129317475997299,0.0011610374580288242,7616
1970-01-01 02:58:00+00:00,0.002460782959805168,0.0018025421638539567,7856
1970-01-01 02:59:00+00:00,0.0013594462333871827,0.0008129512079319402,6803
1970-01-01 03:00:00+00:00,0.006082414786831925,0.004639879033693821,9531
1970-01-01 03:01:00+00:00,0.0026650909852588348,0.00170230961850077,6674
1970-01-01 03:02:00+00:00,0.0021926840901342953,0.00142036292653113,6804
1970-01-01 03:03:00+00:00,0.0014389927427732423,0.0006602179083592924,7309
1970-01-01 03:04:00+00:00,0.0014800611014078363,0.0006322523894268553,7687
1970-01-01 03:05:00+00:00,0.006029925535752301,0.004617655193594586,9530
1970-01-01 03:06:00+00:00,0.002748548008314148,0.001466173914520035,7371
1970-01-01 03:07:00+00:00,0.002996831066691771,0.0012841037103680096,7265
1970-01-01 03:08:00+00:00,0.0017288372108212526,0.0010046383202312816,6659
1970-01-01 03:09:00+00:00,0.0017234850704327233,0.0006606219998952201,7434
1970-01-01 03:10:00+00:00,0.006144517700419662,0.00473968196242174,9529
1970-01-01 03:11:00+00:00,0.0031006468423760694,0.002439593888073886,7728
1970-01-01 03:12:00+00:00,0.0017086142576634182,0.0013870839242656912,6977
1970-01-01 03:13:00+00:00,0.0029916283359593936,0.0020927823394258313,7004
1970-01-01 03:14:00+00:00,0.0017057301902945463,0.0008766360851149518,5783
1970-01-01 03:15:00+00:00,0.006159503245556561,0.004830306563641029,9529
1970-01-01 03:16:00+00:00,0.002916282658394028,0.0020116775906533096,6443
1970-01-01 03:17:00+00:00,0.003056364388351625,0.0016130661393201568,6188
1970-01-01 03:18:00+00:00,0.0016118329677277624,0.0011592720156636963,6438
1970-01-01 03:19:00+00:00,0.0020452828634741644,0.0015732201836605017,6802
1970-01-01 03:20:00+00:00,0.00577828897155384,0.004748326509169746,9529
1970-01-01 03:21:00+00:00,0.0024967338944377297,0.0018542779651722398,5693
1970-01-01 03:22:00+00:00,0.0015053219300208446,0.0014595642924218753,6672
1970-01-01 03:23:00+00:00,0.001806827404092753,0.0013841352600982226,5970
1970-01-01 03:24:00+00:00,0.0017063036960621818,0.0012433261649366144,6399
1970-01-01 03:25:00+00:00,0.0056726698312624625,0.004573940427504266,9529
1970-01-01 03:26:00+00:00,0.004228222237574399,0.0015352373307247731,6130
1970-01-01 03:27:00+00:00,0.0028511695655173926,0.0014730605646322112,5249
1970-01-01 03:28:00+00:00,0.0022675290745129617,0.001279072962810266,5961
1970-01-01 03:29:00+00:00,0.003027470598491198,0.0018656824729096821,7954
1970-01-01 03:30:00+00:00,0.005718170902611455,0.004565342976690305,9531
1970-01-01 03:31:00+00:00,0.0023783526330774965,0.0014600082949242667,6630
1970-01-01 03:32:00+00:00,0.001984381252206797,0.0012902403543196348,5935
1970-01-01 03:33:00+00:00,0.001667307550054222,0.0009438930187062226,5506
1970-01-01 03:34:00+00:00,0.001926306052829099,0.0011920510744200116,6795
1970-01-01 03:35:00+00:00,0.005136988228441601,0.004176233208888735,9529
1970-01-01 03:36:00+00:00,0.0035660743158083155,0.0020239599014023855,7469
1970-01-01 03:37:00+00:00,0.002633122858426906,0.0018001283918108253,6824
1970-01-01 03:38:00+00:00,0.0016103217915807877,0.000967582017731542,6605
1970-01-01 03:39:00+00:00,0.0017472888369800513,0.0008745281716321364,6285
1970-01-01 03:40:00+00:00,0.00559120846003236,0.004416912191590789,9530
1970-01-01 03:41:00+00:00,0.002699845163734393,0.0019900571810362363,6753
1970-01-01 03:42:00+00:00,0.001917405812297446,0.0012110388561356494,6257
1970-01-01 03:43:00+00:00,0.0016420830280473083,0.001153848289888212,7032
1970-01-01 03:44:00+00:00,0.0012421421761194338,0.000597477106139754,5895
1970-01-01 03:45:00+00:00,0.005535532425953248,0.004410611713530674,9530
1970-01-01 03:46:00+00:00,0.0023137284509131928,0.0016327514427794802,6280
1970-01-01 03:47:00+00:00,0.001842664707036806,0.0012069130213778043,7628
1970-01-01 03:48:00+00:00,0.0017169136605602261,0.0021214921322911676,7225
1970-01-01 03:49:00+00:00,0.0011604079572388633,0.0009518566617884662,7301
1970-01-01 03:50:00+00:00,0.005652471120124376,0.004619130083632541,9531
1970-01-01 03:51:00+00:00,0.002321283936256107,0.0017752985194865332,7530
1970-01-01 03:52:00+00:00,0.001704288482666018,0.0010000698089599564,6912
1970-01-01 03:53:00+00:00,0.001637902393500245,0.0013740287713822862,5832
1970-01-01 03:54:00+00:00,0.00148202906531009,0.0007154329429600376,6423
1970-01-01 03:55:00+00:00,0.00593671611359932,0.004761441960250806,9530
1970-01-01 03:56:00+00:00,0.002529963711074053,0.001380486430471042,7063
1970-01-01 03:57:00+00:00,0.002193388517501386,0.0013108404888444883,6448
1970-01-01 03:58:00+00:00,0.001677155578111423,0.0009242845966400535,6501
1970-01-01 03:59:00+00:00,0.0016928307749574534,0.0007964140450195217,5217
1970-01-01 04:00:00+00:00,0.005826358084378503,0.004712289910267039,9531
1970-01-01 04:01:00+00:00,0.0029508777566858205,0.0017351378370691712,6038
1970-01-01 04:02:00+00:00,0.0019778649867654157,0.001325935536065985,5492
1970-01-01 04:03:00+00:00,0.0017323275748334069,0.0008875716111500581,6008
1970-01-01 04:04:00+00:00,0.002406928399675363,0.0009071410570995677,5472
1970-01-01 04:05:00+00:00,0.005761104970959951,0.004754502605623122,9531
1970-01-01 04:06:00+00:00,0.0032178500655350344,0.0012855169499755693,6063
1970-01-01 04:07:00+00:00,0.003124025297078733,0.0012207300140357172,5446
1970-01-01 04:08:00+00:00,0.002260898458019385,0.001452081411547668,4488
1970-01-01 04:09:00+00:00,0.0020823555164807294,0.000822148493535402,4836
1970-01-01 04:10:00+00:00,0.005606389447815088,0.0047687443369099775,9529
1970-01-01 04:11:00+00:00,0.0016023153927944198,0.0009167895537061352,7390
1970-01-01 04:12:00+00:00,0.0020847517042303894,0.0013453984598200761,5931
1970-01-01 04:13:00+00:00,0.0022561127426691157,0.00139915706439516,4610
1970-01-01 04:14:00+00:00,0.0012907651981744024,0.0006246341508105508,5306
1970-01-01 04:15:00+00:00,0.0057931449441117056,0.0048699740037130654,9529
1970-01-01 04:16:00+00:00,0.002854279665865032,0.0010901495512468352,5744
1970-01-01 04:17:00+00:00,0.004489764382346097,0.0013377124819788503,5299
1970-01-01 04:18:00+00:00,0.0016597209201211303,0.0008484553669352872,6688
1970-01-01 04:19:00+00:00,0.002242838039157853,0.000774213565857002,4970
1970-01-01 04:20:00+00:00,0.006339410251099271,0.00496082024361562,9527
1970-01-01 04:21:00+00:00,0.002320019265084111,0.001305470374586078,6798
1970-01-01 04:22:00+00:00,0.0025257142211800258,0.0015306287571597076,5855
1970-01-01 04:23:00+00:00,0.001983201700973769,0.0014505491370690963,5717
1970-01-01 04:24:00+00:00,0.0016145736528938594,0.001138564933270104,5520
1970-01-01 04:25:00+00:00,0.0060838361523156016,0.004907212576877299,9526
1970-01-01 04:26:00+00:00,0.0027868739912001294,0.0013625873496473846,7569
1970-01-01 04:27:00+00:00,0.0028384910411710174,0.0015012794608060113,6525
1970-01-01 04:28:00+00:00,0.001850492714149602,0.0011781620880476726,5706
1970-01-01 04:29:00+00:00,0.0013429543307640103,0.0008182587144761063,6175
1970-01-01 04:30:00+00:00,0.006154741585006349,0.004889544297871605,9526
1970-01-01 04:31:00+00:00,0.003481432686462151,0.0020188848813116355,6957
1970-01-01 04:32:00+00:00,0.002358068104081588,0.0013585774572888582,5303
1970-01-01 04:33:00+00:00,0.0020855684395779677,0.0012158574460996296,5828
1970-01-01 04:34:00+00:00,0.0016083651982354964,0.0008631096919297958,5129
1970-01-01 04:35:00+00:00,0.006083028034335713,0.004809541637000478,9527
1970-01-01 04:36:00+00:00,0.0015974315864015277,0.0007784457543729311,5937
1970-01-01 04:37:00+00:00,0.0028870450549062132,0.0010204894050619465,6174
1970-01-01 04:38:00+00:00,0.0018357524646616967,0.0006801184256654997,5813
1970-01-01 04:39:00+00:00,0.0017684163828323336,0.0006611121372999125,5301
1970-01-01 04:40:00+00:00,0.006051644846432054,0.0048478256933101715,9528
1970-01-01 04:41:00+00:00,0.002808122122792022,0.001690967301784722,4586
1970-01-01 04:42:00+00:00,0.0022711274791795233,0.0013554854581103433,4658
1970-01-01 04:43:00+00:00,0.0015724845047216038,0.0008448139481654216,5633
1970-01-01 04:44:00+00:00,0.0017071316081486375,0.000808329785361274,5023
1970-01-01 04:45:00+00:00,0.006148214830073449,0.004850370779328541,9529
1970-01-01 04:46:00+00:00,0.002606941849298731,0.0011953894248478993,6369
1970-01-01 04:47:00+00:00,0.0034610543853724612,0.0011906517591560766,6054
1970-01-01 04:48:00+00:00,0.0015763641585183439,0.0007376267123890707,6610
1970-01-01 04:49:00+00:00,0.0013366323420251364,0.0005141002317623095,6123
1970-01-01 04:50:00+00:00,0.0061854489859474926,0.004871619271690148,9529
1970-01-01 04:51:00+00:00,0.0032965898608179668,0.0019884947643144155,6208
1970-01-01 04:52:00+00:00,0.0025200077773416003,0.0016846222182713463,6310
1970-01-01 04:53:00+00:00,0.0019599108572696125,0.001194344702636205,5579
1970-01-01 04:54:00+00:00,0.0015834774038165958,0.0007758686892007741,5555
1970-01-01 04:55:00+00:00,0.006332268424489682,0.004878826506012041,9529
1970-01-01 04:56:00+00:00,0.0043151957421939564,0.0025028638540257283,7711
1970-01-01 04:57:00+00:00,0.0028700503017072324,0.0013703850096335871,6832
1970-01-01 04:58:00+00:00,0.0022406198529902176,0.0011556727428479402,5945
1970-01-01 04:59:00+00:00,0.0016227482175239422,0.0007711330952679055,5728
1970-01-01 05:00:00+00:00,0.006417860318006268,0.0048096334569009015,9529
1970-01-01 05:01:00+00:00,0.0030327788610520125,0.0017253117573425764,6356
1970-01-01 05:02:00+00:00,0.0028825207090273806,0.001628326356474915,5537
1970-01-01 05:03:00+00:00,0.0023603227530901143,0.0010569959469385983,6358
1970-01-01 05:04:00+00:00,0.0019504811249122633,0.0007707716004337118,5239
1970-01-01 05:05:00+00:00,0.006316212216319287,0.004754180508326345,9530
1970-01-01 05:06:00+00:00,0.0036857365546980087,0.0015496028643168548,6534
1970-01-01 05:07:00+00:00,0.0033593048986099543,0.0012374124143843526,5897
1970-01-01 05:08:00+00:00,0.0030518094929083144,0.0011857609316870796,5350
1970-01-01 05:09:00+00:00,0.002251127758557168,0.0008352025931463056,4611
1970-01-01 05:10:00+00:00,0.00642869317007458,0.0048052277092850105,9529
1970-01-01 05:11:00+00:00,0.005879147126711361,0.0034895863500114897,6163
1970-01-01 05:12:00+00:00,0.003941748435912413,0.0020712028974057503,5249
1970-01-01 05:13:00+00:00,0.002479384013943128,0.0012026668457419394,4978
1970-01-01 05:14:00+00:00,0.001954612727565954,0.0007767796325334147,4595
1970-01-01 05:15:00+00:00,0.006402768861348797,0.0047706948028808415,9529
1970-01-01 05:16:00+00:00,0.003311725189144005,0.0020993454935715077,6983
1970-01-01 05:17:00+00:00,0.003553370249731515,0.0012636190310058289,5914
1970-01-01 05:18:00+00:00,0.0028201274670892227,0.0013471380366419123,5299
1970-01-01 05:19:00+00:00,0.001775139238451942,0.0009705394564715997,4939
1970-01-01 05:20:00+00:00,0.00615798039189042,0.004810628316242775,9528
1970-01-01 05:21:00+00:00,0.0028162863744199958,0.0014886368691589518,5443
1970-01-01 05:22:00+00:00,0.0019826675385023283,0.0010918611307937796,6495
1970-01-01 05:23:00+00:00,0.0019835032795306193,0.0008273197355724499,4329
1970-01-01 05:24:00+00:00,0.0017126003535815457,0.0007530909256066346,5127
1970-01-01 05:25:00+00:00,0.006013039304548085,0.0048026204494199,9528
1970-01-01 05:26:00+00:00,0.0019426230004468835,0.0013605417712574941,5629
1970-01-01 05:27:00+00:00,0.003786586760606854,0.0014470594378359443,5841
1970-01-01 05:28:00+00:00,0.002975380463752823,0.001201270184125428,4616
1970-01-01 05:29:00+00:00,0.0015146798507684695,0.0009602190324547049,6049
1970-01-01 05:30:00+00:00,0.006139159755162645,0.004892536737340831,9528
1970-01-01 05:31:00+00:00,0.0030355558090102894,0.0018464378195089059,6604
1970-01-01 05:32:00+00:00,0.0024405632136000385,0.0016507683162483668,5733
1970-01-01 05:33:00+00:00,0.0024909687114832773,0.0012993285269399628,5752
1970-01-01 05:34:00+00:00,0.0021918127490346264,0.0013259222417353004,5398
1970-01-01 05:35:00+00:00,0.006083531404541317,0.004930872287327048,9528
1970-01-01 05:36:00+00:00,0.0034089362567660403,0.0020047614743230937,4622
1970-01-01 05:37:00+00:00,0.0026609785783496265,0.0015760961808288015,5934
1970-01-01 05:38:00+00:00,0.004034322520673233,0.001559496632163531,6276
1970-01-01 05:39:00+00:00,0.001626664536929732,0.0008698527197467194,6445
1970-01-01 05:40:00+00:00,0.006220235705300847,0.004941124404914221,9528
1970-01-01 05:41:00+00:00,0.002961340031440619,0.001504060123968023,5240
1970-01-01 05:42:00+00:00,0.002123060119098545,0.0016872140487623724,5408
1970-01-01 05:43:00+00:00,0.00202651908719767,0.0011583977455677343,4770
1970-01-01 05:44:00+00:00,0.0015176955347238536,0.0008051108495360262,4960
1970-01-01 05:45:00+00:00,0.006233649124311905,0.004924038934507294,9528
1970-01-01 05:46:00+00:00,0.0023161179168836596,0.001483317726071958,5778
1970-01-01 05:47:00+00:00,0.007685487776691155,0.0012041531163132502,6025
1970-01-01 05:48:00+00:00,0.0022601699032264244,0.00098465524467899,5243
1970-01-01 05:49:00+00:00,0.0013870409303383083,0.0007810100938333702,4701
1970-01-01 05:50:00+00:00,0.006501743945740536,0.004934101832611688,9528
1970-01-01 05:51:00+00:00,0.00324393270859686,0.0014264609841344064,4249
1970-01-01 05:52:00+00:00,0.012631798383052076,0.0015557060188255837,5526
1970-01-01 05:53:00+00:00,0.0019424435032876965,0.0012497586320855398,5627
1970-01-01 05:54:00+00:00,0.001748738291469091,0.000925598822291878,4206
1970-01-01 05:55:00+00:00,0.0065954033935365,0.004910196810123404,9529
1970-01-01 05:56:00+00:00,0.00367525784259587,0.0015001610230839977,4907
1970-01-01 05:57:00+00:00,0.004881436214420046,0.001276413757022062,3862
1970-01-01 05:58:00+00:00,0.0028931676585696527,0.0010478486474650636,3591
1970-01-01 05:59:00+00:00,0.002261247492216728,0.0008074479281213522,3456
1970-01-01 06:00:00+00:00,0.006376817955661834,0.00497921989307796,9529
1970-01-01 06:01:00+00:00,0.0030329100438954253,0.0015773865015841133,4211
1970-01-01 06:02:00+00:00,0.002892385308091699,0.001395169755839066,3794
1970-01-01 06:03:00+00:00,0.0023698447273836475,0.001319274667526108,4848
1970-01-01 06:04:00+00:00,0.0019039500255451423,0.0008240375673223983,4294
1970-01-01 06:05:00+00:00,0.0062460905609702,0.005009323967288369,9527
1970-01-01 06:06:00+00:00,0.0035465306958052225,0.001634462683358357,4340
1970-01-01 06:07:00+00:00,0.0030359312685348827,0.0015138326374418073,4217
1970-01-01 06:08:00+00:00,0.0023883481710897303,0.0010453122891472,3872
1970-01-01 06:09:00+00:00,0.001974280160658998,0.0007696596365112568,4431
1970-01-01 06:10:00+00:00,0.006210301369774039,0.004984602445848044,9528
1970-01-01 06:11:00+00:00,0.0022439515650282313,0.0013606664189570578,5380
1970-01-01 06:12:00+00:00,0.002256862226738997,0.0015224655453814925,4084
1970-01-01 06:13:00+00:00,0.0023311823798676566,0.0011309852423558276,4073
1970-01-01 06:14:00+00:00,0.0015163628530514418,0.0006981669752406017,4805
1970-01-01 06:15:00+00:00,0.006010729271553541,0.004958353275641461,9528
1970-01-01 06:16:00+00:00,0.0035521681831035884,0.0014579491819797124,4156
1970-01-01 06:17:00+00:00,0.003125254558627053,0.0010230445125388296,5586
1970-01-01 06:18:00+00:00,0.0019334441889258946,0.0006818055951716627,5345
1970-01-01 06:19:00+00:00,0.0033977731003653664,0.0007288897943202961,3803
1970-01-01 06:20:00+00:00,0.006084500585338155,0.004980880064845189,9528
1970-01-01 06:21:00+00:00,0.004170316339247686,0.002016281995273585,4716
1970-01-01 06:22:00+00:00,0.003494982043052881,0.0019670122552321954,5329
1970-01-01 06:23:00+00:00,0.0024052925849732372,0.0013618083845329037,5242
1970-01-01 06:24:00+00:00,0.0015998970328111588,0.0006422588711904448,4066
1970-01-01 06:25:00+00:00,0.006134960053327796,0.005042138503413225,9527
1970-01-01 06:26:00+00:00,0.003046521200761683,0.0017457434506308164,3549
1970-01-01 06:27:00+00:00,0.0031614056932081913,0.0016498921303320048,4742
1970-01-01 06:28:00+00:00,0.004178217347830706,0.0009091059874068087,4417
1970-01-01 06:29:00+00:00,0.0015730057829388257,0.0006555985339136924,4093
1970-01-01 06:30:00+00:00,0.006109921330910148,0.005017148912053213,9528
1970-01-01 06:31:00+00:00,0.0038160359326563213,0.0019653920591331565,4718
1970-01-01 06:32:00+00:00,0.0035445453320952897,0.0015649321583630776,5701
1970-01-01 06:33:00+00:00,0.002805584237195445,0.0012077006740846504,3436
1970-01-01 06:34:00+00:00,0.0021407715091161976,0.000761768649040799,2596
1970-01-01 06:35:00+00:00,0.006247240213406331,0.005078938259523,9528
1970-01-01 06:36:00+00:00,0.0033993507736485113,0.0014060249167310468,4768
1970-01-01 06:37:00+00:00,0.0033287404529607667,0.0013552615549358383,5396
1970-01-01 06:38:00+00:00,0.0028354391679048844,0.001225946295584596,4693
1970-01-01 06:39:00+00:00,0.0036622623409299907,0.00108611020005179,5274
1970-01-01 06:40:00+00:00,0.006192766523029254,0.004952931462853376,9528
1970-01-01 06:41:00+00:00,0.0027599639679556313,0.0015416945663546937,5029
1970-01-01 06:42:00+00:00,0.002231386893046013,0.0012307791341975183,5408
1970-01-01 06:43:00+00:00,0.0018885881298945737,0.001313058815716744,5958
1970-01-01 06:44:00+00:00,0.0017297848459003323,0.0008723956358939021,5309
1970-01-01 06:45:00+00:00,0.006094163425733123,0.004967378927804487,9528
1970-01-01 06:46:00+00:00,0.0025610758343754545,0.0014224680334775227,6172
1970-01-01 06:47:00+00:00,0.0032149360881495474,0.0013889218889497654,4788
1970-01-01 06:48:00+00:00,0.003096067320577114,0.0011519054284465063,4935
1970-01-01 06:49:00+00:00,0.0026497349406921318,0.0009923059515294414,5174
1970-01-01 06:50:00+00:00,0.006203871673730887,0.0050236609448284664,9529
1970-01-01 06:51:00+00:00,0.002885659870590179,0.0014884068477536224,5365
1970-01-01 06:52:00+00:00,0.0031027640981122523,0.0014483153918557977,3534
1970-01-01 06:53:00+00:00,0.002179023226486752,0.00110986672004889,3574
1970-01-01 06:54:00+00:00,0.0014304524702228023,0.0007360799877829158,5238
1970-01-01 06:55:00+00:00,0.006159094791542823,0.005007909391098401,9529
1970-01-01 06:56:00+00:00,0.002895206684195791,0.0014058743896444537,4442
1970-01-01 06:57:00+00:00,0.004829346404621861,0.0017731978706405837,5572
1970-01-01 06:58:00+00:00,0.003745716479000618,0.0010911077717006643,5416
1970-01-01 06:59:00+00:00,0.002823775586740874,0.0009417146672812373,5030
1970-01-01 07:00:00+00:00,0.006226129866426509,0.0050196308655225145,9529
1970-01-01 07:01:00+00:00,0.0030833708005957297,0.001623808871954682,5250
1970-01-01 07:02:00+00:00,0.001993293987808314,0.001086004101910437,5529
1970-01-01 07:03:00+00:00,0.002243097046012102,0.0009788415761157597,5135
1970-01-01 07:04:00+00:00,0.0016910403513629329,0.0007859254096755202,4482
1970-01-01 07:05:00+00:00,0.006235970353874615,0.00505928179517073,9529
1970-01-01 07:06:00+00:00,0.003200714985946549,0.0016547191055473931,5202
1970-01-01 07:07:00+00:00,0.004765620161364971,0.0015801431396689786,5751
1970-01-01 07:08:00+00:00,0.0039301467005374196,0.0015714221781515125,5259
1970-01-01 07:09:00+00:00,0.002720278306263781,0.001421750778963018,4506
1970-01-01 07:10:00+00:00,0.006398888999729206,0.005026652878808735,9529
1970-01-01 07:11:00+00:00,0.0031149082097286793,0.0016962195304017322,3452
1970-01-01 07:12:00+00:00,0.002832157685059574,0.0014720151516719585,4753
1970-01-01 07:13:00+00:00,0.0028768160119344434,0.001157192486975091,4386
1970-01-01 07:14:00+00:00,0.0014859972439490523,0.0006556584930326694,4055
1970-01-01 07:15:00+00:00,0.006141237570860674,0.004968616922325064,9529
1970-01-01 07:16:00+00:00,0.0025904311845503375,0.001053953541732148,5633
1970-01-01 07:17:00+00:00,0.004839497104368587,0.001339291614261482,5661
1970-01-01 07:18:00+00:00,0.00555036853724475,0.003387148173069224,6207
1970-01-01 07:19:00+00:00,0.00138908231622089,0.00046730886218564264,4994
1970-01-01 07:20:00+00:00,0.0058549845989809635,0.004927354852315261,9529
1970-01-01 07:21:00+00:00,0.002174009204566251,0.0012674089491661723,7071
1970-01-01 07:22:00+00:00,0.0016326872911260452,0.0010438764001753115,6959
1970-01-01 07:23:00+00:00,0.0011042112318072391,0.0006820747399651699,6936
1970-01-01 07:24:00+00:00,0.001644086087656201,0.0008151689197690931,6305
1970-01-01 07:25:00+00:00,0.005595572847077333,0.004826867373558419,9529
1970-01-01 07:26:00+00:00,0.0021388651018111773,0.0012590465581439408,5852
1970-01-01 07:27:00+00:00,0.003149132639135092,0.0011274142337280918,6990
1970-01-01 07:28:00+00:00,0.002511656552946839,0.0010160857054644398,5931
1970-01-01 07:29:00+00:00,0.0014192624623842512,0.0006016917371360787,7301
1970-01-01 07:30:00+00:00,0.005719191951760576,0.004832993466700408,9530
1970-01-01 07:31:00+00:00,0.0037287268305619264,0.001288392872558507,5615
1970-01-01 07:32:00+00:00,0.0029258141296062377,0.002880494876264598,4695
1970-01-01 07:33:00+00:00,0.0019475085314203373,0.0009604487858765504,4667
1970-01-01 07:34:00+00:00,0.0017724818933478616,0.0005587513686267566,6058
1970-01-01 07:35:00+00:00,0.005782904272211321,0.004738526804989285,9530
1970-01-01 07:36:00+00:00,0.002681556074217749,0.0015885982662658465,7093
1970-01-01 07:37:00+00:00,0.00294573125127432,0.0009387191651392992,5742
1970-01-01 07:38:00+00:00,0.00268080564487894,0.0010138146677909673,5059
1970-01-01 07:39:00+00:00,0.001895648684907467,0.0009576742953442507,4719
1970-01-01 07:40:00+00:00,0.005793536285333226,0.00476644190577083,9530
1970-01-01 07:41:00+00:00,0.0028831527362800416,0.0014729168891869072,5944
1970-01-01 07:42:00+00:00,0.0029037998550369712,0.001633487837250932,5288
1970-01-01 07:43:00+00:00,0.0018300327927712186,0.0014340993586074312,6258
1970-01-01 07:44:00+00:00,0.0022411303090170763,0.0009997680934172603,3738
1970-01-01 07:45:00+00:00,0.0058398004277948395,0.0048795347139993905,9530
1970-01-01 07:46:00+00:00,0.003621985720907665,0.0011788824782143024,4182
1970-01-01 07:47:00+00:00,0.005068189583522579,0.0012306026005516467,4105
1970-01-01 07:48:00+00:00,0.003053587746488963,0.000957976579280223,3930
1970-01-01 07:49:00+00:00,0.0021444530504119534,0.0006620047470255299,3733
1970-01-01 07:50:00+00:00,0.0059778313516074275,0.004828619496134917,9528
1970-01-01 07:51:00+00:00,0.0019575447613902532,0.0011098678114962568,4124
1970-01-01 07:52:00+00:00,0.002823304897257222,0.0011274030098309617,4108
1970-01-01 07:53:00+00:00,0.0019102511027205393,0.0011553254018340788,5707
1970-01-01 07:54:00+00:00,0.00231183110748152,0.0008128319459156296,3706
1970-01-01 07:55:00+00:00,0.005941925395657375,0.00486429864562933,9528
1970-01-01 07:56:00+00:00,0.0030250808198530347,0.00077480297348691,5049
1970-01-01 07:57:00+00:00,0.003585084327005684,0.00115580696463422,4455
1970-01-01 07:58:00+00:00,0.0022640184651102012,0.0009540093399082762,2929
1970-01-01 07:59:00+00:00,0.0025086541124464262,0.0006694128233203512,2272
1970-01-01 08:00:00+00:00,0.006178325515602424,0.004960119202841252,9528
1970-01-01 08:01:00+00:00,0.0031676429497016646,0.001647811638129937,4493
1970-01-01 08:02:00+00:00,0.0027230923952371007,0.0013690074063731578,4826
1970-01-01 08:03:00+00:00,0.002958270315820351,0.0014046045724818831,3807
1970-01-01 08:04:00+00:00,0.0019739467518640765,0.0006915501303578003,3995
1970-01-01 08:05:00+00:00,0.00627852198300462,0.004906203340641668,9529
1970-01-01 08:06:00+00:00,0.003661619079563337,0.0017176438868692833,3753
1970-01-01 08:07:00+00:00,0.0031112685384455875,0.0017369314743919718,5383
1970-01-01 08:08:00+00:00,0.0032225137432603,0.002000336362020214,4765
1970-01-01 08:09:00+00:00,0.0016330835287394286,0.0011350589931859916,4739
1970-01-01 08:10:00+00:00,0.0059564644966931925,0.004835502066532985,9529
1970-01-01 08:11:00+00:00,0.0034484992894848496,0.00206220397245924,5202
1970-01-01 08:12:00+00:00,0.001890366944021871,0.001131289225583086,5145
1970-01-01 08:13:00+00:00,0.0019668933677598243,0.0011742815220780124,4439
1970-01-01 08:14:00+00:00,0.003504414757785058,0.0025382128326734885,6172
1970-01-01 08:15:00+00:00,0.005896987466790062,0.004818670669989405,9529
1970-01-01 08:16:00+00:00,0.0036819802959383945,0.0013731507515264802,5475
1970-01-01 08:17:00+00:00,0.004411797451571003,0.0012379145347236398,5853
1970-01-01 08:18:00+00:00,0.0026107809055648285,0.0008717805632654995,4579
1970-01-01 08:19:00+00:00,0.0014385097338335234,0.00046086145785089025,4605
1970-01-01 08:20:00+00:00,0.005994574243557141,0.004793798446223678,9529
1970-01-01 08:21:00+00:00,0.0023119386621573024,0.0012156085675198067,4217
1970-01-01 08:22:00+00:00,0.001673752895411155,0.0009308219597441665,5393
1970-01-01 08:23:00+00:00,0.002045092342487174,0.0008174171054330147,4066
1970-01-01 08:24:00+00:00,0.0018272675846558054,0.0005690861424261754,2971
1970-01-01 08:25:00+00:00,0.005607363686918592,0.004739067547718546,9529
1970-01-01 08:26:00+00:00,0.0025637571614494804,0.0010181143800324826,5405
1970-01-01 08:27:00+00:00,0.003847539793743689,0.0011164538030359276,6154
1970-01-01 08:28:00+00:00,0.002104179952372458,0.0008474251313391138,4922
1970-01-01 08:29:00+00:00,0.0020631460305606127,0.0008407289094371683,4133
1970-01-01 08:30:00+00:00,0.0058595995433826835,0.004796975036083779,9529
1970-01-01 08:31:00+00:00,0.0019150754366381389,0.0011012685718818852,3996
1970-01-01 08:32:00+00:00,0.0021740102371680743,0.0011107548984762442,3759
1970-01-01 08:33:00+00:00,0.0020255652787065153,0.001006575983918993,4415
1970-01-01 08:34:00+00:00,0.001864338273981911,0.0007193922744492916,4077
1970-01-01 08:35:00+00:00,0.00593130162172563,0.004880637403937247,9529
1970-01-01 08:36:00+00:00,0.0015200545369009465,0.001003388037288507,6173
1970-01-01 08:37:00+00:00,0.004146849763430255,0.001064878362431911,4806
1970-01-01 08:38:00+00:00,0.004019394508366203,0.0011300145721874725,4480
1970-01-01 08:39:00+00:00,0.0030371580336384504,0.0010310258340398071,3865
1970-01-01 08:40:00+00:00,0.006011471161205558,0.004906277174659737,9529
1970-01-01 08:41:00+00:00,0.0025984327140139733,0.0012741001928981844,3082
1970-01-01 08:42:00+00:00,0.0020812459697147644,0.001227886566552763,3706
1970-01-01 08:43:00+00:00,0.002249650262578763,0.0012530462609670655,3812
1970-01-01 08:44:00+00:00,0.0020082877574597066,0.0008181931477444534,3861
1970-01-01 08:45:00+00:00,0.006104096876249501,0.004905529885516723,9529
1970-01-01 08:46:00+00:00,0.0028602762665048942,0.0014423521952455147,4984
1970-01-01 08:47:00+00:00,0.0029590277050218273,0.0009204827828641911,4873
1970-01-01 08:48:00+00:00,0.004964480474559777,0.0010898685898142776,4077
1970-01-01 08:49:00+00:00,0.002064860736330349,0.0008101996586278648,4435
1970-01-01 08:50:00+00:00,0.006171747387113059,0.004934229134899894,9529
1970-01-01 08:51:00+00:00,0.0037667585939274483,0.0016566609266657146,4928
1970-01-01 08:52:00+00:00,0.0027973731742072416,0.0014188646664290666,4843
1970-01-01 08:53:00+00:00,0.002046428885115167,0.0012932405591706952,5223
1970-01-01 08:54:00+00:00,0.0019844098076037034,0.0009884963561233972,4041
1970-01-01 08:55:00+00:00,0.005916040298180268,0.0049518108024385315,9528
1970-01-01 08:56:00+00:00,0.0028735348302074935,0.0014322766086511411,4230
1970-01-01 08:57:00+00:00,0.003691657479697633,0.001014445692852179,5798
1970-01-01 08:58:00+00:00,0.004227737549309758,0.00130063096318293,4940
1970-01-01 08:59:00+00:00,0.0022104014986215055,0.0008546042409475305,3500
1970-01-01 09:00:00+00:00,0.00604055347888482,0.004896000843501554,9528
1970-01-01 09:01:00+00:00,0.003298498676608533,0.0014438303358691228,4614
1970-01-01 09:02:00+00:00,0.0036809535269009797,0.00158695764056707,4623
1970-01-01 09:03:00+00:00,0.002664700999188195,0.0012236830896200103,3793
1970-01-01 09:04:00+00:00,0.0014265009272971315,0.0004592259647607849,4726
1970-01-01 09:05:00+00:00,0.005937409458280274,0.004887656193650693,9528
1970-01-01 09:06:00+00:00,0.002910346578632832,0.0015120873828446861,3554
1970-01-01 09:07:00+00:00,0.003076544839575862,0.0011521465621965815,4018
1970-01-01 09:08:00+00:00,0.0051569315949360145,0.001340690863943773,4478
1970-01-01 09:09:00+00:00,0.0031597964954136965,0.0010170919926779007,5282
1970-01-01 09:10:00+00:00,0.005974913961813791,0.0048542349904319845,9527
1970-01-01 09:11:00+00:00,0.005760470883183637,0.0016479392242715481,4320
1970-01-01 09:12:00+00:00,0.006506427611575636,0.0015877180383606128,3754
1970-01-01 09:13:00+00:00,0.004598374498170658,0.0013219558092498144,4091
1970-01-01 09:14:00+00:00,0.001443289883509666,0.000764264874363403,3905
1970-01-01 09:15:00+00:00,0.005882767292537597,0.004835464468598472,9528
1970-01-01 09:16:00+00:00,0.0036476231997521,0.0013473671673444613,4803
1970-01-01 09:17:00+00:00,0.0032510755539131133,0.0012098897303262838,4335
1970-01-01 09:18:00+00:00,0.005517353240141045,0.0009805349900108915,4226
1970-01-01 09:19:00+00:00,0.0026541762111148884,0.0008185416423004909,4362
1970-01-01 09:20:00+00:00,0.006179845933056655,0.004873758247409545,9529
1970-01-01 09:21:00+00:00,0.0033753904711686477,0.0015355250999977237,5211
1970-01-01 09:22:00+00:00,0.003160245236193018,0.001190097345564366,6199
1970-01-01 09:23:00+00:00,0.0018539310227059455,0.0009449083229591119,5662
1970-01-01 09:24:00+00:00,0.0017235871350268165,0.0010178868708121665,5610
1970-01-01 09:25:00+00:00,0.005803359151480885,0.004823960511576154,9508
1970-01-01 09:26:00+00:00,0.0027349974444323493,0.0015445057140369397,4453
1970-01-01 09:27:00+00:00,0.00478337136058909,0.001681693947705155,5167
1970-01-01 09:28:00+00:00,0.004170371888451966,0.0012398952623291584,3981
1970-01-01 09:29:00+00:00,0.0019169309765230862,0.0009916322465906336,4887
1970-01-01 09:30:00+00:00,0.006018816217007966,0.004783286107204173,9483
1970-01-01 09:31:00+00:00,0.004339886851246185,0.0022829695184533524,4446
1970-01-01 09:32:00+00:00,0.0032806845296771466,0.0019095974812023534,3730
1970-01-01 09:33:00+00:00,0.0029893831996773957,0.0013410119582905958,3369
1970-01-01 09:34:00+00:00,0.002256336371593422,0.0010910355847223465,4348
1970-01-01 09:35:00+00:00,0.005970870504962442,0.004785968843580158,9474
1970-01-01 09:36:00+00:00,0.0027789021337498495,0.0013457028559466374,5187
1970-01-01 09:37:00+00:00,0.004742884266331015,0.0014297041838475032,4585
1970-01-01 09:38:00+00:00,0.0036815760137908857,0.001240520073818977,5131
1970-01-01 09:39:00+00:00,0.001756375968839469,0.0007774870831808947,5585
1970-01-01 09:40:00+00:00,0.006145476165479357,0.004816208263336351,9510
1970-01-01 09:41:00+00:00,0.004264068374353966,0.002110112191332081,4951
1970-01-01 09:42:00+00:00,0.003552262631973049,0.0018063552920984764,3766
1970-01-01 09:43:00+00:00,0.00245550355502088,0.0013609077277356707,3609
1970-01-01 09:44:00+00:00,0.0019677675343883873,0.0010782491402507519,3821
1970-01-01 09:45:00+00:00,0.005963111154253568,0.004809863643672501,9524
1970-01-01 09:46:00+00:00,0.0026923015638910808,0.0013664890538900012,4768
1970-01-01 09:47:00+00:00,0.0037366139356901193,0.0012572667543559659,5033
1970-01-01 09:48:00+00:00,0.002738050903536845,0.0011972822471655248,4740
1970-01-01 09:49:00+00:00,0.0017296563186903803,0.0007376954926682532,5126
1970-01-01 09:50:00+00:00,0.006177074394873426,0.004895277400316821,9527
1970-01-01 09:51:00+00:00,0.0034121502070416426,0.0016461398988764702,3417
1970-01-01 09:52:00+00:00,0.003144767508551219,0.001315464229996249,3472
1970-01-01 09:53:00+00:00,0.002163300230823373,0.001015056356404631,4484
1970-01-01 09:54:00+00:00,0.0019866472150623198,0.001321244603681818,4658
1970-01-01 09:55:00+00:00,0.0059759334971680724,0.004910239441418231,9527
1970-01-01 09:56:00+00:00,0.0033328750361895265,0.0018815084935563647,4006
1970-01-01 09:57:00+00:00,0.002441161075445407,0.001353081586517891,4744
1970-01-01 09:58:00+00:00,0.004656607158295142,0.0014527705514730052,4426
1970-01-01 09:59:00+00:00,0.003952488220384414,0.0013030171508555165,5395
1970-01-01 10:00:00+00:00,0.00595823609874696,0.004898527453581377,9527
1970-01-01 10:01:00+00:00,0.003479866292133789,0.0018957854313463862,3878
1970-01-01 10:02:00+00:00,0.003827591414304128,0.0018764137975948365,3724
1970-01-01 10:03:00+00:00,0.003072364935799245,0.0019591193787198606,3900
1970-01-01 10:04:00+00:00,0.0019630989167650943,0.0010239366526874755,4244
1970-01-01 10:05:00+00:00,0.005873842090777591,0.004868012648036803,9528
1970-01-01 10:06:00+00:00,0.003784625559149333,0.0019748803686608653,3979
1970-01-01 10:07:00+00:00,0.0023990822583265744,0.0011725822043862498,4482
1970-01-01 10:08:00+00:00,0.004720470772930002,0.0013036046543086345,5030
1970-01-01 10:09:00+00:00,0.004504710618748085,0.0012197504936471777,4796
1970-01-01 10:10:00+00:00,0.006015312555707011,0.004899339884214094,9528
1970-01-01 10:11:00+00:00,0.0033810066055728347,0.0018703367418629933,5318
1970-01-01 10:12:00+00:00,0.0033030328187931817,0.001726395739805992,5601
1970-01-01 10:13:00+00:00,0.003097805558327219,0.0015453836387227728,4314
1970-01-01 10:14:00+00:00,0.002721816156533762,0.0014399144279779732,4828
1970-01-01 10:15:00+00:00,0.005798055887053967,0.004883839359139364,9528
1970-01-01 10:16:00+00:00,0.0035807399253722843,0.0020609577397753148,4733
1970-01-01 10:17:00+00:00,0.0035593467644233303,0.0025140262692195303,6153
1970-01-01 10:18:00+00:00,0.005165238336685584,0.0015846632489370626,5115
1970-01-01 10:19:00+00:00,0.0032911677244033388,0.0012652367110728548,5486
1970-01-01 10:20:00+00:00,0.006111014027269079,0.004903256423438485,9528
1970-01-01 10:21:00+00:00,0.0027742090568802524,0.0015352920060496785,5719
1970-01-01 10:22:00+00:00,0.0029642056790676542,0.0015574927387289321,5153
1970-01-01 10:23:00+00:00,0.002700816994092324,0.0014549594891146848,5734
1970-01-01 10:24:00+00:00,0.0019332809570117538,0.0008635765447403299,3854
1970-01-01 10:25:00+00:00,0.006182171482694763,0.004933856085438825,9528
1970-01-01 10:26:00+00:00,0.002658002217253329,0.0013290779292269347,4352
1970-01-01 10:27:00+00:00,0.003341373059883478,0.0017723946939215754,4195
1970-01-01 10:28:00+00:00,0.0033685198568275537,0.0011500147962112287,5408
1970-01-01 10:29:00+00:00,0.004896955286146989,0.0010570582796620791,4892
1970-01-01 10:30:00+00:00,0.006293047789348754,0.004889670618461602,9527
1970-01-01 10:31:00+00:00,0.003150761818694399,0.0018645698315963263,5689
1970-01-01 10:32:00+00:00,0.0022778195103523575,0.0012734678020438304,5138
1970-01-01 10:33:00+00:00,0.0031959939597279766,0.0013439995390708756,5810
1970-01-01 10:34:00+00:00,0.0023329990893810864,0.0009152648498961964,4315
1970-01-01 10:35:00+00:00,0.006099612475652663,0.004881238494275628,9527
1970-01-01 10:36:00+00:00,0.002795278340536283,0.0017302454939062423,4868
1970-01-01 10:37:00+00:00,0.0021100065001204964,0.0013090029698746238,6270
1970-01-01 10:38:00+00:00,0.0042065796987419525,0.0015110228244695513,5806
1970-01-01 10:39:00+00:00,0.004425446171129655,0.0016041029420135863,5453
1970-01-01 10:40:00+00:00,0.006310275826379946,0.004869980458782481,9527
1970-01-01 10:41:00+00:00,0.003072291514405789,0.001691251154289596,5232
1970-01-01 10:42:00+00:00,0.003470301750061876,0.0018206118139004093,4577
1970-01-01 10:43:00+00:00,0.003830800984175697,0.0017912969365326027,4463
1970-01-01 10:44:00+00:00,0.00293178817760826,0.0013425323448953267,4481
1970-01-01 10:45:00+00:00,0.006107964087243666,0.004923566696029839,9530
1970-01-01 10:46:00+00:00,0.002911839850371103,0.0017544936027812587,5885
1970-01-01 10:47:00+00:00,0.0038084088068207214,0.0013649344812958484,5654
1970-01-01 10:48:00+00:00,0.005344566519323068,0.0014439644634891568,5732
1970-01-01 10:49:00+00:00,0.0027803201011002074,0.0013335234824039695,5195
1970-01-01 10:50:00+00:00,0.006172649784031869,0.004909735939632565,9529
1970-01-01 10:51:00+00:00,0.00355992431460549,0.00215620771673597,6348
1970-01-01 10:52:00+00:00,0.0026599220005151594,0.0016525676777390198,5626
1970-01-01 10:53:00+00:00,0.0021034331797248913,0.0015135861605264965,5949
1970-01-01 10:54:00+00:00,0.002720297886795477,0.0018738649664855164,5050
1970-01-01 10:55:00+00:00,0.006109309311466095,0.004875407375304267,9529
1970-01-01 10:56:00+00:00,0.0024265354604712966,0.0013208754467742521,5084
1970-01-01 10:57:00+00:00,0.005742138582372718,0.0012683913014675233,4090
1970-01-01 10:58:00+00:00,0.003142029673588594,0.0010771227266449669,4228
1970-01-01 10:59:00+00:00,0.002145769549760406,0.0008800173782671925,3659
1970-01-01 11:00:00+00:00,0.006301430948892335,0.004905270758801086,9529
1970-01-01 11:01:00+00:00,0.0044766768984538085,0.0019458770044217086,4562
1970-01-01 11:02:00+00:00,0.002818820503296698,0.0012975006012763777,4291
1970-01-01 11:03:00+00:00,0.0018330164094832898,0.0009392898358346106,5019
1970-01-01 11:04:00+00:00,0.0021169610152262943,0.0007750399573596324,4060
1970-01-01 11:05:00+00:00,0.006115184946845493,0.0049433068178982836,9529
1970-01-01 11:06:00+00:00,0.0042352321097233825,0.0018614409873671718,3022
1970-01-01 11:07:00+00:00,0.004368163476874825,0.0011802966152427042,4888
1970-01-01 11:08:00+00:00,0.0034162110555092245,0.0007054676477016486,5541
1970-01-01 11:09:00+00:00,0.003150375546224406,0.0007824684000114556,4239
1970-01-01 11:10:00+00:00,0.006304230958006038,0.004963462192994825,9529
1970-01-01 11:11:00+00:00,0.0035415633436272926,0.0017976066496151696,4752
1970-01-01 11:12:00+00:00,0.0023809612860695,0.0015633791142150887,4917
1970-01-01 11:13:00+00:00,0.001690745726821761,0.0009754227428901479,4802
1970-01-01 11:14:00+00:00,0.0009703484878725102,0.0005957484923866258,5600
1970-01-01 11:15:00+00:00,0.0061051840193357,0.004917080286467371,9529
1970-01-01 11:16:00+00:00,0.004194556815769941,0.002045276095566239,4734
1970-01-01 11:17:00+00:00,0.003999277590849218,0.0017235248692373817,6110
1970-01-01 11:18:00+00:00,0.0039008708791385604,0.0014810305627553765,5726
1970-01-01 11:19:00+00:00,0.0030848085804994485,0.0011017580195686939,6025
1970-01-01 11:20:00+00:00,0.0060837488935205205,0.004919937436911517,9529
1970-01-01 11:21:00+00:00,0.0025675676535610015,0.0018700558741227638,5074
1970-01-01 11:22:00+00:00,0.0012626758831307554,0.0010014350312229278,5470
1970-01-01 11:23:00+00:00,0.001487811693925153,0.0011044862591016813,4989
1970-01-01 11:24:00+00:00,0.001053579821308751,0.000735478442159237,5364
1970-01-01 11:25:00+00:00,0.00593754690591684,0.004866364431369843,9529
1970-01-01 11:26:00+00:00,0.002040265742781128,0.0014290187159195318,4151
1970-01-01 11:27:00+00:00,0.0021075292589897376,0.0011576312779949807,4582
1970-01-01 11:28:00+00:00,0.002219166196340064,0.0012964457768538475,5200
1970-01-01 11:29:00+00:00,0.002036800272385876,0.0007614261438392197,4949
1970-01-01 11:30:00+00:00,0.0059730989648032595,0.004839625799149654,9529
1970-01-01 11:31:00+00:00,0.004231539534686105,0.0018590212030512396,4559
1970-01-01 11:32:00+00:00,0.0024514979370481374,0.001108672202590308,4425
1970-01-01 11:33:00+00:00,0.0020072024533668827,0.0009312051026918389,3929
1970-01-01 11:34:00+00:00,0.0013024055449555453,0.0007084996616783874,4375
1970-01-01 11:35:00+00:00,0.006136263045410974,0.004863688875604185,9529
1970-01-01 11:36:00+00:00,0.002850981824415579,0.0018842920533561573,6094
1970-01-01 11:37:00+00:00,0.0025968847443463925,0.0015533964562434376,5710
1970-01-01 11:38:00+00:00,0.0018267684039924323,0.0011402216051037309,6482
1970-01-01 11:39:00+00:00,0.002325347063727255,0.0009864633605671906,5798
1970-01-01 11:40:00+00:00,0.005862534797202739,0.00486172261622405,9529
1970-01-01 11:41:00+00:00,0.00702267736482527,0.0018790581470193458,4865
1970-01-01 11:42:00+00:00,0.0032468543460085356,0.001748305862179011,5713
1970-01-01 11:43:00+00:00,0.0020204216637177887,0.0012271421655543494,6170
1970-01-01 11:44:00+00:00,0.002122378548949546,0.0012500092236151963,5627
1970-01-01 11:45:00+00:00,0.005991282629013456,0.004798276952254106,9529
1970-01-01 11:46:00+00:00,0.004173487098547666,0.0021386051917598185,5601
1970-01-01 11:47:00+00:00,0.004926391826414817,0.0018557659001123652,5287
1970-01-01 11:48:00+00:00,0.0030555319473775117,0.001579405101123459,5751
1970-01-01 11:49:00+00:00,0.0024750009179115248,0.001164925340059643,6875
1970-01-01 11:50:00+00:00,0.006227816354162594,0.004863070943240882,9518
1970-01-01 11:51:00+00:00,0.0034910081878421722,0.0018708717165969565,4979
1970-01-01 11:52:00+00:00,0.003433057628162951,0.0019247896573662342,4890
1970-01-01 11:53:00+00:00,0.002384737467702682,0.0012106578068964084,5739
1970-01-01 11:54:00+00:00,0.0026930782777349906,0.001178580210857559,4576
1970-01-01 11:55:00+00:00,0.006211587731088374,0.004916437163227157,9465
1970-01-01 11:56:00+00:00,0.0031951937770338867,0.001716745746966951,4417
1970-01-01 11:57:00+00:00,0.003864883244676581,0.0015714580395685396,3821
1970-01-01 11:58:00+00:00,0.002132870582738193,0.0007377182821320958,5552
1970-01-01 11:59:00+00:00,0.0018629207748162456,0.0005879634092475847,4204
1970-01-01 12:00:00+00:00,0.006275351364337484,0.0049409543977155124,9461
1970-01-01 12:01:00+00:00,0.003128088401456196,0.0015913866004165353,4271
1970-01-01 12:02:00+00:00,0.0026121932834653142,0.001334007458411803,3538
1970-01-01 12:03:00+00:00,0.002344749890840975,0.0013077031649076053,3684
1970-01-01 12:04:00+00:00,0.0020558858564051065,0.0009892375526837677,3971
1970-01-01 12:05:00+00:00,0.006381774371286221,0.004931972757965738,9448
1970-01-01 12:06:00+00:00,0.0023225596197377963,0.0011847726075934024,5349
1970-01-01 12:07:00+00:00,0.0022372339534075998,0.0013680947197989466,5033
1970-01-01 12:08:00+00:00,0.0027150115463034624,0.0013073500388306937,3755
1970-01-01 12:09:00+00:00,0.002030549436447326,0.0007599117430586481,3180
1970-01-01 12:10:00+00:00,0.006396720527501683,0.004910228835649328,9420
1970-01-01 12:11:00+00:00,0.0023138940436530984,0.0011859893673030145,4560
1970-01-01 12:12:00+00:00,0.002651879471821104,0.0012097803150103426,3904
1970-01-01 12:13:00+00:00,0.0021123262800650687,0.00108139828596325,3685
1970-01-01 12:14:00+00:00,0.002173170073874031,0.0008498134009255107,4238
1970-01-01 12:15:00+00:00,0.006254917798542467,0.004907465485874629,9446
1970-01-01 12:16:00+00:00,0.0022592862598551913,0.0014122764856375678,4898
1970-01-01 12:17:00+00:00,0.002918815458601491,0.0020660310188608034,4649
1970-01-01 12:18:00+00:00,0.0019516925961779181,0.001547642003252133,4484
1970-01-01 12:19:00+00:00,0.001738712085384906,0.0007824739895804731,3332
1970-01-01 12:20:00+00:00,0.005922917712026475,0.004839802384416392,9462
1970-01-01 12:21:00+00:00,0.0037036662892683788,0.0019822098555612967,4825
1970-01-01 12:22:00+00:00,0.002495674381355379,0.0015821063502438639,4456
1970-01-01 12:23:00+00:00,0.0019738343308948036,0.001015714719717933,3609
1970-01-01 12:24:00+00:00,0.0013312170901504988,0.0008381714516158683,5004
1970-01-01 12:25:00+00:00,0.005941493112792413,0.004799550736346267,9472
1970-01-01 12:26:00+00:00,0.0016941712606549115,0.0009823866935666,4014
1970-01-01 12:27:00+00:00,0.0025983281368647465,0.0013996396866413267,4896
1970-01-01 12:28:00+00:00,0.0016823239514804883,0.0009262308837041942,5128
1970-01-01 12:29:00+00:00,0.0017717584681761127,0.0011149357923904543,4834
1970-01-01 12:30:00+00:00,0.0058678781724340965,0.004819310533458346,9464
1970-01-01 12:31:00+00:00,0.003224338146447479,0.0020981083943752235,5374
1970-01-01 12:32:00+00:00,0.002484445971601991,0.0015392083573115194,5233
1970-01-01 12:33:00+00:00,0.001671863551099468,0.0008945614502019081,5086
1970-01-01 12:34:00+00:00,0.0010670216030585354,0.0006197044863231363,5609
1970-01-01 12:35:00+00:00,0.005982805412192935,0.004862947273689572,9439
1970-01-01 12:36:00+00:00,0.0028483731750956697,0.001796138105527957,4081
1970-01-01 12:37:00+00:00,0.0018849822443674897,0.0010739416016420404,4939
1970-01-01 12:38:00+00:00,0.002602337321903091,0.0014533825437510698,4841
1970-01-01 12:39:00+00:00,0.002949109608845172,0.0011330396242339128,4085
1970-01-01 12:40:00+00:00,0.006374896217742041,0.004949632191812359,9421
1970-01-01 12:41:00+00:00,0.004190338455064807,0.0020061446966344446,4311
1970-01-01 12:42:00+00:00,0.0033211242087143396,0.0015564684584779402,3900
1970-01-01 12:43:00+00:00,0.003154849479589427,0.0015310522834229181,4129
1970-01-01 12:44:00+00:00,0.0026806435871380794,0.0012064641149570423,3960
1970-01-01 12:45:00+00:00,0.006264467617524135,0.004924590134579086,9402
1970-01-01 12:46:00+00:00,0.003535541152767665,0.0018651460640791468,4206
1970-01-01 12:47:00+00:00,0.003057209925906141,0.0016638678045671883,4141
1970-01-01 12:48:00+00:00,0.002231852979704278,0.001069478409402103,3840
1970-01-01 12:49:00+00:00,0.0023620342245456415,0.0011086084524492886,4124
1970-01-01 12:50:00+00:00,0.006098023342398202,0.0049248870206133,9369
1970-01-01 12:51:00+00:00,0.0031740606140240038,0.005695047902359484,5522
1970-01-01 12:52:00+00:00,0.002885328911238085,0.001703198229069357,4137
1970-01-01 12:53:00+00:00,0.002794199698914545,0.001509348551432299,3886
1970-01-01 12:54:00+00:00,0.0025791046281927756,0.001158547074827429,5380
1970-01-01 12:55:00+00:00,0.006006320722520234,0.004888587367588447,9372
1970-01-01 12:56:00+00:00,0.0029463959903684275,0.0014803197636966462,3724
1970-01-01 12:57:00+00:00,0.0027937237330845446,0.001182426670619421,4897
1970-01-01 12:58:00+00:00,0.0025873167720516215,0.0009580897414578769,3494
1970-01-01 12:59:00+00:00,0.001969379765378326,0.0009051161998064019,4084
1970-01-01 13:00:00+00:00,0.005996608723441729,0.004882422550535718,9422
1970-01-01 13:01:00+00:00,0.0036744575893756003,0.0020859875629857527,4345
1970-01-01 13:02:00+00:00,0.0036525208454186425,0.0016710642192438432,4608
1970-01-01 13:03:00+00:00,0.003362962249242699,0.0022040148469979655,5504
1970-01-01 13:04:00+00:00,0.0024988936433287946,0.001000471894928703,7627
1970-01-01 13:05:00+00:00,0.00588656419923425,0.004802595598493818,9439
1970-01-01 13:06:00+00:00,0.0034098528104457054,0.0020026314085808392,5313
1970-01-01 13:07:00+00:00,0.0029467669302806637,0.0015510008380022324,4278
1970-01-01 13:08:00+00:00,0.0026638011505014077,0.0015937092772561159,4812
1970-01-01 13:09:00+00:00,0.0017183885544690902,0.0009638072614408683,5553
1970-01-01 13:10:00+00:00,0.005581479518578374,0.004707689473953245,9457
1970-01-01 13:11:00+00:00,0.003557762367866472,0.001925020912323804,5110
1970-01-01 13:12:00+00:00,0.003204024074534828,0.0017489412383883667,5041
1970-01-01 13:13:00+00:00,0.0030118579520378133,0.001870053225598793,6464
1970-01-01 13:14:00+00:00,0.0014386794094845192,0.0006636864726112039,5074
1970-01-01 13:15:00+00:00,0.005708899857223923,0.00471084075792152,9448
1970-01-01 13:16:00+00:00,0.002419890832706305,0.0013197307879270722,6014
1970-01-01 13:17:00+00:00,0.002527041364597832,0.0009644591732372439,5939
1970-01-01 13:18:00+00:00,0.0018450188394470162,0.0008514899211737637,5492
1970-01-01 13:19:00+00:00,0.0018728244106915324,0.0006298842976471597,4897
1970-01-01 13:20:00+00:00,0.005684527060635527,0.004654229703073273,9422
1970-01-01 13:21:00+00:00,0.003143250732058697,0.0017719151943459722,5359
1970-01-01 13:22:00+00:00,0.002216579822131185,0.0014783203076535875,7238
1970-01-01 13:23:00+00:00,0.001436971727119599,0.0006678478613676962,5488
1970-01-01 13:24:00+00:00,0.0012906017853974948,0.0004436321290927745,4490
1970-01-01 13:25:00+00:00,0.005842685895002578,0.004785779319699322,9402
1970-01-01 13:26:00+00:00,0.00377373903680776,0.0012850790322620593,4264
1970-01-01 13:27:00+00:00,0.0027628378460272467,0.0013749471180676746,4382
1970-01-01 13:28:00+00:00,0.0016580002742186892,0.0008011041216637045,4898
1970-01-01 13:29:00+00:00,0.002431680022821232,0.0015499738981258253,7838
1970-01-01 13:30:00+00:00,0.005928240870403172,0.0047894167726171884,9393
1970-01-01 13:31:00+00:00,0.003231493753428876,0.0020688078931055177,7749
1970-01-01 13:32:00+00:00,0.00319202669093263,0.0017426557729343852,5051
1970-01-01 13:33:00+00:00,0.002184219352548422,0.0011338885900481043,3963
1970-01-01 13:34:00+00:00,0.0017284826465968745,0.0006941327405250516,3454
1970-01-01 13:35:00+00:00,0.005957501588335206,0.0048324244089982,9402
1970-01-01 13:36:00+00:00,0.0028397458880029744,0.00132129985501139,4849
1970-01-01 13:37:00+00:00,0.002905638747908521,0.0014660855726738456,3508
1970-01-01 13:38:00+00:00,0.0024667807096754165,0.001104423662658635,3976
1970-01-01 13:39:00+00:00,0.001474951701029584,0.0006888113155454049,4790
1970-01-01 13:40:00+00:00,0.006060234838073215,0.004846239090551098,9418
1970-01-01 13:41:00+00:00,0.0035395268970171575,0.0017477718758928185,5710
1970-01-01 13:42:00+00:00,0.003267625124792563,0.0020464032376302575,6170
1970-01-01 13:43:00+00:00,0.002093611110916394,0.0009392524285003202,4462
1970-01-01 13:44:00+00:00,0.0021185477294107928,0.0007452638960823587,4118
1970-01-01 13:45:00+00:00,0.006251619293928195,0.004869311937547206,9438
1970-01-01 13:46:00+00:00,0.0028698797687912677,0.001380934699611315,4493
1970-01-01 13:47:00+00:00,0.002495438465066944,0.005508529355506084,5331
1970-01-01 13:48:00+00:00,0.002668434192545635,0.0012656120909695398,4072
1970-01-01 13:49:00+00:00,0.0025820442299022087,0.0015469487853477996,4528
1970-01-01 13:50:00+00:00,0.0063035063280985305,0.004868157388216075,9457
1970-01-01 13:51:00+00:00,0.0041851226032102885,0.0019530541808971942,5433
1970-01-01 13:52:00+00:00,0.0022268635728408307,0.0011977476258157656,3973
1970-01-01 13:53:00+00:00,0.0020780410169807576,0.0010561691068240535,4576
1970-01-01 13:54:00+00:00,0.0019471699484486383,0.0008230151057534817,4694
1970-01-01 13:55:00+00:00,0.006284302250030759,0.004894039149400806,9448
1970-01-01 13:56:00+00:00,0.002897352634725947,0.0016135779738378562,4357
1970-01-01 13:57:00+00:00,0.0026825201903150765,0.0012811564009448826,4434
1970-01-01 13:58:00+00:00,0.002349609669189806,0.0009667284460181749,3888
1970-01-01 13:59:00+00:00,0.0027765658842832624,0.0008979663049077187,5410
1970-01-01 14:00:00+00:00,0.006225246150824395,0.004897740648479894,9445
1970-01-01 14:01:00+00:00,0.0035619319296246563,0.0017322806516899705,6275
1970-01-01 14:02:00+00:00,0.0037016040489539674,0.0015404660163150204,4465
1970-01-01 14:03:00+00:00,0.003629508716601586,0.0010786587758754645,4948
1970-01-01 14:04:00+00:00,0.0021277752367746547,0.0006429452242872537,3386
1970-01-01 14:05:00+00:00,0.00617943269528869,0.004846538164267662,9441
1970-01-01 14:06:00+00:00,0.0028150319337403194,0.0015497470774580233,4092
1970-01-01 14:07:00+00:00,0.002667160376897969,0.0011942543144204492,3462
1970-01-01 14:08:00+00:00,0.0023938603190837055,0.0010920318487295105,3203
1970-01-01 14:09:00+00:00,0.0021535124579692305,0.001106082850688631,4458
1970-01-01 14:10:00+00:00,0.006015363062653701,0.004790084151484856,9417
1970-01-01 14:11:00+00:00,0.0033157242966601642,0.0015781757504517624,5389
1970-01-01 14:12:00+00:00,0.003097006442662608,0.0017375997094935666,5231
1970-01-01 14:13:00+00:00,0.0024368294917072536,0.001394117014771388,4889
1970-01-01 14:14:00+00:00,0.0016384881034308507,0.005245147939209105,5198
1970-01-01 14:15:00+00:00,0.006023763892437942,0.004783421799222364,9388
1970-01-01 14:16:00+00:00,0.0024997713786863176,0.001187328377484287,5166
1970-01-01 14:17:00+00:00,0.001980065287761332,0.0010815943259779247,5225
1970-01-01 14:18:00+00:00,0.001812373574774908,0.0009064833249947678,5627
1970-01-01 14:19:00+00:00,0.0020731223798434654,0.0010419574991126265,4952
1970-01-01 14:20:00+00:00,0.0059507985850487406,0.004806797073984585,9402
1970-01-01 14:21:00+00:00,0.0032069564251282962,0.0015306587288257956,4877
1970-01-01 14:22:00+00:00,0.0037516710203556515,0.001455730426005342,6151
1970-01-01 14:23:00+00:00,0.0024122788662648137,0.0008509314552289641,6564
1970-01-01 14:24:00+00:00,0.0020350553971796538,0.0006901441683573206,6096
1970-01-01 14:25:00+00:00,0.005986784222361954,0.0046690743630545236,9438
1970-01-01 14:26:00+00:00,0.002123519009710374,0.0011899912767218976,6063
1970-01-01 14:27:00+00:00,0.00249822493268971,0.004048636017692792,5463
1970-01-01 14:28:00+00:00,0.001580277411815676,0.0009261928782228946,4496
1970-01-01 14:29:00+00:00,0.0026717695883934464,0.004093793209090428,5794
1970-01-01 14:30:00+00:00,0.006000717956988648,0.00470572542428948,9451
1970-01-01 14:31:00+00:00,0.003359113048946724,0.0014508055084610973,7441
1970-01-01 14:32:00+00:00,0.0028951329374110814,0.0015994997100275735,4375
1970-01-01 14:33:00+00:00,0.0020106220361454145,0.0012262675611670582,5127
1970-01-01 14:34:00+00:00,0.0016576839650402457,0.0006085200743241731,5731
1970-01-01 14:35:00+00:00,0.006060388699065163,0.00475701378365923,9468
1970-01-01 14:36:00+00:00,0.0027336938834003387,0.0015125789805549036,4711
1970-01-01 14:37:00+00:00,0.0021949770570427298,0.0012350049845186808,6249
1970-01-01 14:38:00+00:00,0.0015524318765324182,0.0007288644656783727,5065
1970-01-01 14:39:00+00:00,0.0018179611361384717,0.0009832132177205464,5207
1970-01-01 14:40:00+00:00,0.0061464831360409245,0.004835349416240176,9481
1970-01-01 14:41:00+00:00,0.0038293462035276253,0.001972226357590928,5062
1970-01-01 14:42:00+00:00,0.0027142590955452103,0.001705729300809644,6080
1970-01-01 14:43:00+00:00,0.0023571377138133886,0.001133691067074864,3971
1970-01-01 14:44:00+00:00,0.0018563104737743257,0.0008699976035734608,4029
1970-01-01 14:45:00+00:00,0.006255176308159196,0.004901676177487664,9486
1970-01-01 14:46:00+00:00,0.00293561289779843,0.0013827922767232288,6173
1970-01-01 14:47:00+00:00,0.0019093447019553184,0.0008383461933374156,5773
1970-01-01 14:48:00+00:00,0.0017589445064477526,0.001016971345518889,5426
1970-01-01 14:49:00+00:00,0.00205855406277908,0.0011605083008273975,5057
1970-01-01 14:50:00+00:00,0.0061011061741361415,0.004879429503203031,9495
1970-01-01 14:51:00+00:00,0.0027981622655782177,0.001781762419440431,5952
1970-01-01 14:52:00+00:00,0.0029431894674768247,0.0016104832385274428,4934
1970-01-01 14:53:00+00:00,0.0022609231474079836,0.0012639756603846986,4851
1970-01-01 14:54:00+00:00,0.001427940475439341,0.0006416400891029885,4421
1970-01-01 14:55:00+00:00,0.005864413140994838,0.004833318205008796,9477
1970-01-01 14:56:00+00:00,0.0032732809685762213,0.0012942547775008095,5640
1970-01-01 14:57:00+00:00,0.002444777809740806,0.0009444153859334697,6093
1970-01-01 14:58:00+00:00,0.0022508394456834543,0.001097782722156182,3632
1970-01-01 14:59:00+00:00,0.002189973522193056,0.0009340683878762628,4638
1970-01-01 15:00:00+00:00,0.006088530324790649,0.004879989662303381,9455
1970-01-01 15:01:00+00:00,0.004429553814743227,0.0019008533660731448,4370
1970-01-01 15:02:00+00:00,0.0027931310574325087,0.0011867224770727707,5240
1970-01-01 15:03:00+00:00,0.0020653876524123465,0.0008188671276219302,3450
1970-01-01 15:04:00+00:00,0.0017442438376777997,0.0006803963347163633,3807
1970-01-01 15:05:00+00:00,0.006049061477779725,0.0048690954089478005,9446
1970-01-01 15:06:00+00:00,0.0045961544657809345,0.0016054868840800313,4124
1970-01-01 15:07:00+00:00,0.0019271108536233449,0.0009969190968968137,5220
1970-01-01 15:08:00+00:00,0.0018408581747347294,0.0010063394299604082,4355
1970-01-01 15:09:00+00:00,0.0017088835882825635,0.0006874851304929639,3952
1970-01-01 15:10:00+00:00,0.005888723028608515,0.004863924205922924,9417
1970-01-01 15:11:00+00:00,0.0029000745498958505,0.0012327626294637056,5616
1970-01-01 15:12:00+00:00,0.0031477398919456494,0.0013567066571034212,5673
1970-01-01 15:13:00+00:00,0.0031894119985039853,0.001230387827983483,3899
1970-01-01 15:14:00+00:00,0.0015114983869112294,0.0005825519493774246,4455
1970-01-01 15:15:00+00:00,0.006262542080868894,0.004928456731766151,9411
1970-01-01 15:16:00+00:00,0.0035218168978899196,0.0014280447335578016,3808
1970-01-01 15:17:00+00:00,0.003901343180947167,0.0012257571579614383,4654
1970-01-01 15:18:00+00:00,0.0018738044899268313,0.0008850970861897836,4411
1970-01-01 15:19:00+00:00,0.0019833998895123404,0.000762016924935657,5025
1970-01-01 15:20:00+00:00,0.006135311143672486,0.004940807987219247,9423
1970-01-01 15:21:00+00:00,0.0029411432120702873,0.0015680475591205206,5420
1970-01-01 15:22:00+00:00,0.0015194447684923882,0.0010217188097239986,6227
1970-01-01 15:23:00+00:00,0.001603202031626613,0.0010231638772019128,5278
1970-01-01 15:24:00+00:00,0.001164863112276902,0.0007107344342296471,4347
1970-01-01 15:25:00+00:00,0.006071449120709659,0.0049033287881852135,9431
1970-01-01 15:26:00+00:00,0.003176539420456279,0.0014857464242537103,4408
1970-01-01 15:27:00+00:00,0.002544314683958431,0.001308082489437363,3690
1970-01-01 15:28:00+00:00,0.0023786595398441945,0.001096343351081022,3212
1970-01-01 15:29:00+00:00,0.001853111869396606,0.0007557216436586061,3966
1970-01-01 15:30:00+00:00,0.006065726596217894,0.0049245382293662794,9449
1970-01-01 15:31:00+00:00,0.0032090872877207997,0.0014972120304428366,5864
1970-01-01 15:32:00+00:00,0.0026498114882695786,0.0013320890058682124,4754
1970-01-01 15:33:00+00:00,0.0020394947839754386,0.0009426487180988685,3466
1970-01-01 15:34:00+00:00,0.0019457563873985298,0.0008744021077214002,3300
1970-01-01 15:35:00+00:00,0.006196988677882343,0.0048931170183892855,9474
1970-01-01 15:36:00+00:00,0.0026611656839313808,0.001521464576950668,4265
1970-01-01 15:37:00+00:00,0.0028824331416631662,0.0010421215453350265,5677
1970-01-01 15:38:00+00:00,0.0014794678050331482,0.0008790175508833001,4862
1970-01-01 15:39:00+00:00,0.0013971107040551716,0.0007499511023762584,3923
1970-01-01 15:40:00+00:00,0.00637890768282599,0.004957402205746628,9471
1970-01-01 15:41:00+00:00,0.0034213548302764094,0.001519564034138225,5059
1970-01-01 15:42:00+00:00,0.003972312048998948,0.001626855431783898,4257
1970-01-01 15:43:00+00:00,0.002828866192138089,0.0008727787040115098,3275
1970-01-01 15:44:00+00:00,0.0010957419773291134,0.0004419860023263407,5013
1970-01-01 15:45:00+00:00,0.006216600824180888,0.004915972696726419,9487
1970-01-01 15:46:00+00:00,0.003488276324048438,0.0017663445747195083,4682
1970-01-01 15:47:00+00:00,0.004672685540479278,0.0015926919533090953,5127
1970-01-01 15:48:00+00:00,0.0035728725437435193,0.0011755147758641953,5034
1970-01-01 15:49:00+00:00,0.0021419725856002604,0.0006799522363757249,3386
1970-01-01 15:50:00+00:00,0.0060691200207181085,0.004834005139154988,9476
1970-01-01 15:51:00+00:00,0.002929818739145567,0.0016163991557892235,6238
1970-01-01 15:52:00+00:00,0.0026263282661932396,0.0013902775408172823,5741
1970-01-01 15:53:00+00:00,0.0016867161502708292,0.0009971651956152377,4886
1970-01-01 15:54:00+00:00,0.0014116348837720804,0.0006611276687581702,4242
1970-01-01 15:55:00+00:00,0.005989121981146015,0.004893836671966371,9423
1970-01-01 15:56:00+00:00,0.002030109651671234,0.0012163963648291764,5314
1970-01-01 15:57:00+00:00,0.0020856509827380074,0.001162424649979779,5517
1970-01-01 15:58:00+00:00,0.0026785706879873675,0.001091514527024415,4159
1970-01-01 15:59:00+00:00,0.0015031338446561916,0.0007548170040912222,3150
1970-01-01 16:00:00+00:00,0.005976576462138672,0.004877495633064716,9414
1970-01-01 16:01:00+00:00,0.0029797327834035973,0.0015531254999705923,5446
1970-01-01 16:02:00+00:00,0.0025550153666116606,0.0011816466155530148,5720
1970-01-01 16:03:00+00:00,0.0022948212385834775,0.0012230699267252413,4425
1970-01-01 16:04:00+00:00,0.0015812145826409898,0.000705249572677357,3636
1970-01-01 16:05:00+00:00,0.005948745815113043,0.004867835261076832,9413
1970-01-01 16:06:00+00:00,0.0020124340652617114,0.0016884645040229902,5663
1970-01-01 16:07:00+00:00,0.002177722034368759,0.0012723434314340107,5335
1970-01-01 16:08:00+00:00,0.0021322948993274717,0.0011488508972888982,5134
1970-01-01 16:09:00+00:00,0.0016706885836599709,0.0007588421736570483,5538
1970-01-01 16:10:00+00:00,0.006195621034307247,0.004908003542706264,9427
1970-01-01 16:11:00+00:00,0.0039142452290928135,0.0019992580045932067,4558
1970-01-01 16:12:00+00:00,0.003142285534992732,0.0016097342821270655,4233
1970-01-01 16:13:00+00:00,0.0023775073639156047,0.0011193832528628882,3418
1970-01-01 16:14:00+00:00,0.002275809067873398,0.0006436849026490963,4583
1970-01-01 16:15:00+00:00,0.006173166230750588,0.004901739921091918,9469
1970-01-01 16:16:00+00:00,0.002879531216363617,0.0017779660632396641,3874
1970-01-01 16:17:00+00:00,0.002669726482440549,0.001359169851042736,3090
1970-01-01 16:18:00+00:00,0.002174452814215652,0.0008368530245143219,5717
1970-01-01 16:19:00+00:00,0.0016900497689869396,0.0005521274057481557,5387
1970-01-01 16:20:00+00:00,0.006180892552322531,0.004801994570145663,9494
1970-01-01 16:21:00+00:00,0.006346112722377736,0.0017905962972279863,6713
1970-01-01 16:22:00+00:00,0.0036873112706926315,0.0012773732813263486,5881
1970-01-01 16:23:00+00:00,0.0029469190862153717,0.0011869700351353793,7012
1970-01-01 16:24:00+00:00,0.002544091416153044,0.0007744675355610538,5221
1970-01-01 16:25:00+00:00,0.006411878085967715,0.0048817016232850586,9478
1970-01-01 16:26:00+00:00,0.0032976465588720914,0.001470541583344448,3571
1970-01-01 16:27:00+00:00,0.003914183309148103,0.0011228776507185166,6198
1970-01-01 16:28:00+00:00,0.0021743279006254043,0.0007465264838637532,4679
1970-01-01 16:29:00+00:00,0.0019280945214989569,0.0006986688892612334,2962
1970-01-01 16:30:00+00:00,0.006313131411935551,0.004898476931276822,9462
1970-01-01 16:31:00+00:00,0.0035601781655155663,0.001730124594170796,3198
1970-01-01 16:32:00+00:00,0.0021554274218423056,0.0011585001950656258,4708
1970-01-01 16:33:00+00:00,0.0023208611263673727,0.0010226047351071597,3178
1970-01-01 16:34:00+00:00,0.002147932330309874,0.0009139864451882692,2879
1970-01-01 16:35:00+00:00,0.006151747502587635,0.004887413140568562,9422
1970-01-01 16:36:00+00:00,0.0034580929305546232,0.0018157735365385984,3145
1970-01-01 16:37:00+00:00,0.0031764590673069404,0.0019292121950330008,4635
1970-01-01 16:38:00+00:00,0.002036126437860466,0.0009296430853042324,4280
1970-01-01 16:39:00+00:00,0.0019841176487631874,0.0009437389970287924,3276
1970-01-01 16:40:00+00:00,0.0064113866832626225,0.004933687212730446,9391
1970-01-01 16:41:00+00:00,0.0030602253261710357,0.001533700215447804,4334
1970-01-01 16:42:00+00:00,0.0029255858616586087,0.001399563062229208,4207
1970-01-01 16:43:00+00:00,0.0026080835866564003,0.0010415643926095237,3931
1970-01-01 16:44:00+00:00,0.001558956811767348,0.0006315785176705534,4049
1970-01-01 16:45:00+00:00,0.006228909236885522,0.004873357293053127,9391
1970-01-01 16:46:00+00:00,0.0030002875100005387,0.0014417071050934307,3018
1970-01-01 16:47:00+00:00,0.0025432613610643054,0.0013927161600028849,4019
1970-01-01 16:48:00+00:00,0.0026330424377718803,0.0013925816216703807,4971
1970-01-01 16:49:00+00:00,0.00114481513531993,0.0005854762794943572,5334
1970-01-01 16:50:00+00:00,0.006129410746032862,0.004779470047745907,9402
1970-01-01 16:51:00+00:00,0.004755557965177135,0.0023034484419104163,4903
1970-01-01 16:52:00+00:00,0.0032013271857770746,0.0015394479194906154,4473
1970-01-01 16:53:00+00:00,0.002075098700653466,0.0010594353274235662,3773
1970-01-01 16:54:00+00:00,0.0046204210036967786,0.002695090607070306,6704
1970-01-01 16:55:00+00:00,0.006109074010259979,0.004801617213825441,9419
1970-01-01 16:56:00+00:00,0.0030575881205814055,0.001630180788711765,4896
1970-01-01 16:57:00+00:00,0.0021827960096191044,0.0012574094692584217,4503
1970-01-01 16:58:00+00:00,0.0019676997320366113,0.0010260490895803872,4732
1970-01-01 16:59:00+00:00,0.0011370038394406708,0.0004899595036852963,5465
1970-01-01 17:00:00+00:00,0.006178606492520922,0.0047055576016947764,9440
1970-01-01 17:01:00+00:00,0.002990507390803946,0.0014806369416410076,4351
1970-01-01 17:02:00+00:00,0.0019650580068510098,0.0010016518287576542,4899
1970-01-01 17:03:00+00:00,0.0020974368641536963,0.000894902441491709,3254
1970-01-01 17:04:00+00:00,0.0017141871366439874,0.0005516238991151629,4580
1970-01-01 17:05:00+00:00,0.006156029992530557,0.004751318392601845,9462
1970-01-01 17:06:00+00:00,0.0035103787531479552,0.0018211776816976428,3350
1970-01-01 17:07:00+00:00,0.00251206269799711,0.0013218252622789447,4879
1970-01-01 17:08:00+00:00,0.0017000151484788003,0.0010345650807511736,4321
1970-01-01 17:09:00+00:00,0.0017195984227507545,0.0006943197016152479,3268
1970-01-01 17:10:00+00:00,0.006302177486647348,0.004882602809115646,9453
1970-01-01 17:11:00+00:00,0.0023229449342920387,0.001457008693329213,5550
1970-01-01 17:12:00+00:00,0.0020243328734470614,0.0011466106282633016,5435
1970-01-01 17:13:00+00:00,0.002222528451349502,0.0011148610760691778,3687
1970-01-01 17:14:00+00:00,0.0017208829125269838,0.0008945085436214366,3804
1970-01-01 17:15:00+00:00,0.006288613886568753,0.004936184663893412,9427
1970-01-01 17:16:00+00:00,0.0021573857069952015,0.0009753073657111493,4472
1970-01-01 17:17:00+00:00,0.003673568083826516,0.0011040984001809237,6775
1970-01-01 17:18:00+00:00,0.0016796613514952093,0.0008510679826699588,5361
1970-01-01 17:19:00+00:00,0.0016580551317571897,0.0008028269149560608,4861
1970-01-01 17:20:00+00:00,0.006263532741648435,0.0048888693473014624,9410
1970-01-01 17:21:00+00:00,0.0032793989807512725,0.0019669372774693303,4749
1970-01-01 17:22:00+00:00,0.001694632551712595,0.0010815304622706532,5316
1970-01-01 17:23:00+00:00,0.002469819903440303,0.0013944736598915492,6537
1970-01-01 17:24:00+00:00,0.0018768483856912532,0.0010226600771443158,6711
1970-01-01 17:25:00+00:00,0.0062625096966083624,0.004833477473806066,9411
1970-01-01 17:26:00+00:00,0.00170899816074483,0.0008593101984500247,4463
1970-01-01 17:27:00+00:00,0.0028147458174401763,0.0014698240790379535,5968
1970-01-01 17:28:00+00:00,0.0018892652187698315,0.0009441284242423511,5376
1970-01-01 17:29:00+00:00,0.0016879657359407903,0.0007925764375305538,5501
1970-01-01 17:30:00+00:00,0.006119815030294735,0.004762767955018261,9410
1970-01-01 17:31:00+00:00,0.002848949550828141,0.0014640449529682452,4529
1970-01-01 17:32:00+00:00,0.002682036113814609,0.0014137235852786894,3899
1970-01-01 17:33:00+00:00,0.0019407969618284412,0.001041993862245137,4788
1970-01-01 17:34:00+00:00,0.001623822567449988,0.0007691573000852183,4121
1970-01-01 17:35:00+00:00,0.006086591915130418,0.004819044473400626,9416
1970-01-01 17:36:00+00:00,0.0025555853702748897,0.0014701215019840698,4076
1970-01-01 17:37:00+00:00,0.0023982256525098807,0.0014632173184078777,5427
1970-01-01 17:38:00+00:00,0.0018835887387654462,0.0010026375917101783,4608
1970-01-01 17:39:00+00:00,0.00198783431079768,0.0009245735920517628,4429
1970-01-01 17:40:00+00:00,0.0063143594543220065,0.004892315159529642,9436
1970-01-01 17:41:00+00:00,0.0029390037160414565,0.0014979066064251232,4948
1970-01-01 17:42:00+00:00,0.002724209056151063,0.0013575646316697659,4063
1970-01-01 17:43:00+00:00,0.0022095604153835645,0.0011539331292137445,4237
1970-01-01 17:44:00+00:00,0.0018448153510896073,0.0007993587824782481,4430
1970-01-01 17:45:00+00:00,0.006255385243329548,0.0048262209519557234,9458
1970-01-01 17:46:00+00:00,0.0029404277600527267,0.0015712617698061164,4216
1970-01-01 17:47:00+00:00,0.0037218544740544677,0.0017099619702903707,5369
1970-01-01 17:48:00+00:00,0.00255457690185147,0.001240707204074812,3175
1970-01-01 17:49:00+00:00,0.0019481440657178337,0.0007529483444043501,4128
1970-01-01 17:50:00+00:00,0.006325025923530121,0.004835716236212096,9461
1970-01-01 17:51:00+00:00,0.003391721721914488,0.0017174052285613302,5247
1970-01-01 17:52:00+00:00,0.0029404448144880694,0.001332087848640732,3376
1970-01-01 17:53:00+00:00,0.0028187184317080686,0.0011461584061538653,4894
1970-01-01 17:54:00+00:00,0.00272409189050271,0.0007927422720111964,4374
1970-01-01 17:55:00+00:00,0.006263809279149219,0.00470133489173412,9453
1970-01-01 17:56:00+00:00,0.0033324223028116553,0.001590444844255405,5089
1970-01-01 17:57:00+00:00,0.0030675497972540676,0.0014600853311465365,4037
1970-01-01 17:58:00+00:00,0.0023890617638470772,0.0009993234150464658,3411
1970-01-01 17:59:00+00:00,0.00206436059610437,0.0007220265866103123,4005
1970-01-01 18:00:00+00:00,0.006319446405960736,0.004735473580172348,9441
1970-01-01 18:01:00+00:00,0.0032786800415702173,0.012949784203584952,7121
1970-01-01 18:02:00+00:00,0.0021372061721671547,0.0008801069279954075,7072
1970-01-01 18:03:00+00:00,0.002870739380655857,0.0009925807146897027,6363
1970-01-01 18:04:00+00:00,0.0029166992545107263,0.0007128630057503672,6513
1970-01-01 18:05:00+00:00,0.006266475348902494,0.003957422622937915,9441
1970-01-01 18:06:00+00:00,0.0033811635041790683,0.0014813879992483642,6594
1970-01-01 18:07:00+00:00,0.003656338651449049,0.002009108040518274,6893
1970-01-01 18:08:00+00:00,0.0039122705450799515,0.0011417402130208707,6710
1970-01-01 18:09:00+00:00,0.0028235054175152186,0.001252112911819645,5812
1970-01-01 18:10:00+00:00,0.0063865086491945436,0.004030545223175041,9435
1970-01-01 18:11:00+00:00,0.004366312734355471,0.0014945588399227251,5958
1970-01-01 18:12:00+00:00,0.006312282721455483,0.0020515113212049197,6753
1970-01-01 18:13:00+00:00,0.00805459566299673,0.0024095157125320304,6436
1970-01-01 18:14:00+00:00,0.004945746900804637,0.0015842821072704673,6120
1970-01-01 18:15:00+00:00,0.006509298728179648,0.004063765765110181,9441
1970-01-01 18:16:00+00:00,0.004425900478882738,0.0016700182957394244,6198
1970-01-01 18:17:00+00:00,0.0027209824934389185,0.0010693285144106712,5265
1970-01-01 18:18:00+00:00,0.0027184923786538503,0.0008573359753712114,5121
1970-01-01 18:19:00+00:00,0.0021737151957187855,0.000791231586133826,5517
1970-01-01 18:20:00+00:00,0.006575652724627353,0.004108482542781133,9454
1970-01-01 18:21:00+00:00,0.0029047956272047247,0.0011020450932638993,6347
1970-01-01 18:22:00+00:00,0.004194487524365105,0.0010324795007493129,6327
1970-01-01 18:23:00+00:00,0.004818476735514173,0.0009002762779048212,6410
1970-01-01 18:24:00+00:00,0.0035441768144541114,0.000726283715375946,5949
1970-01-01 18:25:00+00:00,0.0069173984376037926,0.004214106451517462,9455
1970-01-01 18:26:00+00:00,0.003729745260978909,0.0012592522321384695,5387
1970-01-01 18:27:00+00:00,0.0034371294589096513,0.0011730318404354699,5183
1970-01-01 18:28:00+00:00,0.002397196743412458,0.0008468937122235636,5359
1970-01-01 18:29:00+00:00,0.002740783859620946,0.0009283950811156779,4648
1970-01-01 18:30:00+00:00,0.006810627103139961,0.004234044367278304,9451
1970-01-01 18:31:00+00:00,0.0039394957461065016,0.001579635172847165,5882
1970-01-01 18:32:00+00:00,0.0033146023310917532,0.0009856039348188003,8681
1970-01-01 18:33:00+00:00,0.002894794481863687,0.0014886882771948443,8418
1970-01-01 18:34:00+00:00,0.001981454775163249,0.0009021530564408662,6877
1970-01-01 18:35:00+00:00,0.006571382717891983,0.004306739958661997,9458
1970-01-01 18:36:00+00:00,0.0035911998315278477,0.0017886802078793348,6395
1970-01-01 18:37:00+00:00,0.004538549176086222,0.0017451107494062727,6831
1970-01-01 18:38:00+00:00,0.003684165661598338,0.0014540654770667618,7355
1970-01-01 18:39:00+00:00,0.002874400414043898,0.0014859925729781337,7089
1970-01-01 18:40:00+00:00,0.006802913994920653,0.004425137752847147,9460
1970-01-01 18:41:00+00:00,0.0036981618305896987,0.0017297844002775258,5792
1970-01-01 18:42:00+00:00,0.003873943982152092,0.0016957038655994968,4970
1970-01-01 18:43:00+00:00,0.003194249014962802,0.0013522534885189721,5771
1970-01-01 18:44:00+00:00,0.0027448947859253577,0.0010062338149911245,5673
1970-01-01 18:45:00+00:00,0.006611695940473083,0.004415582315929979,9451
1970-01-01 18:46:00+00:00,0.003109791400862746,0.0015948877198191176,5918
1970-01-01 18:47:00+00:00,0.0031284528176687776,0.0012808268670694038,6074
1970-01-01 18:48:00+00:00,0.0032401753182991393,0.0012017859530391625,5258
1970-01-01 18:49:00+00:00,0.0024715934142182077,0.0009784949433599124,5601
1970-01-01 18:50:00+00:00,0.006638081863665234,0.004461771328320378,9444
1970-01-01 18:51:00+00:00,0.005216222842908744,0.002468961825662158,7568
1970-01-01 18:52:00+00:00,0.0029770305951965052,0.0022517512520608086,6029
1970-01-01 18:53:00+00:00,0.002836854612193828,0.0012015466367564928,5659
1970-01-01 18:54:00+00:00,0.0029149809112208372,0.0014502742860230944,4939
1970-01-01 18:55:00+00:00,0.00679643157985808,0.004534695011844813,9450
1970-01-01 18:56:00+00:00,0.0035265452360662363,0.0018746593282223617,6392
1970-01-01 18:57:00+00:00,0.002964712329052693,0.0016715571872667147,8285
1970-01-01 18:58:00+00:00,0.002419267698775909,0.0009976040420821052,6142
1970-01-01 18:59:00+00:00,0.001960814220425644,0.0008795314170610524,7116
1970-01-01 19:00:00+00:00,0.006849991136202257,0.004660795306270233,9450
1970-01-01 19:01:00+00:00,0.004872665416671753,0.0018699430404717167,6213
1970-01-01 19:02:00+00:00,0.00402622795068538,0.001875446371330321,6161
1970-01-01 19:03:00+00:00,0.0047137924837525845,0.0024247591486928665,6275
1970-01-01 19:04:00+00:00,0.00255952413299491,0.00124011826775255,5158
1970-01-01 19:05:00+00:00,0.006819790838010683,0.004793421900323968,9471
1970-01-01 19:06:00+00:00,0.0039404649390356134,0.0017290714011317875,3836
1970-01-01 19:07:00+00:00,0.0034610746044684993,0.0017175143341737105,4600
1970-01-01 19:08:00+00:00,0.0030308848714004034,0.0015321347106270016,5562
1970-01-01 19:09:00+00:00,0.002436807053277918,0.0009235792933309422,5796
1970-01-01 19:10:00+00:00,0.00671785221269007,0.004699861101215915,9470
1970-01-01 19:11:00+00:00,0.004051958953766725,0.0020848514187030457,5347
1970-01-01 19:12:00+00:00,0.0034550712465060193,0.0014541027092557445,4999
1970-01-01 19:13:00+00:00,0.0027840142179217315,0.0012355889049643573,5485
1970-01-01 19:14:00+00:00,0.002695371179357463,0.0012660360807955633,4667
1970-01-01 19:15:00+00:00,0.00663336022944892,0.004682143827778995,9475
1970-01-01 19:16:00+00:00,0.002865102396694409,0.0014852794854393677,6315
1970-01-01 19:17:00+00:00,0.005114242271032209,0.0027511784507975173,6329
1970-01-01 19:18:00+00:00,0.0027208392697238653,0.0010374637222139507,5416
1970-01-01 19:19:00+00:00,0.001916428031357786,0.0006692679089170452,5159
1970-01-01 19:20:00+00:00,0.006593082323326466,0.004678530736750641,9466
1970-01-01 19:21:00+00:00,0.0036988731993945205,0.0016641517109261953,5457
1970-01-01 19:22:00+00:00,0.003047954916088999,0.0014411576530417721,6833
1970-01-01 19:23:00+00:00,0.003511033236908365,0.001217357077362175,4513
1970-01-01 19:24:00+00:00,0.0033804385610581864,0.0015496270726909676,4210
1970-01-01 19:25:00+00:00,0.006595855300683377,0.004697011343637322,9454
1970-01-01 19:26:00+00:00,0.005749236450362599,0.0029886637490930067,5481
1970-01-01 19:27:00+00:00,0.0033250120582746477,0.0013850809576111541,5766
1970-01-01 19:28:00+00:00,0.002899987153964321,0.0007749123059276095,4809
1970-01-01 19:29:00+00:00,0.0018441809178833043,0.0005693215048635859,3793
1970-01-01 19:30:00+00:00,0.006735080117225279,0.004730624504847748,9451
1970-01-01 19:31:00+00:00,0.003723260593817591,0.0015893894979212484,5293
1970-01-01 19:32:00+00:00,0.0033364540847085626,0.0015336346485931125,4391
1970-01-01 19:33:00+00:00,0.0021096046797517086,0.00114592799433955,4021
1970-01-01 19:34:00+00:00,0.0021500574002302226,0.0009723458607151409,5375
1970-01-01 19:35:00+00:00,0.006820240323556612,0.004797664711117427,9455
1970-01-01 19:36:00+00:00,0.002733989866439904,0.001469078782363574,3728
1970-01-01 19:37:00+00:00,0.0032968933056718554,0.0011881226853440719,4862
1970-01-01 19:38:00+00:00,0.003647523107448247,0.001509041825507972,5733
1970-01-01 19:39:00+00:00,0.0027566882709731217,0.0011644462157719229,6624
1970-01-01 19:40:00+00:00,0.006691386437363006,0.004751405461199189,9461
1970-01-01 19:41:00+00:00,0.0033409504602551214,0.0015613711152940423,6795
1970-01-01 19:42:00+00:00,0.0029944309149731304,0.0015839482912542082,6334
1970-01-01 19:43:00+00:00,0.0021895931329578874,0.001254370995688333,6548
1970-01-01 19:44:00+00:00,0.0022797226862363382,0.0011677457344953493,5811
1970-01-01 19:45:00+00:00,0.006650836136697689,0.004762366926115382,9466
1970-01-01 19:46:00+00:00,0.0031427973646301565,0.0016878330913625283,6264
1970-01-01 19:47:00+00:00,0.003336173987515882,0.0016702737298492803,3605
1970-01-01 19:48:00+00:00,0.004497078321680261,0.002696360336537977,5686
1970-01-01 19:49:00+00:00,0.002006549846431379,0.0008005100175651601,3682
1970-01-01 19:50:00+00:00,0.006613383342084153,0.004760676428701838,9474
1970-01-01 19:51:00+00:00,0.004057535168217257,0.0017788342661862893,4835
1970-01-01 19:52:00+00:00,0.002745674659358587,0.0014219320373244598,5508
1970-01-01 19:53:00+00:00,0.0016320916086606718,0.0007031276690620965,7572
1970-01-01 19:54:00+00:00,0.0021541021571793513,0.0012474953940475031,6558
1970-01-01 19:55:00+00:00,0.00669225791140532,0.004722957676819815,9478
1970-01-01 19:56:00+00:00,0.004199699049301966,0.0017685023442750804,4074
1970-01-01 19:57:00+00:00,0.0036618441212260783,0.0013227337589803425,3635
1970-01-01 19:58:00+00:00,0.0025396527101596202,0.0012653724600871438,6002
1970-01-01 19:59:00+00:00,0.0021780677481262403,0.0007665004001414747,6115
1970-01-01 20:00:00+00:00,0.006721270673416088,0.00472371037321617,9475
1970-01-01 20:01:00+00:00,0.00454783573888883,0.002356958392108608,4525
1970-01-01 20:02:00+00:00,0.004006647971212295,0.0018180325509775355,3521
1970-01-01 20:03:00+00:00,0.002750108478185371,0.0010743195875837076,4508
1970-01-01 20:04:00+00:00,0.0019192316542110668,0.0007193529098892842,5241
1970-01-01 20:05:00+00:00,0.006861807534231902,0.004861778520702001,9471
1970-01-01 20:06:00+00:00,0.003668641915165675,0.0017364648967173677,4654
1970-01-01 20:07:00+00:00,0.005988548598102273,0.0029798509478306135,5741
1970-01-01 20:08:00+00:00,0.0026436419347999124,0.0009703077971562653,4164
1970-01-01 20:09:00+00:00,0.001252432485372902,0.0006178517293724096,4586
1970-01-01 20:10:00+00:00,0.006756908242050397,0.004829122692246704,9467
1970-01-01 20:11:00+00:00,0.0028224416785430253,0.0015339124890665886,3470
1970-01-01 20:12:00+00:00,0.002662626100078916,0.0013482836817699658,4656
1970-01-01 20:13:00+00:00,0.003635798463671903,0.001208654494777548,3572
1970-01-01 20:14:00+00:00,0.0020344745081143424,0.0007028524756825943,2730
1970-01-01 20:15:00+00:00,0.006728353045809494,0.004889580555534119,9462
1970-01-01 20:16:00+00:00,0.004554766757461166,0.00173426918519426,5092
1970-01-01 20:17:00+00:00,0.002904927980649714,0.00101371347551515,5268
1970-01-01 20:18:00+00:00,0.0013847094103422992,0.0012207495849290463,5675
1970-01-01 20:19:00+00:00,0.0013510368703066845,0.0007088425298711004,4795
1970-01-01 20:20:00+00:00,0.006508704104312416,0.004858697831905818,9467
1970-01-01 20:21:00+00:00,0.0026792375617204107,0.0016645109392596229,3827
1970-01-01 20:22:00+00:00,0.001798768282839381,0.0012061603791687055,4662
1970-01-01 20:23:00+00:00,0.0020653668171254132,0.0010345972628943154,3747
1970-01-01 20:24:00+00:00,0.0025323204670218225,0.000681276313103865,2963
1970-01-01 20:25:00+00:00,0.006588833478173735,0.004884699136666994,9470
1970-01-01 20:26:00+00:00,0.004948756542391028,0.002094128146035408,3502
1970-01-01 20:27:00+00:00,0.004009240842609076,0.0020199664999889177,3834
1970-01-01 20:28:00+00:00,0.001576340358206746,0.0009992409471821164,5073
1970-01-01 20:29:00+00:00,0.002015094075560685,0.0011252784095032364,5127
1970-01-01 20:30:00+00:00,0.006777934084706454,0.004857503108070163,9480
1970-01-01 20:31:00+00:00,0.004600988944229376,0.0023168296076307208,4394
1970-01-01 20:32:00+00:00,0.0035486167024616055,0.0016503231122778773,2781
1970-01-01 20:33:00+00:00,0.0023414205471923117,0.0009171714629377322,3259
1970-01-01 20:34:00+00:00,0.0016111386223010634,0.0006136597149162995,2729
1970-01-01 20:35:00+00:00,0.0067806254361956675,0.0049200132145944975,9480
1970-01-01 20:36:00+00:00,0.005165783931902505,0.0025475358979335557,5690
1970-01-01 20:37:00+00:00,0.0021133044523311603,0.0011053912075714603,3128
1970-01-01 20:38:00+00:00,0.002238845120327113,0.001204177613574933,3766
1970-01-01 20:39:00+00:00,0.002312465070927024,0.0012143584134594477,4088
1970-01-01 20:40:00+00:00,0.006329745353131423,0.004864348805568138,9483
1970-01-01 20:41:00+00:00,0.0031420563958305895,0.0017541360015985912,5179
1970-01-01 20:42:00+00:00,0.0028697301714308747,0.0016789994024241613,3523
1970-01-01 20:43:00+00:00,0.0025570163198782806,0.0015028628018892965,4149
1970-01-01 20:44:00+00:00,0.002095464044634631,0.0011338465377922016,4222
1970-01-01 20:45:00+00:00,0.005635591174048859,0.0047705185058678256,9475
1970-01-01 20:46:00+00:00,0.005364753842202791,0.001796836967252991,4254
1970-01-01 20:47:00+00:00,0.00358283087845973,0.001968117760112842,3716
1970-01-01 20:48:00+00:00,0.0020015898893061836,0.0012048658698496208,3496
1970-01-01 20:49:00+00:00,0.001716503680225938,0.000696185336075089,4507
1970-01-01 20:50:00+00:00,0.005016627319173253,0.0046816852808408615,9473
1970-01-01 20:51:00+00:00,0.0037741135860693636,0.0021356511073075016,5257
1970-01-01 20:52:00+00:00,0.003180634286510631,0.001708899888204296,5783
1970-01-01 20:53:00+00:00,0.0016856241028728712,0.000893100623053882,5092
1970-01-01 20:54:00+00:00,0.001005734529080247,0.0004447395407705309,4531
1970-01-01 20:55:00+00:00,0.004928372243514957,0.004652803940483665,9463
1970-01-01 20:56:00+00:00,0.003365230746226818,0.0014351089122424084,4081
1970-01-01 20:57:00+00:00,0.0019580574233795567,0.0011750258333630493,4549
1970-01-01 20:58:00+00:00,0.0023534873661746896,0.0016525037831249573,6296
1970-01-01 20:59:00+00:00,0.001132212841608613,0.00047605985177393386,4194
1970-01-01 21:00:00+00:00,0.005014794727077675,0.004685794162377909,9464
1970-01-01 21:01:00+00:00,0.004123587171137464,0.0019952435855817817,4234
1970-01-01 21:02:00+00:00,0.002373736635287707,0.0015780724691917567,5241
1970-01-01 21:03:00+00:00,0.001786187333302346,0.00097255675788245,3303
1970-01-01 21:04:00+00:00,0.0018964389677815971,0.0010278784960557098,4917
1970-01-01 21:05:00+00:00,0.004879113171523975,0.004543206901495639,9476
1970-01-01 21:06:00+00:00,0.0022437025462198534,0.0012543519981476979,5610
1970-01-01 21:07:00+00:00,0.002827738681853269,0.0011596419438666997,4997
1970-01-01 21:08:00+00:00,0.0012736586083151216,0.0010567765058648764,4518
1970-01-01 21:09:00+00:00,0.0009793762941215792,0.0005541543782096031,4795
1970-01-01 21:10:00+00:00,0.004866944762152034,0.004454675335021267,9474
1970-01-01 21:11:00+00:00,0.0033441190083336307,0.0020219941391848126,4806
1970-01-01 21:12:00+00:00,0.0025188424881171616,0.0016937895581825124,4030
1970-01-01 21:13:00+00:00,0.0021192157111044854,0.0010901381320037526,4151
1970-01-01 21:14:00+00:00,0.0011785735614861538,0.0005798941619018609,5086
1970-01-01 21:15:00+00:00,0.004885938659136303,0.004519747123803458,9481
1970-01-01 21:16:00+00:00,0.004349720176447524,0.0019302229481872543,5655
1970-01-01 21:17:00+00:00,0.0020747809056938515,0.0014341820040624882,4864
1970-01-01 21:18:00+00:00,0.0015136426088040464,0.0010745257733554227,3609
1970-01-01 21:19:00+00:00,0.001194674046255889,0.0006887547018433378,4185
1970-01-01 21:20:00+00:00,0.004774368734051453,0.004545910476195883,9482
1970-01-01 21:21:00+00:00,0.0030191069952940617,0.0020169703888684174,6075
1970-01-01 21:22:00+00:00,0.0020364330236763003,0.001520846127617049,5711
1970-01-01 21:23:00+00:00,0.001637935906866743,0.0013806680774885588,6707
1970-01-01 21:24:00+00:00,0.0011083103956937418,0.0010905941955111165,6459
1970-01-01 21:25:00+00:00,0.004818635918569457,0.004555347452294102,9489
1970-01-01 21:26:00+00:00,0.0042677365625888326,0.001631559811013606,4507
1970-01-01 21:27:00+00:00,0.002231800707907487,0.0017561989555578722,5192
1970-01-01 21:28:00+00:00,0.0018982960226108982,0.0012317027065762607,4742
1970-01-01 21:29:00+00:00,0.0010630012430951476,0.0006180442818683459,4354
1970-01-01 21:30:00+00:00,0.005028426378973266,0.004579446499809093,9485
1970-01-01 21:31:00+00:00,0.003633814794453805,0.0022770454349446303,5436
1970-01-01 21:32:00+00:00,0.0020599306959793594,0.0014156567226446687,6426
1970-01-01 21:33:00+00:00,0.0021451569727793875,0.0012886731688109103,5705
1970-01-01 21:34:00+00:00,0.0013096777703674861,0.0007532164107921536,4484
1970-01-01 21:35:00+00:00,0.00510392215222563,0.004633233052263809,9486
1970-01-01 21:36:00+00:00,0.005226507652929507,0.00195738895198294,5178
1970-01-01 21:37:00+00:00,0.0027604380434779153,0.0015880348577602742,5382
1970-01-01 21:38:00+00:00,0.0019613250676801526,0.001226657799597266,5649
1970-01-01 21:39:00+00:00,0.0009414803059149111,0.0005238856307606075,4739
1970-01-01 21:40:00+00:00,0.005039872776235883,0.004637533189704716,9482
1970-01-01 21:41:00+00:00,0.0046174561044133484,0.0026385004503448103,5076
1970-01-01 21:42:00+00:00,0.002967590045377692,0.0021939649196029455,5527
1970-01-01 21:43:00+00:00,0.002040831004884072,0.0013954772164088496,4686
1970-01-01 21:44:00+00:00,0.0009855334529724254,0.0008650715580139027,4298
1970-01-01 21:45:00+00:00,0.005068814921974898,0.004602424626041189,9486
1970-01-01 21:46:00+00:00,0.004510722243469451,0.003096909580677073,5804
1970-01-01 21:47:00+00:00,0.006278052107511886,0.0017026018330497225,5737
1970-01-01 21:48:00+00:00,0.002357770301127383,0.0012984695581231425,5352
1970-01-01 21:49:00+00:00,0.0010541679851406684,0.0007482708694927045,5136
1970-01-01 21:50:00+00:00,0.005279797587288838,0.004566971321926301,9486
1970-01-01 21:51:00+00:00,0.0037712851755277435,0.0026794445170979916,6441
1970-01-01 21:52:00+00:00,0.003426159424838732,0.002213396130374419,5723
1970-01-01 21:53:00+00:00,0.0018885375958574595,0.0011803940991551498,4240
1970-01-01 21:54:00+00:00,0.000906941379919014,0.0009870093257122355,5396
1970-01-01 21:55:00+00:00,0.005184401819238648,0.0042025456547478655,9495
1970-01-01 21:56:00+00:00,0.004490877960183806,0.0024089165437171634,7439
1970-01-01 21:57:00+00:00,0.003146314878206513,0.0015768272941048176,8394
1970-01-01 21:58:00+00:00,0.0023519334629105056,0.0010634353623854352,6515
1970-01-01 21:59:00+00:00,0.0020622734176407513,0.0007440042667382007,6707
1970-01-01 22:00:00+00:00,0.00664528972921788,0.004787552530028656,9489
1970-01-01 22:01:00+00:00,0.003568324958268191,0.0019028198756916152,8123
1970-01-01 22:02:00+00:00,0.0022638386505639922,0.0011057579738680187,7966
1970-01-01 22:03:00+00:00,0.003453610135641981,0.0011741748595607616,7289
1970-01-01 22:04:00+00:00,0.0012110453431213683,0.0007055147098454822,6097
1970-01-01 22:05:00+00:00,0.006638583083945206,0.004795161009690884,9495
1970-01-01 22:06:00+00:00,0.0032818287040455732,0.0017241723958310192,7563
1970-01-01 22:07:00+00:00,0.004761841752496282,0.0010027342943327658,7616
1970-01-01 22:08:00+00:00,0.002193876057469295,0.001105270532926065,6768
1970-01-01 22:09:00+00:00,0.004389591990151505,0.0007730391787085091,7164
1970-01-01 22:10:00+00:00,0.0069249706457060805,0.004616447055407635,9497
1970-01-01 22:11:00+00:00,0.002462940168484012,0.0012384144248576527,7178
1970-01-01 22:12:00+00:00,0.007665376335876664,0.0010331595092647851,7345
1970-01-01 22:13:00+00:00,0.01325128986335824,0.0013363103283881848,7555
1970-01-01 22:14:00+00:00,0.005594154955415266,0.0009968128417275502,7184
1970-01-01 22:15:00+00:00,0.006305439665096718,0.00441800401596852,9503
1970-01-01 22:16:00+00:00,0.006923889483044575,0.0014029143256906647,7051
1970-01-01 22:17:00+00:00,0.006199532852472098,0.0018566273223229524,7561
1970-01-01 22:18:00+00:00,0.002630214180386436,0.0012483981694768071,6971
1970-01-01 22:19:00+00:00,0.0046871680645317665,0.0015321213578394484,6831
1970-01-01 22:20:00+00:00,0.006104297266188277,0.004616336669105862,9505
1970-01-01 22:21:00+00:00,0.0021802333715549775,0.0013604297268093497,6536
1970-01-01 22:22:00+00:00,0.0025662036705517664,0.001559129291752385,7497
1970-01-01 22:23:00+00:00,0.0017664896478485708,0.0013532004844846294,7503
1970-01-01 22:24:00+00:00,0.0020605674611014406,0.001171199204509556,7626
1970-01-01 22:25:00+00:00,0.006092958746698897,0.004502538489150892,9504
1970-01-01 22:26:00+00:00,0.0030893737573788865,0.0017775786189928222,7145
1970-01-01 22:27:00+00:00,0.0030030160346376446,0.0016095050023743546,7140
1970-01-01 22:28:00+00:00,0.0029431690997458394,0.0016618530758548034,7277
1970-01-01 22:29:00+00:00,0.0014939441585324563,0.0008309684865387367,6244
1970-01-01 22:30:00+00:00,0.00613359749065233,0.004554065726535415,9500
1970-01-01 22:31:00+00:00,0.003001506401188569,0.002002800853868094,6885
1970-01-01 22:32:00+00:00,0.00228439365847206,0.0017276800599433427,5848
1970-01-01 22:33:00+00:00,0.0015800272447397676,0.001241829077127282,7280
1970-01-01 22:34:00+00:00,0.001476491283708588,0.0010057611536479292,6796
1970-01-01 22:35:00+00:00,0.006037020460026034,0.004576586063463939,9499
1970-01-01 22:36:00+00:00,0.004266938344991622,0.0019621888235586134,6959
1970-01-01 22:37:00+00:00,0.002589634773646218,0.001617681808235789,6688
1970-01-01 22:38:00+00:00,0.0018130142636549524,0.0012323720074974966,7049
1970-01-01 22:39:00+00:00,0.0013203437299347386,0.0009645266414171868,7047
1970-01-01 22:40:00+00:00,0.006021237536333077,0.004528470473394986,9499
1970-01-01 22:41:00+00:00,0.003347151523835305,0.0022257270440590804,7335
1970-01-01 22:42:00+00:00,0.002421932494507659,0.001740179865966522,7596
1970-01-01 22:43:00+00:00,0.0023831665986191537,0.0016232360126736355,7522
1970-01-01 22:44:00+00:00,0.0015863943020353985,0.0012138760271435726,7265
1970-01-01 22:45:00+00:00,0.005954334274956028,0.004477530134218205,9502
1970-01-01 22:46:00+00:00,0.0030327772329011723,0.0015640912440290941,7262
1970-01-01 22:47:00+00:00,0.002214702205761726,0.0013773818331279932,7844
1970-01-01 22:48:00+00:00,0.0013752627121217341,0.0011411851780206749,7507
1970-01-01 22:49:00+00:00,0.0015273043115106594,0.0009667635973961974,8053
1970-01-01 22:50:00+00:00,0.005546398113721821,0.0043112943732737915,9500
1970-01-01 22:51:00+00:00,0.002214630997198226,0.0018597155645194343,8234
1970-01-01 22:52:00+00:00,0.0014937322050872638,0.001291154304344155,8655
1970-01-01 22:53:00+00:00,0.0018420819896852565,0.0013371147484871448,7350
1970-01-01 22:54:00+00:00,0.0013117979036641144,0.00123085100125845,7482
1970-01-01 22:55:00+00:00,0.00590705732605025,0.004463233099338289,9507
1970-01-01 22:56:00+00:00,0.0018933542067929223,0.0012435897471130865,7389
1970-01-01 22:57:00+00:00,0.0019190854682982095,0.0012317429623631192,7152
1970-01-01 22:58:00+00:00,0.002427697735865492,0.0011903675944994472,7155
1970-01-01 22:59:00+00:00,0.0016497888178650132,0.0010091593251450402,8161
1970-01-01 23:00:00+00:00,0.00476018039829667,0.0037368493697569815,9516
1970-01-01 23:01:00+00:00,0.0016009414712034125,0.0010933236872896312,8234
1970-01-01 23:02:00+00:00,0.0011989915845031659,0.0009580065162258705,7807
1970-01-01 23:03:00+00:00,0.0019344534512243435,0.0012124934005140965,8219
1970-01-01 23:04:00+00:00,0.0014888814243055263,0.0007611194789653165,6368
1970-01-01 23:05:00+00:00,0.004487746249533792,0.003885237887808788,9517
1970-01-01 23:06:00+00:00,0.0022651836441237704,0.0013221331161493003,6569
1970-01-01 23:07:00+00:00,0.0016918624434105454,0.0012767377646405705,6402
1970-01-01 23:08:00+00:00,0.0021895277033803897,0.0013248125576214146,6906
1970-01-01 23:09:00+00:00,0.0013802984212116208,0.0012109983833002995,7017
1970-01-01 23:10:00+00:00,0.005813421372126192,0.0045402526218419606,9517
1970-01-01 23:11:00+00:00,0.0025523045284129593,0.001619268087597805,7619
1970-01-01 23:12:00+00:00,0.0018574613366080716,0.001074017305987908,7303
1970-01-01 23:13:00+00:00,0.0019368417570406306,0.001308996124514832,7241
1970-01-01 23:14:00+00:00,0.0011380441383390262,0.0008952059747403347,6823
1970-01-01 23:15:00+00:00,0.006171640714706365,0.004553246542012021,9514
1970-01-01 23:16:00+00:00,0.0018782791274834035,0.0010568208028635996,6373
1970-01-01 23:17:00+00:00,0.0030199930159494344,0.0019099025882988118,6689
1970-01-01 23:18:00+00:00,0.001399757976758041,0.0010968726392894133,6255
1970-01-01 23:19:00+00:00,0.0012082183097133227,0.0008194760681841528,7950
1970-01-01 23:20:00+00:00,0.004656581929966981,0.003753459334840024,9513
1970-01-01 23:21:00+00:00,0.0014386802725270965,0.0011879518137348705,7991
1970-01-01 23:22:00+00:00,0.0013341008310760586,0.001052011169869117,7443
1970-01-01 23:23:00+00:00,0.0009919456641023208,0.0009360707859616152,7606
1970-01-01 23:24:00+00:00,0.001029600819219742,0.0006301307255770555,7333
1970-01-01 23:25:00+00:00,0.004324258462463468,0.003828420985250805,9516
1970-01-01 23:26:00+00:00,0.0018677864319238957,0.0009769035462270574,7937
1970-01-01 23:27:00+00:00,0.0019182895119966596,0.0012830357882958594,7226
1970-01-01 23:28:00+00:00,0.0012156468279221487,0.001134023596258717,6159
1970-01-01 23:29:00+00:00,0.0013575943696291957,0.0010370121824035056,7098
1970-01-01 23:30:00+00:00,0.005930256921853862,0.004568387672252426,9519
1970-01-01 23:31:00+00:00,0.002359428165201803,0.001703870805997557,7044
1970-01-01 23:32:00+00:00,0.0016030982964188693,0.0010399184898807134,6875
1970-01-01 23:33:00+00:00,0.0012810059237580867,0.0008284014674867947,5762
1970-01-01 23:34:00+00:00,0.001485658515933027,0.000640939083194118,4377
1970-01-01 23:35:00+00:00,0.005936147945916821,0.0045359713454794495,9526
1970-01-01 23:36:00+00:00,0.0022929844963955138,0.001666920030315787,4757
1970-01-01 23:37:00+00:00,0.0028141155139172398,0.0015289387057198284,6883
1970-01-01 23:38:00+00:00,0.00294167159526034,0.0013894208739037887,7531
1970-01-01 23:39:00+00:00,0.002453334495676433,0.0011604048004508205,8227
1970-01-01 23:40:00+00:00,0.0056216233415478266,0.004318406415168001,9527
1970-01-01 23:41:00+00:00,0.003682418886155114,0.0023261960072292944,7536
1970-01-01 23:42:00+00:00,0.0018930529845604786,0.001551608772874092,7221
1970-01-01 23:43:00+00:00,0.0015830408209184402,0.001377770442679995,7026
1970-01-01 23:44:00+00:00,0.0011499274068232823,0.0009428436558255445,6909
1970-01-01 23:45:00+00:00,0.0060302192254629745,0.004519819280197539,9524
1970-01-01 23:46:00+00:00,0.0027072037289046853,0.0019168729427669598,6612
1970-01-01 23:47:00+00:00,0.0029874751104955895,0.0013960636733433944,6742
1970-01-01 23:48:00+00:00,0.0023354447133310985,0.0011194666411192568,6617
1970-01-01 23:49:00+00:00,0.0012898864677244903,0.0007773008205339174,6032
1970-01-01 23:50:00+00:00,0.0062683246352668205,0.004600258184037562,9524
1970-01-01 23:51:00+00:00,0.0030115699363438644,0.002003669655626838,7321
1970-01-01 23:52:00+00:00,0.0018670509753662408,0.0015098080371360636,6996
1970-01-01 23:53:00+00:00,0.0017068583541661637,0.0014689154496349704,7096
1970-01-01 23:54:00+00:00,0.0009728453208354914,0.0006478653879029998,6145
1970-01-01 23:55:00+00:00,0.006095488754288686,0.004591869554024775,9519
1970-01-01 23:56:00+00:00,0.0026538322124767867,0.0018015137226975735,6224
1970-01-01 23:57:00+00:00,0.004688717036393902,0.001971897071599023,7085
1970-01-01 23:58:00+00:00,0.002874510193480595,0.0013976894692553782,5726
1970-01-01 23:59:00+00:00,0.00200708604083871,0.0008623620624062384,5929
1970-01-02 00:00:00+00:00,0.006431723796311195,0.004646446261809567,9515
1970-01-02 00:01:00+00:00,0.004947853664990463,0.0026422620463180924,6624
1970-01-02 00:02:00+00:00,0.0036462589902657907,0.0021344149959704978,5518
1970-01-02 00:03:00+00:00,0.0047308412263307965,0.0030541048868847342,7480
1970-01-02 00:04:00+00:00,0.0015081477357128917,0.0007543494946252943,6898
1970-01-02 00:05:00+00:00,0.00624456416670567,0.00454240886094458,9519
1970-01-02 00:06:00+00:00,0.004240019173970096,0.0024749047157096526,6433
1970-01-02 00:07:00+00:00,0.0032130256952571817,0.0019982961721660046,6059
1970-01-02 00:08:00+00:00,0.0018929651464608534,0.0011023731191643943,6546
1970-01-02 00:09:00+00:00,0.0014142916746923868,0.0006774824994956717,6138
1970-01-02 00:10:00+00:00,0.005846363948167654,0.004268347182440064,9523
1970-01-02 00:11:00+00:00,0.004034687189155838,0.0019121312100867972,7629
1970-01-02 00:12:00+00:00,0.002278756605293505,0.0014681050581279488,6551
1970-01-02 00:13:00+00:00,0.0018395122082228875,0.0011391317948714233,7646
1970-01-02 00:14:00+00:00,0.0008864457377056864,0.0007836553498224633,6683
1970-01-02 00:15:00+00:00,0.006252439005750386,0.0046331967426272574,9524
1970-01-02 00:16:00+00:00,0.0024069661068969327,0.0017101170128801966,7046
1970-01-02 00:17:00+00:00,0.0043897109801677445,0.0014213850250060017,5918
1970-01-02 00:18:00+00:00,0.002526342455928129,0.001165139685530664,5670
1970-01-02 00:19:00+00:00,0.0016009636721814658,0.0008422813066560076,5457
1970-01-02 00:20:00+00:00,0.006402163723599077,0.004669512674707214,9523
1970-01-02 00:21:00+00:00,0.0033078236471618216,0.0022167122882345387,6969
1970-01-02 00:22:00+00:00,0.003072446615055013,0.002096261179799714,5699
1970-01-02 00:23:00+00:00,0.0025477660614318873,0.0017505709250417217,6338
1970-01-02 00:24:00+00:00,0.001264784559047651,0.0009456567499591293,5952
1970-01-02 00:25:00+00:00,0.006182408800919428,0.004609580762003369,9525
1970-01-02 00:26:00+00:00,0.00332740774064902,0.0022346413716045855,6525
1970-01-02 00:27:00+00:00,0.002836407733564619,0.0020300271323408915,6518
1970-01-02 00:28:00+00:00,0.001813287504030547,0.0016260075367302076,6477
1970-01-02 00:29:00+00:00,0.0012531384092268187,0.0007922941360596252,5782
1970-01-02 00:30:00+00:00,0.006101637768954992,0.004575826170832298,9524
1970-01-02 00:31:00+00:00,0.003465431803388915,0.002294557356563404,6978
1970-01-02 00:32:00+00:00,0.0020650015610349623,0.0017023019307474095,6285
1970-01-02 00:33:00+00:00,0.0020295201440456434,0.0015684022815286437,6645
1970-01-02 00:34:00+00:00,0.0010745387168691486,0.001009401118116205,6274
1970-01-02 00:35:00+00:00,0.006240497959965218,0.004618166003568733,9524
1970-01-02 00:36:00+00:00,0.004541641349481242,0.002533515798753755,5253
1970-01-02 00:37:00+00:00,0.004403443493243509,0.001748138939228435,6057
1970-01-02 00:38:00+00:00,0.002809385018258912,0.0013516167480870577,4933
1970-01-02 00:39:00+00:00,0.002977009807960703,0.0009726516970386364,6362
1970-01-02 00:40:00+00:00,0.006273293546644221,0.004572920710854576,9526
1970-01-02 00:41:00+00:00,0.004347915272004928,0.002413178661074647,6507
1970-01-02 00:42:00+00:00,0.0031646687800465324,0.001777035178305989,5539
1970-01-02 00:43:00+00:00,0.0027082884588814286,0.0014346329446099457,5859
1970-01-02 00:44:00+00:00,0.0027699098044629473,0.0013511334931447072,5812
1970-01-02 00:45:00+00:00,0.006224618158978082,0.004694024296522735,9527
1970-01-02 00:46:00+00:00,0.004170012733957519,0.001866002412028163,6688
1970-01-02 00:47:00+00:00,0.002749626682496189,0.001737742195945896,5773
1970-01-02 00:48:00+00:00,0.004070120348324938,0.0018447058267861464,6295
1970-01-02 00:49:00+00:00,0.0018765180333317481,0.0014474863214761727,4318
1970-01-02 00:50:00+00:00,0.005828625717623832,0.0045387863799630605,9528
1970-01-02 00:51:00+00:00,0.0025836679023618927,0.0016666326622690258,6705
1970-01-02 00:52:00+00:00,0.0023799168716483687,0.0018568487312304296,6168
1970-01-02 00:53:00+00:00,0.0020044541587330026,0.0016641933204147436,6214
1970-01-02 00:54:00+00:00,0.0010011132873309007,0.0005772487729124371,6625
1970-01-02 00:55:00+00:00,0.005777659803634668,0.004379394020303436,9528
1970-01-02 00:56:00+00:00,0.0029813455230164538,0.002002797009647469,7646
1970-01-02 00:57:00+00:00,0.003880988383510893,0.0013377017267312938,6785
1970-01-02 00:58:00+00:00,0.0021853436342685016,0.0014284897859273501,7072
1970-01-02 00:59:00+00:00,0.0018757022720908535,0.0011591570254258024,6863
1970-01-02 01:00:00+00:00,0.006441928467894705,0.00471894112924465,9524
1970-01-02 01:01:00+00:00,0.0036459172808144423,0.0023769128573679927,6678
1970-01-02 01:02:00+00:00,0.002693702897727018,0.0019078851302309786,6257
1970-01-02 01:03:00+00:00,0.002038150580481925,0.0014216107634907483,5427
1970-01-02 01:04:00+00:00,0.0013945426077931903,0.000776065153585758,5568
1970-01-02 01:05:00+00:00,0.006232007721345991,0.004632528822673633,9545
1970-01-02 01:06:00+00:00,0.004138719579469719,0.0022069498880907916,6670
1970-01-02 01:07:00+00:00,0.0044896680469812935,0.0019365090412845616,3312
1970-01-02 01:08:00+00:00,0.0014702638921103683,0.0013282177984570746,4630
1970-01-02 01:09:00+00:00,0.0009025650213423669,0.0010023498930757768,4918
1970-01-02 01:10:00+00:00,0.006175432473376106,0.00458321610126798,9543
1970-01-02 01:11:00+00:00,0.00392388550098872,0.001626920399743095,7773
1970-01-02 01:12:00+00:00,0.002464959062702526,0.0014638923788326576,7890
1970-01-02 01:13:00+00:00,0.0020417985407312237,0.0013507854962914612,7516
1970-01-02 01:14:00+00:00,0.0017197630264297668,0.0007799016375575405,7740
1970-01-02 01:15:00+00:00,0.006378451309739048,0.004544902902038032,9619
1970-01-02 01:16:00+00:00,0.0025588449525774455,0.0015198892100689446,7094
1970-01-02 01:17:00+00:00,0.0035953807036591067,0.001442969387574965,6752
1970-01-02 01:18:00+00:00,0.0027832188313770866,0.0017357663705418014,6664
1970-01-02 01:19:00+00:00,0.0022630884670776716,0.0007343573122171725,7341
1970-01-02 01:20:00+00:00,0.006394627812322928,0.004553017898998628,9605
1970-01-02 01:21:00+00:00,0.002965523135381899,0.0018076985922800208,7083
1970-01-02 01:22:00+00:00,0.001494648950537163,0.0012489291673043665,7682
1970-01-02 01:23:00+00:00,0.002276615056622162,0.0011545377912323945,7343
1970-01-02 01:24:00+00:00,0.0011771276120297529,0.0007779817658273347,6382
1970-01-02 01:25:00+00:00,0.006181268420860449,0.004647487563312574,9641
1970-01-02 01:26:00+00:00,0.0027768881344834425,0.0020215337409085796,6934
1970-01-02 01:27:00+00:00,0.0041871510772681616,0.0019491183879777221,6672
1970-01-02 01:28:00+00:00,0.001594528234294174,0.0012280439617272168,6338
1970-01-02 01:29:00+00:00,0.0018680017299894825,0.0011720062656081348,6412
1970-01-02 01:30:00+00:00,0.006304650955152112,0.004790389558249611,9661
1970-01-02 01:31:00+00:00,0.004029327356741274,0.0028322973578402176,5899
1970-01-02 01:32:00+00:00,0.0032584473866890656,0.002232486031093521,5379
1970-01-02 01:33:00+00:00,0.002251121287437849,0.0013058553948743733,4478
1970-01-02 01:34:00+00:00,0.001707263717777658,0.0009453532062644015,5262
1970-01-02 01:35:00+00:00,0.006436792799483511,0.004829525242444194,9668
1970-01-02 01:36:00+00:00,0.00526222964285412,0.002098709504028269,5698
1970-01-02 01:37:00+00:00,0.003381206927431882,0.0017786312011632294,5258
1970-01-02 01:38:00+00:00,0.002300095727277843,0.0015236052539100368,4819
1970-01-02 01:39:00+00:00,0.005026084986567096,0.002843465854541924,7028
1970-01-02 01:40:00+00:00,0.006464419717209029,0.004770400823414384,9669
1970-01-02 01:41:00+00:00,0.004215168132348786,0.0024124648358330105,5614
1970-01-02 01:42:00+00:00,0.0030742958812835374,0.0022259633706205838,5599
1970-01-02 01:43:00+00:00,0.0020193134323586944,0.0015555460195940734,6426
1970-01-02 01:44:00+00:00,0.0011448673944924382,0.000655969799971062,6053
1970-01-02 01:45:00+00:00,0.006385177274503377,0.004749849812393688,9670
1970-01-02 01:46:00+00:00,0.0044643744908180755,0.0021699867562893194,6112
1970-01-02 01:47:00+00:00,0.005116861419086709,0.002226764092329517,5257
1970-01-02 01:48:00+00:00,0.002415419381297534,0.0016079196885034428,5377
1970-01-02 01:49:00+00:00,0.0023599098855254445,0.000882778155348209,6266
1970-01-02 01:50:00+00:00,0.006466332041353325,0.004829803326617471,9671
1970-01-02 01:51:00+00:00,0.0035463134240024093,0.002241120924074271,6099
1970-01-02 01:52:00+00:00,0.0027905322711801097,0.0018429582602206833,5676
1970-01-02 01:53:00+00:00,0.004242460089790843,0.0026585741510033885,6498
1970-01-02 01:54:00+00:00,0.0015683415973872044,0.0008821607382056479,6474
1970-01-02 01:55:00+00:00,0.0065875826593649826,0.004777311951136506,9664
1970-01-02 01:56:00+00:00,0.004860837093414627,0.0023111898059978335,6286
1970-01-02 01:57:00+00:00,0.0032550017755112585,0.001967640019241656,7901
1970-01-02 01:58:00+00:00,0.002588501454890987,0.0016420205691923164,7507
1970-01-02 01:59:00+00:00,0.0016653361632588824,0.0010441991134168944,7504
1970-01-02 02:00:00+00:00,0.006261093468674856,0.004594089336821822,9660
1970-01-02 02:01:00+00:00,0.0038866454902034215,0.00218832695923261,7575
1970-01-02 02:02:00+00:00,0.0025203193874150315,0.0015173870752493634,7463
1970-01-02 02:03:00+00:00,0.0021791926448295152,0.0014416854045134595,6819
1970-01-02 02:04:00+00:00,0.0016434757833552387,0.0010093137584622225,7011
1970-01-02 02:05:00+00:00,0.006421014034744086,0.004591050005419883,9658
1970-01-02 02:06:00+00:00,0.005900223006081488,0.0019459590244435341,6609
1970-01-02 02:07:00+00:00,0.005274395931029372,0.0017420753814771821,7008
1970-01-02 02:08:00+00:00,0.004557688059150298,0.0015068075255207348,6628
1970-01-02 02:09:00+00:00,0.0030172231316813666,0.0010508168609963443,6626
1970-01-02 02:10:00+00:00,0.006744530209661843,0.004391076644786694,9658
1970-01-02 02:11:00+00:00,0.005925663308822364,0.002360041745126129,7377
1970-01-02 02:12:00+00:00,0.0029765613511228382,0.0020419990588230017,6958
1970-01-02 02:13:00+00:00,0.004467114634340649,0.0013962543159079816,7187
1970-01-02 02:14:00+00:00,0.00581802540259725,0.0011621284511837524,7210
1970-01-02 02:15:00+00:00,0.007125926343490614,0.0045816730683011335,9658
1970-01-02 02:16:00+00:00,0.0038538850543737625,0.0019782805597948756,7061
1970-01-02 02:17:00+00:00,0.005443648390326603,0.0019577919342027928,7718
1970-01-02 02:18:00+00:00,0.004081939900704231,0.0017101865392979655,6413
1970-01-02 02:19:00+00:00,0.0037082991863995746,0.0011168754693485433,7348
1970-01-02 02:20:00+00:00,0.006768806250276113,0.004824471535218314,9661
1970-01-02 02:21:00+00:00,0.0032336010631680494,0.0020027828033126705,6670
1970-01-02 02:22:00+00:00,0.0019944385554367967,0.0013950007355998943,7216
1970-01-02 02:23:00+00:00,0.004043058115874753,0.001607995914582792,6118
1970-01-02 02:24:00+00:00,0.002176950145140555,0.000996266851577491,6450
1970-01-02 02:25:00+00:00,0.006824421816401492,0.004935707015089558,9667
1970-01-02 02:26:00+00:00,0.003455378952527059,0.0017204020953680429,6987
1970-01-02 02:27:00+00:00,0.004174759382402972,0.0017833235207648551,6216
1970-01-02 02:28:00+00:00,0.0018839675592811943,0.0014022488795505973,6208
1970-01-02 02:29:00+00:00,0.0012538795885832428,0.0008809827036739113,6428
1970-01-02 02:30:00+00:00,0.006671566039252448,0.004851455645996676,9672
1970-01-02 02:31:00+00:00,0.004800923933197455,0.002447162313586631,6643
1970-01-02 02:32:00+00:00,0.0024199025387264756,0.0018481096888179496,6591
1970-01-02 02:33:00+00:00,0.002093572852297823,0.001532443091138308,7761
1970-01-02 02:34:00+00:00,0.0016944591686318643,0.0011538702611022026,7194
1970-01-02 02:35:00+00:00,0.006548382966064575,0.004836769441919778,9671
1970-01-02 02:36:00+00:00,0.0027722733243964064,0.002075882377254737,7247
1970-01-02 02:37:00+00:00,0.00405284797539777,0.0024287214146216482,6073
1970-01-02 02:38:00+00:00,0.00275213931984282,0.0017696873630172636,5992
1970-01-02 02:39:00+00:00,0.0016274018454197228,0.0009072348993267322,6251
1970-01-02 02:40:00+00:00,0.006475161401934112,0.004790388281286125,9671
1970-01-02 02:41:00+00:00,0.0045652029709346235,0.0028009079135519026,6065
1970-01-02 02:42:00+00:00,0.0036520370230835627,0.002077495961687995,6580
1970-01-02 02:43:00+00:00,0.0029389458795837957,0.001962530271320142,4584
1970-01-02 02:44:00+00:00,0.0019654911663313838,0.0011633571545223834,4517
1970-01-02 02:45:00+00:00,0.0062443695370667605,0.004715005867437785,9673
1970-01-02 02:46:00+00:00,0.004402091256141635,0.0018472775699905882,6476
1970-01-02 02:47:00+00:00,0.0019230201857471081,0.0013879272802122143,6642
1970-01-02 02:48:00+00:00,0.0013795760316096558,0.0010047439694239957,6520
1970-01-02 02:49:00+00:00,0.0018150990162153363,0.000773981950295143,7253
1970-01-02 02:50:00+00:00,0.006048696002635944,0.004633384703667346,9674
1970-01-02 02:51:00+00:00,0.0033800152163253536,0.0022399492287629662,6618
1970-01-02 02:52:00+00:00,0.0021160136908959203,0.0015749473182731415,6759
1970-01-02 02:53:00+00:00,0.0015234179645034348,0.001148049820331626,7573
1970-01-02 02:54:00+00:00,0.0011367042647982485,0.0007021323654147767,6435
1970-01-02 02:55:00+00:00,0.006076362420809042,0.004674778581415867,9673
1970-01-02 02:56:00+00:00,0.0036427825085536985,0.002233960703276629,7240
1970-01-02 02:57:00+00:00,0.0030779160135864267,0.00195614313945124,6696
1970-01-02 02:58:00+00:00,0.0024065131728587316,0.001564776063135659,5140
1970-01-02 02:59:00+00:00,0.0027164100845626865,0.001716524434803662,6787
1970-01-02 03:00:00+00:00,0.006361597095085569,0.0047517576986724815,9672
1970-01-02 03:01:00+00:00,0.005257179398654417,0.002671749941446568,7164
1970-01-02 03:02:00+00:00,0.003857702443216836,0.0023261474334579416,5602
1970-01-02 03:03:00+00:00,0.005171681246564751,0.001876033253326152,6131
1970-01-02 03:04:00+00:00,0.0013529656354025212,0.0009682277022318382,6360
1970-01-02 03:05:00+00:00,0.006615024685912504,0.0048186184158525965,9674
1970-01-02 03:06:00+00:00,0.0038800590035789036,0.0022293470080755017,6967
1970-01-02 03:07:00+00:00,0.003987779533297328,0.0019879990962024473,6116
1970-01-02 03:08:00+00:00,0.002971406385105329,0.0014099045950436674,6290
1970-01-02 03:09:00+00:00,0.001776467178637558,0.0009127888961025438,4967
1970-01-02 03:10:00+00:00,0.0060666094993123,0.004770190517813574,9671
1970-01-02 03:11:00+00:00,0.0032694880543255,0.002257043760461643,7299
1970-01-02 03:12:00+00:00,0.0025387301065855285,0.0022569351017386117,6355
1970-01-02 03:13:00+00:00,0.0019125681613360636,0.0018250555851678579,6361
1970-01-02 03:14:00+00:00,0.001352789448892989,0.001123291197608011,6208
1970-01-02 03:15:00+00:00,0.005674209750257417,0.004472599109607927,9670
1970-01-02 03:16:00+00:00,0.0021578475546800272,0.0015982643831527461,6919
1970-01-02 03:17:00+00:00,0.0022374457060047345,0.0016527429454547813,5935
1970-01-02 03:18:00+00:00,0.0011333639188110941,0.001137319520089618,5199
1970-01-02 03:19:00+00:00,0.002054987030363671,0.0010510328812019366,6768
1970-01-02 03:20:00+00:00,0.006220480038586173,0.004608090583350281,9668
1970-01-02 03:21:00+00:00,0.004198950576825232,0.0023996356483563614,8000
1970-01-02 03:22:00+00:00,0.0021633711609773797,0.0015833676552542719,7623
1970-01-02 03:23:00+00:00,0.0014966242481975788,0.0012385949527404104,8094
1970-01-02 03:24:00+00:00,0.0017825143006876128,0.0011687244240447213,7073
1970-01-02 03:25:00+00:00,0.006383529069017509,0.004674135429893098,9668
1970-01-02 03:26:00+00:00,0.004092932687145075,0.0020435272866127932,6872
1970-01-02 03:27:00+00:00,0.002575556427258047,0.001568701105331702,6840
1970-01-02 03:28:00+00:00,0.0027910041213133436,0.0017749601632939818,6649
1970-01-02 03:29:00+00:00,0.001171948655377371,0.0009801183564572531,5931
1970-01-02 03:30:00+00:00,0.006279798767514314,0.0046191429438576315,9669
1970-01-02 03:31:00+00:00,0.0035724632893904115,0.002167590162327408,6687
1970-01-02 03:32:00+00:00,0.0029157966625991166,0.0021231857165366144,6168
1970-01-02 03:33:00+00:00,0.0024623288065241753,0.0015991747497603277,6084
1970-01-02 03:34:00+00:00,0.001451352721053738,0.0010601638345157343,6264
1970-01-02 03:35:00+00:00,0.005870202350247385,0.004676329349760146,9670
1970-01-02 03:36:00+00:00,0.003391890036425626,0.002121329805226482,6049
1970-01-02 03:37:00+00:00,0.003217840374371743,0.002002567161422504,7419
1970-01-02 03:38:00+00:00,0.0022475326385733717,0.00122861134051389,6655
1970-01-02 03:39:00+00:00,0.0017051827432251804,0.000934175065497418,7152
1970-01-02 03:40:00+00:00,0.006139888592144446,0.0047354714842346695,9675
1970-01-02 03:41:00+00:00,0.005109071026701565,0.0018712399490599548,6608
1970-01-02 03:42:00+00:00,0.0041878887858970825,0.0023683357915651984,7401
1970-01-02 03:43:00+00:00,0.0025947041399501185,0.0018846296136080774,6843
1970-01-02 03:44:00+00:00,0.0018743494921024258,0.0009954912521249637,5585
1970-01-02 03:45:00+00:00,0.006161876924276303,0.004624883242734873,9671
1970-01-02 03:46:00+00:00,0.0037277474740088313,0.0026572198669648833,6984
1970-01-02 03:47:00+00:00,0.002517484418237028,0.0019437108725363157,6907
1970-01-02 03:48:00+00:00,0.0021738991385600553,0.001541524842651474,7544
1970-01-02 03:49:00+00:00,0.001452521385130173,0.0009317862744493714,7662
1970-01-02 03:50:00+00:00,0.006198474305995649,0.004592043405631224,9674
1970-01-02 03:51:00+00:00,0.0034400696672634975,0.0024235125666020804,7336
1970-01-02 03:52:00+00:00,0.0021271434661453534,0.0018879957831000715,7325
1970-01-02 03:53:00+00:00,0.001398898274242726,0.0013222463595880258,7050
1970-01-02 03:54:00+00:00,0.001992020834847751,0.0012899932716946003,7248
1970-01-02 03:55:00+00:00,0.00637957682090189,0.004777039414461574,9674
1970-01-02 03:56:00+00:00,0.004651057206296492,0.0019303276349788893,6914
1970-01-02 03:57:00+00:00,0.0029707296057800234,0.0019589822897484307,6155
1970-01-02 03:58:00+00:00,0.001986773900397084,0.0012394108091650844,6614
1970-01-02 03:59:00+00:00,0.0012241000942559066,0.0008042849337168259,6071
1970-01-02 04:00:00+00:00,0.006435183435947701,0.00475473996413526,9673
1970-01-02 04:01:00+00:00,0.0046293133869546145,0.0026196733278028316,7178
1970-01-02 04:02:00+00:00,0.003129307091365972,0.002036671406476509,6129
1970-01-02 04:03:00+00:00,0.001871834671383223,0.0013623681621195967,6105
1970-01-02 04:04:00+00:00,0.0014406877458165452,0.0008343308723412105,5673
1970-01-02 04:05:00+00:00,0.0065183770438816775,0.004719933374550884,9675
1970-01-02 04:06:00+00:00,0.0027067206120335195,0.0018615817727223676,6924
1970-01-02 04:07:00+00:00,0.0037763111992848725,0.002159470275333143,6519
1970-01-02 04:08:00+00:00,0.001754242213376029,0.0014560982581615452,6636
1970-01-02 04:09:00+00:00,0.0018070215055550837,0.0009861637072982967,6903
1970-01-02 04:10:00+00:00,0.0065856631956769315,0.004759376084115532,9676
1970-01-02 04:11:00+00:00,0.003753852185128082,0.002467919927458048,7904
1970-01-02 04:12:00+00:00,0.002879623594938717,0.0021177623915191774,6621
1970-01-02 04:13:00+00:00,0.0019983835222186098,0.001480867817856346,5615
1970-01-02 04:14:00+00:00,0.0013358856746843143,0.0008217494986502333,5881
1970-01-02 04:15:00+00:00,0.006790868213390656,0.004847843835225187,9675
1970-01-02 04:16:00+00:00,0.0038685508171576906,0.002251317844635825,6320
1970-01-02 04:17:00+00:00,0.0037510233759715924,0.0018416790844932502,7192
1970-01-02 04:18:00+00:00,0.0027575748996317285,0.0015223491038252985,7054
1970-01-02 04:19:00+00:00,0.0018661799478498602,0.0010144583888178939,6742
1970-01-02 04:20:00+00:00,0.006871743206874989,0.004803947149374377,9675
1970-01-02 04:21:00+00:00,0.003722676945009283,0.0019755505147842356,7130
1970-01-02 04:22:00+00:00,0.0031327686531182745,0.001981788984560114,5851
1970-01-02 04:23:00+00:00,0.002826932641297744,0.0013497342519191286,7078
1970-01-02 04:24:00+00:00,0.002502448402250523,0.0008083160244772291,6440
1970-01-02 04:25:00+00:00,0.006680626920839206,0.004677640739044831,9674
1970-01-02 04:26:00+00:00,0.0037326830538785194,0.0020687061098176827,6551
1970-01-02 04:27:00+00:00,0.00250585448970823,0.0016913627838630605,7087
1970-01-02 04:28:00+00:00,0.0021911997096900307,0.0014660471649175,6373
1970-01-02 04:29:00+00:00,0.0016013517594693706,0.0010155922070307869,6398
1970-01-02 04:30:00+00:00,0.006721690736620815,0.004717305627947421,9672
1970-01-02 04:31:00+00:00,0.003497056922858685,0.002195396814337324,7329
1970-01-02 04:32:00+00:00,0.0031048651835298945,0.001963485448999054,6203
1970-01-02 04:33:00+00:00,0.0020494653413251672,0.0015072762738013773,6972
1970-01-02 04:34:00+00:00,0.0014293307312746178,0.0014145884396177396,6661
1970-01-02 04:35:00+00:00,0.006541290418070911,0.004641697022378573,9672
1970-01-02 04:36:00+00:00,0.003154572184029574,0.00216268773346295,6863
1970-01-02 04:37:00+00:00,0.0025716400968237895,0.0017256344221320244,5481
1970-01-02 04:38:00+00:00,0.0018823573269650781,0.0015636477857435653,6281
1970-01-02 04:39:00+00:00,0.0016380116735462433,0.000758423912069288,5478
1970-01-02 04:40:00+00:00,0.006550983506297676,0.004564005064653811,9673
1970-01-02 04:41:00+00:00,0.002476715878370792,0.0016972848316229667,7766
1970-01-02 04:42:00+00:00,0.0021473253939053995,0.0015382416992909544,6384
1970-01-02 04:43:00+00:00,0.0017383685482954903,0.0012503027370961805,6158
1970-01-02 04:44:00+00:00,0.0011039490395403952,0.0007067142401449264,4349
1970-01-02 04:45:00+00:00,0.006721365022888297,0.0047405335390510945,9674
1970-01-02 04:46:00+00:00,0.002713426902582516,0.001700001242006206,5088
1970-01-02 04:47:00+00:00,0.002190840538476438,0.0014987324283330778,6920
1970-01-02 04:48:00+00:00,0.002355440038336963,0.0011913212844800838,7439
1970-01-02 04:49:00+00:00,0.0019828494193351487,0.0008650980681392973,6025
1970-01-02 04:50:00+00:00,0.006853815456929344,0.004809254829717413,9676
1970-01-02 04:51:00+00:00,0.0038584033929358573,0.0020351775542608343,6376
1970-01-02 04:52:00+00:00,0.0029323046519701855,0.0017441981908076908,6006
1970-01-02 04:53:00+00:00,0.0025992984459971367,0.0013977491745221955,6108
1970-01-02 04:54:00+00:00,0.001985524930095416,0.0008576516416764697,5783
1970-01-02 04:55:00+00:00,0.00666592910611922,0.00478276213597007,9676
1970-01-02 04:56:00+00:00,0.0027665338955064575,0.0014614348199339343,6327
1970-01-02 04:57:00+00:00,0.0034410543061597952,0.001780894226501177,7056
1970-01-02 04:58:00+00:00,0.001984961108259448,0.0016009239379931519,6302
1970-01-02 04:59:00+00:00,0.0018467400522949751,0.0008979675764321405,5886
1970-01-02 05:00:00+00:00,0.0067479442281646465,0.0047494689206671915,9675
1970-01-02 05:01:00+00:00,0.004156489372994908,0.0022190972557892233,6047
1970-01-02 05:02:00+00:00,0.00283285717072789,0.0017700425126539335,6046
1970-01-02 05:03:00+00:00,0.0050352604077785615,0.003408388282021436,7088
1970-01-02 05:04:00+00:00,0.0011458139471043772,0.0004873066683882256,6212
1970-01-02 05:05:00+00:00,0.006802116049563952,0.004748020426627258,9675
1970-01-02 05:06:00+00:00,0.003831849922439288,0.0017194147166080269,6299
1970-01-02 05:07:00+00:00,0.0026271859377267224,0.0015963714945694167,5654
1970-01-02 05:08:00+00:00,0.0013715259405057125,0.0006860002074439807,6497
1970-01-02 05:09:00+00:00,0.00150210250806885,0.000511791999797417,6210
1970-01-02 05:10:00+00:00,0.00669099676487979,0.004707102811200612,9674
1970-01-02 05:11:00+00:00,0.0031927464051351717,0.0017076925508356339,6702
1970-01-02 05:12:00+00:00,0.0025997219618269997,0.0015248775310479517,5901
1970-01-02 05:13:00+00:00,0.0020215413618401477,0.001137051211715056,5454
1970-01-02 05:14:00+00:00,0.0028724542970381284,0.0016680541707572044,7046
1970-01-02 05:15:00+00:00,0.006696807340076511,0.004789181957802325,9674
1970-01-02 05:16:00+00:00,0.0027354096014295475,0.0018720608710963904,5608
1970-01-02 05:17:00+00:00,0.0023412779348868083,0.0016123727162679023,5680
1970-01-02 05:18:00+00:00,0.002846729470175764,0.001177071384121053,5724
1970-01-02 05:19:00+00:00,0.002307180637794998,0.0012008037086585063,6410
1970-01-02 05:20:00+00:00,0.006775219396621964,0.004776308223176274,9674
1970-01-02 05:21:00+00:00,0.004403065219399982,0.002393440072338117,6526
1970-01-02 05:22:00+00:00,0.0026852368641832923,0.001642108868285996,7060
1970-01-02 05:23:00+00:00,0.0046659835240598965,0.0030112106138908204,7293
1970-01-02 05:24:00+00:00,0.0015665798400999694,0.0007890033156131566,6400
1970-01-02 05:25:00+00:00,0.006667887136152527,0.004648674446875803,9673
1970-01-02 05:26:00+00:00,0.0032467209110433083,0.002248154074361642,6861
1970-01-02 05:27:00+00:00,0.0023843989322249403,0.0016427266748041125,7139
1970-01-02 05:28:00+00:00,0.0015661024624816558,0.0009959017869627773,6770
1970-01-02 05:29:00+00:00,0.001968099679722695,0.000965338350427528,7362
1970-01-02 05:30:00+00:00,0.006520768908020092,0.004502733993408725,9674
1970-01-02 05:31:00+00:00,0.0035655696646631637,0.0020368818446475177,6870
1970-01-02 05:32:00+00:00,0.002597657000601147,0.0014352521892376266,5916
1970-01-02 05:33:00+00:00,0.0018792067306979787,0.0009245005020951155,6221
1970-01-02 05:34:00+00:00,0.0011037396110350859,0.0004947486364787701,6048
1970-01-02 05:35:00+00:00,0.006597705588343003,0.004567741110701859,9672
1970-01-02 05:36:00+00:00,0.003161535553001759,0.0018075748917563542,5943
1970-01-02 05:37:00+00:00,0.002840038877293869,0.001447877332979868,6080
1970-01-02 05:38:00+00:00,0.0026584438094271546,0.0010591173475734143,6375
1970-01-02 05:39:00+00:00,0.0016380401832351026,0.0007449055678838206,5920
1970-01-02 05:40:00+00:00,0.006879366085676539,0.004727611095171504,9672
1970-01-02 05:41:00+00:00,0.0031853729548768006,0.001786675347573536,5447
1970-01-02 05:42:00+00:00,0.0025630143728275464,0.0015074477177626014,5573
1970-01-02 05:43:00+00:00,0.00235043080989106,0.0011380248359069102,6036
1970-01-02 05:44:00+00:00,0.0016519871580527293,0.0008243132554396625,5538
1970-01-02 05:45:00+00:00,0.006706539208167818,0.004683799873934214,9674
1970-01-02 05:46:00+00:00,0.0026207000384863223,0.0018165736438276912,5777
1970-01-02 05:47:00+00:00,0.0027352437917838937,0.0016251186815785087,5207
1970-01-02 05:48:00+00:00,0.0022719269163451543,0.0012789234059527811,5675
1970-01-02 05:49:00+00:00,0.0015372564154412128,0.0008738758893133332,5259
1970-01-02 05:50:00+00:00,0.0067022405374499005,0.004654785467878545,9675
1970-01-02 05:51:00+00:00,0.003830192847387023,0.0024747105655446456,6405
1970-01-02 05:52:00+00:00,0.0031995739239651984,0.0019471020202383312,6460
1970-01-02 05:53:00+00:00,0.0020979910351197704,0.0015259940656352096,5818
1970-01-02 05:54:00+00:00,0.004440027868558425,0.0026638860260724106,5616
1970-01-02 05:55:00+00:00,0.006726519154343966,0.0048035276914521145,9676
1970-01-02 05:56:00+00:00,0.00385665396279887,0.002372911654343602,5910
1970-01-02 05:57:00+00:00,0.0034350843866578357,0.0021902917896056496,5937
1970-01-02 05:58:00+00:00,0.0024411683661915502,0.0016578773694617694,5705
1970-01-02 05:59:00+00:00,0.0020928663625149786,0.0008101055285663956,6122
1970-01-02 06:00:00+00:00,0.00669136603371934,0.004677796449101076,9677
1970-01-02 06:01:00+00:00,0.003007198394613061,0.001977659508268888,6037
1970-01-02 06:02:00+00:00,0.0029126909986478063,0.0016845833466674553,5842
1970-01-02 06:03:00+00:00,0.0024365295640020137,0.0014236288632309031,6116
1970-01-02 06:04:00+00:00,0.0020425735621239106,0.0010750639337726495,4911
1970-01-02 06:05:00+00:00,0.006740973369312422,0.0048641852905925405,9677
1970-01-02 06:06:00+00:00,0.004065355576822994,0.0026256962461872475,5039
1970-01-02 06:07:00+00:00,0.003214256831658059,0.002042800426412955,5652
1970-01-02 06:08:00+00:00,0.0029123313914278044,0.0014926182632607544,6130
1970-01-02 06:09:00+00:00,0.0028022468771809676,0.0012147913571276684,5364
1970-01-02 06:10:00+00:00,0.00669099962893956,0.004788619261287358,9679
1970-01-02 06:11:00+00:00,0.0034460203926115246,0.0018976874177010947,6321
1970-01-02 06:12:00+00:00,0.0033538204731078484,0.0019294819079887688,5115
1970-01-02 06:13:00+00:00,0.0025230123078793633,0.0014935391857449508,6495
1970-01-02 06:14:00+00:00,0.0018825407574177703,0.0010910778884166837,5476
1970-01-02 06:15:00+00:00,0.006546278650123746,0.0047175500271249,9677
1970-01-02 06:16:00+00:00,0.00357186339207906,0.0019697988500427307,6380
1970-01-02 06:17:00+00:00,0.0033478250823220446,0.00208082766121047,5350
1970-01-02 06:18:00+00:00,0.0026549973031281004,0.001516900014633477,5722
1970-01-02 06:19:00+00:00,0.0020541376129647898,0.0012524421046317237,5539
1970-01-02 06:20:00+00:00,0.006604068096750947,0.004740984081762534,9677
1970-01-02 06:21:00+00:00,0.004068451346256172,0.0024918926238220347,5228
1970-01-02 06:22:00+00:00,0.003127445392552509,0.0021571595370198722,5844
1970-01-02 06:23:00+00:00,0.0022799709409310233,0.0015439699495105343,5507
1970-01-02 06:24:00+00:00,0.0019157395887105032,0.0011456190527882831,5131
1970-01-02 06:25:00+00:00,0.006784094486334956,0.004828708731997897,9677
1970-01-02 06:26:00+00:00,0.0036018573429988936,0.00235520300726909,5201
1970-01-02 06:27:00+00:00,0.004743736600906696,0.0026010081470590448,5551
1970-01-02 06:28:00+00:00,0.0016687069849342627,0.0009609605471088298,5573
1970-01-02 06:29:00+00:00,0.0020561915214135514,0.0010036399571275174,4999
1970-01-02 06:30:00+00:00,0.0066475110543141635,0.0047774858942227294,9678
1970-01-02 06:31:00+00:00,0.002898650369797977,0.0018104021836315332,5849
1970-01-02 06:32:00+00:00,0.0032735761149774293,0.0018889351153214174,5586
1970-01-02 06:33:00+00:00,0.002719240430003454,0.0017938945509980815,6102
1970-01-02 06:34:00+00:00,0.0026747547993717243,0.0012445631980679808,4716
1970-01-02 06:35:00+00:00,0.006571174655639939,0.004751477455524229,9678
1970-01-02 06:36:00+00:00,0.0035451256273977133,0.002150476355254041,4918
1970-01-02 06:37:00+00:00,0.0035289468875988814,0.0021673580857879023,4916
1970-01-02 06:38:00+00:00,0.0028626791577483373,0.0016351432160582075,6189
1970-01-02 06:39:00+00:00,0.001958538906152085,0.0009632596806847353,5930
1970-01-02 06:40:00+00:00,0.006472399017058815,0.004689235825377505,9678
1970-01-02 06:41:00+00:00,0.0031992371127171383,0.001960488803943396,6514
1970-01-02 06:42:00+00:00,0.0028974806089827197,0.0021201548391165254,7002
1970-01-02 06:43:00+00:00,0.0022414912724211533,0.0013325825119257129,6290
1970-01-02 06:44:00+00:00,0.002591480931834176,0.0012232433455734585,5757
1970-01-02 06:45:00+00:00,0.0066337957138762026,0.004763448901005404,9677
1970-01-02 06:46:00+00:00,0.004219950457308363,0.002214855613803946,6041
1970-01-02 06:47:00+00:00,0.004674276162936341,0.0022317809126520074,4927
1970-01-02 06:48:00+00:00,0.0024717704674574654,0.0018195982988758953,6694
1970-01-02 06:49:00+00:00,0.003255665286007509,0.001321765660870855,5706
1970-01-02 06:50:00+00:00,0.0065863755434592735,0.00479613703924645,9677
1970-01-02 06:51:00+00:00,0.003141558870802794,0.0021317606600397892,6261
1970-01-02 06:52:00+00:00,0.002525923686930415,0.0018787692096169212,6161
1970-01-02 06:53:00+00:00,0.0019283941732589297,0.001461246363451999,4720
1970-01-02 06:54:00+00:00,0.0016687249121258663,0.0011286567841748154,4953
1970-01-02 06:55:00+00:00,0.006619314025897326,0.004820945451562186,9677
1970-01-02 06:56:00+00:00,0.003856459868964256,0.0025924907965032503,5807
1970-01-02 06:57:00+00:00,0.003708189440783303,0.001909478971486125,6318
1970-01-02 06:58:00+00:00,0.0027994157516859604,0.0017645144115557997,6098
1970-01-02 06:59:00+00:00,0.002161638576220145,0.0014344819996221934,6027
1970-01-02 07:00:00+00:00,0.006477920889285258,0.004524415859746294,9678
1970-01-02 07:01:00+00:00,0.0029438842619978604,0.0020244928402007867,7365
1970-01-02 07:02:00+00:00,0.002454066598685119,0.0016221496815520796,6079
1970-01-02 07:03:00+00:00,0.0018297779253701615,0.0012458753084966464,6165
1970-01-02 07:04:00+00:00,0.0016048384730678008,0.0009171011527154695,4782
1970-01-02 07:05:00+00:00,0.006671360256904325,0.004652196606229614,9677
1970-01-02 07:06:00+00:00,0.0038084677226830656,0.0016501593562752606,4831
1970-01-02 07:07:00+00:00,0.0020918040562677566,0.0014165770343029496,4838
1970-01-02 07:08:00+00:00,0.002378635183249665,0.000977895917164498,6014
1970-01-02 07:09:00+00:00,0.00144001900046048,0.0007590857615467486,5421
1970-01-02 07:10:00+00:00,0.006561445814329035,0.004630716637551711,9676
1970-01-02 07:11:00+00:00,0.002514850459051533,0.0018474229953010825,6698
1970-01-02 07:12:00+00:00,0.0025674855618393858,0.001655602086635227,5586
1970-01-02 07:13:00+00:00,0.0029793817525426937,0.002007629452670037,5770
1970-01-02 07:14:00+00:00,0.0026410201908911813,0.0018213727692816444,5959
1970-01-02 07:15:00+00:00,0.006307861622037126,0.004585427349249335,9676
1970-01-02 07:16:00+00:00,0.004375531406476235,0.0017411790428729305,5583
1970-01-02 07:17:00+00:00,0.0033727221413461924,0.001777386147804317,5767
1970-01-02 07:18:00+00:00,0.0028311969977469,0.0016471652121119527,6391
1970-01-02 07:19:00+00:00,0.002001011962214897,0.001080372487721121,6568
1970-01-02 07:20:00+00:00,0.006056843550918512,0.004515114364595906,9676
1970-01-02 07:21:00+00:00,0.0027166718141580825,0.0019392997746425227,6723
1970-01-02 07:22:00+00:00,0.0025435147686956355,0.001746981189801144,6720
1970-01-02 07:23:00+00:00,0.0022217519990690524,0.0018279597964708787,6668
1970-01-02 07:24:00+00:00,0.0015365209011052627,0.0011863214157887395,6793
1970-01-02 07:25:00+00:00,0.005905034364697895,0.004470601393907799,9676
1970-01-02 07:26:00+00:00,0.00265468631804907,0.0014688576761077527,7562
1970-01-02 07:27:00+00:00,0.003241222572096464,0.0017483994915445183,7068
1970-01-02 07:28:00+00:00,0.002521102752629015,0.0020106256957759124,6484
1970-01-02 07:29:00+00:00,0.002643355408101587,0.001364879057833271,7537
1970-01-02 07:30:00+00:00,0.0059493368711064825,0.004553532171246335,9676
1970-01-02 07:31:00+00:00,0.0028475592978262523,0.0022800209129092987,6896
1970-01-02 07:32:00+00:00,0.0020054639276755664,0.0015640404994973892,7213
1970-01-02 07:33:00+00:00,0.0017452383206483675,0.0011314383949938905,5809
1970-01-02 07:34:00+00:00,0.0018611014146836737,0.0009589228680987647,5900
1970-01-02 07:35:00+00:00,0.006185611530849326,0.0045540212546725176,9677
1970-01-02 07:36:00+00:00,0.0030597806047947475,0.0017113852352902146,6774
1970-01-02 07:37:00+00:00,0.0034430728453358084,0.001781118960342588,7487
1970-01-02 07:38:00+00:00,0.002013380516259073,0.0009359262240961322,6555
1970-01-02 07:39:00+00:00,0.0017591862746079306,0.0008268413142180687,6098
1970-01-02 07:40:00+00:00,0.006549884435357567,0.004616122132239398,9677
1970-01-02 07:41:00+00:00,0.0033470387084685183,0.002188084709833956,6698
1970-01-02 07:42:00+00:00,0.0025584023665878603,0.00182807196845842,7447
1970-01-02 07:43:00+00:00,0.002057841327729215,0.002000466900350762,6266
1970-01-02 07:44:00+00:00,0.002003325932144658,0.001105617985860975,5472
1970-01-02 07:45:00+00:00,0.0067491381854670775,0.004669313178582145,9677
1970-01-02 07:46:00+00:00,0.003904049858320703,0.0020154387624733328,6422
1970-01-02 07:47:00+00:00,0.004176712100113643,0.0017466227400152463,5664
1970-01-02 07:48:00+00:00,0.0023944208715058375,0.0011874477947732883,5089
1970-01-02 07:49:00+00:00,0.0026349829193469897,0.0012431206408471597,5750
1970-01-02 07:50:00+00:00,0.00686855526103931,0.00469804986223576,9677
1970-01-02 07:51:00+00:00,0.0027609529687448943,0.0016884927378511987,7041
1970-01-02 07:52:00+00:00,0.007163700812028988,0.004441664507123997,7163
1970-01-02 07:53:00+00:00,0.004496719631269046,0.0027973200473606196,6121
1970-01-02 07:54:00+00:00,0.001467487049751544,0.0006923148313076893,4660
1970-01-02 07:55:00+00:00,0.006558468883376709,0.004603833699906745,9673
1970-01-02 07:56:00+00:00,0.001433840049176655,0.0007898405600805298,5041
1970-01-02 07:57:00+00:00,0.001311983824657565,0.0010802290679241438,6361
1970-01-02 07:58:00+00:00,0.0014135885175153844,0.0011202992242165205,6664
1970-01-02 07:59:00+00:00,0.002849722300310619,0.0009637013746996551,5878
1970-01-02 08:00:00+00:00,0.006030828343611119,0.004336802093884877,9672
1970-01-02 08:01:00+00:00,0.003044370918099479,0.0018267822003170534,6447
1970-01-02 08:02:00+00:00,0.0031217185309434597,0.001897210858776995,5449
1970-01-02 08:03:00+00:00,0.002939094318957564,0.0013632931293397611,6362
1970-01-02 08:04:00+00:00,0.0016127137148965816,0.0007777376768739346,6280
1970-01-02 08:05:00+00:00,0.005973409489827264,0.004278813222999956,9671
1970-01-02 08:06:00+00:00,0.003308099485337781,0.001855500162914172,6797
1970-01-02 08:07:00+00:00,0.002539365022374079,0.0014589208067372975,6679
1970-01-02 08:08:00+00:00,0.003366953878136253,0.00169822568181161,7023
1970-01-02 08:09:00+00:00,0.0021379791188093325,0.0011326709224600893,6456
1970-01-02 08:10:00+00:00,0.006214409328720791,0.004302948384275537,9671
1970-01-02 08:11:00+00:00,0.0024048435246636257,0.0015158145193722274,7146
1970-01-02 08:12:00+00:00,0.0024615447966307297,0.0016159668603541036,6335
1970-01-02 08:13:00+00:00,0.0019432463915244986,0.0010516125951041874,4561
1970-01-02 08:14:00+00:00,0.003242259597588439,0.0020223684486552385,6301
1970-01-02 08:15:00+00:00,0.005917066506063564,0.0041627212845051055,9673
1970-01-02 08:16:00+00:00,0.003156118173115252,0.0019377297889393984,5550
1970-01-02 08:17:00+00:00,0.005907009543000814,0.004126077413576953,6855
1970-01-02 08:18:00+00:00,0.0016167229153182278,0.0007212241209625446,6193
1970-01-02 08:19:00+00:00,0.001476983598157629,0.0007452749221213374,5882
1970-01-02 08:20:00+00:00,0.005851291746180513,0.004128496117763646,9675
1970-01-02 08:21:00+00:00,0.0027560169424462374,0.0014637034527344617,6713
1970-01-02 08:22:00+00:00,0.0015295751126872582,0.00093920753999959,6656
1970-01-02 08:23:00+00:00,0.001980461060420305,0.0011551884329453828,5967
1970-01-02 08:24:00+00:00,0.0010687072856459892,0.0004606919956879996,5133
1970-01-02 08:25:00+00:00,0.005723481284973305,0.003963637100301565,9676
1970-01-02 08:26:00+00:00,0.0020195363025608103,0.001289224115633482,5291
1970-01-02 08:27:00+00:00,0.0019225568393307975,0.0012322600452608968,5718
1970-01-02 08:28:00+00:00,0.0014504217443417494,0.0010138757506274521,6492
1970-01-02 08:29:00+00:00,0.0018496254749612805,0.0010985183469657863,6417
1970-01-02 08:30:00+00:00,0.0059194861504923224,0.0040178821513899,9676
1970-01-02 08:31:00+00:00,0.004085373642522201,0.0020091257412558202,6333
1970-01-02 08:32:00+00:00,0.002894666165014635,0.0017528816862135217,6886
1970-01-02 08:33:00+00:00,0.0019534899874256943,0.0010310642337503857,5385
1970-01-02 08:34:00+00:00,0.0026511214328410557,0.0014004690148763438,5518
1970-01-02 08:35:00+00:00,0.0058645634021638115,0.00398249996266685,9676
1970-01-02 08:36:00+00:00,0.002280120372743562,0.0012566019791064899,6027
1970-01-02 08:37:00+00:00,0.0026994469757715025,0.0013461144119895664,6359
1970-01-02 08:38:00+00:00,0.0032167531671732697,0.0010132434461281286,6230
1970-01-02 08:39:00+00:00,0.002752839541415187,0.0009357070000458398,6079
1970-01-02 08:40:00+00:00,0.005799766693889236,0.003955118025397126,9676
1970-01-02 08:41:00+00:00,0.003321045507286587,0.001558780762911834,6615
1970-01-02 08:42:00+00:00,0.002886025336631951,0.0014792922754235892,5780
1970-01-02 08:43:00+00:00,0.0026105791352024565,0.0012391295049270664,6203
1970-01-02 08:44:00+00:00,0.0023527176675736112,0.0009786961423392496,5485
1970-01-02 08:45:00+00:00,0.005715310016903811,0.003915969635998317,9676
1970-01-02 08:46:00+00:00,0.002792543570404224,0.001431473700962953,5566
1970-01-02 08:47:00+00:00,0.002840691346901346,0.001544110123206095,5532
1970-01-02 08:48:00+00:00,0.0018779195430411442,0.001063239963407019,4745
1970-01-02 08:49:00+00:00,0.0023523804337094657,0.0010089653476211713,6093
1970-01-02 08:50:00+00:00,0.005805005826068964,0.003910926261555562,9676
1970-01-02 08:51:00+00:00,0.0030702832122355864,0.0015177859620605807,6009
1970-01-02 08:52:00+00:00,0.0033666020085726836,0.001735496447023247,5970
1970-01-02 08:53:00+00:00,0.0026301137840836993,0.0015477477327364222,6111
1970-01-02 08:54:00+00:00,0.002385824883831037,0.0011083082543837364,4897
1970-01-02 08:55:00+00:00,0.005697483274405471,0.003931716753003594,9677
1970-01-02 08:56:00+00:00,0.004934076670281533,0.0027998907697516654,6874
1970-01-02 08:57:00+00:00,0.0031763327104172194,0.0018115661444377577,6382
1970-01-02 08:58:00+00:00,0.003016697671426644,0.0018244563636568363,6556
1970-01-02 08:59:00+00:00,0.003379984334953875,0.001754293749496538,5617
1970-01-02 09:00:00+00:00,0.005718686740829349,0.003926219434031724,9676
1970-01-02 09:01:00+00:00,0.004083429577622578,0.0016340906540050649,6330
1970-01-02 09:02:00+00:00,0.0048132981067984335,0.0018421462772260358,5944
1970-01-02 09:03:00+00:00,0.0034045838872492256,0.0017374383325584723,6591
1970-01-02 09:04:00+00:00,0.003421993318397202,0.0015959676291583528,6028
1970-01-02 09:05:00+00:00,0.005833686735394389,0.003958726150626587,9676
1970-01-02 09:06:00+00:00,0.004772920920470065,0.0025023430084513657,6316
1970-01-02 09:07:00+00:00,0.00300526868616091,0.0015824378235924888,5868
1970-01-02 09:08:00+00:00,0.002551442298278548,0.0013008326131361723,5823
1970-01-02 09:09:00+00:00,0.002645587851642911,0.0009722892717862657,6637
1970-01-02 09:10:00+00:00,0.005684682593485586,0.0038859891095534512,9676
1970-01-02 09:11:00+00:00,0.003537847118406565,0.0018448716175519576,6547
1970-01-02 09:12:00+00:00,0.00398092768176231,0.0021684338263902917,6877
1970-01-02 09:13:00+00:00,0.003822923811855694,0.0017953990311022651,6670
1970-01-02 09:14:00+00:00,0.0033932920784978124,0.0016782478481506232,6200
1970-01-02 09:15:00+00:00,0.00564245944841872,0.003954179392699712,9676
1970-01-02 09:16:00+00:00,0.0025063437887440803,0.001338012758516555,4734
1970-01-02 09:17:00+00:00,0.0031417393686201797,0.0014519298790669532,6132
1970-01-02 09:18:00+00:00,0.004374646669557348,0.001426917683230232,5574
1970-01-02 09:19:00+00:00,0.002314572768338987,0.0010560015954001808,7698
1970-01-02 09:20:00+00:00,0.005613152484918678,0.003830431346438533,9676
1970-01-02 09:21:00+00:00,0.003497956637270716,0.0017684212353587434,6796
1970-01-02 09:22:00+00:00,0.0021126150879011594,0.0011988315717704082,6552
1970-01-02 09:23:00+00:00,0.0019322889364054672,0.0011605386207353555,5733
1970-01-02 09:24:00+00:00,0.002944073997962648,0.0012694791486259041,6040
1970-01-02 09:25:00+00:00,0.005760966827315072,0.003880428621374983,9677
1970-01-02 09:26:00+00:00,0.00365624146282166,0.002083083419630123,5580
1970-01-02 09:27:00+00:00,0.0030637528183074278,0.0017063857582475636,6559
1970-01-02 09:28:00+00:00,0.0029251935463006154,0.0017204790277260637,6561
1970-01-02 09:29:00+00:00,0.002812096209987062,0.0013142609048070286,6921
1970-01-02 09:30:00+00:00,0.005913111110753686,0.003925779987921093,9676
1970-01-02 09:31:00+00:00,0.0046791430402099215,0.002159667590465374,7297
1970-01-02 09:32:00+00:00,0.003408972645753491,0.0018024729974504986,6138
1970-01-02 09:33:00+00:00,0.003766270133801191,0.0016852868208480124,6361
1970-01-02 09:34:00+00:00,0.001993056382201526,0.000932952671496128,6263
1970-01-02 09:35:00+00:00,0.00576259688648741,0.0038721879290588702,9674
1970-01-02 09:36:00+00:00,0.002719642732777773,0.0018380916856219405,7191
1970-01-02 09:37:00+00:00,0.002786753499997848,0.0016267528596603394,6943
1970-01-02 09:38:00+00:00,0.0028431190410613226,0.0016193705708532655,6662
1970-01-02 09:39:00+00:00,0.0023951595888743005,0.0014287987553140578,7562
1970-01-02 09:40:00+00:00,0.005729137715007935,0.0039059880820201376,9676
1970-01-02 09:41:00+00:00,0.0034178115059890447,0.0018195496109830523,7379
1970-01-02 09:42:00+00:00,0.003377753101855964,0.0017871613065829808,6766
1970-01-02 09:43:00+00:00,0.003334848979037889,0.0017446510446487847,6617
1970-01-02 09:44:00+00:00,0.002069017849049775,0.001321783055514489,5911
1970-01-02 09:45:00+00:00,0.005613696533192383,0.003898274906633152,9677
1970-01-02 09:46:00+00:00,0.004163728058564559,0.0015849328155788055,6726
1970-01-02 09:47:00+00:00,0.0030108430824839507,0.00148670744651501,7073
1970-01-02 09:48:00+00:00,0.0029908724587981916,0.0018386570888962628,7526
1970-01-02 09:49:00+00:00,0.002796327304318192,0.001790674528661631,7010
1970-01-02 09:50:00+00:00,0.005730578882440171,0.0039163426346618775,9672
1970-01-02 09:51:00+00:00,0.0035833700652035025,0.002014952214566233,7837
1970-01-02 09:52:00+00:00,0.0037777639368070733,0.002267433966828044,6951
1970-01-02 09:53:00+00:00,0.0030286438628354686,0.0017659188797426824,7391
1970-01-02 09:54:00+00:00,0.0031097458715295284,0.001566516150953033,7199
1970-01-02 09:55:00+00:00,0.005681398159615986,0.003959945464798613,9672
1970-01-02 09:56:00+00:00,0.0020702586036437597,0.0014517450523857003,6355
1970-01-02 09:57:00+00:00,0.003190826852271649,0.0018155909442838071,6357
1970-01-02 09:58:00+00:00,0.0019789302264332747,0.0011394372299494276,7671
1970-01-02 09:59:00+00:00,0.0017745152191257592,0.0010229962158733803,7553
1970-01-02 10:00:00+00:00,0.005817952475901551,0.003989511554291279,9670
1970-01-02 10:01:00+00:00,0.002897225784705209,0.001612637266368652,7131
1970-01-02 10:02:00+00:00,0.003090472110215487,0.0016337310564748099,4822
1970-01-02 10:03:00+00:00,0.0028111261165529766,0.001606497863618095,6105
1970-01-02 10:04:00+00:00,0.0031324062369195945,0.0018658489905685103,7048
1970-01-02 10:05:00+00:00,0.005782449649173083,0.004007168661034702,9672
1970-01-02 10:06:00+00:00,0.003055284660748483,0.0016776876597246015,6181
1970-01-02 10:07:00+00:00,0.003181385253492856,0.0031204494423429977,7341
1970-01-02 10:08:00+00:00,0.002074654262104339,0.0010748667391388713,7009
1970-01-02 10:09:00+00:00,0.002878294887061736,0.0014234111091431746,7156
1970-01-02 10:10:00+00:00,0.005641532000831222,0.003970946811223608,9674
1970-01-02 10:11:00+00:00,0.0025417204119046266,0.0017919489617488388,6902
1970-01-02 10:12:00+00:00,0.0026978276645353563,0.0016943718465075887,5975
1970-01-02 10:13:00+00:00,0.0024710002934750135,0.001821569026320737,6257
1970-01-02 10:14:00+00:00,0.001888509016173546,0.0013948712423440949,7068
1970-01-02 10:15:00+00:00,0.005657707870743445,0.0039521056942044795,9674
1970-01-02 10:16:00+00:00,0.002949989073844797,0.0018003575382939503,6664
1970-01-02 10:17:00+00:00,0.0026041531418309013,0.0018186109716242002,7510
1970-01-02 10:18:00+00:00,0.0022840948258404862,0.002144006452742172,6578
1970-01-02 10:19:00+00:00,0.0020103055596188604,0.0009961359524013934,6587
1970-01-02 10:20:00+00:00,0.005578049364574231,0.003940402360117063,9675
1970-01-02 10:21:00+00:00,0.003210856025368474,0.00215694509323675,6845
1970-01-02 10:22:00+00:00,0.003022683646084945,0.0019847364709262255,7346
1970-01-02 10:23:00+00:00,0.002474247828437124,0.001513143127866245,5891
1970-01-02 10:24:00+00:00,0.001875512550518391,0.0008137415639931519,7857
1970-01-02 10:25:00+00:00,0.005660689107474748,0.004020303775367071,9674
1970-01-02 10:26:00+00:00,0.003236802422461869,0.002275562708903941,5436
1970-01-02 10:27:00+00:00,0.0033417079256808442,0.0017689433092582057,5571
1970-01-02 10:28:00+00:00,0.0022338730072431648,0.0012920366261592008,5574
1970-01-02 10:29:00+00:00,0.001394639110722993,0.0008556904332954993,6229
1970-01-02 10:30:00+00:00,0.005444551805300821,0.003945135938824176,9669
1970-01-02 10:31:00+00:00,0.00474665523446202,0.0026350561389678917,6340
1970-01-02 10:32:00+00:00,0.0036255837268730387,0.0025355000481575513,6121
1970-01-02 10:33:00+00:00,0.0026941983325985477,0.0014035815933396336,7474
1970-01-02 10:34:00+00:00,0.0018150642045300176,0.0009613553193791424,6609
1970-01-02 10:35:00+00:00,0.005594107039542889,0.004024709985357025,9668
1970-01-02 10:36:00+00:00,0.003946660693846892,0.0024389210965079116,5920
1970-01-02 10:37:00+00:00,0.003148259817073089,0.0021132929658997956,6330
1970-01-02 10:38:00+00:00,0.002329749317340297,0.0012976949406999976,6037
1970-01-02 10:39:00+00:00,0.001648317476455797,0.0008366264630196791,6600
1970-01-02 10:40:00+00:00,0.005672448081108358,0.004037417887265111,9672
1970-01-02 10:41:00+00:00,0.004922818786685265,0.002342444984376403,5942
1970-01-02 10:42:00+00:00,0.0036221173611591423,0.0019392243934862336,5568
1970-01-02 10:43:00+00:00,0.002011689287291103,0.001216296248426635,6259
1970-01-02 10:44:00+00:00,0.001156097622973926,0.0007404316324065356,6066
1970-01-02 10:45:00+00:00,0.005869357129794419,0.0040100862674935355,9671
1970-01-02 10:46:00+00:00,0.002317503982696297,0.001325789688577152,5178
1970-01-02 10:47:00+00:00,0.001549295868858955,0.0013152131858003816,5323
1970-01-02 10:48:00+00:00,0.003768977242634454,0.001424825070684009,7505
1970-01-02 10:49:00+00:00,0.005906027386362147,0.0011080059331563068,5613
1970-01-02 10:50:00+00:00,0.005254554699345629,0.003740531664156424,9670
1970-01-02 10:51:00+00:00,0.004288098289074354,0.001057514234849868,6881
1970-01-02 10:52:00+00:00,0.004790352230322542,0.00124210174579355,6718
1970-01-02 10:53:00+00:00,0.002375016298138066,0.000977668342784702,5845
1970-01-02 10:54:00+00:00,0.005439229556376395,0.0011662321439805778,6943
1970-01-02 10:55:00+00:00,0.004978416542862446,0.0036039293133780137,9670
1970-01-02 10:56:00+00:00,0.002736479599459168,0.0013362807133808397,6993
1970-01-02 10:57:00+00:00,0.0018154129844992336,0.0015019779609569655,6542
1970-01-02 10:58:00+00:00,0.0017152991524625248,0.0012763375412048808,6430
1970-01-02 10:59:00+00:00,0.001699872968029506,0.0007304813898273647,6444
1970-01-02 11:00:00+00:00,0.005717240619990256,0.004046287302155304,9673
1970-01-02 11:01:00+00:00,0.004030542378946593,0.0017398100351774001,5620
1970-01-02 11:02:00+00:00,0.002765658513021594,0.0013967462741116415,5529
1970-01-02 11:03:00+00:00,0.0021370598409749335,0.0018820466497276374,6014
1970-01-02 11:04:00+00:00,0.0020567853600724608,0.0008326888661140227,5760
1970-01-02 11:05:00+00:00,0.006400225902188329,0.004208604944587357,9672
1970-01-02 11:06:00+00:00,0.00207226924183992,0.0011373792536283588,5374
1970-01-02 11:07:00+00:00,0.002347632929195877,0.0013451028098304821,5767
1970-01-02 11:08:00+00:00,0.002601237516449709,0.0014549957608368557,5339
1970-01-02 11:09:00+00:00,0.0023893003133632325,0.0010267554301986552,5123
1970-01-02 11:10:00+00:00,0.006361036994135471,0.0040879152805768084,9673
1970-01-02 11:11:00+00:00,0.004400918662715787,0.002028693470543918,6993
1970-01-02 11:12:00+00:00,0.0031044107169377715,0.0016855581705745562,7186
1970-01-02 11:13:00+00:00,0.0031076200154053933,0.0015088761759791591,6199
1970-01-02 11:14:00+00:00,0.002297689156157262,0.0009933519111326346,5209
1970-01-02 11:15:00+00:00,0.006190735231241484,0.004098578928507446,9671
1970-01-02 11:16:00+00:00,0.003317709923141272,0.0020594644797875673,6741
1970-01-02 11:17:00+00:00,0.0030295190754965505,0.0015983343088369307,6339
1970-01-02 11:18:00+00:00,0.002409897578147043,0.001327237786446251,6138
1970-01-02 11:19:00+00:00,0.0030068125696717176,0.0007766254359140607,5275
1970-01-02 11:20:00+00:00,0.006115774831006146,0.004053927929582121,9673
1970-01-02 11:21:00+00:00,0.0036480845339357283,0.0017929998339179009,6867
1970-01-02 11:22:00+00:00,0.0021587719697268096,0.0010688376370484897,5941
1970-01-02 11:23:00+00:00,0.002360614092644823,0.0014240802862705286,6982
1970-01-02 11:24:00+00:00,0.0028919731214116953,0.0012588061718832417,5899
1970-01-02 11:25:00+00:00,0.005777501121457766,0.0040052059768245826,9672
1970-01-02 11:26:00+00:00,0.003906838391475744,0.0020158014260946004,6584
1970-01-02 11:27:00+00:00,0.0037103143462991713,0.002273754465199767,6329
1970-01-02 11:28:00+00:00,0.0037357066014688314,0.0020575960780637582,6421
1970-01-02 11:29:00+00:00,0.004048314914601914,0.0010156620459591398,5884
1970-01-02 11:30:00+00:00,0.006134948218771645,0.004086436225889473,9669
1970-01-02 11:31:00+00:00,0.003810775848006986,0.0021296198431211386,6661
1970-01-02 11:32:00+00:00,0.003140582353801989,0.0015636846951798539,5987
1970-01-02 11:33:00+00:00,0.004682194991616144,0.0021034276082445586,6770
1970-01-02 11:34:00+00:00,0.003361339917107137,0.0015910920837065904,5901
1970-01-02 11:35:00+00:00,0.006177189300150065,0.0040670262283657764,9671
1970-01-02 11:36:00+00:00,0.003105868580089325,0.0018478691956822534,6803
1970-01-02 11:37:00+00:00,0.005997186736719084,0.0034008796189795632,7692
1970-01-02 11:38:00+00:00,0.0063181783422810315,0.0012908818577175604,7467
1970-01-02 11:39:00+00:00,0.0030397849504992997,0.0008044126810613552,6873
1970-01-02 11:40:00+00:00,0.006099629419351847,0.004037945394282571,9674
1970-01-02 11:41:00+00:00,0.0038795795069345245,0.001992750886502581,7174
1970-01-02 11:42:00+00:00,0.002490451263478524,0.0012949926477147336,7546
1970-01-02 11:43:00+00:00,0.003768786997718171,0.0014938933309966874,6938
1970-01-02 11:44:00+00:00,0.0017979441191812954,0.0007058169053058416,6061
1970-01-02 11:45:00+00:00,0.005987957545075394,0.0041281991561085,9676
1970-01-02 11:46:00+00:00,0.003192463707957804,0.0017519724046861874,7194
1970-01-02 11:47:00+00:00,0.002862156455487499,0.0016197266373005727,6504
1970-01-02 11:48:00+00:00,0.002405009642221556,0.0011451059497297109,5799
1970-01-02 11:49:00+00:00,0.002079204702858216,0.0006845626653489271,5711
1970-01-02 11:50:00+00:00,0.0060763035255119655,0.004150761043877652,9667
1970-01-02 11:51:00+00:00,0.003421445861450007,0.0018452891943504953,6806
1970-01-02 11:52:00+00:00,0.00278106326325545,0.0016704656218856663,5754
1970-01-02 11:53:00+00:00,0.0022767979819120743,0.0015162795052583026,5413
1970-01-02 11:54:00+00:00,0.0019415045314575283,0.0010160939378272785,5567
1970-01-02 11:55:00+00:00,0.0059810373159512155,0.004176463899478225,9647
1970-01-02 11:56:00+00:00,0.003253336440054416,0.0020139811555573294,4610
1970-01-02 11:57:00+00:00,0.0031890547745636734,0.0020079705991159903,4600
1970-01-02 11:58:00+00:00,0.0027221099525602498,0.0013986995311382714,5455
1970-01-02 11:59:00+00:00,0.00156148331495427,0.0007951887694733817,4938
1970-01-02 12:00:00+00:00,0.0058214635514390965,0.004184050378221052,9626
1970-01-02 12:01:00+00:00,0.003261761184357033,0.0020953398686555233,4977
1970-01-02 12:02:00+00:00,0.0034641210590890432,0.002218161948978433,5928
1970-01-02 12:03:00+00:00,0.003400811743147371,0.001498806494816338,4012
1970-01-02 12:04:00+00:00,0.0019755721862448543,0.0008799056151984379,4044
1970-01-02 12:05:00+00:00,0.005668298028377439,0.00412886523818476,9620
1970-01-02 12:06:00+00:00,0.002641672491632824,0.001478038348558324,3036
1970-01-02 12:07:00+00:00,0.0037549781557062014,0.0023588070316298486,4947
1970-01-02 12:08:00+00:00,0.0028918553175495336,0.0018635197195236324,5798
1970-01-02 12:09:00+00:00,0.001235842889440862,0.0008878662580548998,5978
1970-01-02 12:10:00+00:00,0.005684400439044763,0.004080360738263458,9614
1970-01-02 12:11:00+00:00,0.0037430227689272157,0.002573305762005586,5621
1970-01-02 12:12:00+00:00,0.002906486418919892,0.002263917070124421,5873
1970-01-02 12:13:00+00:00,0.0026536090729287315,0.0017435200845604246,5687
1970-01-02 12:14:00+00:00,0.0023462662965441907,0.001451589557519526,5331
1970-01-02 12:15:00+00:00,0.005747695701899017,0.0041410475759024136,9619
1970-01-02 12:16:00+00:00,0.0036877581620130815,0.001628600201149779,5328
1970-01-02 12:17:00+00:00,0.004121880260509219,0.002257791761319457,4449
1970-01-02 12:18:00+00:00,0.0025649265065594965,0.0012528914035792027,5239
1970-01-02 12:19:00+00:00,0.0014505992627283687,0.0007513915764828853,4529
1970-01-02 12:20:00+00:00,0.0057980158595427305,0.004057142635284033,9623
1970-01-02 12:21:00+00:00,0.00423563137413577,0.002518379794585159,6547
1970-01-02 12:22:00+00:00,0.003958782337770941,0.0023003769882529,5384
1970-01-02 12:23:00+00:00,0.0021805642519118497,0.0012944394631840069,4638
1970-01-02 12:24:00+00:00,0.0017066794703319004,0.0008199350170932266,5798
1970-01-02 12:25:00+00:00,0.005914690713567941,0.004127009329082327,9643
1970-01-02 12:26:00+00:00,0.003878599924284988,0.002308580771526428,5518
1970-01-02 12:27:00+00:00,0.002875100517232298,0.001693758963522513,5577
1970-01-02 12:28:00+00:00,0.002545890003756969,0.0013644250097427481,4226
1970-01-02 12:29:00+00:00,0.0017293610656847248,0.0008625564030280851,4147
1970-01-02 12:30:00+00:00,0.005903399854791814,0.004161487858211186,9655
1970-01-02 12:31:00+00:00,0.0029076759254018794,0.0018984358515099517,7527
1970-01-02 12:32:00+00:00,0.002536512204387259,0.0016722699315823663,6742
1970-01-02 12:33:00+00:00,0.0024613996769263947,0.0015329944622512958,5851
1970-01-02 12:34:00+00:00,0.0015213560667946657,0.0011259033493582124,5516
1970-01-02 12:35:00+00:00,0.005797135109531552,0.004132793090983089,9655
1970-01-02 12:36:00+00:00,0.00335086849198881,0.002285468497557873,6317
1970-01-02 12:37:00+00:00,0.0036942787746080527,0.0019646751698301186,5298
1970-01-02 12:38:00+00:00,0.0029943242085028253,0.0019043445310944393,6019
1970-01-02 12:39:00+00:00,0.00233952538603532,0.001274193534353098,6201
1970-01-02 12:40:00+00:00,0.005834177549131966,0.004150452689221421,9641
1970-01-02 12:41:00+00:00,0.0037842272039578903,0.002233247329690025,6670
1970-01-02 12:42:00+00:00,0.00300002422071617,0.001851873455044679,5783
1970-01-02 12:43:00+00:00,0.0026179123472762117,0.0014755705654663953,5410
1970-01-02 12:44:00+00:00,0.0021317177283149778,0.0007970568563053915,5156
1970-01-02 12:45:00+00:00,0.005748872221823815,0.00410510362490983,9627
1970-01-02 12:46:00+00:00,0.004448584895385586,0.002542047096015396,5269
1970-01-02 12:47:00+00:00,0.003462680061329237,0.001991906268839385,4570
1970-01-02 12:48:00+00:00,0.0022829630293993803,0.0014619237261959798,5312
1970-01-02 12:49:00+00:00,0.0014318668884762183,0.0009310890700320153,4458
1970-01-02 12:50:00+00:00,0.00585068952837366,0.004135277948814223,9615
1970-01-02 12:51:00+00:00,0.0037596310485931766,0.002522547697465429,5506
1970-01-02 12:52:00+00:00,0.003192353450218669,0.0019499035264674486,4932
1970-01-02 12:53:00+00:00,0.003434922242539387,0.0017529766101214447,4688
1970-01-02 12:54:00+00:00,0.0013451738583740624,0.0007627546650449466,4758
1970-01-02 12:55:00+00:00,0.005809920089577963,0.004183566105443134,9610
1970-01-02 12:56:00+00:00,0.003994900346241787,0.0025458503060750088,4686
1970-01-02 12:57:00+00:00,0.003644295345465938,0.0021752336198602017,4834
1970-01-02 12:58:00+00:00,0.002285898020074337,0.001483142952532689,4341
1970-01-02 12:59:00+00:00,0.0011549231308992317,0.0007732632142770921,5246
1970-01-02 13:00:00+00:00,0.005682820821811681,0.0041661869674410905,9623
1970-01-02 13:01:00+00:00,0.004197746702324306,0.0025821495036527343,5829
1970-01-02 13:02:00+00:00,0.003738419676935957,0.0018394448036371273,6872
1970-01-02 13:03:00+00:00,0.0027341344728708727,0.0015217502551992488,5462
1970-01-02 13:04:00+00:00,0.002195908101957476,0.0012265453843433925,5594
1970-01-02 13:05:00+00:00,0.005746896605190402,0.004169355441958206,9640
1970-01-02 13:06:00+00:00,0.0036303303873957992,0.001987498600927449,6631
1970-01-02 13:07:00+00:00,0.002894318134013576,0.0017025759150178044,5489
1970-01-02 13:08:00+00:00,0.0024660167605522966,0.0017573512889490018,5631
1970-01-02 13:09:00+00:00,0.0014398034843997169,0.0009498068555233578,4324
1970-01-02 13:10:00+00:00,0.005814367593887564,0.004188240741711804,9693
1970-01-02 13:11:00+00:00,0.003974107583877732,0.0025766915353440008,6625
1970-01-02 13:12:00+00:00,0.003249206550917694,0.002133454549161079,6116
1970-01-02 13:13:00+00:00,0.003122371885206916,0.002118748504153016,6037
1970-01-02 13:14:00+00:00,0.001613986756012415,0.0010775284694813018,4718
1970-01-02 13:15:00+00:00,0.005836745250057477,0.004218860870412588,9686
1970-01-02 13:16:00+00:00,0.0038620762223638533,0.00228853623466907,5939
1970-01-02 13:17:00+00:00,0.0036231246028320166,0.00213763996074919,5893
1970-01-02 13:18:00+00:00,0.0028578199963520128,0.001638977554257357,5795
1970-01-02 13:19:00+00:00,0.0021380202935131,0.0011339583923491478,5835
1970-01-02 13:20:00+00:00,0.005670188576614006,0.004142271323417656,9750
1970-01-02 13:21:00+00:00,0.002594052081229043,0.001609705373790483,4727
1970-01-02 13:22:00+00:00,0.002388674513737971,0.0017131416128998256,6544
1970-01-02 13:23:00+00:00,0.0018926624069186733,0.0012443017307853534,5673
1970-01-02 13:24:00+00:00,0.001314796858836071,0.0007017477208996379,5344
1970-01-02 13:25:00+00:00,0.00569973718313017,0.004093199701111657,9722
1970-01-02 13:26:00+00:00,0.004192625991738746,0.002879418092363101,5345
1970-01-02 13:27:00+00:00,0.0032507802620974765,0.0022139217949076195,5490
1970-01-02 13:28:00+00:00,0.00209265717344159,0.001460320609903698,6817
1970-01-02 13:29:00+00:00,0.0013056171633344846,0.0008782480245703488,5013
1970-01-02 13:30:00+00:00,0.005904210392922616,0.004177881541601507,9750
1970-01-02 13:31:00+00:00,0.0038084842298214787,0.0021712233261103955,6337
1970-01-02 13:32:00+00:00,0.0035864532538919473,0.0022070708155656105,6073
1970-01-02 13:33:00+00:00,0.0020616351854013102,0.0011275090826730848,6168
1970-01-02 13:34:00+00:00,0.0015053465167841626,0.0008213313839807115,5003
1970-01-02 13:35:00+00:00,0.005955290858536646,0.004174159902727509,9743
1970-01-02 13:36:00+00:00,0.0033177612502683558,0.001865154635384986,5371
1970-01-02 13:37:00+00:00,0.0023299026640115905,0.0014497997660410172,5801
1970-01-02 13:38:00+00:00,0.002460822707911633,0.0016014796890867062,6444
1970-01-02 13:39:00+00:00,0.003322147549685738,0.0017834125962987904,6962
1970-01-02 13:40:00+00:00,0.005876012146974863,0.004050454429468412,9743
1970-01-02 13:41:00+00:00,0.003059856106481414,0.0018994625019143594,6430
1970-01-02 13:42:00+00:00,0.0026109717121477003,0.0015568437292630872,6781
1970-01-02 13:43:00+00:00,0.0023533996039312873,0.0014150509440779735,6630
1970-01-02 13:44:00+00:00,0.0022782393944965206,0.001042002669502338,5627
1970-01-02 13:45:00+00:00,0.005642826035181509,0.004055991239692012,9762
1970-01-02 13:46:00+00:00,0.0035004353265039203,0.0021465121623841462,4937
1970-01-02 13:47:00+00:00,0.002630072837140986,0.0016513584942879555,4891
1970-01-02 13:48:00+00:00,0.002080574933085723,0.0014491969279569388,5428
1970-01-02 13:49:00+00:00,0.0012157567826396609,0.0007803690328549916,5241
1970-01-02 13:50:00+00:00,0.005902810089979087,0.004149633927100143,9765
1970-01-02 13:51:00+00:00,0.005035258199803156,0.0029619617681642834,6906
1970-01-02 13:52:00+00:00,0.003973090595268267,0.0026337132672581234,6788
1970-01-02 13:53:00+00:00,0.0035574202342521814,0.0021884695163474637,6337
1970-01-02 13:54:00+00:00,0.002141340230245453,0.0013583010694824282,5859
1970-01-02 13:55:00+00:00,0.006130120029208556,0.004288623405919346,9796
1970-01-02 13:56:00+00:00,0.004547399158368633,0.0027281815137156565,5620
1970-01-02 13:57:00+00:00,0.004278520610507232,0.0024810776300432293,5551
1970-01-02 13:58:00+00:00,0.002627023477304604,0.0014865923089883853,4817
1970-01-02 13:59:00+00:00,0.0021189646921384486,0.0009555167646251207,5384
1970-01-02 14:00:00+00:00,0.005968252014055584,0.004270607003270416,9800
1970-01-02 14:01:00+00:00,0.00478745743459569,0.0028507776452830614,5775
1970-01-02 14:02:00+00:00,0.0038782544543306376,0.002102501780203901,6126
1970-01-02 14:03:00+00:00,0.002965367347878033,0.0016750631974905847,6497
1970-01-02 14:04:00+00:00,0.0016292600985330697,0.0008725092373720553,5374
1970-01-02 14:05:00+00:00,0.005959416587057333,0.004278563546992968,9798
1970-01-02 14:06:00+00:00,0.0035489609297121726,0.0023139966680109816,5924
1970-01-02 14:07:00+00:00,0.0026791925485661647,0.0016528984324255937,5463
1970-01-02 14:08:00+00:00,0.0024188165925529614,0.0014090056103249584,5403
1970-01-02 14:09:00+00:00,0.0015472985249105338,0.0008834667274537731,4547
1970-01-02 14:10:00+00:00,0.005995097979214992,0.004307028616214974,9793
1970-01-02 14:11:00+00:00,0.0036374191771155542,0.002442074982418362,6891
1970-01-02 14:12:00+00:00,0.0038977371034040905,0.0021771604156265107,5667
1970-01-02 14:13:00+00:00,0.0021424763519610574,0.0014093926536486105,6215
1970-01-02 14:14:00+00:00,0.0014680775198713013,0.0009775003793523471,6829
1970-01-02 14:15:00+00:00,0.005784051453975595,0.004217822690737015,9783
1970-01-02 14:16:00+00:00,0.004922685659218958,0.002646528925841179,5665
1970-01-02 14:17:00+00:00,0.003349301653325603,0.002100354389639269,5939
1970-01-02 14:18:00+00:00,0.0026637313348452218,0.001735619317419872,6771
1970-01-02 14:19:00+00:00,0.001962773095698159,0.0011454518196347973,6539
1970-01-02 14:20:00+00:00,0.006036321406253644,0.004278276870602187,9778
1970-01-02 14:21:00+00:00,0.003991556788769705,0.002637116991240406,6548
1970-01-02 14:22:00+00:00,0.003161780010261944,0.001867795282931611,6518
1970-01-02 14:23:00+00:00,0.0016794100506183302,0.0010679261880578391,6808
1970-01-02 14:24:00+00:00,0.0021564129126870244,0.0009987212472281335,4946
1970-01-02 14:25:00+00:00,0.006070339981444212,0.004291272810290623,9775
1970-01-02 14:26:00+00:00,0.004162413303836217,0.002454954608882771,5467
1970-01-02 14:27:00+00:00,0.0029056351333187507,0.0017883393253198341,7581
1970-01-02 14:28:00+00:00,0.002856774481977651,0.0016638150694923482,6870
1970-01-02 14:29:00+00:00,0.001575484594013279,0.00068021867698793,6449
1970-01-02 14:30:00+00:00,0.0058865476971905525,0.0042044394453897216,9765
1970-01-02 14:31:00+00:00,0.0039296091906323195,0.002355584756455013,6707
1970-01-02 14:32:00+00:00,0.0023710386926924652,0.001740512857905721,6513
1970-01-02 14:33:00+00:00,0.0019585035190645417,0.0011725566319110644,6656
1970-01-02 14:34:00+00:00,0.0017879670328230233,0.0008306329583165849,6613
1970-01-02 14:35:00+00:00,0.0059041765511113195,0.0042821614135367765,9759
1970-01-02 14:36:00+00:00,0.00318523746685875,0.002058791600058254,5857
1970-01-02 14:37:00+00:00,0.0033403260326356926,0.0019103637438785258,4640
1970-01-02 14:38:00+00:00,0.0019186164384752214,0.0012911179422869798,5735
1970-01-02 14:39:00+00:00,0.0021154114575277693,0.0014502342939747442,5983
1970-01-02 14:40:00+00:00,0.006099111562791498,0.004319095384831775,9776
1970-01-02 14:41:00+00:00,0.0051210396877019735,0.0025014263568538253,6200
1970-01-02 14:42:00+00:00,0.003789992464129158,0.001978956814851777,6783
1970-01-02 14:43:00+00:00,0.0022557208629953576,0.001566645241031511,6116
1970-01-02 14:44:00+00:00,0.002029429997539886,0.000839570596298815,6898
1970-01-02 14:45:00+00:00,0.006051245842268735,0.004252101473459731,9788
1970-01-02 14:46:00+00:00,0.002592316398742839,0.0017848610405253092,6198
1970-01-02 14:47:00+00:00,0.002828686437187202,0.001511486397732914,6013
1970-01-02 14:48:00+00:00,0.002556705235627018,0.0013682667976039897,5012
1970-01-02 14:49:00+00:00,0.0016037022860191739,0.0006202310627169493,4925
1970-01-02 14:50:00+00:00,0.0059203787909089724,0.004307929926392682,9809
1970-01-02 14:51:00+00:00,0.004915871114223577,0.0021474633604945574,5900
1970-01-02 14:52:00+00:00,0.004367245580733373,0.0020064909593285004,4989
1970-01-02 14:53:00+00:00,0.0026662278136357193,0.001213147929964664,4890
1970-01-02 14:54:00+00:00,0.0017338490611231664,0.0008048672916484899,7001
1970-01-02 14:55:00+00:00,0.005961029804823908,0.0042601608680367395,9816
1970-01-02 14:56:00+00:00,0.004150972102428916,0.002298063491822343,6504
1970-01-02 14:57:00+00:00,0.003086339396946137,0.00168502144544672,6668
1970-01-02 14:58:00+00:00,0.0024596083422885958,0.0013659672587745754,6513
1970-01-02 14:59:00+00:00,0.001807879335173076,0.000797626621574847,6316
1970-01-02 15:00:00+00:00,0.006151177687052313,0.004392214985641141,9821
1970-01-02 15:01:00+00:00,0.00449576713454319,0.002706607954556284,5933
1970-01-02 15:02:00+00:00,0.0038849930192153296,0.0023511957365436723,5361
1970-01-02 15:03:00+00:00,0.0029007917293298016,0.0014556371231420268,6018
1970-01-02 15:04:00+00:00,0.0017340919084409105,0.0009146466287168635,5372
1970-01-02 15:05:00+00:00,0.006092681806313034,0.004472610572955446,9823
1970-01-02 15:06:00+00:00,0.0034849019449478885,0.0021169817426222775,6418
1970-01-02 15:07:00+00:00,0.004007374918944437,0.0024552758599940094,5664
1970-01-02 15:08:00+00:00,0.0021221763777948986,0.0013947443659572086,5253
1970-01-02 15:09:00+00:00,0.0015078810042430417,0.0008800165490066383,5012
1970-01-02 15:10:00+00:00,0.005988340713109903,0.0044998354019258925,9799
1970-01-02 15:11:00+00:00,0.0040752559714864614,0.0027476044083052076,6526
1970-01-02 15:12:00+00:00,0.0031204146577186293,0.0018334534573794092,5818
1970-01-02 15:13:00+00:00,0.003938141505460462,0.001536720507853734,5624
1970-01-02 15:14:00+00:00,0.001237464865868317,0.0007168814886909092,5979
1970-01-02 15:15:00+00:00,0.006124226469369175,0.004490008927818947,9756
1970-01-02 15:16:00+00:00,0.0042761207641182014,0.0025093281524996873,5284
1970-01-02 15:17:00+00:00,0.002809888561317237,0.0020005528653461585,5720
1970-01-02 15:18:00+00:00,0.002190284928769864,0.001445099383026857,5886
1970-01-02 15:19:00+00:00,0.0012298649257587897,0.000723760900699873,5876
1970-01-02 15:20:00+00:00,0.00627404203692685,0.00447754191665339,9746
1970-01-02 15:21:00+00:00,0.0030053642480835294,0.0018047008354448195,7268
1970-01-02 15:22:00+00:00,0.002516073898098985,0.0018953190147035092,7066
1970-01-02 15:23:00+00:00,0.003723330493916287,0.0021206851087800576,6042
1970-01-02 15:24:00+00:00,0.0014514908346200145,0.0009656653768691305,5503
1970-01-02 15:25:00+00:00,0.006306335072821267,0.004484454098794645,9745
1970-01-02 15:26:00+00:00,0.003745792475075304,0.002602016807237936,5531
1970-01-02 15:27:00+00:00,0.0039032962684691533,0.0025699624006902495,5494
1970-01-02 15:28:00+00:00,0.003613984482618896,0.002017379025541895,5008
1970-01-02 15:29:00+00:00,0.0025194008987677037,0.001330664019596729,5231
1970-01-02 15:30:00+00:00,0.006327997853743322,0.004498007535443892,9740
1970-01-02 15:31:00+00:00,0.005167179379240612,0.003328760545352691,6863
1970-01-02 15:32:00+00:00,0.004107407047064532,0.0026174623791068406,5615
1970-01-02 15:33:00+00:00,0.004217260442512085,0.002504977137835413,5769
1970-01-02 15:34:00+00:00,0.0024731610531285014,0.0014737033591445967,5996
1970-01-02 15:35:00+00:00,0.006349783439713341,0.004526664767388433,9768
1970-01-02 15:36:00+00:00,0.003824773724671639,0.0025477796308789177,6114
1970-01-02 15:37:00+00:00,0.003786085856383584,0.002440069725213499,6180
1970-01-02 15:38:00+00:00,0.0025715230245179762,0.0015824012122645104,5830
1970-01-02 15:39:00+00:00,0.0026803853045246594,0.001661924479474286,5950
1970-01-02 15:40:00+00:00,0.006238616812834,0.004496988360054672,9793
1970-01-02 15:41:00+00:00,0.0042844732190990935,0.0028470203343469547,6036
1970-01-02 15:42:00+00:00,0.0041576205329057776,0.0027830368544912686,5712
1970-01-02 15:43:00+00:00,0.004069077058968294,0.002421491883365975,5532
1970-01-02 15:44:00+00:00,0.002010416361381364,0.0011672882366653868,4750
1970-01-02 15:45:00+00:00,0.006355656001623131,0.004515998282365138,9805
1970-01-02 15:46:00+00:00,0.005700908485202451,0.0034528060341570813,6909
1970-01-02 15:47:00+00:00,0.005108733565010867,0.0032802855449849326,6474
1970-01-02 15:48:00+00:00,0.002754861830761503,0.0018522896398474732,5812
1970-01-02 15:49:00+00:00,0.002531417137239619,0.001578063253849601,5869
1970-01-02 15:50:00+00:00,0.006258563130517165,0.004502736168115547,9820
1970-01-02 15:51:00+00:00,0.003220836734125898,0.0027590643292176643,7806
1970-01-02 15:52:00+00:00,0.003753354536876699,0.0022028631474318694,5984
1970-01-02 15:53:00+00:00,0.002786472786116697,0.001811128148317194,4728
1970-01-02 15:54:00+00:00,0.0013042225833119097,0.001019876066738306,5921
1970-01-02 15:55:00+00:00,0.006172065879900342,0.0045361993670056935,9808
1970-01-02 15:56:00+00:00,0.002863980620480857,0.0016622021334262408,7051
1970-01-02 15:57:00+00:00,0.0033853809269945973,0.00206314841747674,5765
1970-01-02 15:58:00+00:00,0.0021811501074372507,0.0013064023801701479,5863
1970-01-02 15:59:00+00:00,0.0013118927327528482,0.0007611240657685871,5421
1970-01-02 16:00:00+00:00,0.006526647714845721,0.0045442029864848485,9793
1970-01-02 16:01:00+00:00,0.004575533044423414,0.0030275129571814305,5956
1970-01-02 16:02:00+00:00,0.003611433474094283,0.0022943288887415344,5468
1970-01-02 16:03:00+00:00,0.002735932719313027,0.0015719369527702007,4778
1970-01-02 16:04:00+00:00,0.0014215171855927143,0.0008983755669324182,5277
1970-01-02 16:05:00+00:00,0.006551919465575109,0.004614040156392716,9781
1970-01-02 16:06:00+00:00,0.0046022722456933686,0.0029983636279096535,4497
1970-01-02 16:07:00+00:00,0.004070929211295329,0.002432885950214691,4486
1970-01-02 16:08:00+00:00,0.0019419790888907135,0.0013605165222215394,5633
1970-01-02 16:09:00+00:00,0.001262797344415047,0.000962426440364574,5160
1970-01-02 16:10:00+00:00,0.006557488798000706,0.004591011718141008,9781
1970-01-02 16:11:00+00:00,0.004358661655461012,0.002668029705149872,6723
1970-01-02 16:12:00+00:00,0.002876899364426004,0.001711853694477681,6703
1970-01-02 16:13:00+00:00,0.0032108487072675953,0.0016294664827185077,5725
1970-01-02 16:14:00+00:00,0.0018082413571468372,0.000958947198829844,5732
1970-01-02 16:15:00+00:00,0.006402649205754956,0.0044457927318852924,9773
1970-01-02 16:16:00+00:00,0.0032275199036965953,0.00185707462220014,6686
1970-01-02 16:17:00+00:00,0.003142914218629681,0.0020292257087598264,6129
1970-01-02 16:18:00+00:00,0.0021942761323064538,0.0012678108710385027,6418
1970-01-02 16:19:00+00:00,0.001434505939575567,0.0008958701984441555,5759
1970-01-02 16:20:00+00:00,0.005899529164158358,0.004412346581090008,9776
1970-01-02 16:21:00+00:00,0.0033358327530595617,0.0022381619347115224,5872
1970-01-02 16:22:00+00:00,0.0032510836138191245,0.0019673723119670423,4182
1970-01-02 16:23:00+00:00,0.00213745267004712,0.0011830453306164728,3361
1970-01-02 16:24:00+00:00,0.002004201584393746,0.0009455285182460122,4610
1970-01-02 16:25:00+00:00,0.005730498137049435,0.004215606199697373,9785
1970-01-02 16:26:00+00:00,0.005091809073073719,0.0011505788497332154,5973
1970-01-02 16:27:00+00:00,0.003448750455760491,0.0017347078077282658,6102
1970-01-02 16:28:00+00:00,0.002534394582711883,0.0011950646853938307,5944
1970-01-02 16:29:00+00:00,0.0021375392310619143,0.0008636315206020825,6416
1970-01-02 16:30:00+00:00,0.005868667115354372,0.004133623462181996,9795
1970-01-02 16:31:00+00:00,0.003637134983865335,0.0025689792802877694,7343
1970-01-02 16:32:00+00:00,0.0021529958229898377,0.0016136330612514984,7040
1970-01-02 16:33:00+00:00,0.0023959877701869785,0.0014116320986425962,5712
1970-01-02 16:34:00+00:00,0.0012779075530669937,0.0009471581203459701,6383
1970-01-02 16:35:00+00:00,0.0063297884013435455,0.0045484454898685744,9797
1970-01-02 16:36:00+00:00,0.0046715189859661225,0.0026762225017968205,5795
1970-01-02 16:37:00+00:00,0.003993702774753626,0.002318670536641994,5366
1970-01-02 16:38:00+00:00,0.0027163351638899184,0.001573493093564422,5128
1970-01-02 16:39:00+00:00,0.0013290431242121302,0.0008277103301954282,5459
1970-01-02 16:40:00+00:00,0.006325883985296237,0.0045191652096787565,9779
1970-01-02 16:41:00+00:00,0.004227691647913966,0.002698138956834527,5464
1970-01-02 16:42:00+00:00,0.0038202958076914303,0.0023468814684982874,5053
1970-01-02 16:43:00+00:00,0.0024344798695954675,0.0015726288885804867,4727
1970-01-02 16:44:00+00:00,0.0012939931070422538,0.0007589225362851241,4947
1970-01-02 16:45:00+00:00,0.006268844626517593,0.004515072999335674,9786
1970-01-02 16:46:00+00:00,0.004867446513889765,0.0028249132301226805,4743
1970-01-02 16:47:00+00:00,0.0037176419328715364,0.0023796737077041025,5110
1970-01-02 16:48:00+00:00,0.0026482287435800698,0.0017642045455342524,4945
1970-01-02 16:49:00+00:00,0.0016069334516425357,0.0008763864118486263,5388
1970-01-02 16:50:00+00:00,0.00638765323055823,0.00453289943322486,9782
1970-01-02 16:51:00+00:00,0.004937388509951225,0.003188696772566516,6481
1970-01-02 16:52:00+00:00,0.004444744068234856,0.002708629282836738,5475
1970-01-02 16:53:00+00:00,0.0025611767098009707,0.001678793902024279,4903
1970-01-02 16:54:00+00:00,0.001385116595305878,0.0007742553079784793,5449
1970-01-02 16:55:00+00:00,0.006352322512609084,0.004560960002052426,9783
1970-01-02 16:56:00+00:00,0.0037293788729015932,0.0025769227854772862,4975
1970-01-02 16:57:00+00:00,0.003717306408496634,0.0024466862761399425,4684
1970-01-02 16:58:00+00:00,0.0026638113553104368,0.001934786656839013,4892
1970-01-02 16:59:00+00:00,0.0012942267713296934,0.0009158240678524473,5732
1970-01-02 17:00:00+00:00,0.006177055698909188,0.004472447711422791,9794
1970-01-02 17:01:00+00:00,0.0025103996521874438,0.0015175428819356072,7845
1970-01-02 17:02:00+00:00,0.003738627429373916,0.002657128668227683,5344
1970-01-02 17:03:00+00:00,0.002478146146508374,0.0017353452913978747,4905
1970-01-02 17:04:00+00:00,0.0021617560184726417,0.0009637535158961164,4425
1970-01-02 17:05:00+00:00,0.006378582801584633,0.004623134651750812,9794
1970-01-02 17:06:00+00:00,0.004845166921449316,0.0032690333034015996,4784
1970-01-02 17:07:00+00:00,0.0034680885028824044,0.0024124615685860913,5424
1970-01-02 17:08:00+00:00,0.0020251106935452656,0.0014603998086772105,4895
1970-01-02 17:09:00+00:00,0.0013315824678378368,0.00030523693274282207,7451
1970-01-02 17:10:00+00:00,0.006886251159506218,0.004812528424699135,9794
1970-01-02 17:11:00+00:00,0.004747526211115063,0.0031202618466047408,6817
1970-01-02 17:12:00+00:00,0.0033788054149165372,0.00239193028716111,5586
1970-01-02 17:13:00+00:00,0.002745294227514598,0.0017193338813805412,5575
1970-01-02 17:14:00+00:00,0.0022508497425473566,0.0008797051320889056,4923
1970-01-02 17:15:00+00:00,0.007110253535841884,0.00504919477176598,9796
1970-01-02 17:16:00+00:00,0.0029485780052732626,0.0021502239421636433,6662
1970-01-02 17:17:00+00:00,0.0025776770060077932,0.0018964337684088063,7189
1970-01-02 17:18:00+00:00,0.002464515805677473,0.0014366655762903008,5376
1970-01-02 17:19:00+00:00,0.0017174941594483495,0.0011473483301789494,6111
1970-01-02 17:20:00+00:00,0.007133747984831605,0.004883503575200874,9801
1970-01-02 17:21:00+00:00,0.005573244991730771,0.0023989546465788577,7070
1970-01-02 17:22:00+00:00,0.0027675150418351915,0.0016370452340292467,6223
1970-01-02 17:23:00+00:00,0.0027947913629774827,0.001292793942585184,5634
1970-01-02 17:24:00+00:00,0.0015456761869455115,0.0008314313368383498,6911
1970-01-02 17:25:00+00:00,0.006797464221252835,0.0047017541320479445,9794
1970-01-02 17:26:00+00:00,0.003825921386315964,0.0019408960354872723,6464
1970-01-02 17:27:00+00:00,0.0029252310466746723,0.0017289375272618664,6562
1970-01-02 17:28:00+00:00,0.002840371051678729,0.001299126531212783,6758
1970-01-02 17:29:00+00:00,0.0020192842752222396,0.0008424662850931449,7270
1970-01-02 17:30:00+00:00,0.00692950150614475,0.0047518926025996635,9789
1970-01-02 17:31:00+00:00,0.003969502806250892,0.0023437231962073492,8030
1970-01-02 17:32:00+00:00,0.003064958545901831,0.001764983585274912,7152
1970-01-02 17:33:00+00:00,0.0036469609939776557,0.0014579153806354756,7264
1970-01-02 17:34:00+00:00,0.0030822598449904083,0.0010468897530522712,7496
1970-01-02 17:35:00+00:00,0.007090854309616087,0.004794909114322905,9791
1970-01-02 17:36:00+00:00,0.0031519616190608243,0.0019337184807877428,6544
1970-01-02 17:37:00+00:00,0.002699851265509824,0.0019393226862822873,6214
1970-01-02 17:38:00+00:00,0.005047716584625537,0.001395138073287795,7466
1970-01-02 17:39:00+00:00,0.0024768091108910285,0.001074410116644873,6890
1970-01-02 17:40:00+00:00,0.0071021813101240765,0.004782080048239996,9787
1970-01-02 17:41:00+00:00,0.0031629248338249983,0.001933632134447251,7759
1970-01-02 17:42:00+00:00,0.003035576315368932,0.0018722813485913636,6362
1970-01-02 17:43:00+00:00,0.002703299518881907,0.001441698419104833,5548
1970-01-02 17:44:00+00:00,0.0017789086098395272,0.0008276735021297958,5451
1970-01-02 17:45:00+00:00,0.007101458061654053,0.0047733265999082095,9787
1970-01-02 17:46:00+00:00,0.0029025249710388514,0.0018755160400511846,6308
1970-01-02 17:47:00+00:00,0.0031708238218166617,0.0018491819111391564,6080
1970-01-02 17:48:00+00:00,0.002897813128087946,0.0013543689362923643,5628
1970-01-02 17:49:00+00:00,0.007763555465643936,0.0008823786200436272,4711
1970-01-02 17:50:00+00:00,0.006950396525037989,0.004775408727728921,9794
1970-01-02 17:51:00+00:00,0.006379619065815149,0.0022314299197467,7302
1970-01-02 17:52:00+00:00,0.004747331068897319,0.0016739139654565849,6158
1970-01-02 17:53:00+00:00,0.0027662212334496296,0.0015563919061748121,5496
1970-01-02 17:54:00+00:00,0.0023799289261123772,0.0010387162975953278,5401
1970-01-02 17:55:00+00:00,0.006763084428066965,0.004539152181125781,9796
1970-01-02 17:56:00+00:00,0.00368285559580949,0.0021821320941892014,5776
1970-01-02 17:57:00+00:00,0.002843619983121997,0.0019096062836896858,5990
1970-01-02 17:58:00+00:00,0.0027105505639680063,0.0015863222362404912,6058
1970-01-02 17:59:00+00:00,0.001580846716999323,0.0008704581576457759,5584
1970-01-02 18:00:00+00:00,0.007097695864825147,0.004722749189795622,9800
1970-01-02 18:01:00+00:00,0.00373168291319355,0.002271575459643607,6712
1970-01-02 18:02:00+00:00,0.0029996562026904515,0.0018509292237496194,6301
1970-01-02 18:03:00+00:00,0.002023359381121999,0.001186635685895558,6097
1970-01-02 18:04:00+00:00,0.0018631254346951583,0.0008105828903289855,5317
1970-01-02 18:05:00+00:00,0.00712243232380514,0.00483544806941061,9802
1970-01-02 18:06:00+00:00,0.0041069688865259255,0.002509562967002031,5248
1970-01-02 18:07:00+00:00,0.004107862820650441,0.002404988841512574,4939
1970-01-02 18:08:00+00:00,0.002312774712659899,0.0014221770463317702,5398
1970-01-02 18:09:00+00:00,0.0013839747971460708,0.0007553141218677812,5387
1970-01-02 18:10:00+00:00,0.006912911679034696,0.004808889835154991,9796
1970-01-02 18:11:00+00:00,0.0032200642195662735,0.0024095930584031567,7489
1970-01-02 18:12:00+00:00,0.003501819015704069,0.0020899115355408173,6417
1970-01-02 18:13:00+00:00,0.0021028716389725967,0.0015087924850942346,6550
1970-01-02 18:14:00+00:00,0.0016816579773443817,0.0007317385678115939,6978
1970-01-02 18:15:00+00:00,0.006893844124528306,0.004814503795274753,9797
1970-01-02 18:16:00+00:00,0.0038833837145820674,0.0020571676129750764,6481
1970-01-02 18:17:00+00:00,0.0031017905541973426,0.0017875919715116576,6062
1970-01-02 18:18:00+00:00,0.002514466378514824,0.0014797708601012678,6169
1970-01-02 18:19:00+00:00,0.0024475178526254093,0.001067889284428929,6103
1970-01-02 18:20:00+00:00,0.006942356968919308,0.0048096600759535285,9795
1970-01-02 18:21:00+00:00,0.0034493257177798005,0.001815895312109917,7786
1970-01-02 18:22:00+00:00,0.005273218203479052,0.002250009568864395,6416
1970-01-02 18:23:00+00:00,0.003151662592351627,0.0011346441076440458,6628
1970-01-02 18:24:00+00:00,0.001779313526268583,0.0007366056495222828,6105
1970-01-02 18:25:00+00:00,0.0071626465838075005,0.004894492640043732,9793
1970-01-02 18:26:00+00:00,0.004234137826828869,0.0024760921025321968,5902
1970-01-02 18:27:00+00:00,0.0041056382019853364,0.0020141468234252083,5567
1970-01-02 18:28:00+00:00,0.0026508407813238682,0.0013456255040484085,5839
1970-01-02 18:29:00+00:00,0.001776736686889354,0.0010123773721249828,6250
1970-01-02 18:30:00+00:00,0.007077157162915967,0.004874312569423739,9795
1970-01-02 18:31:00+00:00,0.004366290637083531,0.0024564347392795477,7336
1970-01-02 18:32:00+00:00,0.003066949367923647,0.0016398753159207022,7593
1970-01-02 18:33:00+00:00,0.0028464861808863975,0.0011732689622485388,6658
1970-01-02 18:34:00+00:00,0.0014990607909165711,0.0007235553279391601,6187
1970-01-02 18:35:00+00:00,0.007025643537696143,0.004849930260678338,9789
1970-01-02 18:36:00+00:00,0.004667432769276303,0.002400090846780632,6871
1970-01-02 18:37:00+00:00,0.00405513476246483,0.0019400159627603294,6958
1970-01-02 18:38:00+00:00,0.0030585493678613003,0.0014632807267236114,6959
1970-01-02 18:39:00+00:00,0.0017009839789748832,0.0008715998442064248,5699
1970-01-02 18:40:00+00:00,0.00682207309605487,0.004795178309223845,9798
1970-01-02 18:41:00+00:00,0.004673372533677159,0.0025799464034379923,6600
1970-01-02 18:42:00+00:00,0.0036359367247604927,0.0021164166024051708,6690
1970-01-02 18:43:00+00:00,0.0028023395020219943,0.001648234144776453,6389
1970-01-02 18:44:00+00:00,0.0020467634231528644,0.0008428645585293108,5284
1970-01-02 18:45:00+00:00,0.006856786562602851,0.004787557861149654,9800
1970-01-02 18:46:00+00:00,0.0035882403350396184,0.0020866933897275867,6408
1970-01-02 18:47:00+00:00,0.0034424531660256683,0.0018150436427514871,6353
1970-01-02 18:48:00+00:00,0.0023107245894959006,0.001347501016152526,6559
1970-01-02 18:49:00+00:00,0.0021147220884050735,0.0009501192637852213,6866
1970-01-02 18:50:00+00:00,0.006740062797997435,0.004732460133370054,9798
1970-01-02 18:51:00+00:00,0.003328414478514279,0.0022205761259457535,7587
1970-01-02 18:52:00+00:00,0.0031543719216427057,0.002062704962789876,6608
1970-01-02 18:53:00+00:00,0.002919384141470015,0.001508218845903814,6180
1970-01-02 18:54:00+00:00,0.0022967663889507475,0.0009725140401409929,6356
1970-01-02 18:55:00+00:00,0.0069012115657913235,0.004727521846974263,9794
1970-01-02 18:56:00+00:00,0.0031097101408536863,0.0017754513109940547,5704
1970-01-02 18:57:00+00:00,0.002524219067323669,0.0016671906557486162,6298
1970-01-02 18:58:00+00:00,0.002471652272966262,0.0014092506832115816,6369
1970-01-02 18:59:00+00:00,0.0013980465325043236,0.0007008184529079708,5441
1970-01-02 19:00:00+00:00,0.006951461154409974,0.004796534258043778,9797
1970-01-02 19:01:00+00:00,0.0037454274992143872,0.002405533830104724,6306
1970-01-02 19:02:00+00:00,0.0032001767531492035,0.0017613087130629178,6771
1970-01-02 19:03:00+00:00,0.0023953567957012813,0.000988319374844602,7042
1970-01-02 19:04:00+00:00,0.0016914007577455115,0.000942349428347338,6397
1970-01-02 19:05:00+00:00,0.006966912802603051,0.004733777748442294,9798
1970-01-02 19:06:00+00:00,0.005470312871928272,0.002479595789969271,5917
1970-01-02 19:07:00+00:00,0.00310156785290477,0.0015462681705586576,5934
1970-01-02 19:08:00+00:00,0.003396421464388378,0.001412454364094683,6009
1970-01-02 19:09:00+00:00,0.002510153924484806,0.0009297620437885341,6422
1970-01-02 19:10:00+00:00,0.006971871708314383,0.004806222806359876,9795
1970-01-02 19:11:00+00:00,0.005313600941999767,0.002486895193895979,7374
1970-01-02 19:12:00+00:00,0.0044745207570338836,0.002330643821713952,6291
1970-01-02 19:13:00+00:00,0.003175524823398012,0.0015451144621896557,4990
1970-01-02 19:14:00+00:00,0.0018106942872755355,0.0006181824707276231,6288
1970-01-02 19:15:00+00:00,0.007019292240816692,0.0048335877207798215,9799
1970-01-02 19:16:00+00:00,0.0043401371491246996,0.0022783914544132066,6449
1970-01-02 19:17:00+00:00,0.0036404332939506917,0.002057305694135562,6187
1970-01-02 19:18:00+00:00,0.0025686406339533907,0.0014097789457734743,7115
1970-01-02 19:19:00+00:00,0.002693483563361119,0.0014741004621665562,6923
1970-01-02 19:20:00+00:00,0.006961098729090249,0.004797177810597026,9798
1970-01-02 19:21:00+00:00,0.0044097014073550605,0.002767155403085517,6548
1970-01-02 19:22:00+00:00,0.00278652781376549,0.0016551198054953736,6066
1970-01-02 19:23:00+00:00,0.002437329602801641,0.0012565576628352853,6667
1970-01-02 19:24:00+00:00,0.002135649342931894,0.0011422676799625626,6652
1970-01-02 19:25:00+00:00,0.006760084218392615,0.00477439858947234,9800
1970-01-02 19:26:00+00:00,0.0034876565546009524,0.002258481496345445,6488
1970-01-02 19:27:00+00:00,0.0035467194113571045,0.0018603613710453997,6558
1970-01-02 19:28:00+00:00,0.002150725507186328,0.0012859229592238814,5940
1970-01-02 19:29:00+00:00,0.0019420144143991696,0.0008757244277337856,6197
1970-01-02 19:30:00+00:00,0.00680142085519782,0.0047913166909013425,9800
1970-01-02 19:31:00+00:00,0.0035249537727874347,0.0022456118722671394,7030
1970-01-02 19:32:00+00:00,0.003981189671557211,0.0016543081634617005,7863
1970-01-02 19:33:00+00:00,0.0029423566337702417,0.0017110561371608247,6077
1970-01-02 19:34:00+00:00,0.003765378228026148,0.0013865756872634798,7330
1970-01-02 19:35:00+00:00,0.006926203820774227,0.004852581047721864,9799
1970-01-02 19:36:00+00:00,0.004154357900627558,0.0021572496865189883,7094
1970-01-02 19:37:00+00:00,0.004306308610708802,0.001971632642586791,6481
1970-01-02 19:38:00+00:00,0.0025039384715678055,0.0014865868905679365,7051
1970-01-02 19:39:00+00:00,0.0022280669325377405,0.0010621324167865319,6170
1970-01-02 19:40:00+00:00,0.006799323581081288,0.004807021574354718,9794
1970-01-02 19:41:00+00:00,0.0034135969384598715,0.0021496710097760182,7477
1970-01-02 19:42:00+00:00,0.003389434178478297,0.0021266500902913385,6212
1970-01-02 19:43:00+00:00,0.0020145939008374,0.001165330678634479,6930
1970-01-02 19:44:00+00:00,0.0014892886434645222,0.000840463789922115,6074
1970-01-02 19:45:00+00:00,0.006721350338075524,0.004751708675020779,9797
1970-01-02 19:46:00+00:00,0.0034995865053689115,0.002308315968011673,6522
1970-01-02 19:47:00+00:00,0.0028687297483659577,0.0016760706770799238,6486
1970-01-02 19:48:00+00:00,0.0015469244712933779,0.0010271560927632149,6653
1970-01-02 19:49:00+00:00,0.0019018476113557591,0.0010571768496008443,6442
1970-01-02 19:50:00+00:00,0.006645595533682327,0.004734496295593609,9799
1970-01-02 19:51:00+00:00,0.003265488422865286,0.0021328063001245516,6710
1970-01-02 19:52:00+00:00,0.003370243464590257,0.0019453104994837246,6825
1970-01-02 19:53:00+00:00,0.003774797405342661,0.0012486110149248256,7758
1970-01-02 19:54:00+00:00,0.0016265783620917351,0.000701557035031522,5958
1970-01-02 19:55:00+00:00,0.006782942521343509,0.0047931509526692,9800
1970-01-02 19:56:00+00:00,0.0043777590911081386,0.002430216623671691,6575
1970-01-02 19:57:00+00:00,0.004123254536417207,0.0019992278394419106,7207
1970-01-02 19:58:00+00:00,0.0036671542857595113,0.0016305644350430599,6553
1970-01-02 19:59:00+00:00,0.0016517716841216558,0.0010285128070851171,6298
1970-01-02 20:00:00+00:00,0.0067604355620226545,0.004808145325713446,9805
1970-01-02 20:01:00+00:00,0.004221744593429508,0.00239189875790194,7285
1970-01-02 20:02:00+00:00,0.003896140462814907,0.0021777629947364488,6764
1970-01-02 20:03:00+00:00,0.0021150985013729936,0.0013876600697068065,5760
1970-01-02 20:04:00+00:00,0.002217896282955972,0.0011595795910890844,6343
1970-01-02 20:05:00+00:00,0.0067659600253358355,0.004806007578879514,9807
1970-01-02 20:06:00+00:00,0.004052039748363459,0.001974133197447221,7047
1970-01-02 20:07:00+00:00,0.0016690420729764863,0.001366221241654826,7324
1970-01-02 20:08:00+00:00,0.002302219678273698,0.001586170259886902,4936
1970-01-02 20:09:00+00:00,0.0015176570546439686,0.0010246809253450276,6399
1970-01-02 20:10:00+00:00,0.00700554526847074,0.004896578271618075,9804
1970-01-02 20:11:00+00:00,0.003194152786085255,0.002210446741199537,7873
1970-01-02 20:12:00+00:00,0.002045804885669712,0.0013911979020902725,6759
1970-01-02 20:13:00+00:00,0.0019267318630280118,0.0013492605590163015,6029
1970-01-02 20:14:00+00:00,0.001373616214106934,0.00090829084654367,5517
1970-01-02 20:15:00+00:00,0.007055745860093635,0.004932181594569042,9796
1970-01-02 20:16:00+00:00,0.005283489642211894,0.0030225336261441495,6272
1970-01-02 20:17:00+00:00,0.003393314108752558,0.0019401763909615132,5755
1970-01-02 20:18:00+00:00,0.0018799914172859913,0.0011098680603759984,5036
1970-01-02 20:19:00+00:00,0.0022915678031222406,0.0009309113595422919,4733
1970-01-02 20:20:00+00:00,0.00659265695691732,0.0047514060746131305,9802
1970-01-02 20:21:00+00:00,0.003984689344693581,0.0017206316028126423,7272
1970-01-02 20:22:00+00:00,0.0037587592085626437,0.0018189858895414775,6469
1970-01-02 20:23:00+00:00,0.0032995341609294046,0.001470840400762158,5806
1970-01-02 20:24:00+00:00,0.0030834515761200146,0.000737652373670966,8241
1970-01-02 20:25:00+00:00,0.00633185810405309,0.004409411830217845,9802
1970-01-02 20:26:00+00:00,0.003255107876927998,0.0018787104978668884,7164
1970-01-02 20:27:00+00:00,0.0036986244301735944,0.0018028092211938307,8401
1970-01-02 20:28:00+00:00,0.002810650138552585,0.001211046333717319,7414
1970-01-02 20:29:00+00:00,0.0017352723897231153,0.0007530475251662571,6385
1970-01-02 20:30:00+00:00,0.006647651136380206,0.004567205417477737,9802
1970-01-02 20:31:00+00:00,0.003550597990427226,0.002340947847098972,8037
1970-01-02 20:32:00+00:00,0.002297370468383027,0.001545043718350408,7643
1970-01-02 20:33:00+00:00,0.0023053423366395337,0.0014398142207453697,6316
1970-01-02 20:34:00+00:00,0.002483302658197119,0.0008315668894139338,6559
1970-01-02 20:35:00+00:00,0.0070190616302934165,0.004902865244637843,9803
1970-01-02 20:36:00+00:00,0.0034158180762654676,0.0022137900887889287,6430
1970-01-02 20:37:00+00:00,0.0034861725478248233,0.002106565305779505,7401
1970-01-02 20:38:00+00:00,0.0023683136173909417,0.0018149224998283246,8046
1970-01-02 20:39:00+00:00,0.002039702185661151,0.001315786228200402,7615
1970-01-02 20:40:00+00:00,0.006995310403445708,0.004880122884480736,9806
1970-01-02 20:41:00+00:00,0.0027907653392796575,0.0021359575655977127,7833
1970-01-02 20:42:00+00:00,0.004162025988048593,0.001903708213036685,7541
1970-01-02 20:43:00+00:00,0.002399981614760114,0.0014847504506239123,6227
1970-01-02 20:44:00+00:00,0.00220672658748609,0.0008657520340206484,7010
1970-01-02 20:45:00+00:00,0.0068312877395330825,0.004863374563169261,9809
1970-01-02 20:46:00+00:00,0.003514177776084961,0.002111334387821604,7348
1970-01-02 20:47:00+00:00,0.00420565292266012,0.0020195980817981998,7186
1970-01-02 20:48:00+00:00,0.0031516619599191256,0.0015857759488495738,6866
1970-01-02 20:49:00+00:00,0.0019654721990349463,0.0010234885408849299,6228
1970-01-02 20:50:00+00:00,0.006819041691808778,0.004914233544585636,9806
1970-01-02 20:51:00+00:00,0.004236880738643332,0.002226259026463566,7611
1970-01-02 20:52:00+00:00,0.0037140634355116893,0.002431664154602525,5316
1970-01-02 20:53:00+00:00,0.0030094574055625914,0.0014365248248200103,5718
1970-01-02 20:54:00+00:00,0.002241658853194753,0.000933915962613644,6145
1970-01-02 20:55:00+00:00,0.0065831184905153035,0.00487929241907569,9805
1970-01-02 20:56:00+00:00,0.004266421351812589,0.0025544397387884305,6066
1970-01-02 20:57:00+00:00,0.0028107388348290814,0.0017431347197956284,8176
1970-01-02 20:58:00+00:00,0.005811864966959581,0.0016393272646937807,8213
1970-01-02 20:59:00+00:00,0.008333144679521795,0.0015410482164747758,7546
1970-01-02 21:00:00+00:00,0.008241009517734326,0.004953811370380008,9808
1970-01-02 21:01:00+00:00,0.011944852431280592,0.003003248439736235,7535
1970-01-02 21:02:00+00:00,0.011203733634844679,0.0030826548187635576,7430
1970-01-02 21:03:00+00:00,0.011512886426552129,0.0028590177604216564,7243
1970-01-02 21:04:00+00:00,0.011041227681584758,0.002574991250435748,6820
1970-01-02 21:05:00+00:00,0.0075620457444928344,0.004814814923861904,9806
1970-01-02 21:06:00+00:00,0.006945985068664114,0.002078022270990939,6711
1970-01-02 21:07:00+00:00,0.009809279412786547,0.0019870014089977735,7071
1970-01-02 21:08:00+00:00,0.005787175383842032,0.0015194610827099515,6785
1970-01-02 21:09:00+00:00,0.010410535627875545,0.0014788796276510236,6878
1970-01-02 21:10:00+00:00,0.007094633072854777,0.0044169099064554585,9807
1970-01-02 21:11:00+00:00,0.008026807301024445,0.0025401995379498625,7382
1970-01-02 21:12:00+00:00,0.00925287043227657,0.002122884552674925,6877
1970-01-02 21:13:00+00:00,0.005028950246412812,0.0020666853642014762,7485
1970-01-02 21:14:00+00:00,0.007444184406045708,0.0016274903385897297,6401
1970-01-02 21:15:00+00:00,0.007149859738073817,0.004319532031435339,9801
1970-01-02 21:16:00+00:00,0.005648319041106423,0.0014643319950353422,6222
1970-01-02 21:17:00+00:00,0.004132420526427181,0.0011401696817537439,6041
1970-01-02 21:18:00+00:00,0.003622680856174567,0.0008383504804620466,6534
1970-01-02 21:19:00+00:00,0.0072767142958439866,0.0012910195072620783,6675
1970-01-02 21:20:00+00:00,0.006912363729376459,0.004065059899409369,9803
1970-01-02 21:21:00+00:00,0.004325393684471497,0.002184004062882079,6223
1970-01-02 21:22:00+00:00,0.0028745703463792663,0.001204472275726227,5300
1970-01-02 21:23:00+00:00,0.003802715024069471,0.001421886158091108,4578
1970-01-02 21:24:00+00:00,0.006059192238053735,0.0010628216405129962,6011
1970-01-02 21:25:00+00:00,0.006900547497589196,0.0041412414802281085,9806
1970-01-02 21:26:00+00:00,0.004078742216314167,0.0022532328930009995,5028
1970-01-02 21:27:00+00:00,0.01035954224239064,0.0024636703408317455,7227
1970-01-02 21:28:00+00:00,0.0057799647969232,0.001060094339271161,5630
1970-01-02 21:29:00+00:00,0.0027579887685839893,0.0010172523953366909,5774
1970-01-02 21:30:00+00:00,0.007013991185898935,0.004159963930263033,9808
1970-01-02 21:31:00+00:00,0.007480563921806146,0.0025943793272360867,7005
1970-01-02 21:32:00+00:00,0.008576470667652294,0.0022445097120312066,5410
1970-01-02 21:33:00+00:00,0.0031738275659152614,0.0014769779387211115,4367
1970-01-02 21:34:00+00:00,0.0023073898092869703,0.001014132174456408,4477
1970-01-02 21:35:00+00:00,0.007142533087364494,0.004206773542982222,9808
1970-01-02 21:36:00+00:00,0.005582758897357852,0.0016685516613965258,5282
1970-01-02 21:37:00+00:00,0.005249633855191479,0.00247308302185452,5160
1970-01-02 21:38:00+00:00,0.006024013807901153,0.0019461922362127638,4598
1970-01-02 21:39:00+00:00,0.00661716269243097,0.0031900736896450445,5907
1970-01-02 21:40:00+00:00,0.007067830900119211,0.0041491071624465865,9804
1970-01-02 21:41:00+00:00,0.0051624616860848896,0.001966189634570603,5517
1970-01-02 21:42:00+00:00,0.005779740710156389,0.0015890033398210793,4714
1970-01-02 21:43:00+00:00,0.0038320254303318597,0.0012379554380853484,5515
1970-01-02 21:44:00+00:00,0.0009377529170174221,0.0003283260164691776,5180
1970-01-02 21:45:00+00:00,0.006705615750512408,0.003978524497506622,9805
1970-01-02 21:46:00+00:00,0.004464297925058821,0.0022497286493539637,3687
1970-01-02 21:47:00+00:00,0.003457468309470696,0.0016208865246947325,5050
1970-01-02 21:48:00+00:00,0.0022821723383603144,0.0011057843733652296,6141
1970-01-02 21:49:00+00:00,0.002142930574448179,0.000796564704820464,5739
1970-01-02 21:50:00+00:00,0.006342181980810418,0.004019564091101075,9803
1970-01-02 21:51:00+00:00,0.0037526335353280102,0.0016400476378639753,5404
1970-01-02 21:52:00+00:00,0.004205640724798477,0.001775244169603458,6099
1970-01-02 21:53:00+00:00,0.003358424256006467,0.001673397325316588,7976
1970-01-02 21:54:00+00:00,0.0022159910519445438,0.0007633522030753338,5043
1970-01-02 21:55:00+00:00,0.006070073817114913,0.004068219201606137,9803
1970-01-02 21:56:00+00:00,0.003916031917577741,0.001795443661367018,4893
1970-01-02 21:57:00+00:00,0.0024782899233341113,0.001275100623250718,7122
1970-01-02 21:58:00+00:00,0.0037331066834358734,0.0011907226785766876,6318
1970-01-02 21:59:00+00:00,0.0035022602153242845,0.0012570755688905116,6775
1970-01-02 22:00:00+00:00,0.005683979828222223,0.003988886269763848,9807
1970-01-02 22:01:00+00:00,0.0033611363119376773,0.0019418220337299153,6293
1970-01-02 22:02:00+00:00,0.0030600667193174157,0.0015641391677838701,5656
1970-01-02 22:03:00+00:00,0.003939038876655024,0.001958297111013606,6211
1970-01-02 22:04:00+00:00,0.0025338406847330865,0.0011328986533704385,5211
1970-01-02 22:05:00+00:00,0.005945118651527937,0.0042475209397946755,9811
1970-01-02 22:06:00+00:00,0.003780640743709134,0.0023748312060118443,4505
1970-01-02 22:07:00+00:00,0.0029195877461588035,0.0020454378628514303,4969
1970-01-02 22:08:00+00:00,0.003122072734197181,0.0019993619548623405,5509
1970-01-02 22:09:00+00:00,0.0023759393788585614,0.0013770066907373012,6361
1970-01-02 22:10:00+00:00,0.006039988871473254,0.004403492822717182,9817
1970-01-02 22:11:00+00:00,0.0036152545433121934,0.002289531549141484,7445
1970-01-02 22:12:00+00:00,0.0037659537747483695,0.0019116910113151386,8008
1970-01-02 22:13:00+00:00,0.0021527565232375865,0.0013827096233927894,6356
1970-01-02 22:14:00+00:00,0.0023923707721447297,0.0012327668186872527,5283
1970-01-02 22:15:00+00:00,0.006156930040445039,0.004396129455921255,9818
1970-01-02 22:16:00+00:00,0.004186297276330641,0.002497017755231876,6092
1970-01-02 22:17:00+00:00,0.0032142791672236694,0.0018867017524840273,5213
1970-01-02 22:18:00+00:00,0.0020862125065791008,0.0012778247827569763,6711
1970-01-02 22:19:00+00:00,0.0016764729728710685,0.0008484911536159307,6318
1970-01-02 22:20:00+00:00,0.006615829056260684,0.004570171714770421,9819
1970-01-02 22:21:00+00:00,0.0037564807105991594,0.002474467977756824,6351
1970-01-02 22:22:00+00:00,0.002943681153583031,0.0019430915453850462,5684
1970-01-02 22:23:00+00:00,0.0018728551523808621,0.0012928891950528738,7376
1970-01-02 22:24:00+00:00,0.0016426337986258038,0.0008726096348796182,6400
1970-01-02 22:25:00+00:00,0.006724111657312706,0.0046756018018867815,9818
1970-01-02 22:26:00+00:00,0.002749167335803664,0.003217048796528369,6562
1970-01-02 22:27:00+00:00,0.0022821140214363727,0.0014475568322646131,7133
1970-01-02 22:28:00+00:00,0.002764062563896143,0.001112856684469974,7974
1970-01-02 22:29:00+00:00,0.0019926568746029853,0.0010095990578738632,7242
1970-01-02 22:30:00+00:00,0.0068626940943331445,0.00477424628295912,9813
1970-01-02 22:31:00+00:00,0.0034264109336006638,0.0018358735651139776,7410
1970-01-02 22:32:00+00:00,0.0024299045827543865,0.0012003266262034548,6259
1970-01-02 22:33:00+00:00,0.002076452136208286,0.001200693049976928,7761
1970-01-02 22:34:00+00:00,0.002555281033529347,0.0009339265753853483,6951
1970-01-02 22:35:00+00:00,0.006790650699241745,0.004841479617501495,9814
1970-01-02 22:36:00+00:00,0.0032366913150290054,0.001775280487226814,6715
1970-01-02 22:37:00+00:00,0.0033787819473811037,0.0016774840785872011,6344
1970-01-02 22:38:00+00:00,0.0019507910353830178,0.0011836027218558945,6364
1970-01-02 22:39:00+00:00,0.0017781594108902952,0.0008075559712928474,6202
1970-01-02 22:40:00+00:00,0.006891295833439724,0.004823682086091939,9810
1970-01-02 22:41:00+00:00,0.002559378224145505,0.0013145563371140835,7078
1970-01-02 22:42:00+00:00,0.0020230544186243594,0.001255529512628471,5985
1970-01-02 22:43:00+00:00,0.00238372408963318,0.0011584569059498648,5195
1970-01-02 22:44:00+00:00,0.002203810206769333,0.0009577056142360808,5928
1970-01-02 22:45:00+00:00,0.005878960736551222,0.004208100827161031,9807
1970-01-02 22:46:00+00:00,0.014656625539996916,0.00432776337720276,6617
1970-01-02 22:47:00+00:00,0.0053008786614001865,0.0024373280193756824,6860
1970-01-02 22:48:00+00:00,0.002879871026241266,0.0014877661057843513,5793
1970-01-02 22:49:00+00:00,0.002487639000438212,0.0009867967649283844,5421
1970-01-02 22:50:00+00:00,0.006819645571108857,0.004675250316406755,9811
1970-01-02 22:51:00+00:00,0.012416871236062534,0.00392624622067556,7751
1970-01-02 22:52:00+00:00,0.009444704953548952,0.0031948500469513755,6043
1970-01-02 22:53:00+00:00,0.010476482829779978,0.004019642522728571,5629
1970-01-02 22:54:00+00:00,0.007520277342506569,0.0029794885798601857,6436
1970-01-02 22:55:00+00:00,0.0068104259374377535,0.004632578864836329,9811
1970-01-02 22:56:00+00:00,0.007518395212270226,0.0038440084271306935,7601
1970-01-02 22:57:00+00:00,0.0041250785308645605,0.0016601234299746992,6597
1970-01-02 22:58:00+00:00,0.00830274230236369,0.002375171862891687,6427
1970-01-02 22:59:00+00:00,0.0029751846134812602,0.0010605586648893901,5654
1970-01-02 23:00:00+00:00,0.00691853682050966,0.004430488526839215,9815
1970-01-02 23:01:00+00:00,0.003989754568659764,0.0018466989560693282,7873
1970-01-02 23:02:00+00:00,0.004255421759454602,0.0020736304996834772,7148
1970-01-02 23:03:00+00:00,0.005467638546614202,0.002129239959888897,5637
1970-01-02 23:04:00+00:00,0.005853700939678923,0.0019448803283584832,6336
1970-01-02 23:05:00+00:00,0.00684103295002832,0.004528645211315616,9816
1970-01-02 23:06:00+00:00,0.0045467675855319755,0.0021198573276992065,5919
1970-01-02 23:07:00+00:00,0.0038119044851220698,0.0019264418151312224,4523
1970-01-02 23:08:00+00:00,0.0064306267661247436,0.0021608619903364023,5354
1970-01-02 23:09:00+00:00,0.003119799192791978,0.0008780471770607752,5158
1970-01-02 23:10:00+00:00,0.00695568813449569,0.004604743900853719,9822
1970-01-02 23:11:00+00:00,0.006616435070122218,0.0027700206037031576,5950
1970-01-02 23:12:00+00:00,0.0023915387947974483,0.0009608006945919513,7745
1970-01-02 23:13:00+00:00,0.00857864403417691,0.002701166515186635,5245
1970-01-02 23:14:00+00:00,0.004037749996325054,0.0012289114861612016,5909
1970-01-02 23:15:00+00:00,0.006959709479884231,0.004516446856127455,9820
1970-01-02 23:16:00+00:00,0.00828376573029884,0.002853178906072273,5172
1970-01-02 23:17:00+00:00,0.004854639628073657,0.002142837160830018,5675
1970-01-02 23:18:00+00:00,0.0047966610497330395,0.0024830344303882384,5541
1970-01-02 23:19:00+00:00,0.0022782805773744062,0.0008567055521194597,5173
1970-01-02 23:20:00+00:00,0.00688509299610429,0.004561439538568739,9819
1970-01-02 23:21:00+00:00,0.004052300262366121,0.002418954985527911,5619
1970-01-02 23:22:00+00:00,0.0023645271162686544,0.0016637629228391582,5680
1970-01-02 23:23:00+00:00,0.0020135938515981285,0.0011010521347061047,4675
1970-01-02 23:24:00+00:00,0.002699046115542439,0.0008907172679566516,4954
1970-01-02 23:25:00+00:00,0.006913916408079771,0.004536300259729447,9820
1970-01-02 23:26:00+00:00,0.004231567599128187,0.0026014178368045718,5705
1970-01-02 23:27:00+00:00,0.00286468309902064,0.0017600487703730585,5481
1970-01-02 23:28:00+00:00,0.002522051949566654,0.0015433462114509127,4556
1970-01-02 23:29:00+00:00,0.0037461483165982345,0.0017268319151629219,4819
1970-01-02 23:30:00+00:00,0.006778536655353618,0.004511970360374802,9817
1970-01-02 23:31:00+00:00,0.004870973817993386,0.002312534809342133,5436
1970-01-02 23:32:00+00:00,0.002949657089236542,0.001408347496515596,6871
1970-01-02 23:33:00+00:00,0.004324561877006877,0.002216501147686165,4518
1970-01-02 23:34:00+00:00,0.0045920177126279275,0.0015655312211453017,5907
1970-01-02 23:35:00+00:00,0.006873052626634742,0.004534804110547477,9819
1970-01-02 23:36:00+00:00,0.0036800701180785653,0.002089167668016497,5583
1970-01-02 23:37:00+00:00,0.003665527062133821,0.0023163540685817987,6294
1970-01-02 23:38:00+00:00,0.006909640552805561,0.002169523127576098,5480
1970-01-02 23:39:00+00:00,0.0026531395220932277,0.0010993501312546027,5264
1970-01-02 23:40:00+00:00,0.006771078981014077,0.00456212948608214,9820
1970-01-02 23:41:00+00:00,0.004312017472242703,0.0016932187561628494,5555
1970-01-02 23:42:00+00:00,0.003389399659399889,0.0019078084754283878,5591
1970-01-02 23:43:00+00:00,0.0022885098635656146,0.001290390956649937,5948
1970-01-02 23:44:00+00:00,0.00172158524588866,0.0008927018161804204,5147
1970-01-02 23:45:00+00:00,0.0067735071995245495,0.004532317354882325,9822
1970-01-02 23:46:00+00:00,0.003961796751931707,0.002149082417223854,4914
1970-01-02 23:47:00+00:00,0.0029053999923458374,0.0015115691524705908,5330
1970-01-02 23:48:00+00:00,0.00249348768956207,0.0013410907153651977,6416
1970-01-02 23:49:00+00:00,0.0034226223800817917,0.0010569872035479948,6848
1970-01-02 23:50:00+00:00,0.006559767405946399,0.0044858484526199135,9823
1970-01-02 23:51:00+00:00,0.00401044065819492,0.0021549779477106714,6145
1970-01-02 23:52:00+00:00,0.0072928106151982945,0.0024370669897819173,5495
1970-01-02 23:53:00+00:00,0.006936524672032281,0.0022111782635502206,4978
1970-01-02 23:54:00+00:00,0.007127640112079768,0.0019680327554965323,6177
1970-01-02 23:55:00+00:00,0.0063567932523972154,0.0045041696537896116,9829
1970-01-02 23:56:00+00:00,0.004997722667265993,0.0025550696618193655,5538
1970-01-02 23:57:00+00:00,0.003136045732674526,0.0020723258674625244,5161
1970-01-02 23:58:00+00:00,0.0021722946130398133,0.001435766146332962,5098
1970-01-02 23:59:00+00:00,0.0020153885382345796,0.001035162745885981,7059
1970-01-03 00:00:00+00:00,0.0058560319336508695,0.004472048599133377,9828
1970-01-03 00:01:00+00:00,0.004800571776168464,0.0027410134963929806,5609
1970-01-03 00:02:00+00:00,0.003278578687143731,0.0021356182816551004,4899
1970-01-03 00:03:00+00:00,0.0022992496650389126,0.0014503132163116992,4731
1970-01-03 00:04:00+00:00,0.001575237190493252,0.000993033620162544,5073
1970-01-03 00:05:00+00:00,0.0058850761311611596,0.004571413254646733,9829
1970-01-03 00:06:00+00:00,0.004731910700815843,0.004196310459008692,4717
1970-01-03 00:07:00+00:00,0.003040321555677064,0.0028478016402902198,6964
1970-01-03 00:08:00+00:00,0.002691511925882711,0.001969214960603522,5826
1970-01-03 00:09:00+00:00,0.0021873722133981936,0.002235956834835299,6580
1970-01-03 00:10:00+00:00,0.005763614271361515,0.004619238907326335,9829
1970-01-03 00:11:00+00:00,0.003212903938668277,0.002644941724329822,7156
1970-01-03 00:12:00+00:00,0.002763695051262721,0.0027673064658886794,6862
1970-01-03 00:13:00+00:00,0.001747410067972291,0.00158645518926503,6774
1970-01-03 00:14:00+00:00,0.0016651336498377557,0.00200801621699989,6724
1970-01-03 00:15:00+00:00,0.006288041061181821,0.004936093293042744,9829
1970-01-03 00:16:00+00:00,0.00334346154583958,0.003337713321877484,5773
1970-01-03 00:17:00+00:00,0.0026169583506147256,0.0029162884106226626,6494
1970-01-03 00:18:00+00:00,0.001998200261583353,0.0020746626521981172,6716
1970-01-03 00:19:00+00:00,0.001257552811005146,0.00122661388399336,5398
1970-01-03 00:20:00+00:00,0.006639958200784533,0.005068825682118396,9828
1970-01-03 00:21:00+00:00,0.003158714289425599,0.00270181623470963,6937
1970-01-03 00:22:00+00:00,0.0028758705912637307,0.002306289545305274,6640
1970-01-03 00:23:00+00:00,0.0019862524059771586,0.001698773304030844,7428
1970-01-03 00:24:00+00:00,0.001979920813219352,0.0011261861396024764,6625
1970-01-03 00:25:00+00:00,0.006594710366298426,0.005149834954385952,9828
1970-01-03 00:26:00+00:00,0.003662508564741296,0.0024880461050670443,7197
1970-01-03 00:27:00+00:00,0.002379584357524138,0.0018723856978591048,6390
1970-01-03 00:28:00+00:00,0.002402812858856079,0.0017929338177741902,5833
1970-01-03 00:29:00+00:00,0.0021391347568816155,0.0012486356896671022,6234
1970-01-03 00:30:00+00:00,0.006669748564561988,0.005124800186600675,9828
1970-01-03 00:31:00+00:00,0.0035220202333010133,0.002246582033444422,6384
1970-01-03 00:32:00+00:00,0.0030545822029375363,0.002013942938142348,5797
1970-01-03 00:33:00+00:00,0.001887146155932205,0.0010995578972896724,5823
1970-01-03 00:34:00+00:00,0.001632903287161775,0.0009319071098122571,5812
1970-01-03 00:35:00+00:00,0.006274317990722872,0.0050047599703156006,9830
1970-01-03 00:36:00+00:00,0.0030777418898901105,0.0030512904400312045,6971
1970-01-03 00:37:00+00:00,0.0021711694477058625,0.0014825628451375702,8034
1970-01-03 00:38:00+00:00,0.002219075452939004,0.0013653591033420914,6986
1970-01-03 00:39:00+00:00,0.002105549876246006,0.005709568708190983,6720
1970-01-03 00:40:00+00:00,0.0065126466068519285,0.004951533613902679,9828
1970-01-03 00:41:00+00:00,0.0028033223775618776,0.0017187866172360966,7220
1970-01-03 00:42:00+00:00,0.002519441432987224,0.0016595999694172343,7265
1970-01-03 00:43:00+00:00,0.0018925695889755827,0.0011826493086625556,7376
1970-01-03 00:44:00+00:00,0.00197520930936388,0.0006703025577717542,7071
1970-01-03 00:45:00+00:00,0.006683787484026535,0.0050640259639856714,9827
1970-01-03 00:46:00+00:00,0.003116177267224026,0.0019703331324728355,5803
1970-01-03 00:47:00+00:00,0.002670758576519728,0.001569795321574251,6539
1970-01-03 00:48:00+00:00,0.002093868758190126,0.001235977459267972,6768
1970-01-03 00:49:00+00:00,0.0015959364157742356,0.0006083521890413275,5203
1970-01-03 00:50:00+00:00,0.006762162010867516,0.005054451079724571,9829
1970-01-03 00:51:00+00:00,0.0027455419028689127,0.0016236378116179552,6680
1970-01-03 00:52:00+00:00,0.0024528028062136514,0.0015050580544914366,6421
1970-01-03 00:53:00+00:00,0.0023706852800253497,0.0013159584393273728,5115
1970-01-03 00:54:00+00:00,0.0018762010093576038,0.0009422508484854117,6362
1970-01-03 00:55:00+00:00,0.007055608031769739,0.005218678023522856,9830
1970-01-03 00:56:00+00:00,0.003552783840832588,0.002063800432322565,6028
1970-01-03 00:57:00+00:00,0.0027126193902138854,0.001485035322499622,6930
1970-01-03 00:58:00+00:00,0.0022636797015281643,0.0012221229718685628,6926
1970-01-03 00:59:00+00:00,0.0018833964566975692,0.0007844550865747695,7479
1970-01-03 01:00:00+00:00,0.007099799139780377,0.00515077393851154,9834
1970-01-03 01:01:00+00:00,0.003454548854941229,0.002066357284112192,6576
1970-01-03 01:02:00+00:00,0.0029937341386564714,0.001833744109987022,6125
1970-01-03 01:03:00+00:00,0.0031351058409190727,0.001582398759390257,5718
1970-01-03 01:04:00+00:00,0.0024587966969722374,0.0010537543040474587,6563
1970-01-03 01:05:00+00:00,0.007103266959733626,0.005119502344762941,9835
1970-01-03 01:06:00+00:00,0.003110819216080987,0.0016853456743051404,6106
1970-01-03 01:07:00+00:00,0.0022935700296555527,0.0015942919374312408,5933
1970-01-03 01:08:00+00:00,0.002144892735571428,0.0012498994626578125,5932
1970-01-03 01:09:00+00:00,0.0018432138661084315,0.0008138566007658844,5715
1970-01-03 01:10:00+00:00,0.00708803446991756,0.005167529028753517,9835
1970-01-03 01:11:00+00:00,0.0040633990845572125,0.0023855637505559783,6097
1970-01-03 01:12:00+00:00,0.002719752869507491,0.0016761350846862357,7303
1970-01-03 01:13:00+00:00,0.003026330230676902,0.0013788954887406504,6726
1970-01-03 01:14:00+00:00,0.0016208435591594155,0.0007031699281672428,6227
1970-01-03 01:15:00+00:00,0.006929086566561101,0.005109692751461303,9837
1970-01-03 01:16:00+00:00,0.003065973473886435,0.0019350031855587704,5922
1970-01-03 01:17:00+00:00,0.0031809657220641854,0.0018095589793789544,6903
1970-01-03 01:18:00+00:00,0.002736056383182182,0.0014217891701276822,6700
1970-01-03 01:19:00+00:00,0.002100067111674718,0.0010542964057895382,5927
1970-01-03 01:20:00+00:00,0.006916520302328271,0.005015384936601578,9836
1970-01-03 01:21:00+00:00,0.004213458939806539,0.0026468956832657125,5851
1970-01-03 01:22:00+00:00,0.002076533326210094,0.0015387311452154766,6813
1970-01-03 01:23:00+00:00,0.0016981008232773754,0.0010598704477658542,6355
1970-01-03 01:24:00+00:00,0.0014190811824408597,0.0007787426608589872,6146
1970-01-03 01:25:00+00:00,0.0067411742420495175,0.004993342160987063,9835
1970-01-03 01:26:00+00:00,0.003256430663045771,0.0021565749912810924,5839
1970-01-03 01:27:00+00:00,0.0028218015647796333,0.0019497280810252713,5587
1970-01-03 01:28:00+00:00,0.00222788037936132,0.0016449240698562554,6763
1970-01-03 01:29:00+00:00,0.0020647023455210227,0.0012005416502989408,5900
1970-01-03 01:30:00+00:00,0.006907481041376811,0.0051520372492930445,9835
1970-01-03 01:31:00+00:00,0.0043670802874273915,0.0027745037282422796,6396
1970-01-03 01:32:00+00:00,0.0025847858329347633,0.0017979393227468912,5822
1970-01-03 01:33:00+00:00,0.0018773457379350701,0.0012239893910872977,5893
1970-01-03 01:34:00+00:00,0.0013038859889513013,0.0012629134719537173,4952
1970-01-03 01:35:00+00:00,0.006974674441594269,0.005218868733542402,9835
1970-01-03 01:36:00+00:00,0.003257823738110742,0.0024688437366732962,5716
1970-01-03 01:37:00+00:00,0.0030236997544060766,0.0021348459234859034,5201
1970-01-03 01:38:00+00:00,0.00233526672428817,0.0015055640748329905,5318
1970-01-03 01:39:00+00:00,0.0015858321893410555,0.0011437188901053858,6437
1970-01-03 01:40:00+00:00,0.007037692714461427,0.00519444634250975,9832
1970-01-03 01:41:00+00:00,0.0027260157781615947,0.0019786446388891247,6230
1970-01-03 01:42:00+00:00,0.0028735299516123073,0.002056057235022462,6526
1970-01-03 01:43:00+00:00,0.0024255701671705896,0.00153600141213361,6035
1970-01-03 01:44:00+00:00,0.002372551519112543,0.001166289893154191,6421
1970-01-03 01:45:00+00:00,0.006943801103942674,0.005134865555602082,9833
1970-01-03 01:46:00+00:00,0.0029299838099597613,0.0016939006736773666,6343
1970-01-03 01:47:00+00:00,0.002707428688908836,0.0015542291077121494,6582
1970-01-03 01:48:00+00:00,0.0026712162927003875,0.0012972226880066666,6503
1970-01-03 01:49:00+00:00,0.001761349923964555,0.0008879869238011331,6321
1970-01-03 01:50:00+00:00,0.0069734595031786676,0.005136920199683613,9834
1970-01-03 01:51:00+00:00,0.003813924435236228,0.002048173768620656,6172
1970-01-03 01:52:00+00:00,0.0036880499130649484,0.0019968146202065384,5936
1970-01-03 01:53:00+00:00,0.001983934751100802,0.0015119764227813342,6305
1970-01-03 01:54:00+00:00,0.00262837814638099,0.0011925587722000366,5705
1970-01-03 01:55:00+00:00,0.0066995782658002415,0.004897072297996856,9835
1970-01-03 01:56:00+00:00,0.003201292698891004,0.0017695353963209268,7286
1970-01-03 01:57:00+00:00,0.0032472088795255654,0.0019102627773604623,7068
1970-01-03 01:58:00+00:00,0.0023237796175435807,0.0016523785265767702,6599
1970-01-03 01:59:00+00:00,0.0019372663160409774,0.0007091077778853549,5228
1970-01-03 02:00:00+00:00,0.006795960759805422,0.005004003022131515,9834
1970-01-03 02:01:00+00:00,0.0029052656475740757,0.0018114831143707267,6915
1970-01-03 02:02:00+00:00,0.0023622036523673084,0.0018386429740411406,5631
1970-01-03 02:03:00+00:00,0.0018013865790872112,0.0013347725768841927,6428
1970-01-03 02:04:00+00:00,0.0020919761896180155,0.0013597520911603034,7121
1970-01-03 02:05:00+00:00,0.006688876809295087,0.004981019676123536,9835
1970-01-03 02:06:00+00:00,0.002717443146982726,0.0020981679003592227,6991
1970-01-03 02:07:00+00:00,0.0020855673285357064,0.001543929576023418,6499
1970-01-03 02:08:00+00:00,0.0016399488499247938,0.0013373384896542973,7074
1970-01-03 02:09:00+00:00,0.0011433539040823961,0.0009339225125890838,6696
1970-01-03 02:10:00+00:00,0.006978787933703383,0.0050983737130864595,9836
1970-01-03 02:11:00+00:00,0.003821213796139632,0.002264112715912842,6721
1970-01-03 02:12:00+00:00,0.0034056144030336927,0.0022828122081108393,6153
1970-01-03 02:13:00+00:00,0.0022152676514941754,0.0014150343140041178,6687
1970-01-03 02:14:00+00:00,0.0020248942438201123,0.0012427171771571854,5832
1970-01-03 02:15:00+00:00,0.007138129489690794,0.0051935946924227105,9834
1970-01-03 02:16:00+00:00,0.0037130026899762436,0.002459497996044887,4904
1970-01-03 02:17:00+00:00,0.0025244942632759158,0.0015531660149821866,6300
1970-01-03 02:18:00+00:00,0.006650894048867773,0.0018053849256088575,6275
1970-01-03 02:19:00+00:00,0.0018701199678276786,0.0010245632905271156,6841
1970-01-03 02:20:00+00:00,0.007031085176022061,0.0052622198610136625,9834
1970-01-03 02:21:00+00:00,0.003503511334559044,0.0021327100223601293,6896
1970-01-03 02:22:00+00:00,0.0038650124570404655,0.002616379895632569,5761
1970-01-03 02:23:00+00:00,0.0033011451877396586,0.0020701518118153065,4971
1970-01-03 02:24:00+00:00,0.0014813028332733588,0.0008090884158503928,5408
1970-01-03 02:25:00+00:00,0.006673238704657652,0.00520121339966404,9834
1970-01-03 02:26:00+00:00,0.0037079950861803918,0.0024024127566636246,6967
1970-01-03 02:27:00+00:00,0.00405029533403931,0.002579981138184014,5662
1970-01-03 02:28:00+00:00,0.0026835526334479083,0.001214487642929789,6833
1970-01-03 02:29:00+00:00,0.0019838831156194234,0.0009585247571960121,6958
1970-01-03 02:30:00+00:00,0.006726230029844732,0.00514603963561217,9834
1970-01-03 02:31:00+00:00,0.0029122679639302846,0.0020360542082849516,6802
1970-01-03 02:32:00+00:00,0.002677790329419118,0.002112698904160724,5915
1970-01-03 02:33:00+00:00,0.0020337923874299666,0.001188847174800642,6780
1970-01-03 02:34:00+00:00,0.0011258087491506834,0.0007625563349941866,5636
1970-01-03 02:35:00+00:00,0.006649184690054575,0.005123734558298263,9833
1970-01-03 02:36:00+00:00,0.0032402646973937917,0.0022239799292198825,6139
1970-01-03 02:37:00+00:00,0.008365194955090782,0.0015785783684978297,6443
1970-01-03 02:38:00+00:00,0.0026080895737648447,0.001437664795217917,5309
1970-01-03 02:39:00+00:00,0.0014889252106680868,0.0008350995122169969,5329
1970-01-03 02:40:00+00:00,0.006562671236028832,0.004878697002735877,9833
1970-01-03 02:41:00+00:00,0.006381734990648229,0.001957233056460843,7044
1970-01-03 02:42:00+00:00,0.0030422058462260355,0.0015204307276665534,6373
1970-01-03 02:43:00+00:00,0.0017258422970689855,0.001143512182672609,6022
1970-01-03 02:44:00+00:00,0.0011146766754196802,0.0007316746691207561,6888
1970-01-03 02:45:00+00:00,0.006569328477454315,0.0048351518066192915,9833
1970-01-03 02:46:00+00:00,0.003167606502232975,0.0018911318305194972,6538
1970-01-03 02:47:00+00:00,0.002510834455726639,0.001605471507424404,7216
1970-01-03 02:48:00+00:00,0.005702290824512461,0.00143848062648193,6407
1970-01-03 02:49:00+00:00,0.0020484579381566,0.0011198811572181778,8057
1970-01-03 02:50:00+00:00,0.006714058223101136,0.004882707173462924,9833
1970-01-03 02:51:00+00:00,0.003443185982808724,0.0023288958416733912,6716
1970-01-03 02:52:00+00:00,0.002470648198165733,0.0016247329537565638,6683
1970-01-03 02:53:00+00:00,0.0015142536311033906,0.001203535053088021,6026
1970-01-03 02:54:00+00:00,0.0015156583150393746,0.0007358305734435657,6806
1970-01-03 02:55:00+00:00,0.006709342082388608,0.004851470131733785,9835
1970-01-03 02:56:00+00:00,0.002373860244400116,0.0015863999665083975,7094
1970-01-03 02:57:00+00:00,0.0023396327629822,0.001537910432911291,7439
1970-01-03 02:58:00+00:00,0.0026269778452576616,0.0013408192959395787,7596
1970-01-03 02:59:00+00:00,0.002635618064014135,0.0009735113719952774,7398
1970-01-03 03:00:00+00:00,0.006801299042105268,0.00497969247012171,9834
1970-01-03 03:01:00+00:00,0.003329967740294225,0.002156116714725253,7019
1970-01-03 03:02:00+00:00,0.0022048796293358043,0.0013505929512867142,6176
1970-01-03 03:03:00+00:00,0.003927649607789308,0.0014176451827713507,5774
1970-01-03 03:04:00+00:00,0.0019273261058710865,0.0007603121800522316,5178
1970-01-03 03:05:00+00:00,0.007036658766116811,0.005110763443199372,9835
1970-01-03 03:06:00+00:00,0.0057162443610193955,0.002368789291292266,6371
1970-01-03 03:07:00+00:00,0.0030241452098788545,0.0014753588525633383,6194
1970-01-03 03:08:00+00:00,0.002817756341307164,0.0013003896924322956,4410
1970-01-03 03:09:00+00:00,0.002248176423325226,0.0008791828481905464,6405
1970-01-03 03:10:00+00:00,0.006516968595155687,0.0050235400182153805,9835
1970-01-03 03:11:00+00:00,0.0038622963677537683,0.002068501109294383,5557
1970-01-03 03:12:00+00:00,0.0022394204683718944,0.0014763274465816067,5575
1970-01-03 03:13:00+00:00,0.0027033703954643783,0.0017003196748076681,5491
1970-01-03 03:14:00+00:00,0.002220633673920984,0.0010183671029934784,5054
1970-01-03 03:15:00+00:00,0.006423001771790547,0.004927184787854533,9835
1970-01-03 03:16:00+00:00,0.0025532883194499083,0.0018889107535565127,6911
1970-01-03 03:17:00+00:00,0.0021478908124247277,0.0016502880748822796,6722
1970-01-03 03:18:00+00:00,0.0018018618932115938,0.0013973204751445303,6001
1970-01-03 03:19:00+00:00,0.0016951242935646462,0.0009200104511412716,5882
1970-01-03 03:20:00+00:00,0.006617861163324314,0.005013871647921054,9833
1970-01-03 03:21:00+00:00,0.0033115057399412014,0.002222991949351453,6322
1970-01-03 03:22:00+00:00,0.0019225005507116676,0.0013744462933910988,7628
1970-01-03 03:23:00+00:00,0.0027311715205443564,0.0015588399439523692,7194
1970-01-03 03:24:00+00:00,0.0027512050685467564,0.0016993758823180666,5576
1970-01-03 03:25:00+00:00,0.006429218523489668,0.004948751293002869,9833
1970-01-03 03:26:00+00:00,0.003759075041209486,0.0023552635885430947,4465
1970-01-03 03:27:00+00:00,0.003314724113376885,0.0019153532073279272,5972
1970-01-03 03:28:00+00:00,0.0025751215757975616,0.0010276556387091465,5752
1970-01-03 03:29:00+00:00,0.0021417397853135734,0.0007612146176915073,5676
1970-01-03 03:30:00+00:00,0.006482245119493182,0.004810022558557344,9833
1970-01-03 03:31:00+00:00,0.0031575344783476727,0.00202414674640738,5966
1970-01-03 03:32:00+00:00,0.0029250098587260054,0.0017143860904728593,6841
1970-01-03 03:33:00+00:00,0.002121039090599311,0.0011073720298696622,5770
1970-01-03 03:34:00+00:00,0.0018776721320483615,0.0007608703544132666,4315
1970-01-03 03:35:00+00:00,0.0067824955851663055,0.0050689054289883816,9834
1970-01-03 03:36:00+00:00,0.004347792739956921,0.0024436467918458227,4855
1970-01-03 03:37:00+00:00,0.0036500590165438563,0.0018440938215956671,4890
1970-01-03 03:38:00+00:00,0.0021150381112945353,0.0012218783378293602,6635
1970-01-03 03:39:00+00:00,0.0018326830769096651,0.0006702818521639216,5870
1970-01-03 03:40:00+00:00,0.006607311400100047,0.004904812402700065,9835
1970-01-03 03:41:00+00:00,0.0027114295652460084,0.0017332730696061045,6663
1970-01-03 03:42:00+00:00,0.002392303500521346,0.0018383601738406821,5717
1970-01-03 03:43:00+00:00,0.0032805203262903006,0.0016219963989304014,6270
1970-01-03 03:44:00+00:00,0.0028418650208774485,0.001118413207487093,6830
1970-01-03 03:45:00+00:00,0.006646411712679452,0.0049391808998313445,9835
1970-01-03 03:46:00+00:00,0.003697694300291622,0.002363483395677184,5616
1970-01-03 03:47:00+00:00,0.0032635006243357896,0.0019090200630067999,5569
1970-01-03 03:48:00+00:00,0.004090692342992718,0.0017607660755293388,6777
1970-01-03 03:49:00+00:00,0.003210460809500265,0.0012465288450514201,6524
1970-01-03 03:50:00+00:00,0.006655031469634853,0.004808659864433889,9835
1970-01-03 03:51:00+00:00,0.0032177913628832606,0.001947811529044231,6393
1970-01-03 03:52:00+00:00,0.00324592723490166,0.0020800998878557023,5919
1970-01-03 03:53:00+00:00,0.003514740104936735,0.0020150867152630516,5625
1970-01-03 03:54:00+00:00,0.0024748891539978393,0.0012915279746180566,5847
1970-01-03 03:55:00+00:00,0.00687652328755254,0.004987899762894607,9835
1970-01-03 03:56:00+00:00,0.004677551734347292,0.002982673023929118,5508
1970-01-03 03:57:00+00:00,0.0034777838414109543,0.0020449098170273053,5713
1970-01-03 03:58:00+00:00,0.003150295528468063,0.0018552286448755288,5197
1970-01-03 03:59:00+00:00,0.0024804692764494574,0.0013523889102310268,5847
1970-01-03 04:00:00+00:00,0.006776918033130574,0.00487712159124731,9835
1970-01-03 04:01:00+00:00,0.00371142174334108,0.0020576040181532994,6013
1970-01-03 04:02:00+00:00,0.004678530665926371,0.0026650224175665876,6213
1970-01-03 04:03:00+00:00,0.0027635939873667916,0.0015576396124398718,6428
1970-01-03 04:04:00+00:00,0.0019196459578701554,0.0008627658782501669,4779
1970-01-03 04:05:00+00:00,0.006866344518841676,0.0049025826564362005,9835
1970-01-03 04:06:00+00:00,0.0032009072547613863,0.0018624379460228594,6803
1970-01-03 04:07:00+00:00,0.0036953990533055833,0.001889387684212867,6313
1970-01-03 04:08:00+00:00,0.0028043197102141275,0.001665030805745676,4607
1970-01-03 04:09:00+00:00,0.0017519771593397027,0.000939613398953841,4690
1970-01-03 04:10:00+00:00,0.006623266109639869,0.0047017539111009815,9835
1970-01-03 04:11:00+00:00,0.00397972175405546,0.0023268539807836447,5321
1970-01-03 04:12:00+00:00,0.0027438729233257653,0.001980890722422611,5162
1970-01-03 04:13:00+00:00,0.0024607391967503478,0.001612527336100642,6338
1970-01-03 04:14:00+00:00,0.0019602175894209485,0.00106478867386686,7142
1970-01-03 04:15:00+00:00,0.006580064309046768,0.004746445487885507,9835
1970-01-03 04:16:00+00:00,0.004181514381921832,0.0024890174044953366,5848
1970-01-03 04:17:00+00:00,0.0027054643018522982,0.001849460378738655,5891
1970-01-03 04:18:00+00:00,0.0023737699411770737,0.0012184948396938892,5507
1970-01-03 04:19:00+00:00,0.002162772695044528,0.0010100935116143994,7687
1970-01-03 04:20:00+00:00,0.006651252313366375,0.004773648512405344,9836
1970-01-03 04:21:00+00:00,0.0031654488849847946,0.0023830417605614543,6716
1970-01-03 04:22:00+00:00,0.0030244732180851725,0.0020838113268127614,7267
1970-01-03 04:23:00+00:00,0.00207977450822228,0.001400755628967013,5837
1970-01-03 04:24:00+00:00,0.0014593080861831777,0.00080268312743656,6469
1970-01-03 04:25:00+00:00,0.0065174244522668194,0.004762037142406265,9835
1970-01-03 04:26:00+00:00,0.003712665514084108,0.002232672988057415,6253
1970-01-03 04:27:00+00:00,0.0027017830035929126,0.0018301465856242532,6132
1970-01-03 04:28:00+00:00,0.002495761850278852,0.0012760410173458334,6090
1970-01-03 04:29:00+00:00,0.001835958910342182,0.0008729917863960898,6089
1970-01-03 04:30:00+00:00,0.006535808870697179,0.004711219140017445,9834
1970-01-03 04:31:00+00:00,0.003511685515661626,0.0021624958912822077,7146
1970-01-03 04:32:00+00:00,0.0022922541366479543,0.0016687308095994673,7806
1970-01-03 04:33:00+00:00,0.0019925019430490822,0.0012794056535815428,6936
1970-01-03 04:34:00+00:00,0.0015794505739507826,0.001110350645939911,7865
1970-01-03 04:35:00+00:00,0.006440287077759076,0.004766427638543051,9834
1970-01-03 04:36:00+00:00,0.0037699616153582223,0.002383887627936587,6698
1970-01-03 04:37:00+00:00,0.0036865202462306045,0.002233547860618762,7324
1970-01-03 04:38:00+00:00,0.0027672137088320986,0.0016159954731364272,6883
1970-01-03 04:39:00+00:00,0.002192153386746282,0.001138308030258542,7184
1970-01-03 04:40:00+00:00,0.006734729660367522,0.004884807945907062,9832
1970-01-03 04:41:00+00:00,0.0036996800032537834,0.0018817990632862748,5581
1970-01-03 04:42:00+00:00,0.0029572828607263213,0.0017078389511252891,5696
1970-01-03 04:43:00+00:00,0.0024027633468619927,0.00093847480284419,6521
1970-01-03 04:44:00+00:00,0.0016857628193819882,0.0007434265389626828,5390
1970-01-03 04:45:00+00:00,0.0065876410460024674,0.004834827029742195,9829
1970-01-03 04:46:00+00:00,0.0038314218542699597,0.002070608455414228,5208
1970-01-03 04:47:00+00:00,0.0034377142131433716,0.0015066127379431474,6454
1970-01-03 04:48:00+00:00,0.0027938197811272912,0.001493483393411807,5551
1970-01-03 04:49:00+00:00,0.002164913101966588,0.0008466853877064386,7420
1970-01-03 04:50:00+00:00,0.00636969698342173,0.004730076580332424,9829
1970-01-03 04:51:00+00:00,0.0031246107842599637,0.0020652006398822424,7158
1970-01-03 04:52:00+00:00,0.002465862948797333,0.0016231141414061578,6217
1970-01-03 04:53:00+00:00,0.0020298330767915813,0.0014306693034337348,6721
1970-01-03 04:54:00+00:00,0.0013976274416606204,0.0008356727640726548,5125
1970-01-03 04:55:00+00:00,0.006577974768890144,0.004936563119319684,9830
1970-01-03 04:56:00+00:00,0.004384916384457022,0.002436382505433067,4385
1970-01-03 04:57:00+00:00,0.0031052374491960027,0.0019821232971803187,5237
1970-01-03 04:58:00+00:00,0.0021395990531869976,0.0013355492935482386,4760
1970-01-03 04:59:00+00:00,0.0016379524496570278,0.0009548697862758518,5995
1970-01-03 05:00:00+00:00,0.006346639028839173,0.004772002869087742,9832
1970-01-03 05:01:00+00:00,0.003588149165782517,0.0022522204629363165,7033
1970-01-03 05:02:00+00:00,0.002693138077955291,0.002073387763751792,7418
1970-01-03 05:03:00+00:00,0.002942246326306062,0.0012679743564162685,7245
1970-01-03 05:04:00+00:00,0.0018291095071587629,0.0011818760274230798,6046
1970-01-03 05:05:00+00:00,0.006470275159665872,0.004775729571508773,9834
1970-01-03 05:06:00+00:00,0.0031396208271493543,0.0019001926371671636,7182
1970-01-03 05:07:00+00:00,0.003474495119405946,0.0018209513500239817,7752
1970-01-03 05:08:00+00:00,0.0025908658036655294,0.0014214494420999257,6994
1970-01-03 05:09:00+00:00,0.0019351982435543615,0.0009775722019117249,6624
1970-01-03 05:10:00+00:00,0.006495672346529867,0.004767156869277185,9835
1970-01-03 05:11:00+00:00,0.0037098734240736,0.0020924788987165856,5640
1970-01-03 05:12:00+00:00,0.0032333169740259866,0.0017935158542205416,7000
1970-01-03 05:13:00+00:00,0.0025241253644421317,0.0014729773383827924,6407
1970-01-03 05:14:00+00:00,0.002084730889456259,0.0010575369100409677,5726
1970-01-03 05:15:00+00:00,0.006356548212456162,0.004828703391998656,9834
1970-01-03 05:16:00+00:00,0.0028972757834846144,0.0016797006397053045,5831
1970-01-03 05:17:00+00:00,0.00270178501028816,0.0016511845703862111,6772
1970-01-03 05:18:00+00:00,0.0022270038584119075,0.0013668561883755231,6395
1970-01-03 05:19:00+00:00,0.0023135132600588765,0.001161985689789482,6578
1970-01-03 05:20:00+00:00,0.00662850707050615,0.0049744441173049025,9832
1970-01-03 05:21:00+00:00,0.004375376295587841,0.0025912842970381607,7050
1970-01-03 05:22:00+00:00,0.002449850621458126,0.001539785828309164,5685
1970-01-03 05:23:00+00:00,0.0024372188627595683,0.0016107932268639136,6033
1970-01-03 05:24:00+00:00,0.0021894931455293002,0.0012093150313575703,6375
1970-01-03 05:25:00+00:00,0.006610620209609298,0.004986154545356382,9830
1970-01-03 05:26:00+00:00,0.002626270615621178,0.001927242531548984,5280
1970-01-03 05:27:00+00:00,0.0035101015500366324,0.0020605369896606867,5446
1970-01-03 05:28:00+00:00,0.0019194567526609134,0.001311075424275345,6163
1970-01-03 05:29:00+00:00,0.0017474683290635501,0.0010388431327579026,6501
1970-01-03 05:30:00+00:00,0.0065238821473279016,0.004982385021717547,9831
1970-01-03 05:31:00+00:00,0.003220225577086525,0.0023531214650302497,6403
1970-01-03 05:32:00+00:00,0.0028778375166159838,0.002195761497858602,5173
1970-01-03 05:33:00+00:00,0.002551505516380827,0.0016401922877878842,5217
1970-01-03 05:34:00+00:00,0.001218696861746075,0.0007327244028156045,5818
1970-01-03 05:35:00+00:00,0.006456068784133765,0.005020276512141031,9830
1970-01-03 05:36:00+00:00,0.002757146541304622,0.0018627045424046136,6377
1970-01-03 05:37:00+00:00,0.0024621045624486615,0.0014841449821919575,4943
1970-01-03 05:38:00+00:00,0.0023532714697124843,0.0014718904725359223,5814
1970-01-03 05:39:00+00:00,0.0019333899633292152,0.0009954134381375118,6094
1970-01-03 05:40:00+00:00,0.006478486292406375,0.004997483441374236,9829
1970-01-03 05:41:00+00:00,0.0032400764679588584,0.003185912938495618,5773
1970-01-03 05:42:00+00:00,0.002317539886287617,0.0017451009760991174,5607
1970-01-03 05:43:00+00:00,0.0019627364197569762,0.0011868733048097458,5501
1970-01-03 05:44:00+00:00,0.001717700063955442,0.0009983624292664883,6168
1970-01-03 05:45:00+00:00,0.006499448221629422,0.005030764163288513,9831
1970-01-03 05:46:00+00:00,0.003350962971719864,0.002203856912248868,6705
1970-01-03 05:47:00+00:00,0.002863210314414323,0.00198408424922606,6105
1970-01-03 05:48:00+00:00,0.0022261730911371617,0.0015380652880502307,5736
1970-01-03 05:49:00+00:00,0.0017283322875722477,0.0009584284346152326,6130
1970-01-03 05:50:00+00:00,0.006548050811921983,0.005030173715782239,9833
1970-01-03 05:51:00+00:00,0.004383888046322307,0.0024262285112358127,6177
1970-01-03 05:52:00+00:00,0.0019949793662976008,0.0016248891051386478,6374
1970-01-03 05:53:00+00:00,0.004125144801326738,0.002502996377009764,6099
1970-01-03 05:54:00+00:00,0.0019370022497969032,0.0011248989468957591,5706
1970-01-03 05:55:00+00:00,0.006585774196236698,0.004902335921879098,9833
1970-01-03 05:56:00+00:00,0.003345571978709581,0.002613196496885078,5585
1970-01-03 05:57:00+00:00,0.002977825633656374,0.002068224014354598,5766
1970-01-03 05:58:00+00:00,0.003411552642278386,0.001239795024296701,5743
1970-01-03 05:59:00+00:00,0.0020369838652547914,0.0011798713559978832,6966
1970-01-03 06:00:00+00:00,0.006739314116172023,0.004968990988884167,9832
1970-01-03 06:01:00+00:00,0.003315033466533491,0.0020746422598099568,6996
1970-01-03 06:02:00+00:00,0.0025353937656673723,0.0016056148949613617,6962
1970-01-03 06:03:00+00:00,0.0019477871975878114,0.0012823923182314924,6411
1970-01-03 06:04:00+00:00,0.0017881906662122735,0.0010805051439569558,5849
1970-01-03 06:05:00+00:00,0.006648722442625058,0.004820050603446993,9833
1970-01-03 06:06:00+00:00,0.0035784494315073746,0.0024694889773255874,6377
1970-01-03 06:07:00+00:00,0.003183496206911928,0.0019573722566877147,6166
1970-01-03 06:08:00+00:00,0.002108980851526339,0.0015166702049044965,6128
1970-01-03 06:09:00+00:00,0.0018505957987175763,0.0011132830854422991,5721
1970-01-03 06:10:00+00:00,0.0069943243752520635,0.005039246712989017,9834
1970-01-03 06:11:00+00:00,0.003414564474101276,0.0026004827373446874,7053
1970-01-03 06:12:00+00:00,0.004433647537039198,0.003160352932081776,6056
1970-01-03 06:13:00+00:00,0.0029091212642316316,0.0018763831153632232,5588
1970-01-03 06:14:00+00:00,0.001642626838891665,0.0008834624512270482,5634
1970-01-03 06:15:00+00:00,0.006810681311765393,0.005096118302343518,9834
1970-01-03 06:16:00+00:00,0.0025831998499340676,0.0019168284334832968,5366
1970-01-03 06:17:00+00:00,0.0034924698158464882,0.0013677434676543786,6011
1970-01-03 06:18:00+00:00,0.002459455711697194,0.0013810238494912752,5236
1970-01-03 06:19:00+00:00,0.002483770587946546,0.0009860402690503368,6580
1970-01-03 06:20:00+00:00,0.006647723748181919,0.004857990568549484,9834
1970-01-03 06:21:00+00:00,0.002498328411646142,0.001773852655092069,6326
1970-01-03 06:22:00+00:00,0.0025258295423766647,0.0016747370073339602,5312
1970-01-03 06:23:00+00:00,0.00215407506321427,0.0014153239980739393,5549
1970-01-03 06:24:00+00:00,0.002129485253334025,0.001004163518271794,6063
1970-01-03 06:25:00+00:00,0.006649432168588324,0.004892018785781099,9834
1970-01-03 06:26:00+00:00,0.003282031786685252,0.0020332274720089873,6522
1970-01-03 06:27:00+00:00,0.0024796684723903412,0.0019392454656591055,6349
1970-01-03 06:28:00+00:00,0.001854549182551205,0.0009272166129801025,5670
1970-01-03 06:29:00+00:00,0.0014679334088456605,0.00080442184845259,4881
1970-01-03 06:30:00+00:00,0.006663001456106263,0.004935372122709578,9835
1970-01-03 06:31:00+00:00,0.004988269820840943,0.0036067448850885977,7152
1970-01-03 06:32:00+00:00,0.002518091228160687,0.0014587010047707786,7290
1970-01-03 06:33:00+00:00,0.0016230181489896689,0.0010559286662021657,7226
1970-01-03 06:34:00+00:00,0.0012960683244281868,0.0006528293260362242,6645
1970-01-03 06:35:00+00:00,0.006725553733439335,0.004915074758452154,9834
1970-01-03 06:36:00+00:00,0.0022326733466073658,0.0011746122177795982,6498
1970-01-03 06:37:00+00:00,0.0023336082807041635,0.0014969101426213474,5874
1970-01-03 06:38:00+00:00,0.0016289659576076284,0.001078997069940743,6031
1970-01-03 06:39:00+00:00,0.0022154561008946496,0.0009063527464382084,6528
1970-01-03 06:40:00+00:00,0.006708151639473805,0.004856827555556744,9834
1970-01-03 06:41:00+00:00,0.002935596675050958,0.0020490923182004796,6393
1970-01-03 06:42:00+00:00,0.002186307965936808,0.001680068628550545,6713
1970-01-03 06:43:00+00:00,0.0018776344610397385,0.0013660360168021132,4467
1970-01-03 06:44:00+00:00,0.0019034923929933355,0.0010162691433335893,5430
1970-01-03 06:45:00+00:00,0.0067065193597198505,0.004934393426260776,9833
1970-01-03 06:46:00+00:00,0.0024459554497720834,0.0016129949509053115,6902
1970-01-03 06:47:00+00:00,0.0023780980801901396,0.0012228869484416322,7037
1970-01-03 06:48:00+00:00,0.0027538580113358802,0.0015445553637746937,6980
1970-01-03 06:49:00+00:00,0.0014950027856621055,0.0007162732395392824,6399
1970-01-03 06:50:00+00:00,0.0063724858803692885,0.00464023353378405,9833
1970-01-03 06:51:00+00:00,0.002852902552932762,0.0018218894266686361,6900
1970-01-03 06:52:00+00:00,0.0023896310205766334,0.0015546609988820934,6559
1970-01-03 06:53:00+00:00,0.002028596098897914,0.0010484827375224616,6309
1970-01-03 06:54:00+00:00,0.0015697590216643324,0.0008669960900979911,5991
1970-01-03 06:55:00+00:00,0.006766713510838746,0.004858599144603672,9834
1970-01-03 06:56:00+00:00,0.002931473109947639,0.001839087310704499,6292
1970-01-03 06:57:00+00:00,0.0027022404781855357,0.0015831757757856656,6792
1970-01-03 06:58:00+00:00,0.0023644143103133653,0.0008211844470268746,6885
1970-01-03 06:59:00+00:00,0.002677220654285345,0.0009777177778658441,7071
1970-01-03 07:00:00+00:00,0.006737981221841149,0.004684472349165849,9832
1970-01-03 07:01:00+00:00,0.002418722690138846,0.0011889617623483237,7321
1970-01-03 07:02:00+00:00,0.002618816028958424,0.0014382912890067603,6864
1970-01-03 07:03:00+00:00,0.002343243171305161,0.0009173751552632403,6337
1970-01-03 07:04:00+00:00,0.0015703101037153715,0.0007058992743955171,6066
1970-01-03 07:05:00+00:00,0.00657461224561186,0.004476766282309315,9832
1970-01-03 07:06:00+00:00,0.0029374819397477857,0.0010350897517818487,7411
1970-01-03 07:07:00+00:00,0.0031282449582167647,0.0013333269086337766,8105
1970-01-03 07:08:00+00:00,0.0027738898713813654,0.000794193688808275,6717
1970-01-03 07:09:00+00:00,0.002736849247455131,0.0007039687287825616,6015
1970-01-03 07:10:00+00:00,0.00643320144731416,0.004332063472270174,9833
1970-01-03 07:11:00+00:00,0.0026818161479176873,0.00159236052231754,7479
1970-01-03 07:12:00+00:00,0.002719849396436616,0.0013892136055683052,6802
1970-01-03 07:13:00+00:00,0.0020260152335801972,0.0011497181498976198,6376
1970-01-03 07:14:00+00:00,0.0016682464194315116,0.0007878412551836452,6629
1970-01-03 07:15:00+00:00,0.006178957963166037,0.004284915733907222,9835
1970-01-03 07:16:00+00:00,0.001779481244068807,0.0011971268686196282,7017
1970-01-03 07:17:00+00:00,0.0022430744906226136,0.0012153491045350253,6770
1970-01-03 07:18:00+00:00,0.001954180416425685,0.0010841541316581162,6694
1970-01-03 07:19:00+00:00,0.00242114602087879,0.0012983446626233797,6762
1970-01-03 07:20:00+00:00,0.006190971224419633,0.004336902507435604,9834
1970-01-03 07:21:00+00:00,0.0024486298247941994,0.0015630269253032961,7507
1970-01-03 07:22:00+00:00,0.001484166023434564,0.0010368429885988925,6890
1970-01-03 07:23:00+00:00,0.0014298367748125217,0.0011506396331020985,6441
1970-01-03 07:24:00+00:00,0.0017164034076871991,0.0008227115408832581,5999
1970-01-03 07:25:00+00:00,0.006221542143149207,0.004418521684536766,9835
1970-01-03 07:26:00+00:00,0.001556371350977721,0.001133767879777404,5975
1970-01-03 07:27:00+00:00,0.001479257921161688,0.001007519371789784,5299
1970-01-03 07:28:00+00:00,0.0014561813065030022,0.000718614655781566,7368
1970-01-03 07:29:00+00:00,0.0013919932744086048,0.0007603979656337357,6831
1970-01-03 07:30:00+00:00,0.0060863738235931155,0.004264648259189761,9835
1970-01-03 07:31:00+00:00,0.002217668483365807,0.0012540554044367315,7731
1970-01-03 07:32:00+00:00,0.0019401537027382855,0.0011832340276949087,6518
1970-01-03 07:33:00+00:00,0.0014188661339956693,0.0009572619767455496,5960
1970-01-03 07:34:00+00:00,0.0017152453036727829,0.0011355616060883822,6081
1970-01-03 07:35:00+00:00,0.005825496814571798,0.004284332843032279,9834
1970-01-03 07:36:00+00:00,0.00171221651688396,0.001227414962953563,6709
1970-01-03 07:37:00+00:00,0.0031267201547049294,0.0036434869087115687,6244
1970-01-03 07:38:00+00:00,0.0025572903625800465,0.002968035641296511,5695
1970-01-03 07:39:00+00:00,0.003977332031667935,0.0015725936205903443,6453
1970-01-03 07:40:00+00:00,0.005701779926892881,0.004267691183132217,9833
1970-01-03 07:41:00+00:00,0.0022585523377800596,0.0012623276499482469,7448
1970-01-03 07:42:00+00:00,0.0027274165503236815,0.0014383503922707627,6117
1970-01-03 07:43:00+00:00,0.002602104747505166,0.001170996781233903,5338
1970-01-03 07:44:00+00:00,0.00168348744314109,0.0006359427878524308,5318
1970-01-03 07:45:00+00:00,0.006227767192705944,0.004250042190552718,9833
1970-01-03 07:46:00+00:00,0.0023204873799531033,0.0010136274667069203,4841
1970-01-03 07:47:00+00:00,0.002870805508197072,0.0010085980386953222,3581
1970-01-03 07:48:00+00:00,0.002776456703106979,0.0009798492226019671,4991
1970-01-03 07:49:00+00:00,0.0019298237556088047,0.0007985648936594621,5538
1970-01-03 07:50:00+00:00,0.006309672458072893,0.004372520009644287,9831
1970-01-03 07:51:00+00:00,0.0022782785931604447,0.0011433474296374123,6891
1970-01-03 07:52:00+00:00,0.00226219413544239,0.0010339850325873825,5820
1970-01-03 07:53:00+00:00,0.002045670542480189,0.0009625186353201352,4389
1970-01-03 07:54:00+00:00,0.0020018867657034325,0.0008077602695368669,3965
1970-01-03 07:55:00+00:00,0.0064147741602592085,0.004511725418999213,9831
1970-01-03 07:56:00+00:00,0.002163800102813069,0.0011044653308872009,4495
1970-01-03 07:57:00+00:00,0.0017485890047948842,0.0008953034176785026,4719
1970-01-03 07:58:00+00:00,0.0014190512257216544,0.001022960407738383,6668
1970-01-03 07:59:00+00:00,0.002529939391057269,0.000869594067583186,5052
1970-01-03 08:00:00+00:00,0.006507881688536389,0.004587216419354406,9832
1970-01-03 08:01:00+00:00,0.0019632643828537692,0.0010154388029861734,5033
1970-01-03 08:02:00+00:00,0.0026039645362250455,0.0015706570705175823,5209
1970-01-03 08:03:00+00:00,0.0018723331887477903,0.0008085162782887706,4376
1970-01-03 08:04:00+00:00,0.0019345221720165533,0.000890781474317877,4045
1970-01-03 08:05:00+00:00,0.006328955626824931,0.004604000410877602,9832
1970-01-03 08:06:00+00:00,0.0018550878089475416,0.001007825374200043,4547
1970-01-03 08:07:00+00:00,0.0015316652508466024,0.000799087700956017,4288
1970-01-03 08:08:00+00:00,0.001825054112750198,0.0010341512100147479,3509
1970-01-03 08:09:00+00:00,0.0018202595274901202,0.0007819632763061587,4345
1970-01-03 08:10:00+00:00,0.006132042321438746,0.004451674519811712,9832
1970-01-03 08:11:00+00:00,0.00250756389379486,0.0012152849711907236,6723
1970-01-03 08:12:00+00:00,0.0018907068841008418,0.001008048260382154,5198
1970-01-03 08:13:00+00:00,0.001409344343927879,0.0009642363139284611,8378
1970-01-03 08:14:00+00:00,0.0011896768889649116,0.0004924521755682571,7874
1970-01-03 08:15:00+00:00,0.0063093043562024945,0.004619185862739338,9833
1970-01-03 08:16:00+00:00,0.0019356477439943908,0.0009985566751921956,4883
1970-01-03 08:17:00+00:00,0.0025294918142229677,0.0011921816496834226,4428
1970-01-03 08:18:00+00:00,0.0019531163636864058,0.000951812552489557,5318
1970-01-03 08:19:00+00:00,0.001965030068263404,0.0009980976791355424,4260
1970-01-03 08:20:00+00:00,0.006255667850552784,0.004602261033494779,9834
1970-01-03 08:21:00+00:00,0.0027767965494127724,0.0014051962184024479,4420
1970-01-03 08:22:00+00:00,0.001963526656676831,0.0011791396178876426,3858
1970-01-03 08:23:00+00:00,0.003277786608991329,0.0019336680693273988,5309
1970-01-03 08:24:00+00:00,0.0029927216005078095,0.001488143094499001,5225
1970-01-03 08:25:00+00:00,0.0062576463643742725,0.004584682234447983,9833
1970-01-03 08:26:00+00:00,0.002247996293963523,0.0014608600296271133,5183
1970-01-03 08:27:00+00:00,0.002527950917702644,0.001921425854175881,5201
1970-01-03 08:28:00+00:00,0.002023125072840708,0.0017111893860808126,5360
1970-01-03 08:29:00+00:00,0.0023171521784371278,0.0015219234760203717,5790
1970-01-03 08:30:00+00:00,0.0060680611495381375,0.004581653893923943,9833
1970-01-03 08:31:00+00:00,0.0032814361268429983,0.0016123959786236628,4815
1970-01-03 08:32:00+00:00,0.0024835278425224764,0.0016495276681607093,5498
1970-01-03 08:33:00+00:00,0.0025843174504191517,0.0017689169237225597,5626
1970-01-03 08:34:00+00:00,0.0024259973644874,0.001544332863460496,5759
1970-01-03 08:35:00+00:00,0.006126346931138961,0.004555057928061849,9832
1970-01-03 08:36:00+00:00,0.0022291778181858066,0.001069929578662974,5410
1970-01-03 08:37:00+00:00,0.003392188930223145,0.0014558326046852272,3211
1970-01-03 08:38:00+00:00,0.003663988139001503,0.0021077590382636052,4213
1970-01-03 08:39:00+00:00,0.0028257532656266147,0.0011196917781439424,4764
1970-01-03 08:40:00+00:00,0.006235238698593867,0.0046052875971506375,9830
1970-01-03 08:41:00+00:00,0.003048509462850298,0.0011575553894799919,5975
1970-01-03 08:42:00+00:00,0.0030898251347611597,0.0014402681325830183,3458
1970-01-03 08:43:00+00:00,0.0033622711431068545,0.0015168798210199608,4454
1970-01-03 08:44:00+00:00,0.0025509653164133596,0.0010721801425134575,5889
1970-01-03 08:45:00+00:00,0.006347859037513646,0.004652001086751914,9830
1970-01-03 08:46:00+00:00,0.002469825092105698,0.0012936012113791283,4551
1970-01-03 08:47:00+00:00,0.002216101291146323,0.0010411723107152965,4308
1970-01-03 08:48:00+00:00,0.001919769195311846,0.0010299982489111598,4186
1970-01-03 08:49:00+00:00,0.0020890126577477945,0.000928777339942783,4028
1970-01-03 08:50:00+00:00,0.006308796341586737,0.004648995440870892,9829
1970-01-03 08:51:00+00:00,0.003129030887923927,0.0014919168563692748,5812
1970-01-03 08:52:00+00:00,0.0023095690086944102,0.0012107708081195467,4438
1970-01-03 08:53:00+00:00,0.0018644512315991425,0.0007653656754078444,4693
1970-01-03 08:54:00+00:00,0.002104334845054706,0.0011032992075584176,5503
1970-01-03 08:55:00+00:00,0.006185479787154852,0.0046547911078290245,9830
1970-01-03 08:56:00+00:00,0.0025500931066325845,0.0012521705973053843,3429
1970-01-03 08:57:00+00:00,0.002001834258903997,0.0009554419650756905,3534
1970-01-03 08:58:00+00:00,0.0022629180350951243,0.0012142593139991425,3163
1970-01-03 08:59:00+00:00,0.0024533088769436795,0.0009554914681308267,5241
1970-01-03 09:00:00+00:00,0.0061969216488118655,0.004668685575534233,9831
1970-01-03 09:01:00+00:00,0.0042812185495441964,0.002110434807383355,4349
1970-01-03 09:02:00+00:00,0.0029746692742593193,0.0011780365198621704,3880
1970-01-03 09:03:00+00:00,0.002332810452432154,0.0009057097947807986,4398
1970-01-03 09:04:00+00:00,0.0016225604259054549,0.0007423408340085128,5539
1970-01-03 09:05:00+00:00,0.006165739482100029,0.004643447889941524,9831
1970-01-03 09:06:00+00:00,0.0036786526380041505,0.0015838811700176014,3018
1970-01-03 09:07:00+00:00,0.002849559666753589,0.0014472144888320083,3555
1970-01-03 09:08:00+00:00,0.003278812332445037,0.0015038069788179853,2853
1970-01-03 09:09:00+00:00,0.002732109960722229,0.0009993121085430578,4828
1970-01-03 09:10:00+00:00,0.006327968068340669,0.004678633927120716,9831
1970-01-03 09:11:00+00:00,0.002833546549981927,0.0013282385191899088,3115
1970-01-03 09:12:00+00:00,0.003626812567895443,0.001446702618007701,2767
1970-01-03 09:13:00+00:00,0.003473471324482344,0.0013981343565574618,3257
1970-01-03 09:14:00+00:00,0.002362070193293203,0.001029510181484827,4327
1970-01-03 09:15:00+00:00,0.006067163013843584,0.004676057075629064,9831
1970-01-03 09:16:00+00:00,0.0025668001460457945,0.0012244519359337358,3680
1970-01-03 09:17:00+00:00,0.002569963120480431,0.0011407904355536884,2888
1970-01-03 09:18:00+00:00,0.0024013591025065337,0.0009069891425887565,4100
1970-01-03 09:19:00+00:00,0.0017127036727399504,0.0006696863365397979,4879
1970-01-03 09:20:00+00:00,0.005782899328339118,0.0045688946226373605,9832
1970-01-03 09:21:00+00:00,0.0019903142775606025,0.0007485202572866082,3121
1970-01-03 09:22:00+00:00,0.0017197243821087112,0.000761286384726694,4725
1970-01-03 09:23:00+00:00,0.0028837202405372583,0.001337489239027682,4801
1970-01-03 09:24:00+00:00,0.0019802224334040997,0.000934807249085324,5593
1970-01-03 09:25:00+00:00,0.005957068409368159,0.004603727672151729,9833
1970-01-03 09:26:00+00:00,0.002524949849460492,0.0011479798835173443,3818
1970-01-03 09:27:00+00:00,0.0024184440063380157,0.0008592046115304695,5100
1970-01-03 09:28:00+00:00,0.0016192447519935422,0.0006398985562855223,4770
1970-01-03 09:29:00+00:00,0.0012762705945321357,0.0005379798854638009,5212
1970-01-03 09:30:00+00:00,0.0058220780276703405,0.004540896966682613,9833
1970-01-03 09:31:00+00:00,0.003069737273720258,0.0015665165552254112,5373
1970-01-03 09:32:00+00:00,0.00228538610262682,0.000970141569815934,5017
1970-01-03 09:33:00+00:00,0.0036971244753427135,0.0028466555882881196,5422
1970-01-03 09:34:00+00:00,0.0025744635054211528,0.002205518593441071,6201
1970-01-03 09:35:00+00:00,0.005280616969548274,0.004424253984484566,9833
1970-01-03 09:36:00+00:00,0.002768087567259994,0.0012294135697667016,4980
1970-01-03 09:37:00+00:00,0.002505924221334884,0.0009637515462266411,3993
1970-01-03 09:38:00+00:00,0.0016405428634257576,0.0005701692585642776,4795
1970-01-03 09:39:00+00:00,0.0021929945805140624,0.0006695177964421536,6347
1970-01-03 09:40:00+00:00,0.005184550384498709,0.004274738942545087,9832
1970-01-03 09:41:00+00:00,0.00377186189974948,0.0012892059147985933,6964
1970-01-03 09:42:00+00:00,0.00250188122083107,0.0010743745389501648,4925
1970-01-03 09:43:00+00:00,0.002097372691478189,0.0009677246688791029,4313
1970-01-03 09:44:00+00:00,0.0025598172209764917,0.0007968236321697125,5459
1970-01-03 09:45:00+00:00,0.005211276506758624,0.004279359394700117,9830
1970-01-03 09:46:00+00:00,0.0022932608154741345,0.0011399179613350778,6938
1970-01-03 09:47:00+00:00,0.0018196078127615584,0.0009110971393238545,4550
1970-01-03 09:48:00+00:00,0.0013759212102245984,0.0006834257031196738,6101
1970-01-03 09:49:00+00:00,0.0018217006890194319,0.000719428560973007,6517
1970-01-03 09:50:00+00:00,0.00526961721112543,0.0042885421645469145,9830
1970-01-03 09:51:00+00:00,0.004086922477444794,0.0020378719875290127,6023
1970-01-03 09:52:00+00:00,0.00149714501124995,0.0006690534415942219,7370
1970-01-03 09:53:00+00:00,0.001443169242280892,0.0009173512102577338,6338
1970-01-03 09:54:00+00:00,0.0016566910360789745,0.0009390887854574495,4642
1970-01-03 09:55:00+00:00,0.005547418578872735,0.004417923655210648,9830
1970-01-03 09:56:00+00:00,0.0023338416184732016,0.0013363828588604876,5909
1970-01-03 09:57:00+00:00,0.002644326235954664,0.001311807674228043,7869
1970-01-03 09:58:00+00:00,0.005057266671824318,0.0024553942326951354,7433
1970-01-03 09:59:00+00:00,0.00311380084481069,0.0012118156511721021,5748
1970-01-03 10:00:00+00:00,0.0055258183747049685,0.0043658268868605994,9831
1970-01-03 10:01:00+00:00,0.002558039525710863,0.0010891727875413872,5736
1970-01-03 10:02:00+00:00,0.0021194815285981937,0.0009923634118884784,6706
1970-01-03 10:03:00+00:00,0.002511025241467857,0.001102213505967953,7362
1970-01-03 10:04:00+00:00,0.0018265760838606807,0.000696506357859474,7030
1970-01-03 10:05:00+00:00,0.005303124766663899,0.00422387167058035,9831
1970-01-03 10:06:00+00:00,0.002769139970657325,0.0014071948482398502,6769
1970-01-03 10:07:00+00:00,0.0020935632158961747,0.0010433291937713305,7112
1970-01-03 10:08:00+00:00,0.0017148960828243405,0.001039174342789988,7171
1970-01-03 10:09:00+00:00,0.0018102079587821547,0.0008025948966080213,5813
1970-01-03 10:10:00+00:00,0.0051355186570276904,0.0042276357158553945,9833
1970-01-03 10:11:00+00:00,0.0024155442321148204,0.0015068656095470973,6934
1970-01-03 10:12:00+00:00,0.0016259927456668075,0.0011053196785267658,7609
1970-01-03 10:13:00+00:00,0.0013633683901056847,0.0007241666361264181,7102
1970-01-03 10:14:00+00:00,0.0011744058190908116,0.0007532165332597179,6585
1970-01-03 10:15:00+00:00,0.005206460496894096,0.004221795260620382,9833
1970-01-03 10:16:00+00:00,0.002843406365328776,0.0016474257190338658,6912
1970-01-03 10:17:00+00:00,0.002427939477227429,0.0014579929942824272,6711
1970-01-03 10:18:00+00:00,0.001722307502339482,0.0007238834982709542,6959
1970-01-03 10:19:00+00:00,0.001216055269161585,0.0006002193734855484,4041
1970-01-03 10:20:00+00:00,0.005707965173717751,0.004388498089820561,9833
1970-01-03 10:21:00+00:00,0.0019078064286265053,0.0014088026203273652,7076
1970-01-03 10:22:00+00:00,0.0020527205051999293,0.001411008009969707,6348
1970-01-03 10:23:00+00:00,0.003227716436834054,0.0023437648666724546,5301
1970-01-03 10:24:00+00:00,0.0025424260241602675,0.0014786043881839233,5367
1970-01-03 10:25:00+00:00,0.005868599547892105,0.004492838121208837,9832
1970-01-03 10:26:00+00:00,0.004262757906163435,0.0024881111173789905,6384
1970-01-03 10:27:00+00:00,0.0028419160463873786,0.0019532946209186723,6314
1970-01-03 10:28:00+00:00,0.0011929339586872103,0.0008475649624118468,7304
1970-01-03 10:29:00+00:00,0.0011906258990655744,0.0005141801319676284,6128
1970-01-03 10:30:00+00:00,0.005870216076727487,0.004529592314733439,9832
1970-01-03 10:31:00+00:00,0.002566746493382367,0.001355714572409608,6197
1970-01-03 10:32:00+00:00,0.0018052723598274262,0.0009898230633004434,5740
1970-01-03 10:33:00+00:00,0.0014672222283676794,0.0007369230235765528,6901
1970-01-03 10:34:00+00:00,0.0009200242585455062,0.00048465531388656427,6323
1970-01-03 10:35:00+00:00,0.005935783929234257,0.004484246323998207,9832
1970-01-03 10:36:00+00:00,0.0025810572960316114,0.0014166348080929063,6668
1970-01-03 10:37:00+00:00,0.0023688883915189496,0.0014886699660837776,6271
1970-01-03 10:38:00+00:00,0.0011323070585524588,0.0009316846685193282,6428
1970-01-03 10:39:00+00:00,0.0011798847021061007,0.00045368996201829897,6795
1970-01-03 10:40:00+00:00,0.0055456185011361035,0.004419754029210236,9831
1970-01-03 10:41:00+00:00,0.001952314166770628,0.0011562615835265008,5634
1970-01-03 10:42:00+00:00,0.0022100068393277263,0.0013490841770871546,6436
1970-01-03 10:43:00+00:00,0.001979516861815607,0.0013445674088820182,5816
1970-01-03 10:44:00+00:00,0.0011778607678709346,0.0007437924775650464,5467
1970-01-03 10:45:00+00:00,0.005995099290869751,0.0043982830317457295,9832
1970-01-03 10:46:00+00:00,0.0030852296877032777,0.0018907664737085963,6164
1970-01-03 10:47:00+00:00,0.0031420982773922496,0.002086674677651676,6573
1970-01-03 10:48:00+00:00,0.0018941036750825403,0.0010792497705899918,7996
1970-01-03 10:49:00+00:00,0.0014358929908069272,0.0008753370826073317,8019
1970-01-03 10:50:00+00:00,0.0056494143703568565,0.004208306546341287,9832
1970-01-03 10:51:00+00:00,0.002964242480799427,0.0012876363565176218,8058
1970-01-03 10:52:00+00:00,0.0018239794425928416,0.0009699324822785897,7952
1970-01-03 10:53:00+00:00,0.0030474687295639585,0.0012384417625572873,7763
1970-01-03 10:54:00+00:00,0.0017433191738948763,0.0009577241990111472,6562
1970-01-03 10:55:00+00:00,0.0058370358225909354,0.0043037176025620075,9832
1970-01-03 10:56:00+00:00,0.002075057930410324,0.001350474072012471,7504
1970-01-03 10:57:00+00:00,0.004490147817903532,0.0012291043701376215,8009
1970-01-03 10:58:00+00:00,0.0022349023609771826,0.0010526378490038027,7554
1970-01-03 10:59:00+00:00,0.001988397725094124,0.001083686451564275,7094
1970-01-03 11:00:00+00:00,0.0057158360153699884,0.0042953671121795,9832
1970-01-03 11:01:00+00:00,0.0025831277477136555,0.0015239403772734684,7785
1970-01-03 11:02:00+00:00,0.001881762159094424,0.0011569738489501848,6738
1970-01-03 11:03:00+00:00,0.001983090442329601,0.0011450963204098902,7134
1970-01-03 11:04:00+00:00,0.0012693589671367855,0.0006341773367203966,6434
1970-01-03 11:05:00+00:00,0.005698790094977357,0.004277677437167523,9832
1970-01-03 11:06:00+00:00,0.003277357500673243,0.0016896251387696112,6105
1970-01-03 11:07:00+00:00,0.0020068029407996355,0.0011642489815189233,5855
1970-01-03 11:08:00+00:00,0.001852734829207168,0.0013284576796279734,5866
1970-01-03 11:09:00+00:00,0.001768601388434193,0.0010336567362360884,5672
1970-01-03 11:10:00+00:00,0.005927729458619618,0.004387087330421913,9833
1970-01-03 11:11:00+00:00,0.002411364486016124,0.0011867461412023352,6929
1970-01-03 11:12:00+00:00,0.0024425828420489774,0.0015640101521974081,6259
1970-01-03 11:13:00+00:00,0.002919074817387237,0.0012109991510381806,6165
1970-01-03 11:14:00+00:00,0.001491204701921633,0.0007254091701277474,6370
1970-01-03 11:15:00+00:00,0.005672601282571803,0.004247773262257796,9832
1970-01-03 11:16:00+00:00,0.0024849418934099633,0.0015989826086419822,6320
1970-01-03 11:17:00+00:00,0.002285850461274336,0.0013629839152647482,7080
1970-01-03 11:18:00+00:00,0.0023569195372940585,0.0013626571282513659,6985
1970-01-03 11:19:00+00:00,0.0015855995732382735,0.0007632533391552384,6807
1970-01-03 11:20:00+00:00,0.005875906570935582,0.004394865032018855,9832
1970-01-03 11:21:00+00:00,0.0030416091504235753,0.0019978123960185993,6605
1970-01-03 11:22:00+00:00,0.002073641681932852,0.001133553813383154,7075
1970-01-03 11:23:00+00:00,0.0016381978552933356,0.0008143435859895946,5386
1970-01-03 11:24:00+00:00,0.0015621128023843183,0.0009968697505779878,6464
1970-01-03 11:25:00+00:00,0.006292006193941335,0.0045073081668463464,9832
1970-01-03 11:26:00+00:00,0.0015907813159094146,0.0008669246277250035,6035
1970-01-03 11:27:00+00:00,0.0016266477682985688,0.000869954147665754,5608
1970-01-03 11:28:00+00:00,0.0014548967928890663,0.0007587014618566484,4736
1970-01-03 11:29:00+00:00,0.00140030160634685,0.0006346912847368706,5159
1970-01-03 11:30:00+00:00,0.005949880207403864,0.004377554174954296,9832
1970-01-03 11:31:00+00:00,0.0031910179285080916,0.0017091320077775062,7767
1970-01-03 11:32:00+00:00,0.0025572856933977254,0.0013591628951782214,7143
1970-01-03 11:33:00+00:00,0.00184052917595717,0.0010036812193001668,6215
1970-01-03 11:34:00+00:00,0.002044017791138956,0.0009265980666463757,5781
1970-01-03 11:35:00+00:00,0.005882242730800899,0.0043153286537925915,9832
1970-01-03 11:36:00+00:00,0.002403246790609657,0.0015762144030325017,6030
1970-01-03 11:37:00+00:00,0.0043433980205549155,0.0025572621852580253,7630
1970-01-03 11:38:00+00:00,0.0023231113653725947,0.001138090152203773,6851
1970-01-03 11:39:00+00:00,0.0018448808035159414,0.000793786263923462,6593
1970-01-03 11:40:00+00:00,0.006064112973853572,0.004463900214384266,9832
1970-01-03 11:41:00+00:00,0.004118102298449907,0.002547095993932091,6745
1970-01-03 11:42:00+00:00,0.002542110100076734,0.0014408631491557961,6673
1970-01-03 11:43:00+00:00,0.0032864854487989217,0.001551407848710658,7148
1970-01-03 11:44:00+00:00,0.0017666533951184182,0.0007993443022564123,7241
1970-01-03 11:45:00+00:00,0.00630516051723395,0.004482515433991466,9788
1970-01-03 11:46:00+00:00,0.0027991924677881644,0.001443786493933835,7091
1970-01-03 11:47:00+00:00,0.0019486861796283131,0.0010090202589046913,7468
1970-01-03 11:48:00+00:00,0.0023174033743816255,0.0012832833849938988,6278
1970-01-03 11:49:00+00:00,0.0029972259521484227,0.0013933358125908396,5576
1970-01-03 11:50:00+00:00,0.006647457440889819,0.004626366348672439,9736
1970-01-03 11:51:00+00:00,0.004376826980521345,0.0027221811196577656,5045
1970-01-03 11:52:00+00:00,0.003441689681907672,0.00220146947691648,5335
1970-01-03 11:53:00+00:00,0.003171851294331102,0.0017284471785202348,5692
1970-01-03 11:54:00+00:00,0.002434199190536434,0.0013211099567452262,5319
1970-01-03 11:55:00+00:00,0.006253335457250788,0.004557364484212969,9815
1970-01-03 11:56:00+00:00,0.003366277606439892,0.0019326838505468213,6449
1970-01-03 11:57:00+00:00,0.002916145370637744,0.001767957511004064,6690
1970-01-03 11:58:00+00:00,0.0027243983939860663,0.001335081587220657,6671
1970-01-03 11:59:00+00:00,0.0014851088699039756,0.0007287008472671476,6232
1970-01-03 12:00:00+00:00,0.006299204697097222,0.004578133343024506,9756
1970-01-03 12:01:00+00:00,0.003520622067567944,0.0019198317266890328,6181
1970-01-03 12:02:00+00:00,0.0033036249970940456,0.0019063425405016913,5776
1970-01-03 12:03:00+00:00,0.0030947461246338646,0.0020425622779350347,6440
1970-01-03 12:04:00+00:00,0.003226671177668553,0.0014339295411241073,5563
1970-01-03 12:05:00+00:00,0.006336619225479295,0.004597531488366678,9790
1970-01-03 12:06:00+00:00,0.003793735766034527,0.002105990867169303,5925
1970-01-03 12:07:00+00:00,0.0027014901495177835,0.00164884915341892,7028
1970-01-03 12:08:00+00:00,0.002935308820508898,0.0017568087547936155,6734
1970-01-03 12:09:00+00:00,0.0018093814245165921,0.0010636195799186559,5932
1970-01-03 12:10:00+00:00,0.0060843343649023525,0.004346728714181273,9827
1970-01-03 12:11:00+00:00,0.0033976961070204988,0.0019925406568475717,6343
1970-01-03 12:12:00+00:00,0.003948117359488123,0.0022316484560271277,5654
1970-01-03 12:13:00+00:00,0.003267704116309878,0.00245177081443339,6561
1970-01-03 12:14:00+00:00,0.0031806480221067586,0.0016573897450739296,6019
1970-01-03 12:15:00+00:00,0.00597834908400146,0.0044816461435561545,9638
1970-01-03 12:16:00+00:00,0.0034911164519866103,0.0019060349182374425,6673
1970-01-03 12:17:00+00:00,0.002985919238936964,0.0014507177165481056,6151
1970-01-03 12:18:00+00:00,0.00503069435354172,0.003086452318775813,6663
1970-01-03 12:19:00+00:00,0.003665435336476545,0.002441778523432257,6727
1970-01-03 12:20:00+00:00,0.006166130096214428,0.004420269431720661,9645
1970-01-03 12:21:00+00:00,0.003614575573451822,0.001997251356659138,6086
1970-01-03 12:22:00+00:00,0.003346510461017434,0.0021777372682931493,6876
1970-01-03 12:23:00+00:00,0.002733381221359923,0.0016245558017146829,6353
1970-01-03 12:24:00+00:00,0.0018083242278584982,0.0009609372271902234,6487
1970-01-03 12:25:00+00:00,0.0063288473616289935,0.00449510161022221,9720
1970-01-03 12:26:00+00:00,0.0038682305158220464,0.0021302557776170104,5885
1970-01-03 12:27:00+00:00,0.002816158830196331,0.0015361192897150946,5578
1970-01-03 12:28:00+00:00,0.0030751290444327945,0.0018396817151346834,5409
1970-01-03 12:29:00+00:00,0.0026562716572160654,0.0013844388600883582,5701
1970-01-03 12:30:00+00:00,0.006327982992556469,0.004522878307423917,9714
1970-01-03 12:31:00+00:00,0.00426501128774192,0.0023101294914553883,6240
1970-01-03 12:32:00+00:00,0.0032635097694700102,0.0018786193774898226,7078
1970-01-03 12:33:00+00:00,0.003354749408230278,0.0020911521644037144,6566
1970-01-03 12:34:00+00:00,0.002146783030627258,0.0013380537470636705,7044
1970-01-03 12:35:00+00:00,0.006056746419369311,0.004450103292660067,9720
1970-01-03 12:36:00+00:00,0.0029278044414856566,0.0019973880956091756,6558
1970-01-03 12:37:00+00:00,0.0032668668013756032,0.0020335957390789964,5231
1970-01-03 12:38:00+00:00,0.0030276885280938514,0.0018090086179612928,5868
1970-01-03 12:39:00+00:00,0.0030477166883787275,0.0016470851211631019,5635
1970-01-03 12:40:00+00:00,0.006328937738206963,0.004550725017060477,9643
1970-01-03 12:41:00+00:00,0.004222372898542566,0.002255242817588699,5460
1970-01-03 12:42:00+00:00,0.002685828308547272,0.0015175791358313026,5857
1970-01-03 12:43:00+00:00,0.003947120634302,0.0020957727289970013,6661
1970-01-03 12:44:00+00:00,0.0027238382764887405,0.00131379244955411,6363
1970-01-03 12:45:00+00:00,0.006825318080877464,0.004685141571161234,9732
1970-01-03 12:46:00+00:00,0.0037549187137246947,0.0017674435691896531,5827
1970-01-03 12:47:00+00:00,0.002610774784011695,0.0014118728579569505,6448
1970-01-03 12:48:00+00:00,0.0027722606175234993,0.0015311912709184568,6297
1970-01-03 12:49:00+00:00,0.0031768125921464224,0.0017490639175169005,5910
1970-01-03 12:50:00+00:00,0.006985322195171079,0.004794925897066855,9776
1970-01-03 12:51:00+00:00,0.0028338031824866987,0.0015584186583934383,6278
1970-01-03 12:52:00+00:00,0.00198617232366795,0.0009283327075147399,6297
1970-01-03 12:53:00+00:00,0.0024739538228205557,0.0012846517411098295,6971
1970-01-03 12:54:00+00:00,0.002192536351435742,0.0009952344893502576,6760
1970-01-03 12:55:00+00:00,0.006808188975375083,0.004664621058717562,9696
1970-01-03 12:56:00+00:00,0.002850394550763333,0.0015121556877877001,6980
1970-01-03 12:57:00+00:00,0.0033818289951867615,0.0015370282246991635,6348
1970-01-03 12:58:00+00:00,0.003135723235396982,0.0017202896584759956,5213
1970-01-03 12:59:00+00:00,0.002154016309618965,0.0012254076435071499,5599
1970-01-03 13:00:00+00:00,0.006827162895557232,0.004704008401874386,9681
1970-01-03 13:01:00+00:00,0.0035191673594914975,0.0017846405786562667,5448
1970-01-03 13:02:00+00:00,0.0026234090275775307,0.0012242186698083453,5420
1970-01-03 13:03:00+00:00,0.0029198876072417898,0.00151146961604581,5011
1970-01-03 13:04:00+00:00,0.002629890953206508,0.0014049748166940846,6216
1970-01-03 13:05:00+00:00,0.006724110767049863,0.004650874288642161,9637
1970-01-03 13:06:00+00:00,0.003173950094746907,0.0015998173745280665,4671
1970-01-03 13:07:00+00:00,0.003577965103473344,0.0021774349686374023,5961
1970-01-03 13:08:00+00:00,0.0035673459081675685,0.002024942528621794,4850
1970-01-03 13:09:00+00:00,0.0037446605557540083,0.0020533882452325983,4637
1970-01-03 13:10:00+00:00,0.006973808055463158,0.004718408753822979,9665
1970-01-03 13:11:00+00:00,0.004369400394469545,0.0020975627109013103,5111
1970-01-03 13:12:00+00:00,0.004642291874560103,0.0022300843858362005,4944
1970-01-03 13:13:00+00:00,0.0034084858421260995,0.001704264502055125,4640
1970-01-03 13:14:00+00:00,0.002889027155449874,0.0012755919972615678,4232
1970-01-03 13:15:00+00:00,0.007030344626372202,0.004761598877041266,9638
1970-01-03 13:16:00+00:00,0.004838519466187807,0.002547574430287851,4259
1970-01-03 13:17:00+00:00,0.004282540453366094,0.0017013860281396636,5369
1970-01-03 13:18:00+00:00,0.003629542118560051,0.0014975723154906837,6470
1970-01-03 13:19:00+00:00,0.0033344864761698447,0.0016324350541743245,4736
1970-01-03 13:20:00+00:00,0.006976720685051008,0.004791497714398335,9672
1970-01-03 13:21:00+00:00,0.004014571761847384,0.002092596849564661,5065
1970-01-03 13:22:00+00:00,0.002548616968502588,0.0013907070078256767,5478
1970-01-03 13:23:00+00:00,0.003253661347623344,0.0016729183096996652,4584
1970-01-03 13:24:00+00:00,0.003175206957357046,0.0018040287587852582,4525
1970-01-03 13:25:00+00:00,0.006650383441394148,0.00474165431910132,9639
1970-01-03 13:26:00+00:00,0.003625668041549544,0.001819662686699017,3397
1970-01-03 13:27:00+00:00,0.0033304843107296042,0.001943740640834459,5357
1970-01-03 13:28:00+00:00,0.0031648125464625336,0.0019311075308150773,4484
1970-01-03 13:29:00+00:00,0.002394175844039098,0.0011846474103377781,4300
1970-01-03 13:30:00+00:00,0.006674368262563717,0.004756322039202983,9617
1970-01-03 13:31:00+00:00,0.0038042789944199066,0.00199277100827466,5066
1970-01-03 13:32:00+00:00,0.0029188405982398433,0.0013632104367638826,4589
1970-01-03 13:33:00+00:00,0.003281191801745714,0.0011752453605599169,4787
1970-01-03 13:34:00+00:00,0.003459374492119483,0.0017216272997366711,3468
1970-01-03 13:35:00+00:00,0.006694382385762918,0.004796341591854467,9689
1970-01-03 13:36:00+00:00,0.003471746043729988,0.0016978854833770657,4427
1970-01-03 13:37:00+00:00,0.003202905786626176,0.0013408417378742534,4108
1970-01-03 13:38:00+00:00,0.002751591282775296,0.001288286427708963,4834
1970-01-03 13:39:00+00:00,0.0033960534654485165,0.001679068970968978,4467
1970-01-03 13:40:00+00:00,0.006791779013875532,0.004791087846020352,9705
1970-01-03 13:41:00+00:00,0.0030083725471685948,0.0013345519535313893,4532
1970-01-03 13:42:00+00:00,0.003684462479405103,0.0017112224054783008,3961
1970-01-03 13:43:00+00:00,0.003589319747272291,0.00199597237547645,5510
1970-01-03 13:44:00+00:00,0.00236808963812482,0.0011946697911106123,5227
1970-01-03 13:45:00+00:00,0.0068133190441412445,0.0047726377653940265,9634
1970-01-03 13:46:00+00:00,0.004043058691893544,0.0018205753197219525,3589
1970-01-03 13:47:00+00:00,0.004181229398636454,0.0024289034540249956,4118
1970-01-03 13:48:00+00:00,0.0027624132883482836,0.0012488337511515732,4607
1970-01-03 13:49:00+00:00,0.0019131765359847452,0.0009522480047039175,5021
1970-01-03 13:50:00+00:00,0.00689754663581755,0.0048099861925704895,9656
1970-01-03 13:51:00+00:00,0.004059807089363635,0.0022414903621068203,5217
1970-01-03 13:52:00+00:00,0.002907215915039397,0.0014978285380213411,4252
1970-01-03 13:53:00+00:00,0.002603842669338355,0.0014783719901694486,4282
1970-01-03 13:54:00+00:00,0.002691303251354999,0.00147074142687653,4221
1970-01-03 13:55:00+00:00,0.006929380145546397,0.004862348149155897,9658
1970-01-03 13:56:00+00:00,0.003620549373537067,0.00204434520806548,3844
1970-01-03 13:57:00+00:00,0.002540265807626876,0.0015856905012950411,4762
1970-01-03 13:58:00+00:00,0.0029021332748721683,0.0013926494475919272,4291
1970-01-03 13:59:00+00:00,0.002905308502947134,0.001210857874646257,4709
1970-01-03 14:00:00+00:00,0.006872344713245562,0.00485088027267338,9696
1970-01-03 14:01:00+00:00,0.0022263780886980344,0.0010726996139593117,3930
1970-01-03 14:02:00+00:00,0.0034448979901449944,0.0018216471184101044,3382
1970-01-03 14:03:00+00:00,0.002572127357076642,0.0013125581571462844,3705
1970-01-03 14:04:00+00:00,0.002310019142559241,0.0011784842352074159,4262
1970-01-03 14:05:00+00:00,0.0069198029455511765,0.004888880707450303,9592
1970-01-03 14:06:00+00:00,0.0024728136554814546,0.0012228973185078014,4078
1970-01-03 14:07:00+00:00,0.003590811649300458,0.001891690271621735,3282
1970-01-03 14:08:00+00:00,0.004055376555835766,0.0020499182964093124,2950
1970-01-03 14:09:00+00:00,0.0034586398317690515,0.0019069561192253854,2778
1970-01-03 14:10:00+00:00,0.006934224823620371,0.00488705967914729,9688
1970-01-03 14:11:00+00:00,0.0037118440833729966,0.001998510566273474,5408
1970-01-03 14:12:00+00:00,0.00308040545362112,0.0014442338091120391,4618
1970-01-03 14:13:00+00:00,0.003372994793305465,0.0016356268471388448,3805
1970-01-03 14:14:00+00:00,0.0032065699856922846,0.0015822027469115005,2917
1970-01-03 14:15:00+00:00,0.006830946106407553,0.004845657500732395,9669
1970-01-03 14:16:00+00:00,0.003909975872157126,0.0015045870877613042,4864
1970-01-03 14:17:00+00:00,0.004058008019927373,0.0021322552410341727,5099
1970-01-03 14:18:00+00:00,0.002654364416880997,0.0014753934138533919,4221
1970-01-03 14:19:00+00:00,0.0026299738473777737,0.0011985583713305823,4388
1970-01-03 14:20:00+00:00,0.006681927729433759,0.00478292638278309,9740
1970-01-03 14:21:00+00:00,0.004099953615733489,0.0020688063197419134,4531
1970-01-03 14:22:00+00:00,0.0030140544670970676,0.0013924006807268428,4321
1970-01-03 14:23:00+00:00,0.002929935520946472,0.0014930649822816502,4805
1970-01-03 14:24:00+00:00,0.0021920945056105976,0.0007663336021011055,5147
1970-01-03 14:25:00+00:00,0.006723400876674588,0.004772757746060788,9735
1970-01-03 14:26:00+00:00,0.002866613216169967,0.0012578173352948785,4892
1970-01-03 14:27:00+00:00,0.003427891217036804,0.001390060063129165,5053
1970-01-03 14:28:00+00:00,0.003325120345701807,0.001577406824384331,4822
1970-01-03 14:29:00+00:00,0.002789337724294911,0.001647787611690844,5995
1970-01-03 14:30:00+00:00,0.006839356221876027,0.004834724348546369,9706
1970-01-03 14:31:00+00:00,0.005106493968196185,0.002438367799271003,5322
1970-01-03 14:32:00+00:00,0.003821557363416317,0.001750718011808113,4779
1970-01-03 14:33:00+00:00,0.003256797850337596,0.0016478118645281304,5291
1970-01-03 14:34:00+00:00,0.0028540689358031285,0.0015117181391418996,4643
1970-01-03 14:35:00+00:00,0.006688695968828211,0.0047763173399393765,9697
1970-01-03 14:36:00+00:00,0.003137134459353856,0.0017528543097739616,4503
1970-01-03 14:37:00+00:00,0.004317066483864337,0.0023488582955728775,5646
1970-01-03 14:38:00+00:00,0.002492407959135115,0.0014786366291962326,5531
1970-01-03 14:39:00+00:00,0.002135273712216213,0.0010937600444024986,5550
1970-01-03 14:40:00+00:00,0.006647230991444735,0.004758306546454523,9708
1970-01-03 14:41:00+00:00,0.0037459056222361336,0.002187603679189318,5659
1970-01-03 14:42:00+00:00,0.0023448721836185887,0.0012383389360471864,5462
1970-01-03 14:43:00+00:00,0.002018234943558408,0.001064909676563932,5669
1970-01-03 14:44:00+00:00,0.0028856740417689537,0.0017530989508058752,5392
1970-01-03 14:45:00+00:00,0.006669827725741169,0.0047449785489152374,9753
1970-01-03 14:46:00+00:00,0.00369326335385274,0.00222979335599557,4802
1970-01-03 14:47:00+00:00,0.0026345293156460193,0.0015708880641918373,5613
1970-01-03 14:48:00+00:00,0.0027530507411816754,0.0012582739757733678,5601
1970-01-03 14:49:00+00:00,0.0033308081711110713,0.001495840972566721,5984
1970-01-03 14:50:00+00:00,0.006698134260015353,0.004702192389869316,9821
1970-01-03 14:51:00+00:00,0.002625944633540821,0.0014786809294710444,5695
1970-01-03 14:52:00+00:00,0.002681460141182369,0.0015344473162210031,5544
1970-01-03 14:53:00+00:00,0.0024112766937563713,0.0011751166630747786,6792
1970-01-03 14:54:00+00:00,0.0028310273912456416,0.0010134259177502385,5452
1970-01-03 14:55:00+00:00,0.00678989078837813,0.004800086564806467,9746
1970-01-03 14:56:00+00:00,0.002055490295351447,0.0013025947077065288,6421
1970-01-03 14:57:00+00:00,0.0029669453595956097,0.0019305969158327641,5747
1970-01-03 14:58:00+00:00,0.0023491320492617855,0.0012246933350382608,6022
1970-01-03 14:59:00+00:00,0.0019122900296173531,0.0012540454768985739,5352
1970-01-03 15:00:00+00:00,0.006640751673028159,0.004711867515143349,9826
1970-01-03 15:01:00+00:00,0.0026381749029399356,0.001269244096953909,5839
1970-01-03 15:02:00+00:00,0.004237109710412906,0.0009402661108474515,4352
1970-01-03 15:03:00+00:00,0.0036368597832711846,0.0014812420193068018,3884
1970-01-03 15:04:00+00:00,0.002523623882352134,0.001027517161693933,3753
1970-01-03 15:05:00+00:00,0.006512865068051498,0.004644749270447898,9821
1970-01-03 15:06:00+00:00,0.0026270801327323724,0.0007326929921268925,5352
1970-01-03 15:07:00+00:00,0.0026608106515392865,0.0008793056985273299,3927
1970-01-03 15:08:00+00:00,0.0039088652368916305,0.0008744610186402623,3221
1970-01-03 15:09:00+00:00,0.002087905016608173,0.0009350371164202826,4958
1970-01-03 15:10:00+00:00,0.0067842215669102245,0.004728033880112282,9701
1970-01-03 15:11:00+00:00,0.005046029658223594,0.001676419870487781,4796
1970-01-03 15:12:00+00:00,0.004466679555313791,0.001849666762963665,5484
1970-01-03 15:13:00+00:00,0.003027065309952667,0.0012728107751396958,4894
1970-01-03 15:14:00+00:00,0.0030800272408255426,0.001376944472405441,5023
1970-01-03 15:15:00+00:00,0.006881706009438061,0.004734080958079189,9705
1970-01-03 15:16:00+00:00,0.004107570518403564,0.0014244617270349979,5040
1970-01-03 15:17:00+00:00,0.003918385209241098,0.001639240659010209,3142
1970-01-03 15:18:00+00:00,0.00396749197374441,0.0015666718954547468,3688
1970-01-03 15:19:00+00:00,0.004090011286320928,0.002067186046435014,3897
1970-01-03 15:20:00+00:00,0.0068771654621899835,0.004798863124555225,9719
1970-01-03 15:21:00+00:00,0.0028667159808813325,0.0012032285845331372,5321
1970-01-03 15:22:00+00:00,0.0023107953283044527,0.0010585742226307368,5657
1970-01-03 15:23:00+00:00,0.0038461348839723903,0.0021643029511674234,5522
1970-01-03 15:24:00+00:00,0.00300389990991053,0.0012749713253614194,4707
1970-01-03 15:25:00+00:00,0.006727316908161353,0.004674951794518051,9632
1970-01-03 15:26:00+00:00,0.0033814656244770154,0.0014565815631032676,4658
1970-01-03 15:27:00+00:00,0.004274466844133902,0.0018999348202503434,5158
1970-01-03 15:28:00+00:00,0.003955281574626699,0.0019946595584865922,5199
1970-01-03 15:29:00+00:00,0.003554755634633284,0.0013866636673474755,3990
1970-01-03 15:30:00+00:00,0.006788953482086565,0.004714925253840576,9673
1970-01-03 15:31:00+00:00,0.004680013724125006,0.002354629178157435,4300
1970-01-03 15:32:00+00:00,0.003809079170701273,0.001620396092897143,4309
1970-01-03 15:33:00+00:00,0.003202932560050561,0.001287353711151816,4854
1970-01-03 15:34:00+00:00,0.0037201028666781406,0.0016602135819540878,4792
1970-01-03 15:35:00+00:00,0.00685483093778449,0.004723679831101423,9707
1970-01-03 15:36:00+00:00,0.003518714205807984,0.0014979315336119802,6042
1970-01-03 15:37:00+00:00,0.003616019427933116,0.0014754480713387904,4516
1970-01-03 15:38:00+00:00,0.005233142949989031,0.0014890170518720312,6013
1970-01-03 15:39:00+00:00,0.003038627564136885,0.0011918564274438852,5361
1970-01-03 15:40:00+00:00,0.006710220383984371,0.004735596392499918,9622
1970-01-03 15:41:00+00:00,0.004159868493090545,0.002122546492396749,4671
1970-01-03 15:42:00+00:00,0.003692186820471693,0.0014095231830414882,3401
1970-01-03 15:43:00+00:00,0.002075227512975008,0.0008296237207370721,4739
1970-01-03 15:44:00+00:00,0.0031022393753032443,0.0012807021540212646,4784
1970-01-03 15:45:00+00:00,0.006799771613674226,0.004698024226908632,9711
1970-01-03 15:46:00+00:00,0.0027069927087832162,0.0010678785227187508,4045
1970-01-03 15:47:00+00:00,0.002909183756872621,0.0008434954754118158,5475
1970-01-03 15:48:00+00:00,0.002528300326991244,0.0009548695100545484,3193
1970-01-03 15:49:00+00:00,0.004210983663333884,0.0019364505013019313,3142
1970-01-03 15:50:00+00:00,0.0069129763386018925,0.0047552516955940245,9688
1970-01-03 15:51:00+00:00,0.0021035596109662416,0.000958467677034843,6121
1970-01-03 15:52:00+00:00,0.0031848141608246793,0.0015077406917950403,6108
1970-01-03 15:53:00+00:00,0.0023748511914473782,0.0013270521942918504,5887
1970-01-03 15:54:00+00:00,0.003701663506115888,0.0012341903269917835,3973
1970-01-03 15:55:00+00:00,0.006849955266751057,0.004769374181464147,9722
1970-01-03 15:56:00+00:00,0.003125754857375703,0.0010823212435934087,5603
1970-01-03 15:57:00+00:00,0.004677948925980285,0.0013974855764854837,2956
1970-01-03 15:58:00+00:00,0.004053840391808828,0.0012379563079270683,2576
1970-01-03 15:59:00+00:00,0.0030674713365017414,0.0014967837637888343,3691
1970-01-03 16:00:00+00:00,0.006698732141469424,0.004642924134419361,9758
1970-01-03 16:01:00+00:00,0.002389061042661402,0.001063131960326761,6375
1970-01-03 16:02:00+00:00,0.00295600158725844,0.0009630482357072141,6141
1970-01-03 16:03:00+00:00,0.0031419331842447358,0.0012379983281411678,6070
1970-01-03 16:04:00+00:00,0.0028842262439176033,0.0010951997756123853,4587
1970-01-03 16:05:00+00:00,0.00664436425561242,0.004711348720467129,9760
1970-01-03 16:06:00+00:00,0.0027619173257077997,0.0014193203095331942,4898
1970-01-03 16:07:00+00:00,0.0023090373618800033,0.0008864229567353689,6117
1970-01-03 16:08:00+00:00,0.003018282728201761,0.0010550628364026226,4740
1970-01-03 16:09:00+00:00,0.0032741636728432955,0.0008923970111220587,3092
1970-01-03 16:10:00+00:00,0.006619633396191469,0.00466417265560176,9681
1970-01-03 16:11:00+00:00,0.003849864677152897,0.001584032367236375,5301
1970-01-03 16:12:00+00:00,0.004387866745084819,0.0020152482480100173,4685
1970-01-03 16:13:00+00:00,0.003703083352358977,0.0014963862964956112,5583
1970-01-03 16:14:00+00:00,0.002687819174742957,0.001236684674244019,5391
1970-01-03 16:15:00+00:00,0.0067215182472410385,0.004643588366215244,9652
1970-01-03 16:16:00+00:00,0.0036987678666494128,0.0013755604008313773,4813
1970-01-03 16:17:00+00:00,0.003148541438174214,0.0012257922325455417,3769
1970-01-03 16:18:00+00:00,0.0028758600949738635,0.0011204465784665988,5320
1970-01-03 16:19:00+00:00,0.003911014657921951,0.0014176692217993474,4802
1970-01-03 16:20:00+00:00,0.006979736669228546,0.004694451092901673,9759
1970-01-03 16:21:00+00:00,0.004874785539352735,0.0018885792566690723,4903
1970-01-03 16:22:00+00:00,0.003416426112492955,0.0014641708751744489,5386
1970-01-03 16:23:00+00:00,0.0023606819037864345,0.0009963725769196945,6280
1970-01-03 16:24:00+00:00,0.0019170523422275187,0.0010358646826166724,6226
1970-01-03 16:25:00+00:00,0.007045366172334922,0.004744676157438239,9691
1970-01-03 16:26:00+00:00,0.004435288535397501,0.0014613112236591085,4541
1970-01-03 16:27:00+00:00,0.003903194592022765,0.001384315705330332,3839
1970-01-03 16:28:00+00:00,0.004350174547637988,0.0015169126506742998,5857
1970-01-03 16:29:00+00:00,0.00292561700356471,0.0015450765771163623,6279
1970-01-03 16:30:00+00:00,0.007111841477962542,0.004777557347269704,9689
1970-01-03 16:31:00+00:00,0.003311876762631046,0.0012620420411340136,3717
1970-01-03 16:32:00+00:00,0.002730041490515329,0.0013031022753723855,4266
1970-01-03 16:33:00+00:00,0.004285858819179203,0.002093033080009337,4134
1970-01-03 16:34:00+00:00,0.002788434124632969,0.0012552142559281957,4448
1970-01-03 16:35:00+00:00,0.007091082691592243,0.004824221584622274,9683
1970-01-03 16:36:00+00:00,0.0038699395785291063,0.0018055051738646885,3901
1970-01-03 16:37:00+00:00,0.0036297238735683145,0.001900095956605522,4374
1970-01-03 16:38:00+00:00,0.0040803599177546565,0.0023588144953967894,4763
1970-01-03 16:39:00+00:00,0.002237440392174995,0.001107117065418959,4492
1970-01-03 16:40:00+00:00,0.006913876527798137,0.004754961313050788,9792
1970-01-03 16:41:00+00:00,0.0033639456721262315,0.0014182000104457431,5118
1970-01-03 16:42:00+00:00,0.0029225025409880963,0.0012153181151023141,4392
1970-01-03 16:43:00+00:00,0.0035615679785961033,0.0009894175322975728,4686
1970-01-03 16:44:00+00:00,0.0023967082126594755,0.0010532394156660338,4994
1970-01-03 16:45:00+00:00,0.006773819693054874,0.004776385039774871,9811
1970-01-03 16:46:00+00:00,0.003180712340253522,0.0012229428188804952,3799
1970-01-03 16:47:00+00:00,0.002455318400517063,0.0010609771266128147,3952
1970-01-03 16:48:00+00:00,0.0027245832439618113,0.001389693417630576,3630
1970-01-03 16:49:00+00:00,0.0025829784935089235,0.0012132479026929594,3904
1970-01-03 16:50:00+00:00,0.006785932006260312,0.0047862509025667225,9805
1970-01-03 16:51:00+00:00,0.0023308183471420713,0.0010376699237702731,6105
1970-01-03 16:52:00+00:00,0.0018331833774085688,0.0009042777227800214,5358
1970-01-03 16:53:00+00:00,0.0024194786841104736,0.0013997739068137643,4969
1970-01-03 16:54:00+00:00,0.0016908775738382364,0.0006220033032650993,5863
1970-01-03 16:55:00+00:00,0.00674611036200532,0.004754540505337527,9791
1970-01-03 16:56:00+00:00,0.002453897567411717,0.0010210429889953901,4731
1970-01-03 16:57:00+00:00,0.0027585022881138205,0.001414575263912165,5758
1970-01-03 16:58:00+00:00,0.001862547565209357,0.0007085249974177407,4456
1970-01-03 16:59:00+00:00,0.001713403711332667,0.0007129286505562187,5043
1970-01-03 17:00:00+00:00,0.006965775032495455,0.004751475986647776,9797
1970-01-03 17:01:00+00:00,0.0035652370282882673,0.0012692377719760817,5888
1970-01-03 17:02:00+00:00,0.0025445313049427746,0.0010700279729629245,6052
1970-01-03 17:03:00+00:00,0.0029443977396823185,0.0011645628681976631,4276
1970-01-03 17:04:00+00:00,0.0026767491535202637,0.0008338107917929496,3758
1970-01-03 17:05:00+00:00,0.006948358925490959,0.004740136543364265,9794
1970-01-03 17:06:00+00:00,0.0022609884088689676,0.0009958270888140142,4130
1970-01-03 17:07:00+00:00,0.002742044417047476,0.001064345924171595,4084
1970-01-03 17:08:00+00:00,0.00197104882343715,0.0009192342539163752,4270
1970-01-03 17:09:00+00:00,0.002367304126568139,0.000981837454996845,3353
1970-01-03 17:10:00+00:00,0.006830851720410213,0.004753078046246143,9798
1970-01-03 17:11:00+00:00,0.0038151197466769642,0.001438211965683492,5649
1970-01-03 17:12:00+00:00,0.00327554467162291,0.0014005710592948793,4266
1970-01-03 17:13:00+00:00,0.0031480844739237525,0.001165783307765226,4989
1970-01-03 17:14:00+00:00,0.0028466245901275096,0.0010603862413680024,4034
1970-01-03 17:15:00+00:00,0.006797141010209902,0.004703552408118813,9812
1970-01-03 17:16:00+00:00,0.0038768090101544924,0.0013000863113013553,4573
1970-01-03 17:17:00+00:00,0.0025998809801149893,0.0010447477026409827,5984
1970-01-03 17:18:00+00:00,0.0027945117522022427,0.0008560846198127633,4969
1970-01-03 17:19:00+00:00,0.0021259317919493175,0.0007193276638523628,6534
1970-01-03 17:20:00+00:00,0.0068798312854167565,0.004661282168947304,9820
1970-01-03 17:21:00+00:00,0.0027758678009141384,0.0010766884134522478,5775
1970-01-03 17:22:00+00:00,0.0025730241345058576,0.001087677153618261,5713
1970-01-03 17:23:00+00:00,0.0025613982490290867,0.0009739015130018665,4662
1970-01-03 17:24:00+00:00,0.0025532596485387474,0.0009778218475250478,5179
1970-01-03 17:25:00+00:00,0.006909651162637297,0.004728317475367959,9816
1970-01-03 17:26:00+00:00,0.0038516846716931956,0.001489882794688797,4794
1970-01-03 17:27:00+00:00,0.0023791994003860843,0.0009823735950787158,5711
1970-01-03 17:28:00+00:00,0.003149570174922201,0.0008287570837843449,5139
1970-01-03 17:29:00+00:00,0.002136723334047984,0.0007130081112645275,5344
1970-01-03 17:30:00+00:00,0.006932130934150522,0.004708159591662364,9811
1970-01-03 17:31:00+00:00,0.003184700134316426,0.0012117483857041343,5321
1970-01-03 17:32:00+00:00,0.0028895733934235454,0.001207774972323736,5469
1970-01-03 17:33:00+00:00,0.003280303211955276,0.0010616483812208282,4004
1970-01-03 17:34:00+00:00,0.0024964065511944066,0.000859947707690483,4287
1970-01-03 17:35:00+00:00,0.006975080170244572,0.004757647865408379,9808
1970-01-03 17:36:00+00:00,0.002787925107029755,0.0011427625068425457,4893
1970-01-03 17:37:00+00:00,0.0034552325455267643,0.001150457450712813,4317
1970-01-03 17:38:00+00:00,0.0029409563081338147,0.0010749520781232979,4638
1970-01-03 17:39:00+00:00,0.0027497595001216924,0.0008361897518040193,3583
1970-01-03 17:40:00+00:00,0.006935471633120809,0.0047129373652371465,9805
1970-01-03 17:41:00+00:00,0.0038210176803654475,0.0012506157298440138,5244
1970-01-03 17:42:00+00:00,0.0031484664260310476,0.0012064921606325311,4718
1970-01-03 17:43:00+00:00,0.003129947831748961,0.0010703177600583386,4520
1970-01-03 17:44:00+00:00,0.002409458069833018,0.0009400207432586584,3559
1970-01-03 17:45:00+00:00,0.006958951632262871,0.004778534272723526,9796
1970-01-03 17:46:00+00:00,0.004318512602106861,0.0011360482252237446,4328
1970-01-03 17:47:00+00:00,0.0026221142528614736,0.0007565148513883324,3969
1970-01-03 17:48:00+00:00,0.002581562380954737,0.0008455791811875233,5071
1970-01-03 17:49:00+00:00,0.0024574248327263407,0.0011095405077393,5983
1970-01-03 17:50:00+00:00,0.006884936070783629,0.004702962944798904,9802
1970-01-03 17:51:00+00:00,0.004290759028447309,0.0014709930083075175,5174
1970-01-03 17:52:00+00:00,0.002516876858483289,0.0007973081523718309,5546
1970-01-03 17:53:00+00:00,0.0031030614301452678,0.0008318919244167002,5037
1970-01-03 17:54:00+00:00,0.0024419788646463667,0.0010597028829374459,4446
1970-01-03 17:55:00+00:00,0.006991704604621368,0.0047423908742274265,9808
1970-01-03 17:56:00+00:00,0.0027984080432288494,0.0009997627800884688,4640
1970-01-03 17:57:00+00:00,0.004714621889984534,0.0018018709824721938,4949
1970-01-03 17:58:00+00:00,0.0035139238551635255,0.0009454117901195704,3901
1970-01-03 17:59:00+00:00,0.002664498836160522,0.0007991033715744287,3827
1970-01-03 18:00:00+00:00,0.006980024383579431,0.004726819710484724,9815
1970-01-03 18:01:00+00:00,0.002992742752753587,0.0013484373169109188,5946
1970-01-03 18:02:00+00:00,0.0026353970026648725,0.0009547551676889032,3826
1970-01-03 18:03:00+00:00,0.002672553856505829,0.0011357721639215518,4699
1970-01-03 18:04:00+00:00,0.001925392839689253,0.0007462669628402418,4757
1970-01-03 18:05:00+00:00,0.006827231927880509,0.00474409126817119,9823
1970-01-03 18:06:00+00:00,0.0026298160044762563,0.0010490709018428593,4669
1970-01-03 18:07:00+00:00,0.0035071795442888514,0.0009629433386512357,4959
1970-01-03 18:08:00+00:00,0.00261623241382311,0.0009575386828164916,3964
1970-01-03 18:09:00+00:00,0.00199493581743192,0.000449640836745267,3958
1970-01-03 18:10:00+00:00,0.0069688793170558355,0.004725265975857147,9822
1970-01-03 18:11:00+00:00,0.003452277515535033,0.0014248993149663695,5132
1970-01-03 18:12:00+00:00,0.0035480590642686244,0.0014409983908006503,3867
1970-01-03 18:13:00+00:00,0.003601393832399767,0.0012831462365450168,3805
1970-01-03 18:14:00+00:00,0.0025679749128742248,0.0009315297706430438,4840
1970-01-03 18:15:00+00:00,0.007009029496371588,0.004700199341270417,9811
1970-01-03 18:16:00+00:00,0.004130704299093789,0.001439690874258714,3184
1970-01-03 18:17:00+00:00,0.003489502904430015,0.00142194857680917,3064
1970-01-03 18:18:00+00:00,0.00353525534056922,0.001167527184580228,3382
1970-01-03 18:19:00+00:00,0.0026624294323743226,0.0009114497339568168,4280
1970-01-03 18:20:00+00:00,0.006902564484733563,0.0047343854834816426,9809
1970-01-03 18:21:00+00:00,0.0034404708339897602,0.001204855698047676,5846
1970-01-03 18:22:00+00:00,0.0035207569472062755,0.001127471366089872,5154
1970-01-03 18:23:00+00:00,0.003081672890019862,0.0011120327620177204,4022
1970-01-03 18:24:00+00:00,0.002618374728443042,0.0008395817371860657,4069
1970-01-03 18:25:00+00:00,0.006980860672194121,0.00475548997465517,9803
1970-01-03 18:26:00+00:00,0.0032685732127151193,0.001178991581234892,3847
1970-01-03 18:27:00+00:00,0.003137743308364277,0.0011653025016014457,3682
1970-01-03 18:28:00+00:00,0.002843669836376607,0.0010727098706719593,4359
1970-01-03 18:29:00+00:00,0.0025490662355433587,0.0010437941208441487,4348
1970-01-03 18:30:00+00:00,0.007009623606781692,0.0047278798097871244,9807
1970-01-03 18:31:00+00:00,0.0034488268358837974,0.0013123772788426705,5175
1970-01-03 18:32:00+00:00,0.003119112097698715,0.0014734366267022416,4220
1970-01-03 18:33:00+00:00,0.003341858301430966,0.0010948575433311093,3664
1970-01-03 18:34:00+00:00,0.00354123687388818,0.0009659198114593081,3130
1970-01-03 18:35:00+00:00,0.007106015225495332,0.004771068352116163,9818
1970-01-03 18:36:00+00:00,0.003116733321504389,0.0011115291149490913,4333
1970-01-03 18:37:00+00:00,0.004109736318951558,0.0012955510000758966,5054
1970-01-03 18:38:00+00:00,0.00302806697759745,0.0010531494873524997,4707
1970-01-03 18:39:00+00:00,0.0024883985176853635,0.0007644747437416842,4328
1970-01-03 18:40:00+00:00,0.007077059569250522,0.004770989891742024,9821
1970-01-03 18:41:00+00:00,0.0038400916835787248,0.0016151334906624164,6151
1970-01-03 18:42:00+00:00,0.002924345761212623,0.0010463231754605598,5678
1970-01-03 18:43:00+00:00,0.0030456326065800244,0.0010413053708198743,4202
1970-01-03 18:44:00+00:00,0.0023515991676444654,0.0006948633405382259,3937
1970-01-03 18:45:00+00:00,0.006812212011358166,0.0046361017984625896,9824
1970-01-03 18:46:00+00:00,0.002992318426544349,0.0007623694338391192,4752
1970-01-03 18:47:00+00:00,0.00252838060485184,0.0009508133655739652,4541
1970-01-03 18:48:00+00:00,0.002367809823296174,0.0008089888123631661,5122
1970-01-03 18:49:00+00:00,0.002265610080893552,0.0006820384611339656,4490
1970-01-03 18:50:00+00:00,0.006731841583067801,0.004616727835786592,9830
1970-01-03 18:51:00+00:00,0.00315005685077258,0.001297667750961857,5340
1970-01-03 18:52:00+00:00,0.002817431180911986,0.0010779319701682342,4365
1970-01-03 18:53:00+00:00,0.002713805958621229,0.0008840237407880368,4417
1970-01-03 18:54:00+00:00,0.0020527879235107964,0.0006363999894529066,4388
1970-01-03 18:55:00+00:00,0.006586063981263926,0.00465511008097221,9817
1970-01-03 18:56:00+00:00,0.0033624566752622734,0.0012207141954269775,4026
1970-01-03 18:57:00+00:00,0.0026186124188112138,0.0008382390312345065,5005
1970-01-03 18:58:00+00:00,0.0027600557016153235,0.0008754832945051053,5723
1970-01-03 18:59:00+00:00,0.0023969966830421304,0.0006979502728101059,5950
1970-01-03 19:00:00+00:00,0.006553398347651843,0.004671120874062433,9815
1970-01-03 19:01:00+00:00,0.003244501842074434,0.0012888388226334336,5198
1970-01-03 19:02:00+00:00,0.0027873859516323743,0.00123760302261695,4084
1970-01-03 19:03:00+00:00,0.002261817994700304,0.0006198102840702241,5210
1970-01-03 19:04:00+00:00,0.002584037106267256,0.0006926464799933202,3913
1970-01-03 19:05:00+00:00,0.006479328469876712,0.0047140886428129495,9809
1970-01-03 19:06:00+00:00,0.002915718637724229,0.0010060572868045706,3222
1970-01-03 19:07:00+00:00,0.003305537870479436,0.001294004950227832,3457
1970-01-03 19:08:00+00:00,0.002271673744045137,0.0007974858792075899,3959
1970-01-03 19:09:00+00:00,0.0026729648990616948,0.0009046865600850005,4491
1970-01-03 19:10:00+00:00,0.006556772415494324,0.004754128216811994,9809
1970-01-03 19:11:00+00:00,0.004763379529879926,0.0020164471038066523,4189
1970-01-03 19:12:00+00:00,0.0035258405845321433,0.00145387243151928,4998
1970-01-03 19:13:00+00:00,0.003402644786478988,0.00117820661717784,4934
1970-01-03 19:14:00+00:00,0.0025297238006880603,0.0009337653425364747,4113
1970-01-03 19:15:00+00:00,0.006540649337876346,0.004719218913124986,9814
1970-01-03 19:16:00+00:00,0.0037145931243331085,0.0013696408473210333,4334
1970-01-03 19:17:00+00:00,0.003774113042227533,0.0015471505923302152,4363
1970-01-03 19:18:00+00:00,0.0031672296885720693,0.001657925537246431,4834
1970-01-03 19:19:00+00:00,0.0028149179367922173,0.0014119776697376768,3798
1970-01-03 19:20:00+00:00,0.006471719222193074,0.004691897748852949,9816
1970-01-03 19:21:00+00:00,0.003998787481407109,0.0014749028258684536,5351
1970-01-03 19:22:00+00:00,0.002692821329295052,0.0010838242965548214,5952
1970-01-03 19:23:00+00:00,0.002414279826382712,0.0011137693596624868,6047
1970-01-03 19:24:00+00:00,0.0031565209231614842,0.0015974079890387588,7504
1970-01-03 19:25:00+00:00,0.006346609722090512,0.004624166431227079,9821
1970-01-03 19:26:00+00:00,0.0031634626067757773,0.00135715373878388,5981
1970-01-03 19:27:00+00:00,0.0024506941515935626,0.0012156791927555174,6473
1970-01-03 19:28:00+00:00,0.002825383767175109,0.001215529058584735,5323
1970-01-03 19:29:00+00:00,0.0025042844073089906,0.0009969451749798587,4973
1970-01-03 19:30:00+00:00,0.006446284256560819,0.004672257219301139,9821
1970-01-03 19:31:00+00:00,0.0036065154711631534,0.001770409244737869,5933
1970-01-03 19:32:00+00:00,0.0028205450063541622,0.0012321609619650197,5105
1970-01-03 19:33:00+00:00,0.002850711169603273,0.0011927059481808887,4321
1970-01-03 19:34:00+00:00,0.0025536827768412756,0.0009439700391521383,4643
1970-01-03 19:35:00+00:00,0.006407200833466759,0.004677163441526932,9811
1970-01-03 19:36:00+00:00,0.002941053153835487,0.0013065424761677293,4807
1970-01-03 19:37:00+00:00,0.0033506961039141666,0.0011570053737365556,5397
1970-01-03 19:38:00+00:00,0.0021498688301007447,0.0007439159883682624,4479
1970-01-03 19:39:00+00:00,0.0021256588487955693,0.0006431618395391302,4534
1970-01-03 19:40:00+00:00,0.006410855056282195,0.00468568972037523,9812
1970-01-03 19:41:00+00:00,0.00385183364600688,0.0017136157753073532,4863
1970-01-03 19:42:00+00:00,0.0032570683623936816,0.0015049798605581324,5076
1970-01-03 19:43:00+00:00,0.0029197795892388335,0.0011944352685286173,5387
1970-01-03 19:44:00+00:00,0.0027643995835253993,0.0006589025067133306,3892
1970-01-03 19:45:00+00:00,0.006526938312041596,0.004727790548005554,9808
1970-01-03 19:46:00+00:00,0.003021770478509403,0.0012145295335926952,4607
1970-01-03 19:47:00+00:00,0.0025264732239873456,0.0017495375814512014,6347
1970-01-03 19:48:00+00:00,0.002959729730731553,0.0009993986261534673,6526
1970-01-03 19:49:00+00:00,0.003208827734853645,0.0015483429660872446,5788
1970-01-03 19:50:00+00:00,0.00647213258688702,0.004693589613638779,9809
1970-01-03 19:51:00+00:00,0.002878737495872779,0.001322069548744409,6022
1970-01-03 19:52:00+00:00,0.0030281934287411864,0.0013346495627172823,5429
1970-01-03 19:53:00+00:00,0.0023283649038389823,0.000827989362370806,4798
1970-01-03 19:54:00+00:00,0.001515677262332072,0.0005278225720091149,6989
1970-01-03 19:55:00+00:00,0.0065472299070875335,0.004811323076043839,9817
1970-01-03 19:56:00+00:00,0.003116731286018892,0.0012897235333634474,4054
1970-01-03 19:57:00+00:00,0.0038699130751095813,0.001569183873356463,5483
1970-01-03 19:58:00+00:00,0.0030425433015442665,0.001424252934461316,5373
1970-01-03 19:59:00+00:00,0.002374669888228086,0.0007977981102302455,6059
1970-01-03 20:00:00+00:00,0.00656883826889859,0.0048081521263299495,9820
1970-01-03 20:01:00+00:00,0.003171753583620465,0.0013106212256939612,3949
1970-01-03 20:02:00+00:00,0.00373128417148844,0.0012891467933628161,3985
1970-01-03 20:03:00+00:00,0.0031161686102041453,0.0011165707691354518,5513
1970-01-03 20:04:00+00:00,0.0024449727156221008,0.0006864053736626974,4687
1970-01-03 20:05:00+00:00,0.006736220081701867,0.004840342856025079,9824
1970-01-03 20:06:00+00:00,0.0024028067387360983,0.0013783485174366694,4929
1970-01-03 20:07:00+00:00,0.003108774408687886,0.001316504158268336,4252
1970-01-03 20:08:00+00:00,0.00370554490522905,0.0011661235882081068,4279
1970-01-03 20:09:00+00:00,0.002953706663067176,0.0012919379970470204,4485
1970-01-03 20:10:00+00:00,0.006683456964003259,0.004868025291870517,9822
1970-01-03 20:11:00+00:00,0.00378732649620929,0.0019970818343689393,5758
1970-01-03 20:12:00+00:00,0.0032471037503456293,0.001416628898569299,4739
1970-01-03 20:13:00+00:00,0.0025284823517419553,0.001469139890828281,4984
1970-01-03 20:14:00+00:00,0.0025436784750286242,0.0012676345134964005,5545
1970-01-03 20:15:00+00:00,0.0065359489761060395,0.004779277191000448,9817
1970-01-03 20:16:00+00:00,0.003994950134587228,0.0015330403178911611,5190
1970-01-03 20:17:00+00:00,0.003611701194321866,0.001532053040567347,4208
1970-01-03 20:18:00+00:00,0.002885159380740756,0.0011327208088470397,5351
1970-01-03 20:19:00+00:00,0.0026673448953845867,0.0010435549253207353,5813
1970-01-03 20:20:00+00:00,0.006699001916220179,0.004767712764410048,9816
1970-01-03 20:21:00+00:00,0.003955871505013891,0.0017372412835146578,5487
1970-01-03 20:22:00+00:00,0.003431402729590854,0.0015830596888211023,5152
1970-01-03 20:23:00+00:00,0.0029903608752305352,0.0011705541727765774,4956
1970-01-03 20:24:00+00:00,0.002297144753287171,0.0010991569506225225,5647
1970-01-03 20:25:00+00:00,0.006672573148434607,0.004774742156566473,9818
1970-01-03 20:26:00+00:00,0.002547452054996198,0.0010675594569627984,7120
1970-01-03 20:27:00+00:00,0.0028945639588911815,0.0010526403516498846,5786
1970-01-03 20:28:00+00:00,0.0028042862620440197,0.0010564327709817604,5148
1970-01-03 20:29:00+00:00,0.0021936547982994107,0.0008724393837148071,5938
1970-01-03 20:30:00+00:00,0.006515195214314555,0.004745505774349114,9818
1970-01-03 20:31:00+00:00,0.0036694801385278694,0.0014612678775933626,5807
1970-01-03 20:32:00+00:00,0.0030114860104289085,0.0012113490271712744,5565
1970-01-03 20:33:00+00:00,0.0027777226112485807,0.0009323410634488736,4281
1970-01-03 20:34:00+00:00,0.0023196794128127365,0.0007647661998416738,5771
1970-01-03 20:35:00+00:00,0.006492372333147505,0.004698676459542098,9824
1970-01-03 20:36:00+00:00,0.003094274116835714,0.001455914389644563,5261
1970-01-03 20:37:00+00:00,0.002894838579580848,0.0013733434218662541,5500
1970-01-03 20:38:00+00:00,0.0028181331482444436,0.0011912505590758258,3835
1970-01-03 20:39:00+00:00,0.0018574772948770344,0.000914844396100444,5184
1970-01-03 20:40:00+00:00,0.006625367765641084,0.004801854772873488,9824
1970-01-03 20:41:00+00:00,0.004407617127550072,0.002053720546992629,5488
1970-01-03 20:42:00+00:00,0.0032521443995782,0.0014550750070785811,5169
1970-01-03 20:43:00+00:00,0.0031631295691368936,0.001208878912521639,6427
1970-01-03 20:44:00+00:00,0.001698127113451072,0.0006091417310216855,5441
1970-01-03 20:45:00+00:00,0.006613112815879572,0.004819465338196985,9828
1970-01-03 20:46:00+00:00,0.0024079057369110696,0.001235446878388767,5493
1970-01-03 20:47:00+00:00,0.003192192310430451,0.0014020911400030862,4011
1970-01-03 20:48:00+00:00,0.0024859660289104626,0.0009928594042718432,5685
1970-01-03 20:49:00+00:00,0.001624077313520763,0.0007854646799092666,7011
1970-01-03 20:50:00+00:00,0.006638284719481228,0.004785245250169069,9826
1970-01-03 20:51:00+00:00,0.0027142510170715542,0.0014309594945014126,6641
1970-01-03 20:52:00+00:00,0.003028720856021544,0.0015162856016105836,6100
1970-01-03 20:53:00+00:00,0.0024477753714505623,0.0012289282213668695,5851
1970-01-03 20:54:00+00:00,0.0026083040899300886,0.0009630976776509811,5494
1970-01-03 20:55:00+00:00,0.006739945444984959,0.004865692603355146,9816
1970-01-03 20:56:00+00:00,0.003740487585405859,0.0014759372046210962,3664
1970-01-03 20:57:00+00:00,0.0032134008973637284,0.0021241748591491988,3445
1970-01-03 20:58:00+00:00,0.0021772178318276835,0.0011052263161679384,4241
1970-01-03 20:59:00+00:00,0.002223693013591465,0.0006843248111247838,5443
1970-01-03 21:00:00+00:00,0.006735207586822053,0.004793581689574415,9818
1970-01-03 21:01:00+00:00,0.0036784580169623416,0.001802787944798228,5761
1970-01-03 21:02:00+00:00,0.003256773873035358,0.0018639776004154903,4911
1970-01-03 21:03:00+00:00,0.002086368873693877,0.0010650762754649476,5623
1970-01-03 21:04:00+00:00,0.0022304413396347584,0.0007457702401333911,3707
1970-01-03 21:05:00+00:00,0.0068824835108250255,0.004952358645907386,9813
1970-01-03 21:06:00+00:00,0.003318694735132883,0.001396985035365375,3431
1970-01-03 21:07:00+00:00,0.0038972822529597492,0.0014469915071701057,2940
1970-01-03 21:08:00+00:00,0.0029771331882864492,0.001127318190685024,4030
1970-01-03 21:09:00+00:00,0.0021395392936926923,0.0008386259030379835,3779
1970-01-03 21:10:00+00:00,0.006771836778186986,0.004970270128553031,9812
1970-01-03 21:11:00+00:00,0.004359126769866375,0.0020489275116043625,6494
1970-01-03 21:12:00+00:00,0.004387927102333694,0.002057636294466559,4820
1970-01-03 21:13:00+00:00,0.0023248195202745406,0.001215702170206719,4072
1970-01-03 21:14:00+00:00,0.0021784218639210023,0.0008909329376099545,3554
1970-01-03 21:15:00+00:00,0.006400785477781929,0.004884557020027839,9814
1970-01-03 21:16:00+00:00,0.0034166193360343597,0.0017050043995161927,5980
1970-01-03 21:17:00+00:00,0.0023735250686563627,0.0010679743587953512,6520
1970-01-03 21:18:00+00:00,0.0025963888412313197,0.001171314368184294,4798
1970-01-03 21:19:00+00:00,0.0022915763570970134,0.0011488504628516102,4923
1970-01-03 21:20:00+00:00,0.006004100025386282,0.004822541829335892,9819
1970-01-03 21:21:00+00:00,0.0038119606120847497,0.001826610403010367,4873
1970-01-03 21:22:00+00:00,0.00243490229056409,0.0012290652437052217,5481
1970-01-03 21:23:00+00:00,0.0021292857756297543,0.0009191724857435433,4935
1970-01-03 21:24:00+00:00,0.0021623531944993824,0.000838132079524579,3247
1970-01-03 21:25:00+00:00,0.005598768180412916,0.004790002779935434,9813
1970-01-03 21:26:00+00:00,0.003953640662016579,0.0018246938297440771,3341
1970-01-03 21:27:00+00:00,0.0025895177220410424,0.0012823832654822024,4595
1970-01-03 21:28:00+00:00,0.0017444741757253342,0.00094494989551204,5665
1970-01-03 21:29:00+00:00,0.0015125033682329024,0.0005783846374392113,4324
1970-01-03 21:30:00+00:00,0.005439933030357672,0.004822475228136594,9815
1970-01-03 21:31:00+00:00,0.0033030583027222095,0.002057595650020837,5983
1970-01-03 21:32:00+00:00,0.002537306734726481,0.0011997127280775346,6729
1970-01-03 21:33:00+00:00,0.0021493784250639927,0.0010840596107069662,4832
1970-01-03 21:34:00+00:00,0.001771926879882812,0.0008812874933248029,4803
1970-01-03 21:35:00+00:00,0.005365837437489285,0.004764876858542669,9810
1970-01-03 21:36:00+00:00,0.0032741871031131842,0.0017531847192262763,4065
1970-01-03 21:37:00+00:00,0.0039489818731269725,0.0012534071574566345,6374
1970-01-03 21:38:00+00:00,0.0028671756298016696,0.0011228684659129247,2831
1970-01-03 21:39:00+00:00,0.002434370871491317,0.0012222284558403894,6342
1970-01-03 21:40:00+00:00,0.0055032249056091,0.004779464620389923,9814
1970-01-03 21:41:00+00:00,0.0035504822279088153,0.002101988701362341,7509
1970-01-03 21:42:00+00:00,0.003050612260801866,0.0014300168298348515,7608
1970-01-03 21:43:00+00:00,0.0032944035511123094,0.001573464106071919,6026
1970-01-03 21:44:00+00:00,0.0030735120998592793,0.0014901184997668504,5823
1970-01-03 21:45:00+00:00,0.0051694218847890385,0.004750329612750651,9813
1970-01-03 21:46:00+00:00,0.002333950840966977,0.0018123059020101542,4142
1970-01-03 21:47:00+00:00,0.0021765731125175406,0.0015137647409578746,4778
1970-01-03 21:48:00+00:00,0.0019652232007252484,0.0013101934846900217,5797
1970-01-03 21:49:00+00:00,0.00216939725463798,0.0011986347212021215,6923
1970-01-03 21:50:00+00:00,0.005094587622223258,0.00458909727879521,9815
1970-01-03 21:51:00+00:00,0.0034645243754923122,0.0017934901411319035,6398
1970-01-03 21:52:00+00:00,0.0030461260318421254,0.0018616596280872579,5425
1970-01-03 21:53:00+00:00,0.0020187535451638766,0.0009758648223231098,4608
1970-01-03 21:54:00+00:00,0.002177317482391475,0.0011194617060263853,7407
1970-01-03 21:55:00+00:00,0.005267310760040184,0.004652101361848086,9818
1970-01-03 21:56:00+00:00,0.003856387339583544,0.0019280228694357946,6506
1970-01-03 21:57:00+00:00,0.0034971234522561483,0.0013736213502134212,5803
1970-01-03 21:58:00+00:00,0.0019794662314017875,0.0010293441111159066,5019
1970-01-03 21:59:00+00:00,0.0014733366127645951,0.0007575094135777818,5431
1970-01-03 22:00:00+00:00,0.005501304031866555,0.004720218121476677,9824
1970-01-03 22:01:00+00:00,0.003485383394889738,0.0019949734081673776,6524
1970-01-03 22:02:00+00:00,0.0023460388588276036,0.0013553752848989324,6111
1970-01-03 22:03:00+00:00,0.0027784415233415073,0.0012017798141328953,6071
1970-01-03 22:04:00+00:00,0.0014453617573824303,0.0006355598067035685,5348
1970-01-03 22:05:00+00:00,0.005297785105095383,0.004718927596338426,9826
1970-01-03 22:06:00+00:00,0.003744050124002866,0.002167229431639188,4516
1970-01-03 22:07:00+00:00,0.0030350233506173793,0.00162211267728951,4532
1970-01-03 22:08:00+00:00,0.005220925920358663,0.0013263948975366625,4765
1970-01-03 22:09:00+00:00,0.0021556328623720165,0.0007423400094726759,4706
1970-01-03 22:10:00+00:00,0.005483460100839937,0.0047887858890854895,9826
1970-01-03 22:11:00+00:00,0.0033582119945292153,0.0020908180288983663,6014
1970-01-03 22:12:00+00:00,0.0025274451424836188,0.0015659507622330815,6434
1970-01-03 22:13:00+00:00,0.0023115082245396784,0.0009536667951924944,5732
1970-01-03 22:14:00+00:00,0.0010899059539486791,0.0005364816501554859,4881
1970-01-03 22:15:00+00:00,0.005704173554000375,0.004783271278138676,9817
1970-01-03 22:16:00+00:00,0.0037430615665484967,0.0018376372390633824,5379
1970-01-03 22:17:00+00:00,0.0023286335919119367,0.0009004591736289597,6997
1970-01-03 22:18:00+00:00,0.0022149048795574535,0.0007462908872098534,7833
1970-01-03 22:19:00+00:00,0.001913609128351427,0.000629630449634921,3598
1970-01-03 22:20:00+00:00,0.005596822423933507,0.004726903223152154,9816
1970-01-03 22:21:00+00:00,0.0035448290528350503,0.001833185571213096,5372
1970-01-03 22:22:00+00:00,0.00244403651019083,0.0011834359499333655,5392
1970-01-03 22:23:00+00:00,0.0032843593688180496,0.001475625629690352,6588
1970-01-03 22:24:00+00:00,0.0015254214850077804,0.000694988066098049,6196
1970-01-03 22:25:00+00:00,0.005433108135340884,0.004636825185950244,9813
1970-01-03 22:26:00+00:00,0.0039113702673338495,0.002269610691810383,6394
1970-01-03 22:27:00+00:00,0.002135723671644315,0.0011021401475342352,6319
1970-01-03 22:28:00+00:00,0.001852407300221443,0.0009621817208537108,5073
1970-01-03 22:29:00+00:00,0.0018552331992624951,0.0007679010530549579,7109
1970-01-03 22:30:00+00:00,0.005912735900656334,0.004697392971361728,9813
1970-01-03 22:31:00+00:00,0.0033064491842433037,0.0015601752200647355,7475
1970-01-03 22:32:00+00:00,0.0027726109932274413,0.0014475094489780397,6708
1970-01-03 22:33:00+00:00,0.0028369806204128004,0.0015963204798891803,6289
1970-01-03 22:34:00+00:00,0.002163382276720463,0.0009935294747109458,6168
1970-01-03 22:35:00+00:00,0.005888372178743488,0.004740843308168258,9818
1970-01-03 22:36:00+00:00,0.0033486476340367026,0.0015592239992915002,5517
1970-01-03 22:37:00+00:00,0.003222115955515789,0.0014680043317428226,6522
1970-01-03 22:38:00+00:00,0.004980579187367851,0.003079137595257299,8452
1970-01-03 22:39:00+00:00,0.0021233332845711334,0.000769537098046734,7423
1970-01-03 22:40:00+00:00,0.0061957317779744725,0.004494067736397242,9827
1970-01-03 22:41:00+00:00,0.0033631836243777718,0.001510728312024853,8128
1970-01-03 22:42:00+00:00,0.0033230099842198675,0.0017558740128279118,8491
1970-01-03 22:43:00+00:00,0.003201015220178198,0.0011820295926475751,8653
1970-01-03 22:44:00+00:00,0.001588511259659476,0.0006076936141304346,7688
1970-01-03 22:45:00+00:00,0.0065110177306935595,0.004610755944068839,9827
1970-01-03 22:46:00+00:00,0.004314192314949535,0.002132498134611718,6790
1970-01-03 22:47:00+00:00,0.004536736347490316,0.0018761612442192545,7311
1970-01-03 22:48:00+00:00,0.0025069210742655933,0.0010709487417504444,7478
1970-01-03 22:49:00+00:00,0.0017334756439620431,0.0005957446916762825,7215
1970-01-03 22:50:00+00:00,0.006428221855820787,0.004647711689178704,9829
1970-01-03 22:51:00+00:00,0.0029959798264894205,0.0018863083879976036,8025
1970-01-03 22:52:00+00:00,0.0020955842177336325,0.0013370662860279331,8172
1970-01-03 22:53:00+00:00,0.002091775891125498,0.001043506205040537,7916
1970-01-03 22:54:00+00:00,0.0028495864228808487,0.0013391426476417763,8278
1970-01-03 22:55:00+00:00,0.006576630079589143,0.004722925698976806,9818
1970-01-03 22:56:00+00:00,0.002807514243129539,0.0014290387557000322,6687
1970-01-03 22:57:00+00:00,0.0033748384060299213,0.0013456667073436937,7365
1970-01-03 22:58:00+00:00,0.0030288467879239804,0.0012359434792120583,6567
1970-01-03 22:59:00+00:00,0.0018289943739386793,0.0006792693529216649,6841
1970-01-03 23:00:00+00:00,0.006510793447801898,0.004665692129364311,9821
1970-01-03 23:01:00+00:00,0.0035895303086216036,0.0020436626240791923,6971
1970-01-03 23:02:00+00:00,0.0031401190972037414,0.0014337638711517,8549
1970-01-03 23:03:00+00:00,0.002288638994144783,0.0010845799923831375,8087
1970-01-03 23:04:00+00:00,0.0019166151352772928,0.0008895444059720569,7450
1970-01-03 23:05:00+00:00,0.0067534635881950624,0.00470991499504704,9820
1970-01-03 23:06:00+00:00,0.0030621486518024625,0.0015603945765169688,7820
1970-01-03 23:07:00+00:00,0.0030521310922234286,0.0013345459379618316,8022
1970-01-03 23:08:00+00:00,0.002476155348097639,0.001167306739234132,7612
1970-01-03 23:09:00+00:00,0.0021042970352886797,0.000994459936777431,7627
1970-01-03 23:10:00+00:00,0.0065663879499797745,0.004600003972289051,9819
1970-01-03 23:11:00+00:00,0.003770110466207371,0.0019450206148781857,7590
1970-01-03 23:12:00+00:00,0.0023117808147868736,0.001179076839641981,7635
1970-01-03 23:13:00+00:00,0.0022395470376419275,0.0011485862111634217,7837
1970-01-03 23:14:00+00:00,0.002297241778790944,0.0009461706405034323,7778
1970-01-03 23:15:00+00:00,0.006802050812079616,0.0046777249326390566,9824
1970-01-03 23:16:00+00:00,0.0029195557769210877,0.001355456719315117,6938
1970-01-03 23:17:00+00:00,0.0031408231872931346,0.0012722841695015606,6556
1970-01-03 23:18:00+00:00,0.002420373945791879,0.0010420753218988877,5708
1970-01-03 23:19:00+00:00,0.0020834390588229863,0.0007160092380753716,5798
1970-01-03 23:20:00+00:00,0.006709373721066525,0.0045334077510122885,9830
1970-01-03 23:21:00+00:00,0.003322852149822979,0.0017010571725704165,7595
1970-01-03 23:22:00+00:00,0.0021589515691036072,0.0012322484022863796,7241
1970-01-03 23:23:00+00:00,0.002758307007537494,0.0012402417413119636,6285
1970-01-03 23:24:00+00:00,0.0015317083735329085,0.0006931978879964383,6224
1970-01-03 23:25:00+00:00,0.006778564779961851,0.004641777012065168,9834
1970-01-03 23:26:00+00:00,0.0020320760072962906,0.0009390811266408257,6827
1970-01-03 23:27:00+00:00,0.0026670555411615012,0.0012263470337170494,6686
1970-01-03 23:28:00+00:00,0.002111511339688366,0.001205780236814142,6929
1970-01-03 23:29:00+00:00,0.001784645653495414,0.0009068360117740979,6553
1970-01-03 23:30:00+00:00,0.006677643388625972,0.0046294478171985,9832
1970-01-03 23:31:00+00:00,0.002560835431607821,0.0014198750964731638,8103
1970-01-03 23:32:00+00:00,0.0027152333937420147,0.001545294708272265,7545
1970-01-03 23:33:00+00:00,0.001583590606058719,0.0010756779766472261,6081
1970-01-03 23:34:00+00:00,0.0017503859830397543,0.0010685262130691912,6096
1970-01-03 23:35:00+00:00,0.00677026995975635,0.004710661459098727,9832
1970-01-03 23:36:00+00:00,0.0028634093992647,0.0016137950232770009,7443
1970-01-03 23:37:00+00:00,0.003175181469088337,0.002014194846307988,7069
1970-01-03 23:38:00+00:00,0.0028198786066039668,0.0014285081088046612,6671
1970-01-03 23:39:00+00:00,0.0029328630190974653,0.0011004787515133045,6746
1970-01-03 23:40:00+00:00,0.0067335236139719964,0.004671822043104945,9832
1970-01-03 23:41:00+00:00,0.0026412780348483264,0.0014248741628797028,7848
1970-01-03 23:42:00+00:00,0.0024663421547402474,0.0012214513269241819,8083
1970-01-03 23:43:00+00:00,0.002867154647110306,0.0011750552431698616,7898
1970-01-03 23:44:00+00:00,0.00190351625963866,0.0006452206906640421,6092
1970-01-03 23:45:00+00:00,0.006330034643411947,0.004337369829109883,9834
1970-01-03 23:46:00+00:00,0.005251828296307421,0.0023140585322729418,6720
1970-01-03 23:47:00+00:00,0.004420399751097051,0.0018789212104768811,7747
1970-01-03 23:48:00+00:00,0.004797886369656783,0.0012172615880937684,7425
1970-01-03 23:49:00+00:00,0.002932504135821269,0.0011083119643662477,6047
1970-01-03 23:50:00+00:00,0.0065916814084312925,0.004425748481961409,9834
1970-01-03 23:51:00+00:00,0.004603946920684381,0.0018841077521479649,6674
1970-01-03 23:52:00+00:00,0.0038860714294670553,0.0016034628929290859,6513
1970-01-03 23:53:00+00:00,0.002458380438696803,0.0012384003245561209,6477
1970-01-03 23:54:00+00:00,0.0013586206888890032,0.0006975270367605811,6721
1970-01-03 23:55:00+00:00,0.006376085942111284,0.004263134693578477,9834
1970-01-03 23:56:00+00:00,0.0021593450011614303,0.001269439172316995,7518
1970-01-03 23:57:00+00:00,0.0028050999536147316,0.0011685061788615564,7960
1970-01-03 23:58:00+00:00,0.0012951476654396994,0.0006798882945020345,7401
1970-01-03 23:59:00+00:00,0.0018932492989406301,0.0008653970081518475,7172
1970-01-04 00:00:00+00:00,0.006451095439093299,0.004434204689386755,9836
1970-01-04 00:01:00+00:00,0.003400675815129366,0.0017687431866571569,7986
1970-01-04 00:02:00+00:00,0.002623919466097239,0.0014766086668880892,7191
1970-01-04 00:03:00+00:00,0.002192220235445408,0.0010348572275519657,6666
1970-01-04 00:04:00+00:00,0.0017782196372102517,0.0007252851765915501,6553
1970-01-04 00:05:00+00:00,0.00637957058061379,0.004394148627291077,9834
1970-01-04 00:06:00+00:00,0.0035178016406643866,0.0018374003969354544,7291
1970-01-04 00:07:00+00:00,0.002497471933853177,0.0016452625260968028,7461
1970-01-04 00:08:00+00:00,0.0014269062458253528,0.0008854573753020108,6790
1970-01-04 00:09:00+00:00,0.0014820768411874508,0.0008070250481854242,7617
1970-01-04 00:10:00+00:00,0.006421691183635224,0.00445891458475415,9836
1970-01-04 00:11:00+00:00,0.002082260238153968,0.0012874026357865946,7719
1970-01-04 00:12:00+00:00,0.002751309532876944,0.001698938168064914,7981
1970-01-04 00:13:00+00:00,0.001961550432659217,0.0010596474042518708,6776
1970-01-04 00:14:00+00:00,0.0012514543353121267,0.0005851247011983366,7488
1970-01-04 00:15:00+00:00,0.006184374637724207,0.00441426113361029,9834
1970-01-04 00:16:00+00:00,0.004082636617984885,0.0021055870727121726,7058
1970-01-04 00:17:00+00:00,0.0028460227588243793,0.0014764551922175967,7738
1970-01-04 00:18:00+00:00,0.001780066157413543,0.0008947608307884334,7289
1970-01-04 00:19:00+00:00,0.00164798406032801,0.0008344963473411391,6234
1970-01-04 00:20:00+00:00,0.006389155800058777,0.0043978705240713244,9835
1970-01-04 00:21:00+00:00,0.003181663282599491,0.0017370074722936279,7342
1970-01-04 00:22:00+00:00,0.0022418943920273302,0.0011600486499539267,6740
1970-01-04 00:23:00+00:00,0.0018383173800456051,0.0009319210895306512,7217
1970-01-04 00:24:00+00:00,0.0012370351662505936,0.0006703899547254354,7099
1970-01-04 00:25:00+00:00,0.006465933543130108,0.004324740411663543,9834
1970-01-04 00:26:00+00:00,0.0019529654359952003,0.0009560661071076968,6972
1970-01-04 00:27:00+00:00,0.0023037176475948014,0.000969932695193125,6185
1970-01-04 00:28:00+00:00,0.0022983384188403596,0.001221520991573321,6960
1970-01-04 00:29:00+00:00,0.002453328536622968,0.0009350870096044616,6778
1970-01-04 00:30:00+00:00,0.006524632120695928,0.004371728459662521,9834
1970-01-04 00:31:00+00:00,0.0030763043068878985,0.0016511314855809811,7857
1970-01-04 00:32:00+00:00,0.002485039739253561,0.0014509681423671044,7118
1970-01-04 00:33:00+00:00,0.0027435160366652165,0.0015712540401144335,8018
1970-01-04 00:34:00+00:00,0.0016803864460548325,0.0008518233902298279,6548
1970-01-04 00:35:00+00:00,0.006253256390037396,0.004508435080904615,9833
1970-01-04 00:36:00+00:00,0.002428665065094768,0.001356508560946762,5903
1970-01-04 00:37:00+00:00,0.0017754021025644727,0.0010415979962601493,5965
1970-01-04 00:38:00+00:00,0.0013984790949480757,0.0007793243811136317,6722
1970-01-04 00:39:00+00:00,0.0009620257908840986,0.00046256519982469375,6598
1970-01-04 00:40:00+00:00,0.005761555274780512,0.004290911266737564,9834
1970-01-04 00:41:00+00:00,0.00307790760127531,0.0015525376177815736,7712
1970-01-04 00:42:00+00:00,0.0023300703496376193,0.00118181626617893,7501
1970-01-04 00:43:00+00:00,0.0015023716751775926,0.0009415096084730723,6767
1970-01-04 00:44:00+00:00,0.001735934558089311,0.0008273903398880688,6664
1970-01-04 00:45:00+00:00,0.005935597243476629,0.004390412780273632,9832
1970-01-04 00:46:00+00:00,0.0025966255691753652,0.0015700250786351252,6859
1970-01-04 00:47:00+00:00,0.00254082803759651,0.0018180799813026563,6014
1970-01-04 00:48:00+00:00,0.0020778934763797125,0.0016159419920599451,6935
1970-01-04 00:49:00+00:00,0.0015834399423944824,0.0009924967913750853,7812
1970-01-04 00:50:00+00:00,0.005806048197259295,0.004330837664227882,9834
1970-01-04 00:51:00+00:00,0.0033596149169413006,0.002006491430191096,7252
1970-01-04 00:52:00+00:00,0.0037340581698751805,0.0017943727738277929,6719
1970-01-04 00:53:00+00:00,0.0017595789682372884,0.0010264024279392956,6911
1970-01-04 00:54:00+00:00,0.001570938808526254,0.0007223865999840437,7231
1970-01-04 00:55:00+00:00,0.005891781533303434,0.0042837340263850564,9833
1970-01-04 00:56:00+00:00,0.001842590173614431,0.0011797298941427625,7517
1970-01-04 00:57:00+00:00,0.00249797366772601,0.0015259174102925995,6799
1970-01-04 00:58:00+00:00,0.001965213558367109,0.001487680551233924,6488
1970-01-04 00:59:00+00:00,0.0011440209332021585,0.0007169545231428754,6609
1970-01-04 01:00:00+00:00,0.006158403553014715,0.004398461742267967,9815
1970-01-04 01:01:00+00:00,0.003810049814336457,0.002128204878638779,6640
1970-01-04 01:02:00+00:00,0.003230376878302685,0.0016619039028768435,6180
1970-01-04 01:03:00+00:00,0.0018016401496962408,0.001125921501790092,5984
1970-01-04 01:04:00+00:00,0.0016367839050199168,0.0013116778180770647,6670
1970-01-04 01:05:00+00:00,0.005956589453277491,0.004152237118880469,9800
1970-01-04 01:06:00+00:00,0.0016816235512438938,0.0009286616401648391,6878
1970-01-04 01:07:00+00:00,0.001957750606959302,0.0011310858556947776,7498
1970-01-04 01:08:00+00:00,0.0024090170822410302,0.0014853668394716045,6479
1970-01-04 01:09:00+00:00,0.0017618316885287626,0.0009793010455684027,6648
1970-01-04 01:10:00+00:00,0.006443363375385184,0.004414525407583319,9816
1970-01-04 01:11:00+00:00,0.003507715730258595,0.0019628807661524,7655
1970-01-04 01:12:00+00:00,0.002174828382873322,0.0014494824517920423,6382
1970-01-04 01:13:00+00:00,0.0018401664519929648,0.0009724301287315765,7163
1970-01-04 01:14:00+00:00,0.0012773311662938147,0.0006500653345134517,5452
1970-01-04 01:15:00+00:00,0.006244551394062795,0.004424134360656188,9823
1970-01-04 01:16:00+00:00,0.0029279191977651027,0.0015524725230367832,6430
1970-01-04 01:17:00+00:00,0.0020154612550721887,0.0010666277352292352,7285
1970-01-04 01:18:00+00:00,0.001951417418597868,0.0010444507498600416,7113
1970-01-04 01:19:00+00:00,0.0019576606571019084,0.0009368540608137875,6667
1970-01-04 01:20:00+00:00,0.00609434823305456,0.00439440576875539,9826
1970-01-04 01:21:00+00:00,0.003448742942627063,0.0019863899337429036,7672
1970-01-04 01:22:00+00:00,0.00222043834661276,0.0012773182751699605,7537
1970-01-04 01:23:00+00:00,0.0018206323038566278,0.0012230554487903868,7525
1970-01-04 01:24:00+00:00,0.0012199975076135421,0.0008424714242097595,6801
1970-01-04 01:25:00+00:00,0.00595837602348681,0.004355582180584972,9830
1970-01-04 01:26:00+00:00,0.0020958886090626273,0.0014206631309018596,5855
1970-01-04 01:27:00+00:00,0.0020839100091161033,0.00155042610132999,6377
1970-01-04 01:28:00+00:00,0.0017724905179527684,0.0009572271507343681,6259
1970-01-04 01:29:00+00:00,0.0011126875948194903,0.00069959669281981,6193
1970-01-04 01:30:00+00:00,0.0062146221758736615,0.004557935075554052,9834
1970-01-04 01:31:00+00:00,0.004522573492826163,0.0025652789852011844,6723
1970-01-04 01:32:00+00:00,0.003186057876924309,0.0020874167186602827,5811
1970-01-04 01:33:00+00:00,0.001373112779991547,0.0009580410629892558,5828
1970-01-04 01:34:00+00:00,0.0009558355836053423,0.0005737131244605545,7183
1970-01-04 01:35:00+00:00,0.006695200595290522,0.004847738180875979,9832
1970-01-04 01:36:00+00:00,0.0031954085442546802,0.0020591658329626016,5349
1970-01-04 01:37:00+00:00,0.004704283457195649,0.0020442568425539116,5158
1970-01-04 01:38:00+00:00,0.004525145419870997,0.002213990027219836,6179
1970-01-04 01:39:00+00:00,0.0016118138274809183,0.0006458230729520976,5409
1970-01-04 01:40:00+00:00,0.0065349883374590575,0.004822045775958222,9832
1970-01-04 01:41:00+00:00,0.0031648742176865387,0.0019231267073414157,6048
1970-01-04 01:42:00+00:00,0.0023382284465727843,0.0013447745862336976,5642
1970-01-04 01:43:00+00:00,0.0020606110114871567,0.0011464189052750704,6229
1970-01-04 01:44:00+00:00,0.0018512386897764172,0.0008317210823046232,5717
1970-01-04 01:45:00+00:00,0.006407076293771367,0.004833830605805597,9836
1970-01-04 01:46:00+00:00,0.0035881779872353214,0.0019878143318673314,5370
1970-01-04 01:47:00+00:00,0.0035646384218600267,0.001593720999840204,6059
1970-01-04 01:48:00+00:00,0.0022597472550854193,0.0012421148669607474,4982
1970-01-04 01:49:00+00:00,0.0016796872507350877,0.0009172233837228375,4493
1970-01-04 01:50:00+00:00,0.006237514119137692,0.004780016937509471,9837
1970-01-04 01:51:00+00:00,0.002463364286490391,0.0016108331111723486,6231
1970-01-04 01:52:00+00:00,0.0024126533579480517,0.0018351086422179008,7202
1970-01-04 01:53:00+00:00,0.002205814000491908,0.0015407501177589023,5572
1970-01-04 01:54:00+00:00,0.0009885466998802107,0.0010002509054803763,6181
1970-01-04 01:55:00+00:00,0.006199339703315604,0.004649276138126404,9834
1970-01-04 01:56:00+00:00,0.0023345078526213203,0.0018967799394872305,7037
1970-01-04 01:57:00+00:00,0.0017551892932839497,0.0014785824409281475,7663
1970-01-04 01:58:00+00:00,0.0013742196172176983,0.0011012022986224559,7118
1970-01-04 01:59:00+00:00,0.00125501345623681,0.000863669563942477,7425
1970-01-04 02:00:00+00:00,0.006714324856104249,0.0049704208431735905,9836
1970-01-04 02:01:00+00:00,0.0031140265355029074,0.0016411728188593115,8013
1970-01-04 02:02:00+00:00,0.0025464029421616583,0.0015916264892589375,6235
1970-01-04 02:03:00+00:00,0.0016645966547025014,0.00104047523620491,7570
1970-01-04 02:04:00+00:00,0.0008796477941513887,0.001038169997675943,7678
1970-01-04 02:05:00+00:00,0.006088231417459647,0.00456257576086609,9838
1970-01-04 02:06:00+00:00,0.005634274296602473,0.0027654060405511286,7506
1970-01-04 02:07:00+00:00,0.003969797320204753,0.0017895417899297095,7785
1970-01-04 02:08:00+00:00,0.0014160124848814396,0.0012349571073677248,7862
1970-01-04 02:09:00+00:00,0.0014526215651330574,0.0010032818792343717,7367
1970-01-04 02:10:00+00:00,0.006183556155373187,0.004668985332130152,9839
1970-01-04 02:11:00+00:00,0.002741610053382755,0.0017318631292862785,7992
1970-01-04 02:12:00+00:00,0.002035259095473961,0.001568345439716982,7077
1970-01-04 02:13:00+00:00,0.0015167338348470688,0.0013705999995958032,6521
1970-01-04 02:14:00+00:00,0.001203119723948867,0.0009530247618274382,6793
1970-01-04 02:15:00+00:00,0.006310242785097281,0.004793063055213835,9840
1970-01-04 02:16:00+00:00,0.002032477085783726,0.001773658156930667,7051
1970-01-04 02:17:00+00:00,0.0016338141765640647,0.001239151218838499,6996
1970-01-04 02:18:00+00:00,0.001711797798534218,0.0012917198883512489,7312
1970-01-04 02:19:00+00:00,0.001842574930348435,0.001000600164794241,6521
1970-01-04 02:20:00+00:00,0.006516948520402434,0.004929455829421543,9836
1970-01-04 02:21:00+00:00,0.003146168131894485,0.002145564447993388,5746
1970-01-04 02:22:00+00:00,0.0027614113992309288,0.001949876978777457,5557
1970-01-04 02:23:00+00:00,0.0020514738460218856,0.0011592111004447465,5532
1970-01-04 02:24:00+00:00,0.0014957922174504816,0.0006084010051004985,6364
1970-01-04 02:25:00+00:00,0.006362967503721163,0.004947132376322083,9835
1970-01-04 02:26:00+00:00,0.0021050667869933416,0.0012950367743793018,4995
1970-01-04 02:27:00+00:00,0.0035154110299054505,0.0017955491742809465,5898
1970-01-04 02:28:00+00:00,0.0023543539402189674,0.0012946129279137169,5518
1970-01-04 02:29:00+00:00,0.002771453788274866,0.0011793000781506284,6302
1970-01-04 02:30:00+00:00,0.00640658789953946,0.004872573532206692,9836
1970-01-04 02:31:00+00:00,0.005166521663198924,0.003770586740413589,6954
1970-01-04 02:32:00+00:00,0.0027604036468621097,0.0020294915306265713,6613
1970-01-04 02:33:00+00:00,0.00144802804406697,0.0013215930542667751,6386
1970-01-04 02:34:00+00:00,0.0010827055253423263,0.0007177781986082599,5822
1970-01-04 02:35:00+00:00,0.006671128175044673,0.004906170149538365,9836
1970-01-04 02:36:00+00:00,0.0020983158188339476,0.00130367923743551,6218
1970-01-04 02:37:00+00:00,0.0021301221603002318,0.0013315183932964636,5606
1970-01-04 02:38:00+00:00,0.0014012253354225672,0.0008489772876768211,5806
1970-01-04 02:39:00+00:00,0.0011888807331670607,0.0007661622782453069,6229
1970-01-04 02:40:00+00:00,0.006832670727604195,0.004965379075749081,9836
1970-01-04 02:41:00+00:00,0.003312466330986941,0.0019708304835374373,6285
1970-01-04 02:42:00+00:00,0.0027703958940855787,0.0018064323236367161,5521
1970-01-04 02:43:00+00:00,0.001806209540776601,0.001232320658318065,5879
1970-01-04 02:44:00+00:00,0.0015635547569357179,0.000789686944199269,6088
1970-01-04 02:45:00+00:00,0.006598009350039294,0.004860341704425407,9836
1970-01-04 02:46:00+00:00,0.0019358684689015683,0.0014094588252720162,4813
1970-01-04 02:47:00+00:00,0.001505667305295469,0.001122248363459942,5300
1970-01-04 02:48:00+00:00,0.0016057292520910396,0.0009833852183578984,6050
1970-01-04 02:49:00+00:00,0.0013176271099817189,0.0008687937483526033,7795
1970-01-04 02:50:00+00:00,0.006429556836078438,0.004748286071692412,9839
1970-01-04 02:51:00+00:00,0.0032357901594103813,0.0015495768188334396,6258
1970-01-04 02:52:00+00:00,0.0035506339269115303,0.001877251361290236,6646
1970-01-04 02:53:00+00:00,0.002218257437927748,0.0013061878879078643,6951
1970-01-04 02:54:00+00:00,0.0014205601153852933,0.0007513363314537889,6893
1970-01-04 02:55:00+00:00,0.006489227923979567,0.004685955281934922,9841
1970-01-04 02:56:00+00:00,0.0015634965678499731,0.000976751587982997,7345
1970-01-04 02:57:00+00:00,0.001606958328853091,0.0010731852131478441,7253
1970-01-04 02:58:00+00:00,0.002161058380648438,0.0009791931602507744,7761
1970-01-04 02:59:00+00:00,0.0019666237192022327,0.000739314264018929,7652
1970-01-04 03:00:00+00:00,0.005961179745194019,0.004254690723839194,9840
1970-01-04 03:01:00+00:00,0.003822769443770377,0.0015783457005814096,8294
1970-01-04 03:02:00+00:00,0.0054436332967259205,0.0021034620478548073,7776
1970-01-04 03:03:00+00:00,0.0030274199983343826,0.0012287222585797724,7847
1970-01-04 03:04:00+00:00,0.002381054586205087,0.0012239432177143833,6770
1970-01-04 03:05:00+00:00,0.006232299452042166,0.004329986269998198,9839
1970-01-04 03:06:00+00:00,0.0027352954872198174,0.001576946599585262,7833
1970-01-04 03:07:00+00:00,0.002021969109538928,0.0011003430103570515,7521
1970-01-04 03:08:00+00:00,0.0018938226783978083,0.0009945746520636125,7610
1970-01-04 03:09:00+00:00,0.00156858565457944,0.0008497435001325154,7835
1970-01-04 03:10:00+00:00,0.005890665992267303,0.004221282389271153,9842
1970-01-04 03:11:00+00:00,0.0032016851050506224,0.0017717592842340058,8504
1970-01-04 03:12:00+00:00,0.0024396766843555757,0.0016894069792019043,8333
1970-01-04 03:13:00+00:00,0.002277266204957877,0.0017428437512772613,7602
1970-01-04 03:14:00+00:00,0.001550391253752418,0.0008001297596286292,7904
1970-01-04 03:15:00+00:00,0.005860440849733498,0.004307136252883134,9842
1970-01-04 03:16:00+00:00,0.0026253661794602423,0.0011414189343108257,7686
1970-01-04 03:17:00+00:00,0.002582428722834426,0.0013760254062859657,7740
1970-01-04 03:18:00+00:00,0.0020873701019543684,0.0008576121556688573,7811
1970-01-04 03:19:00+00:00,0.0028791924456671174,0.0010948122441508668,8357
1970-01-04 03:20:00+00:00,0.005773866335344647,0.004198152422054024,9841
1970-01-04 03:21:00+00:00,0.0033474509403377396,0.0016349213771092413,8575
1970-01-04 03:22:00+00:00,0.0023163887183655094,0.0017192412873788243,8031
1970-01-04 03:23:00+00:00,0.0021727460766509873,0.0012673481368490574,8088
1970-01-04 03:24:00+00:00,0.0017734686842696206,0.0008192021636969909,8461
1970-01-04 03:25:00+00:00,0.005778409936106394,0.004101626666718613,9842
1970-01-04 03:26:00+00:00,0.0022157625914949455,0.0009755056669942513,7728
1970-01-04 03:27:00+00:00,0.0020837364442304303,0.0009806152313270834,8014
1970-01-04 03:28:00+00:00,0.0018039345182079495,0.0007910213997492621,7315
1970-01-04 03:29:00+00:00,0.001706849057186988,0.0007127602710332564,7967
1970-01-04 03:30:00+00:00,0.0055589288934394425,0.003917242344646892,9841
1970-01-04 03:31:00+00:00,0.00349130030493255,0.0017109020985761154,7874
1970-01-04 03:32:00+00:00,0.0029332253734470053,0.0017097974692408132,7187
1970-01-04 03:33:00+00:00,0.002252387468043686,0.0012911662860190139,7613
1970-01-04 03:34:00+00:00,0.0016086883961532645,0.0007348115953620763,7514
1970-01-04 03:35:00+00:00,0.005996902278073023,0.004096456401644791,9842
1970-01-04 03:36:00+00:00,0.002053819605877533,0.0008837902220846615,7399
1970-01-04 03:37:00+00:00,0.0016070508334802636,0.0007637132110216708,7146
1970-01-04 03:38:00+00:00,0.0015001030405824706,0.0008331679798967367,6777
1970-01-04 03:39:00+00:00,0.0016674287328719312,0.0010078997218794484,7573
1970-01-04 03:40:00+00:00,0.005833142801831001,0.003907438205801554,9840
1970-01-04 03:41:00+00:00,0.0025189858599304203,0.0014189052107846283,8391
1970-01-04 03:42:00+00:00,0.0031062776594421343,0.0016716954596039562,7211
1970-01-04 03:43:00+00:00,0.002497756805100973,0.0012960866414267968,7137
1970-01-04 03:44:00+00:00,0.003127170174501468,0.0009770983552365535,7718
1970-01-04 03:45:00+00:00,0.0062353794442688475,0.004069075844218503,9840
1970-01-04 03:46:00+00:00,0.004003195946179793,0.0014383006195802463,7892
1970-01-04 03:47:00+00:00,0.0021537426830262173,0.000841220941885495,7234
1970-01-04 03:48:00+00:00,0.0012765662004398362,0.0006445767920297815,6866
1970-01-04 03:49:00+00:00,0.0032218313445418986,0.0009554117503621632,7258
1970-01-04 03:50:00+00:00,0.005931604287338348,0.003994524124856547,9840
1970-01-04 03:51:00+00:00,0.0020855778137996144,0.0008347414591868261,7914
1970-01-04 03:52:00+00:00,0.001172773054225839,0.0007156974073673431,7510
1970-01-04 03:53:00+00:00,0.0017193917032980604,0.0007849642497342373,7231
1970-01-04 03:54:00+00:00,0.0020942736260684824,0.0009977084736765192,7927
1970-01-04 03:55:00+00:00,0.005679132759834975,0.003978138358824853,9842
1970-01-04 03:56:00+00:00,0.0030599091062382716,0.00176818707336701,7880
1970-01-04 03:57:00+00:00,0.002331152794215781,0.001590885706841204,7790
1970-01-04 03:58:00+00:00,0.0018885695954700742,0.001186822759090556,7137
1970-01-04 03:59:00+00:00,0.0017556813665590004,0.0008283419946205089,8084
1970-01-04 04:00:00+00:00,0.005805374160004577,0.004067526456130673,9842
1970-01-04 04:01:00+00:00,0.0016236402788849847,0.0008533467313222239,7655
1970-01-04 04:02:00+00:00,0.0014859163842528948,0.0008596596524668765,7672
1970-01-04 04:03:00+00:00,0.0013082155738447807,0.000918207630383782,7390
1970-01-04 04:04:00+00:00,0.0018208825581112382,0.0009835971738527286,6950
1970-01-04 04:05:00+00:00,0.005832971538456898,0.004152907740709935,9841
1970-01-04 04:06:00+00:00,0.003138060245592763,0.001575700914744781,6672
1970-01-04 04:07:00+00:00,0.0033298772103614264,0.001689854334364701,6926
1970-01-04 04:08:00+00:00,0.0016243197295675604,0.0011052820738747958,7431
1970-01-04 04:09:00+00:00,0.0013990217981230003,0.0008875232429595893,6585
1970-01-04 04:10:00+00:00,0.006038037385804268,0.0041536729894630095,9842
1970-01-04 04:11:00+00:00,0.0025013390437939593,0.0012298221290072554,7504
1970-01-04 04:12:00+00:00,0.0019923785199107724,0.0008087449110625828,8257
1970-01-04 04:13:00+00:00,0.0020560253477571646,0.0008248657466148418,7419
1970-01-04 04:14:00+00:00,0.0016400939568271592,0.0005833056563363678,7041
1970-01-04 04:15:00+00:00,0.005747002418854153,0.003928914791955999,9843
1970-01-04 04:16:00+00:00,0.004120436360675143,0.001590389029277933,6780
1970-01-04 04:17:00+00:00,0.003529912699750142,0.0012139504094966242,7027
1970-01-04 04:18:00+00:00,0.002295923512193367,0.0009320858612587518,6951
1970-01-04 04:19:00+00:00,0.0026096333560149585,0.0009377454165100013,7427
1970-01-04 04:20:00+00:00,0.005904106489011452,0.00405539282372448,9841
1970-01-04 04:21:00+00:00,0.0031840547638649296,0.0013723788674321021,7865
1970-01-04 04:22:00+00:00,0.002872724110105407,0.0012453314016833063,7438
1970-01-04 04:23:00+00:00,0.0024715498027882924,0.001028922341116044,7469
1970-01-04 04:24:00+00:00,0.0014932365662883359,0.0007289711743590725,6413
1970-01-04 04:25:00+00:00,0.005516398162217473,0.003981082902514368,9841
1970-01-04 04:26:00+00:00,0.0009482049951298066,0.0008240022511305297,7848
1970-01-04 04:27:00+00:00,0.0020435121735727798,0.0010478330226565994,7443
1970-01-04 04:28:00+00:00,0.0018334444034309614,0.0011774634655362822,6699
1970-01-04 04:29:00+00:00,0.0013685108516854766,0.0008523512227039442,6359
1970-01-04 04:30:00+00:00,0.0055925411912376025,0.004005464308581894,9844
1970-01-04 04:31:00+00:00,0.0025808744524878843,0.0013488291885230882,7908
1970-01-04 04:32:00+00:00,0.0027701316484059447,0.0017147746931751124,8082
1970-01-04 04:33:00+00:00,0.002582434281906396,0.0015684777864477515,7518
1970-01-04 04:34:00+00:00,0.0015694760248041516,0.0008557566434676515,7389
1970-01-04 04:35:00+00:00,0.006068526082905009,0.004210921347433419,9842
1970-01-04 04:36:00+00:00,0.003254370968675877,0.0014911604189863303,7300
1970-01-04 04:37:00+00:00,0.0028395386065078144,0.0013625727400190181,7446
1970-01-04 04:38:00+00:00,0.0017240711140536563,0.0009380451551561698,6990
1970-01-04 04:39:00+00:00,0.0015402640305006,0.0005773142039749391,7070
1970-01-04 04:40:00+00:00,0.005826040277951895,0.004033993749321405,9841
1970-01-04 04:41:00+00:00,0.0017560789967432087,0.0010252032340019326,7989
1970-01-04 04:42:00+00:00,0.0019523536711509538,0.0012128998584682747,7644
1970-01-04 04:43:00+00:00,0.0030751816611318643,0.001559106026531442,7026
1970-01-04 04:44:00+00:00,0.002153088558218374,0.0006912581986935418,7702
1970-01-04 04:45:00+00:00,0.005933492165653042,0.004054267881707986,9835
1970-01-04 04:46:00+00:00,0.003857296234987577,0.002024976253749588,7566
1970-01-04 04:47:00+00:00,0.0038336597573761246,0.0019682215268520264,6772
1970-01-04 04:48:00+00:00,0.0029642288599963144,0.0012252213198891142,6798
1970-01-04 04:49:00+00:00,0.0016057891859545276,0.0009850503546683324,6958
1970-01-04 04:50:00+00:00,0.005872913689887408,0.004121192437742876,9831
1970-01-04 04:51:00+00:00,0.0013962335163788427,0.0011525129456795213,7319
1970-01-04 04:52:00+00:00,0.0027899039625631033,0.0018280562199542744,6475
1970-01-04 04:53:00+00:00,0.0019214307825521062,0.0012537531443867938,6357
1970-01-04 04:54:00+00:00,0.001444908070229938,0.0006796174883770346,6977
1970-01-04 04:55:00+00:00,0.00594119712088725,0.004140532435624658,9834
1970-01-04 04:56:00+00:00,0.004169634505975594,0.001997731149091987,6745
1970-01-04 04:57:00+00:00,0.0023406904489991606,0.0010200255604619164,7309
1970-01-04 04:58:00+00:00,0.0014984240149124584,0.000686110752740443,7987
1970-01-04 04:59:00+00:00,0.0012730065808495244,0.0009616795713018099,6986
1970-01-04 05:00:00+00:00,0.005658513752981557,0.0038580012188907087,9835
1970-01-04 05:01:00+00:00,0.0020600345387933455,0.0009686873938780528,8278
1970-01-04 05:02:00+00:00,0.002091851696216504,0.0008737593160813984,7452
1970-01-04 05:03:00+00:00,0.0016923850759429917,0.0007977130771407777,6972
1970-01-04 05:04:00+00:00,0.001787241507951935,0.000718799658102325,6641
1970-01-04 05:05:00+00:00,0.005626282126915902,0.004233851745482984,9839
1970-01-04 05:06:00+00:00,0.0023560815251474393,0.001021052358110317,7327
1970-01-04 05:07:00+00:00,0.0025135500213045382,0.0011979613685687853,7289
1970-01-04 05:08:00+00:00,0.0024327525946930147,0.0011557273864746074,6459
1970-01-04 05:09:00+00:00,0.0026794622894419176,0.0008343238138778537,6342
1970-01-04 05:10:00+00:00,0.005915913060448934,0.004348166498589141,9837
1970-01-04 05:11:00+00:00,0.003116324867829367,0.0014835858054510571,7975
1970-01-04 05:12:00+00:00,0.0023671457699204327,0.0011172058995388837,7275
1970-01-04 05:13:00+00:00,0.002772659442682302,0.0013927650726269403,6933
1970-01-04 05:14:00+00:00,0.0013860656541475416,0.0005344399896382655,7107
1970-01-04 05:15:00+00:00,0.005796198718627378,0.004192722490309216,9838
1970-01-04 05:16:00+00:00,0.0015393561083702314,0.000751892075154758,7509
1970-01-04 05:17:00+00:00,0.0017554373955422993,0.000882841429398129,7839
1970-01-04 05:18:00+00:00,0.0013617028496290316,0.000721820950112491,7090
1970-01-04 05:19:00+00:00,0.001138905804123621,0.0005766683085856896,7171
1970-01-04 05:20:00+00:00,0.0056047187027802765,0.004180284996403035,9839
1970-01-04 05:21:00+00:00,0.0020415256606443463,0.0014307703664607904,5914
1970-01-04 05:22:00+00:00,0.002274371854003334,0.0014400625362567929,5648
1970-01-04 05:23:00+00:00,0.0026753532787225543,0.001251716477239657,5462
1970-01-04 05:24:00+00:00,0.0017192959280031364,0.0013270139260988115,5751
1970-01-04 05:25:00+00:00,0.005898475469616948,0.004306510019858127,9836
1970-01-04 05:26:00+00:00,0.0018088571718930383,0.0008049837736616531,6460
1970-01-04 05:27:00+00:00,0.0027218016808177987,0.0013100074448310242,7558
1970-01-04 05:28:00+00:00,0.0021229381891840248,0.0008692580141159288,7604
1970-01-04 05:29:00+00:00,0.002696152640914615,0.0010018936232331342,6421
1970-01-04 05:30:00+00:00,0.005963084905084383,0.004446477920849766,9836
1970-01-04 05:31:00+00:00,0.004673136988889462,0.0022025777869618566,6754
1970-01-04 05:32:00+00:00,0.0034582943188618625,0.0019809490105095803,6647
1970-01-04 05:33:00+00:00,0.0032594253339278643,0.001400980393799887,7371
1970-01-04 05:34:00+00:00,0.00209465516197856,0.0008044877458875649,7340
1970-01-04 05:35:00+00:00,0.005971354014509997,0.004338977863151261,9837
1970-01-04 05:36:00+00:00,0.0025754012178476234,0.001093869005541362,8137
1970-01-04 05:37:00+00:00,0.0019560832561982527,0.0009030139950637852,7245
1970-01-04 05:38:00+00:00,0.0017977774403674814,0.0008722955194856912,7165
1970-01-04 05:39:00+00:00,0.0021328191688902744,0.0009219174829016411,7600
1970-01-04 05:40:00+00:00,0.006005201400018326,0.004412819822567941,9837
1970-01-04 05:41:00+00:00,0.0024679663232740692,0.00238359505514787,7588
1970-01-04 05:42:00+00:00,0.0020663633041560245,0.0014331396008808845,7486
1970-01-04 05:43:00+00:00,0.0015737189405282505,0.0011467839073372576,7444
1970-01-04 05:44:00+00:00,0.0012443098375352713,0.0007999527252326591,7323
1970-01-04 05:45:00+00:00,0.005872773773632014,0.004402487121742406,9836
1970-01-04 05:46:00+00:00,0.003448904383651168,0.002850532419906392,6213
1970-01-04 05:47:00+00:00,0.0034667035171652813,0.0021177659867506094,7958
1970-01-04 05:48:00+00:00,0.0021316185842788315,0.001864917800577993,7291
1970-01-04 05:49:00+00:00,0.0027971770240031086,0.0016404707667767903,7971
1970-01-04 05:50:00+00:00,0.005980449150005244,0.004416348890263764,9835
1970-01-04 05:51:00+00:00,0.0029128904920654947,0.0020528943307684473,8235
1970-01-04 05:52:00+00:00,0.0019719417820910543,0.0012205327938709153,7922
1970-01-04 05:53:00+00:00,0.0013067164497733946,0.0008533912978563444,7267
1970-01-04 05:54:00+00:00,0.001649058201159974,0.0007915783311148931,7882
1970-01-04 05:55:00+00:00,0.005738175654420361,0.004222108941648249,9836
1970-01-04 05:56:00+00:00,0.002807284400339598,0.0015534980628686987,7914
1970-01-04 05:57:00+00:00,0.0030111263603597818,0.0016093833612089744,7805
1970-01-04 05:58:00+00:00,0.0028398371646890033,0.0013260942117619113,7556
1970-01-04 05:59:00+00:00,0.0022753582370425977,0.0011021139851417354,7121
1970-01-04 06:00:00+00:00,0.005795941367277509,0.004211502872737384,9836
1970-01-04 06:01:00+00:00,0.0021185342973521273,0.0010139044932813265,7883
1970-01-04 06:02:00+00:00,0.002195752539110155,0.0008781940793588906,7810
1970-01-04 06:03:00+00:00,0.002509174478816058,0.0009923988887716672,7546
1970-01-04 06:04:00+00:00,0.0022847582307597503,0.0008033917061899147,7827
1970-01-04 06:05:00+00:00,0.005651045190027211,0.004065133699421514,9839
1970-01-04 06:06:00+00:00,0.0026864501372215453,0.0010837754863199487,7003
1970-01-04 06:07:00+00:00,0.0034852390803582585,0.0011867351470447845,7247
1970-01-04 06:08:00+00:00,0.0037732371775400205,0.0018372908580969682,7124
1970-01-04 06:09:00+00:00,0.0025737391492982706,0.0008385913267650794,6564
1970-01-04 06:10:00+00:00,0.005540430065680284,0.003912829823877867,9840
1970-01-04 06:11:00+00:00,0.003438761358675164,0.0017805105710346962,7756
1970-01-04 06:12:00+00:00,0.0024350615508316195,0.0011451347325331452,8280
1970-01-04 06:13:00+00:00,0.00218140583298986,0.0009088822732792295,8216
1970-01-04 06:14:00+00:00,0.0016718328992731844,0.0007565065943173134,7548
1970-01-04 06:15:00+00:00,0.005839280072287419,0.00405574578621217,9839
1970-01-04 06:16:00+00:00,0.0023847714272181015,0.001207945521170609,7505
1970-01-04 06:17:00+00:00,0.002566142183319812,0.001037608997967871,7684
1970-01-04 06:18:00+00:00,0.0025589485907621216,0.0018100845970918844,7284
1970-01-04 06:19:00+00:00,0.002352749810943107,0.001735121860534329,7583
1970-01-04 06:20:00+00:00,0.005851123196852921,0.004090973547155073,9840
1970-01-04 06:21:00+00:00,0.003165230447115428,0.0024621940289091095,7929
1970-01-04 06:22:00+00:00,0.0033151117453837854,0.0016610950006971492,8237
1970-01-04 06:23:00+00:00,0.002551155247214888,0.000993351291070905,8078
1970-01-04 06:24:00+00:00,0.00250682109249615,0.0011478387945857008,7587
1970-01-04 06:25:00+00:00,0.005622573340987052,0.003984333865257997,9840
1970-01-04 06:26:00+00:00,0.002546018184028424,0.0011956347252823874,7408
1970-01-04 06:27:00+00:00,0.0021809143805135325,0.0008856630682597247,8019
1970-01-04 06:28:00+00:00,0.002704377020108881,0.0012780510299749545,7653
1970-01-04 06:29:00+00:00,0.001689698669330516,0.0010118608709035418,6853
1970-01-04 06:30:00+00:00,0.005674888825780413,0.004014095373391581,9838
1970-01-04 06:31:00+00:00,0.0025540815748554095,0.0016379947476675102,7762
1970-01-04 06:32:00+00:00,0.0028285612192565156,0.0016732180448653163,6982
1970-01-04 06:33:00+00:00,0.002468155566928824,0.0016396347506961624,7777
1970-01-04 06:34:00+00:00,0.0018312816275463512,0.0005307372241794318,8260
1970-01-04 06:35:00+00:00,0.0055707453070510445,0.004096932219614315,9840
1970-01-04 06:36:00+00:00,0.0025306043077881497,0.0010392458124448079,8113
1970-01-04 06:37:00+00:00,0.002523855272793739,0.0010251101480443457,7153
1970-01-04 06:38:00+00:00,0.002461613520643907,0.0010667554277923384,6936
1970-01-04 06:39:00+00:00,0.001956160202880806,0.0007751727896618635,6695
1970-01-04 06:40:00+00:00,0.005958998062006603,0.004074075100167763,9839
1970-01-04 06:41:00+00:00,0.002350956247615659,0.0009955880673401345,7511
1970-01-04 06:42:00+00:00,0.0022192008505833526,0.0015678618523959427,6644
1970-01-04 06:43:00+00:00,0.0027616471678591644,0.001144761644223575,6829
1970-01-04 06:44:00+00:00,0.0022411490207777654,0.0008104944627999494,7143
1970-01-04 06:45:00+00:00,0.0062966665800995485,0.004130488943088586,9839
1970-01-04 06:46:00+00:00,0.003498062319194319,0.0016511476960928138,7107
1970-01-04 06:47:00+00:00,0.003041761603276543,0.0016749028942283069,7489
1970-01-04 06:48:00+00:00,0.0014128903463586926,0.0006335501870847254,7768
1970-01-04 06:49:00+00:00,0.0016953818204367738,0.0006055210335833374,7801
1970-01-04 06:50:00+00:00,0.005969896046040526,0.003884616793956161,9839
1970-01-04 06:51:00+00:00,0.0022013958154826923,0.0008834251048744707,8616
1970-01-04 06:52:00+00:00,0.0013113576656258016,0.0007120609040692174,7478
1970-01-04 06:53:00+00:00,0.0026548599099789918,0.0009004467443255648,6856
1970-01-04 06:54:00+00:00,0.001590635611360778,0.0009183975217697733,6723
1970-01-04 06:55:00+00:00,0.006672434766032658,0.00426462570102783,9838
1970-01-04 06:56:00+00:00,0.003666617538704585,0.0016503039564383286,5810
1970-01-04 06:57:00+00:00,0.002481507357310146,0.0013168442828708341,7587
1970-01-04 06:58:00+00:00,0.002518146748068264,0.0012718482556024946,6455
1970-01-04 06:59:00+00:00,0.0016214075952533877,0.0008975803383231446,6428
1970-01-04 07:00:00+00:00,0.006531748261963969,0.004131805258992903,9838
1970-01-04 07:01:00+00:00,0.004223047743760438,0.0017745077062984156,6668
1970-01-04 07:02:00+00:00,0.004212190312776382,0.0015055542222402758,6279
1970-01-04 07:03:00+00:00,0.0030920665304858246,0.0010852795818050312,6658
1970-01-04 07:04:00+00:00,0.0016051738243920222,0.0006637935826999561,6646
1970-01-04 07:05:00+00:00,0.006508836708809362,0.004074330452505034,9840
1970-01-04 07:06:00+00:00,0.0028286634112944468,0.0012109717301346447,6294
1970-01-04 07:07:00+00:00,0.001967103236718702,0.0010472549512122668,6146
1970-01-04 07:08:00+00:00,0.0018316845019791484,0.0009697290420777917,6605
1970-01-04 07:09:00+00:00,0.002136177037624478,0.0006687499885567923,6655
1970-01-04 07:10:00+00:00,0.0062950549957317406,0.003964640476638311,9842
1970-01-04 07:11:00+00:00,0.0023235105182999793,0.0010441210891932475,7532
1970-01-04 07:12:00+00:00,0.0017743386306643717,0.0007586502556175184,7542
1970-01-04 07:13:00+00:00,0.0012717792152786517,0.0006008800862177005,7536
1970-01-04 07:14:00+00:00,0.0018344853239437918,0.0006406093405776312,6063
1970-01-04 07:15:00+00:00,0.006258437538367466,0.0039365304628670396,9843
1970-01-04 07:16:00+00:00,0.002584522477928404,0.0011693589161164938,7404
1970-01-04 07:17:00+00:00,0.002233809745530314,0.001124279511384022,7683
1970-01-04 07:18:00+00:00,0.002218732377979688,0.000810549886567899,7082
1970-01-04 07:19:00+00:00,0.0014037586167127212,0.0004969908592739797,7620
1970-01-04 07:20:00+00:00,0.006122972900367938,0.0038380028624440906,9842
1970-01-04 07:21:00+00:00,0.0021764555559449397,0.000924392602248712,7167
1970-01-04 07:22:00+00:00,0.0019069385950854216,0.0008859772448415617,7084
1970-01-04 07:23:00+00:00,0.0020900540573483713,0.0006068462328704462,7922
1970-01-04 07:24:00+00:00,0.0022202180753192902,0.0011345316290627227,7701
1970-01-04 07:25:00+00:00,0.006139540896461684,0.0039730803409293745,9842
1970-01-04 07:26:00+00:00,0.0016435079229184498,0.0008555432481644099,6704
1970-01-04 07:27:00+00:00,0.001080929633936226,0.0005989140967783604,5872
1970-01-04 07:28:00+00:00,0.0009146773835489916,0.0005540719387052945,5592
1970-01-04 07:29:00+00:00,0.0009393005897736307,0.0005268875823271427,7045
1970-01-04 07:30:00+00:00,0.006143616078932875,0.003998743855128988,9842
1970-01-04 07:31:00+00:00,0.0015914930476171646,0.0010068771099660124,6451
1970-01-04 07:32:00+00:00,0.0010171929690671328,0.0006530715465002144,6722
1970-01-04 07:33:00+00:00,0.0010367126843441237,0.000652521090222372,6899
1970-01-04 07:34:00+00:00,0.0011445065983052877,0.000517601115250887,6966
1970-01-04 07:35:00+00:00,0.006140497365510226,0.004110038542479637,9842
1970-01-04 07:36:00+00:00,0.0014876915305779596,0.0009603933862103534,7192
1970-01-04 07:37:00+00:00,0.0014393325441391604,0.000711261294194494,8070
1970-01-04 07:38:00+00:00,0.002828862832657131,0.0016269647898086912,8117
1970-01-04 07:39:00+00:00,0.0034856185132380283,0.001986346458077496,6784
1970-01-04 07:40:00+00:00,0.006394427902517363,0.00423578732411969,9842
1970-01-04 07:41:00+00:00,0.002190865784763485,0.0011078815494524595,7589
1970-01-04 07:42:00+00:00,0.002568057999151218,0.0015660774132296134,5628
1970-01-04 07:43:00+00:00,0.0015712275965933731,0.0010188018451990114,6400
1970-01-04 07:44:00+00:00,0.0011355976805176797,0.0005636944464110394,5750
1970-01-04 07:45:00+00:00,0.006374819504003215,0.00424092442993015,9842
1970-01-04 07:46:00+00:00,0.0026664401681394815,0.0009845883315738578,5893
1970-01-04 07:47:00+00:00,0.0019003215188407858,0.0005730773820409446,5578
1970-01-04 07:48:00+00:00,0.0016868686676025327,0.0007423028398732658,5439
1970-01-04 07:49:00+00:00,0.0016047587123034187,0.0007032782049406611,5309
1970-01-04 07:50:00+00:00,0.006367376250727297,0.004355346974745975,9841
1970-01-04 07:51:00+00:00,0.00221725162820179,0.0009084283505367573,6004
1970-01-04 07:52:00+00:00,0.0015801463820146206,0.0007105592579245634,5866
1970-01-04 07:53:00+00:00,0.001596653185738793,0.0007555992434446455,5874
1970-01-04 07:54:00+00:00,0.0014582372271205474,0.0005586218153995358,5200
1970-01-04 07:55:00+00:00,0.006347590002724607,0.004360657234965447,9840
1970-01-04 07:56:00+00:00,0.0021097180277017,0.0008194243469448108,5282
1970-01-04 07:57:00+00:00,0.0024934234294118206,0.0007687879848169155,5583
1970-01-04 07:58:00+00:00,0.0019225939854184372,0.0007575028185037216,5077
1970-01-04 07:59:00+00:00,0.001734885591745876,0.0006412087244944114,4699
1970-01-04 08:00:00+00:00,0.006536828677000701,0.004488519837322444,9840
1970-01-04 08:01:00+00:00,0.0020936474683239,0.0009418273571047762,4775
1970-01-04 08:02:00+00:00,0.0019579076788765596,0.0007198234897041705,4963
1970-01-04 08:03:00+00:00,0.0018276419877096411,0.0006482497527799054,4217
1970-01-04 08:04:00+00:00,0.002119502329892698,0.0008987402477047052,5055
1970-01-04 08:05:00+00:00,0.006700009612622272,0.004561312381206841,9841
1970-01-04 08:06:00+00:00,0.001787975405349332,0.0006873999166062463,4147
1970-01-04 08:07:00+00:00,0.002249795154732001,0.0007153168740487852,3877
1970-01-04 08:08:00+00:00,0.0015526400090632505,0.0005273633483855773,5349
1970-01-04 08:09:00+00:00,0.0016443873644890886,0.0005527141434225294,4535
1970-01-04 08:10:00+00:00,0.006634970379082175,0.004622022502930068,9841
1970-01-04 08:11:00+00:00,0.001892597617540693,0.0010264192859010784,4784
1970-01-04 08:12:00+00:00,0.001549340132431359,0.0007337039294200146,5334
1970-01-04 08:13:00+00:00,0.001643791846197347,0.0008686706023158466,5147
1970-01-04 08:14:00+00:00,0.002031876254920935,0.0007879664091333595,5051
1970-01-04 08:15:00+00:00,0.006624064358101843,0.004614193344035288,9840
1970-01-04 08:16:00+00:00,0.0035386247287694074,0.0009440274168409029,4705
1970-01-04 08:17:00+00:00,0.002899282914672894,0.0009320715700924331,6370
1970-01-04 08:18:00+00:00,0.0036418618773101396,0.000799986560886246,6427
1970-01-04 08:19:00+00:00,0.0031833039920727982,0.0017153880184442205,5743
1970-01-04 08:20:00+00:00,0.006575299300446536,0.004591265961593522,9840
1970-01-04 08:21:00+00:00,0.0041306139554591345,0.0012823911898398005,5605
1970-01-04 08:22:00+00:00,0.003084353707772951,0.0009356806012201352,5622
1970-01-04 08:23:00+00:00,0.0030556381049051977,0.0009637089846938978,5354
1970-01-04 08:24:00+00:00,0.0019024634881609315,0.0007772633192862657,8769
1970-01-04 08:25:00+00:00,0.006733682810143398,0.004661944455195898,9839
1970-01-04 08:26:00+00:00,0.002964950865833343,0.0014387234186016501,5525
1970-01-04 08:27:00+00:00,0.0034084494124613576,0.0011838267629991235,5291
1970-01-04 08:28:00+00:00,0.0018830035865383247,0.0010040486881583348,4876
1970-01-04 08:29:00+00:00,0.002244611755472701,0.0013087674202414653,5550
1970-01-04 08:30:00+00:00,0.006907547806399935,0.004776560737965097,9840
1970-01-04 08:31:00+00:00,0.00260525180264521,0.001362255349161793,4369
1970-01-04 08:32:00+00:00,0.0022558626600798944,0.0011817428035266273,4224
1970-01-04 08:33:00+00:00,0.0026916667480399174,0.001466092990388663,4799
1970-01-04 08:34:00+00:00,0.0027898427378067647,0.0015960703353919137,5470
1970-01-04 08:35:00+00:00,0.006877990496790185,0.004784653446719738,9841
1970-01-04 08:36:00+00:00,0.0028215759868272846,0.0010183186618307684,3200
1970-01-04 08:37:00+00:00,0.0036912470771010143,0.0019890519921120964,5082
1970-01-04 08:38:00+00:00,0.0031122020963165447,0.0015291379143794373,4155
1970-01-04 08:39:00+00:00,0.002931903004299692,0.0010316449095283688,3549
1970-01-04 08:40:00+00:00,0.0069030141231802115,0.00478841687795298,9841
1970-01-04 08:41:00+00:00,0.0026901351066538366,0.0019039376017058287,5821
1970-01-04 08:42:00+00:00,0.002570505326960689,0.0017732249506299087,5101
1970-01-04 08:43:00+00:00,0.003744711488152051,0.0011234854229836575,3424
1970-01-04 08:44:00+00:00,0.002298947790064821,0.0011837394112245063,5411
1970-01-04 08:45:00+00:00,0.006686333017551248,0.00473774717536941,9840
1970-01-04 08:46:00+00:00,0.002615590931831311,0.0013252894083658853,4012
1970-01-04 08:47:00+00:00,0.0029017445536343527,0.0009874741905107113,3909
1970-01-04 08:48:00+00:00,0.00222313340451162,0.0011692166312910206,3832
1970-01-04 08:49:00+00:00,0.0022406548950758207,0.001027254415320314,4011
1970-01-04 08:50:00+00:00,0.006634017890795723,0.004730085468958022,9840
1970-01-04 08:51:00+00:00,0.0032431291726090767,0.0014217682565262149,3970
1970-01-04 08:52:00+00:00,0.0025044389546211286,0.0013345129579941804,4150
1970-01-04 08:53:00+00:00,0.0029956189111762714,0.0013050303805430777,3334
1970-01-04 08:54:00+00:00,0.00245804186869736,0.001061612816119862,3892
1970-01-04 08:55:00+00:00,0.006599827601494637,0.004713693581415755,9841
1970-01-04 08:56:00+00:00,0.002357810442728413,0.001534452400454858,4339
1970-01-04 08:57:00+00:00,0.003073536951487477,0.0013079929641416465,4411
1970-01-04 08:58:00+00:00,0.002800870398078528,0.001203582594476353,3972
1970-01-04 08:59:00+00:00,0.0024183068462131506,0.001047812999144778,4059
1970-01-04 09:00:00+00:00,0.006585148815635986,0.004727463830534223,9838
1970-01-04 09:01:00+00:00,0.0031984467063389,0.0017211936264876814,5215
1970-01-04 09:02:00+00:00,0.0036833650087381817,0.0014518972723035692,3632
1970-01-04 09:03:00+00:00,0.002526473848902978,0.0011303012686316172,4102
1970-01-04 09:04:00+00:00,0.0020109278598763837,0.0009538138297111971,4544
1970-01-04 09:05:00+00:00,0.0065205095172793034,0.004705450803919753,9838
1970-01-04 09:06:00+00:00,0.002943521124451461,0.0017319470281634414,3996
1970-01-04 09:07:00+00:00,0.0023606903751158563,0.0009627554435832269,3714
1970-01-04 09:08:00+00:00,0.0021324179068696806,0.001307535983517148,5009
1970-01-04 09:09:00+00:00,0.0025170338304737047,0.0009475485433506112,3047
1970-01-04 09:10:00+00:00,0.006545685631411371,0.004688897089856365,9838
1970-01-04 09:11:00+00:00,0.002691090262357975,0.0014633749968364761,4018
1970-01-04 09:12:00+00:00,0.002401919846460635,0.0010944257453605244,4283
1970-01-04 09:13:00+00:00,0.002095585728497696,0.001220773849455852,5152
1970-01-04 09:14:00+00:00,0.0021723222135287957,0.0010806130325224567,3897
1970-01-04 09:15:00+00:00,0.006442539653849886,0.004707662628760897,9839
1970-01-04 09:16:00+00:00,0.0024556412862552714,0.001250655815639862,4622
1970-01-04 09:17:00+00:00,0.002104991871836971,0.0011739936379433586,5358
1970-01-04 09:18:00+00:00,0.0016366952735176498,0.000669980999866124,3975
1970-01-04 09:19:00+00:00,0.001858305050241745,0.0008886722732971912,4116
1970-01-04 09:20:00+00:00,0.006480725519077991,0.004685600359033489,9840
1970-01-04 09:21:00+00:00,0.0027418743287261267,0.0015764892429377666,5729
1970-01-04 09:22:00+00:00,0.0018071586783805287,0.0009951789909903922,4561
1970-01-04 09:23:00+00:00,0.0023206700157015338,0.0014852688755362282,4393
1970-01-04 09:24:00+00:00,0.001642466267046194,0.0010003802814293923,4826
1970-01-04 09:25:00+00:00,0.006544650239523153,0.004705550907161398,9844
1970-01-04 09:26:00+00:00,0.002863642681075872,0.0014107022025245518,3435
1970-01-04 09:27:00+00:00,0.0017192707292227741,0.0010129600952450456,5904
1970-01-04 09:28:00+00:00,0.002614351372163463,0.0014330482482910138,3860
1970-01-04 09:29:00+00:00,0.0028756757137613337,0.0013259881180893037,5778
1970-01-04 09:30:00+00:00,0.006115605289235293,0.004634464407987679,9844
1970-01-04 09:31:00+00:00,0.002975535131057751,0.0016547426384266322,5452
1970-01-04 09:32:00+00:00,0.0023213256841849426,0.0010303710145296277,4648
1970-01-04 09:33:00+00:00,0.002337742897664534,0.000982654992467867,4320
1970-01-04 09:34:00+00:00,0.0022194678558192073,0.0011444906319907657,5540
1970-01-04 09:35:00+00:00,0.0058637564381353235,0.004507702698794207,9844
1970-01-04 09:36:00+00:00,0.0020301606224501527,0.0008706104415027147,4796
1970-01-04 09:37:00+00:00,0.0019271138593915332,0.0009254622043776097,4137
1970-01-04 09:38:00+00:00,0.0016894157676523157,0.0006136349277816237,4401
1970-01-04 09:39:00+00:00,0.00188991367454661,0.0006974006378665407,4414
1970-01-04 09:40:00+00:00,0.006062166814464405,0.004412236422693961,9843
1970-01-04 09:41:00+00:00,0.0016573905291174963,0.0007031310480386252,7058
1970-01-04 09:42:00+00:00,0.0020908188501701287,0.0006324170319319772,4447
1970-01-04 09:43:00+00:00,0.0026716413634592577,0.0008854819694127048,4427
1970-01-04 09:44:00+00:00,0.0019143846863204765,0.0008176024166635719,4539
1970-01-04 09:45:00+00:00,0.00599583397709025,0.004354319188199159,9842
1970-01-04 09:46:00+00:00,0.0017691753782846133,0.0007652529201411,7457
1970-01-04 09:47:00+00:00,0.002391598447899735,0.0008001569767706418,5309
1970-01-04 09:48:00+00:00,0.002308206530436087,0.000838715052253718,3933
1970-01-04 09:49:00+00:00,0.0023880580954182763,0.0007938340817989278,3694
1970-01-04 09:50:00+00:00,0.0061936584897797,0.0043572342655505076,9842
1970-01-04 09:51:00+00:00,0.0017392890965514693,0.0008105716830605409,6525
1970-01-04 09:52:00+00:00,0.001286328497118512,0.000789742139006172,5126
1970-01-04 09:53:00+00:00,0.0014218801954408605,0.000588228699207531,5327
1970-01-04 09:54:00+00:00,0.0013186758006406383,0.0004718107580395807,5347
1970-01-04 09:55:00+00:00,0.006488685810973064,0.004363251024594961,9842
1970-01-04 09:56:00+00:00,0.0021265654057302593,0.001139482640299762,5876
1970-01-04 09:57:00+00:00,0.001205118304375062,0.0007265423042913182,6809
1970-01-04 09:58:00+00:00,0.0010312635989363284,0.000616179186888414,5744
1970-01-04 09:59:00+00:00,0.0011370543933020177,0.0005932400526189045,5835
1970-01-04 10:00:00+00:00,0.0066820487038120584,0.0044793207107414554,9842
1970-01-04 10:01:00+00:00,0.0016464241988632304,0.001177392273875918,6270
1970-01-04 10:02:00+00:00,0.0017577848792954165,0.0010511269870978014,5782
1970-01-04 10:03:00+00:00,0.0020520097649343256,0.0009185991880775774,4452
1970-01-04 10:04:00+00:00,0.0018290478271833777,0.0007768955502269519,5165
1970-01-04 10:05:00+00:00,0.006740208781871298,0.004551037146129259,9841
1970-01-04 10:06:00+00:00,0.0027502238618296623,0.0014421613772437822,6477
1970-01-04 10:07:00+00:00,0.0018688260131303244,0.00098168918385035,6964
1970-01-04 10:08:00+00:00,0.0019457079380188619,0.0008343466885579458,5467
1970-01-04 10:09:00+00:00,0.0018101716596465444,0.0007091320880661726,5317
1970-01-04 10:10:00+00:00,0.006818693927154734,0.0046464782671488585,9840
1970-01-04 10:11:00+00:00,0.0025384438937310293,0.0013126188539756753,5584
1970-01-04 10:12:00+00:00,0.0021612132545998568,0.0010268699581260181,5833
1970-01-04 10:13:00+00:00,0.0021913492602428602,0.0009402356768534699,4779
1970-01-04 10:14:00+00:00,0.0021526507644449386,0.0008124150812650983,3948
1970-01-04 10:15:00+00:00,0.006880902369657915,0.00470037655505285,9842
1970-01-04 10:16:00+00:00,0.002608753513455325,0.0010646282300203066,4053
1970-01-04 10:17:00+00:00,0.0026079682467855525,0.0011635773184665227,5298
1970-01-04 10:18:00+00:00,0.0023138032603075565,0.0010760471881992857,4728
1970-01-04 10:19:00+00:00,0.0022643061709206403,0.0009378107791694047,4090
1970-01-04 10:20:00+00:00,0.006895231048540642,0.004744030678878802,9842
1970-01-04 10:21:00+00:00,0.0024814886669708397,0.0011064209435849139,4169
1970-01-04 10:22:00+00:00,0.0025828519616399024,0.0011585605470724324,3798
1970-01-04 10:23:00+00:00,0.0019504740584096844,0.0007984557454820439,4366
1970-01-04 10:24:00+00:00,0.0020397835518872038,0.0007918177105394926,4134
1970-01-04 10:25:00+00:00,0.006944011714462602,0.0047433619692467555,9839
1970-01-04 10:26:00+00:00,0.0026966695759389372,0.0012057000338372343,4619
1970-01-04 10:27:00+00:00,0.002241835849838748,0.0008985657719669057,4629
1970-01-04 10:28:00+00:00,0.001974186691676402,0.0008537772480725828,5189
1970-01-04 10:29:00+00:00,0.001868633874102295,0.0006810793683179831,4369
1970-01-04 10:30:00+00:00,0.0069025183010387485,0.004695397597713435,9839
1970-01-04 10:31:00+00:00,0.0023104223194894166,0.0009578667737115975,4853
1970-01-04 10:32:00+00:00,0.0022624615726621207,0.001097173102424854,5399
1970-01-04 10:33:00+00:00,0.0018774945409569472,0.0007577213299311818,4417
1970-01-04 10:34:00+00:00,0.0018343317695354213,0.0007186658150350066,3997
1970-01-04 10:35:00+00:00,0.00664515854731572,0.004650621955194101,9839
1970-01-04 10:36:00+00:00,0.0024993181817724816,0.0009763366601638194,3885
1970-01-04 10:37:00+00:00,0.0025688359994123205,0.0008213223637761318,3781
1970-01-04 10:38:00+00:00,0.001887164698738373,0.0007035182021018763,4636
1970-01-04 10:39:00+00:00,0.0018054682598141923,0.0006946449425858767,4787
1970-01-04 10:40:00+00:00,0.0067557917025253406,0.00472328116667102,9840
1970-01-04 10:41:00+00:00,0.0037020912619820214,0.001649009209357718,4377
1970-01-04 10:42:00+00:00,0.00155770514659508,0.0008511774217203335,8648
1970-01-04 10:43:00+00:00,0.002366435209619507,0.0010534199674560908,6933
1970-01-04 10:44:00+00:00,0.0027725546122028427,0.001468157490800106,6115
1970-01-04 10:45:00+00:00,0.006786288680127764,0.004842170814723777,9839
1970-01-04 10:46:00+00:00,0.0027128506659402905,0.0012854064873664723,5108
1970-01-04 10:47:00+00:00,0.00233483216218679,0.0010958328483904533,4554
1970-01-04 10:48:00+00:00,0.0021442249024019224,0.0010427565169124648,3926
1970-01-04 10:49:00+00:00,0.0018105230023783977,0.0007013410847476914,3706
1970-01-04 10:50:00+00:00,0.006930371274173669,0.004842709058846385,9839
1970-01-04 10:51:00+00:00,0.0026689780108559063,0.001340498651103528,4289
1970-01-04 10:52:00+00:00,0.0024403508112291667,0.0011048047496729078,4276
1970-01-04 10:53:00+00:00,0.0020760553990458266,0.0009235129193974637,3888
1970-01-04 10:54:00+00:00,0.002304952640404147,0.0008869290671362854,3246
1970-01-04 10:55:00+00:00,0.007154296550201191,0.004890868648764413,9839
1970-01-04 10:56:00+00:00,0.0026315026621153556,0.0014144067819895,3608
1970-01-04 10:57:00+00:00,0.0029453400303647323,0.0012318761065028883,2850
1970-01-04 10:58:00+00:00,0.002653107255090164,0.0010622528639442222,2846
1970-01-04 10:59:00+00:00,0.00236711157263438,0.0008129744741458665,3280
1970-01-04 11:00:00+00:00,0.007163761050138275,0.004913777435917691,9841
1970-01-04 11:01:00+00:00,0.006180883428015212,0.002567162410277116,4492
1970-01-04 11:02:00+00:00,0.0026297860535338126,0.0013008523346108617,3906
1970-01-04 11:03:00+00:00,0.0025912202284380523,0.0010723249755636595,2779
1970-01-04 11:04:00+00:00,0.007138995196037133,0.0022626877302237623,5946
1970-01-04 11:05:00+00:00,0.007235735950807008,0.004970194406287348,9841
1970-01-04 11:06:00+00:00,0.0027419911325381823,0.00118021662560347,4132
1970-01-04 11:07:00+00:00,0.0031875460198197347,0.0013012577631622293,3145
1970-01-04 11:08:00+00:00,0.0026909683642955175,0.0014639852493577535,4193
1970-01-04 11:09:00+00:00,0.0023849217091881443,0.0012849945590486125,5611
1970-01-04 11:10:00+00:00,0.00702186294433394,0.004897805111702443,9841
1970-01-04 11:11:00+00:00,0.0034228584384529198,0.0015132732253678733,4103
1970-01-04 11:12:00+00:00,0.00296856325155669,0.001212027141902224,3511
1970-01-04 11:13:00+00:00,0.0031936819653447007,0.0015988480936444081,4617
1970-01-04 11:14:00+00:00,0.0036416198770736724,0.0018670267358950454,4393
1970-01-04 11:15:00+00:00,0.007034798401173016,0.004876158005067349,9841
1970-01-04 11:16:00+00:00,0.0028540678138700907,0.0012517936349657824,5244
1970-01-04 11:17:00+00:00,0.003454682990504604,0.001322852200108096,4174
1970-01-04 11:18:00+00:00,0.003805487487822175,0.002031665197344152,4424
1970-01-04 11:19:00+00:00,0.00249187779424081,0.0014535174080925614,5229
1970-01-04 11:20:00+00:00,0.006852140232263294,0.00485283052048117,9841
1970-01-04 11:21:00+00:00,0.003104453046515961,0.0015598923203485949,3728
1970-01-04 11:22:00+00:00,0.0023529604410584266,0.0012857639112763418,5457
1970-01-04 11:23:00+00:00,0.0024775194208404637,0.0014254990153142594,5150
1970-01-04 11:24:00+00:00,0.0024423683651434137,0.0012124870466141374,5617
1970-01-04 11:25:00+00:00,0.006640895853828871,0.004827736235630259,9841
1970-01-04 11:26:00+00:00,0.0034776734931502643,0.0016771052433894275,4555
1970-01-04 11:27:00+00:00,0.003449466754162565,0.0019480730356308236,4903
1970-01-04 11:28:00+00:00,0.003044282326227867,0.0017211010912488124,5702
1970-01-04 11:29:00+00:00,0.003573502210884648,0.001457468832760865,4867
1970-01-04 11:30:00+00:00,0.006760278084554954,0.004847701309276831,9840
1970-01-04 11:31:00+00:00,0.0038941006963503695,0.0019681878355210605,4556
1970-01-04 11:32:00+00:00,0.00459386661410423,0.0021393455759455312,4126
1970-01-04 11:33:00+00:00,0.0033277297580996787,0.0017300076755620787,4927
1970-01-04 11:34:00+00:00,0.002929016429651674,0.00127842389542266,4590
1970-01-04 11:35:00+00:00,0.006997525734495482,0.004904941010261671,9841
1970-01-04 11:36:00+00:00,0.005557628466464888,0.00255607756807179,5967
1970-01-04 11:37:00+00:00,0.004613332204656996,0.0017433012418457793,4126
1970-01-04 11:38:00+00:00,0.0031879446445670714,0.001855065353243587,5715
1970-01-04 11:39:00+00:00,0.003162387997297187,0.0014504431873016094,4350
1970-01-04 11:40:00+00:00,0.007015024641073383,0.004919773363580377,9840
1970-01-04 11:41:00+00:00,0.005887834743591345,0.0028498489373614986,5590
1970-01-04 11:42:00+00:00,0.005358532644647142,0.0021269365844248,4578
1970-01-04 11:43:00+00:00,0.003986777623001212,0.001978348316935443,4040
1970-01-04 11:44:00+00:00,0.002940834261536778,0.0012096094581525287,3736
1970-01-04 11:45:00+00:00,0.007166182697528478,0.0049574109218132895,9840
1970-01-04 11:46:00+00:00,0.003746907367985876,0.0019767081848062334,4593
1970-01-04 11:47:00+00:00,0.0030323405001126216,0.0013455128035023073,3464
1970-01-04 11:48:00+00:00,0.0031748375969640934,0.0014957150197023388,4652
1970-01-04 11:49:00+00:00,0.0025036428602865897,0.0011563313352748578,4517
1970-01-04 11:50:00+00:00,0.007035962023789023,0.0049377196098999085,9842
1970-01-04 11:51:00+00:00,0.003393095124485701,0.001440988191513044,5149
1970-01-04 11:52:00+00:00,0.0026039983146864927,0.000931230087359927,4313
1970-01-04 11:53:00+00:00,0.0026235409826505214,0.0010077949866748566,2683
1970-01-04 11:54:00+00:00,0.00249694235464994,0.000995506643533994,3640
1970-01-04 11:55:00+00:00,0.006987360890173712,0.004938920439711946,9841
1970-01-04 11:56:00+00:00,0.0030166263552359827,0.001441169589015173,3685
1970-01-04 11:57:00+00:00,0.002945674504419892,0.0016532587772347881,3583
1970-01-04 11:58:00+00:00,0.002690736572514248,0.0011808570193661693,3051
1970-01-04 11:59:00+00:00,0.0020624763054508926,0.0013498495434668375,5311
1970-01-04 12:00:00+00:00,0.007067171329508605,0.004929481072644239,9842
1970-01-04 12:01:00+00:00,0.00478139308138112,0.0019273159012640042,3456
1970-01-04 12:02:00+00:00,0.0042526358355950075,0.002117561547131406,3434
1970-01-04 12:03:00+00:00,0.0034615288586168093,0.0015949254392891136,3629
1970-01-04 12:04:00+00:00,0.0022222704882934098,0.0012724871155678724,2814
1970-01-04 12:05:00+00:00,0.006931102277480618,0.004942966092699388,9841
1970-01-04 12:06:00+00:00,0.002141077204695534,0.00121687684883106,4711
1970-01-04 12:07:00+00:00,0.002259572932994812,0.000840527738599295,4218
1970-01-04 12:08:00+00:00,0.00266232641750895,0.0009576414633866145,5389
1970-01-04 12:09:00+00:00,0.002430954353697924,0.001001497478892327,2747
1970-01-04 12:10:00+00:00,0.006850675166302792,0.0049566010546926095,9840
1970-01-04 12:11:00+00:00,0.003883574428239199,0.0014686215000831908,3974
1970-01-04 12:12:00+00:00,0.0038059324128064363,0.0013897791693257798,3351
1970-01-04 12:13:00+00:00,0.003532712251011547,0.001433534689045502,3281
1970-01-04 12:14:00+00:00,0.004242951444877214,0.0018352929935898895,4040
1970-01-04 12:15:00+00:00,0.0066824766154973654,0.004925449745717399,9838
1970-01-04 12:16:00+00:00,0.0036921082042455557,0.0016107954409713952,3890
1970-01-04 12:17:00+00:00,0.004457115005923659,0.0019384242337325555,3006
1970-01-04 12:18:00+00:00,0.003661815290409028,0.0018404520493957462,4174
1970-01-04 12:19:00+00:00,0.0030087792296442525,0.001298839382073326,3288
1970-01-04 12:20:00+00:00,0.006750751970146698,0.004983571762552963,9835
1970-01-04 12:21:00+00:00,0.005047243427694309,0.002127550921932926,3723
1970-01-04 12:22:00+00:00,0.003584475864496553,0.0013914805566748382,3986
1970-01-04 12:23:00+00:00,0.003935410549907835,0.001906312163619749,3821
1970-01-04 12:24:00+00:00,0.003892325385030719,0.0018881027749069312,3526
1970-01-04 12:25:00+00:00,0.006777739592956834,0.004972270695725103,9827
1970-01-04 12:26:00+00:00,0.004339868994320137,0.0022222772486069587,4526
1970-01-04 12:27:00+00:00,0.0037092674792095883,0.0015370665720222227,2175
1970-01-04 12:28:00+00:00,0.0050400640200047074,0.0021447619027350237,2761
1970-01-04 12:29:00+00:00,0.0025422355379983845,0.0011781035482042697,4473
1970-01-04 12:30:00+00:00,0.006559297694690523,0.004899390010356661,9824
1970-01-04 12:31:00+00:00,0.003796914120769264,0.0016295370238516324,3902
1970-01-04 12:32:00+00:00,0.004610957239023967,0.0019828875277217444,3952
1970-01-04 12:33:00+00:00,0.002776432872763347,0.001466296737977329,5031
1970-01-04 12:34:00+00:00,0.003131692963441829,0.0016667933929764046,3597
1970-01-04 12:35:00+00:00,0.006643293040016704,0.00494694302660568,9823
1970-01-04 12:36:00+00:00,0.005043614769246128,0.0030284881151504007,5540
1970-01-04 12:37:00+00:00,0.004660034198833749,0.002070273579519166,2837
1970-01-04 12:38:00+00:00,0.004547848695795144,0.002207317842200439,4544
1970-01-04 12:39:00+00:00,0.003407192534702553,0.001692195213924196,3645
1970-01-04 12:40:00+00:00,0.006676840527148643,0.004970773384575636,9821
1970-01-04 12:41:00+00:00,0.005279623458269346,0.00242914157291827,4562
1970-01-04 12:42:00+00:00,0.004736032842410084,0.0022027872175580335,4069
1970-01-04 12:43:00+00:00,0.005719948493239851,0.0016777738019617256,4035
1970-01-04 12:44:00+00:00,0.003551550177516199,0.00140532860607617,4597
1970-01-04 12:45:00+00:00,0.006280806930702783,0.0049315331334523526,9825
1970-01-04 12:46:00+00:00,0.005173089438752069,0.0024006615591296993,4221
1970-01-04 12:47:00+00:00,0.004722804345864571,0.0022713082008624513,4427
1970-01-04 12:48:00+00:00,0.0031622691058456336,0.0017494690869012711,4476
1970-01-04 12:49:00+00:00,0.0038736975075211724,0.0021630701211040717,4637
1970-01-04 12:50:00+00:00,0.006329554846312364,0.004911344414664317,9830
1970-01-04 12:51:00+00:00,0.004622569192508381,0.0019235803644170957,3763
1970-01-04 12:52:00+00:00,0.004754019077797328,0.002413133568880806,4468
1970-01-04 12:53:00+00:00,0.0031717754662747583,0.0017503131715244015,4838
1970-01-04 12:54:00+00:00,0.0029590454184841536,0.0016791245706053077,4893
1970-01-04 12:55:00+00:00,0.006302397666141868,0.00489594803399851,9831
1970-01-04 12:56:00+00:00,0.0038404007065691533,0.001457236026825835,2118
1970-01-04 12:57:00+00:00,0.0036641490315317583,0.0027782928648218707,5289
1970-01-04 12:58:00+00:00,0.001743499890063079,0.0007616044596310598,3957
1970-01-04 12:59:00+00:00,0.002735291084233861,0.0020513385253816503,6416
1970-01-04 13:00:00+00:00,0.006403464250709205,0.0048909566013253525,9830
1970-01-04 13:01:00+00:00,0.004180486782974816,0.0024697028679288315,4718
1970-01-04 13:02:00+00:00,0.0033434608349273667,0.0022235450808801077,5695
1970-01-04 13:03:00+00:00,0.0028356258672359684,0.0012189212300047511,3401
1970-01-04 13:04:00+00:00,0.005116348599598895,0.0031586463885158425,5519
1970-01-04 13:05:00+00:00,0.006549842813578534,0.004936634887738097,9824
1970-01-04 13:06:00+00:00,0.002810598065690166,0.0012241144151959357,3586
1970-01-04 13:07:00+00:00,0.004843005407450095,0.0019534847538725227,4224
1970-01-04 13:08:00+00:00,0.004111019515348586,0.0017386346843699634,3383
1970-01-04 13:09:00+00:00,0.004644304087221299,0.001982056148053683,4902
1970-01-04 13:10:00+00:00,0.006524918901059754,0.00493071927356223,9826
1970-01-04 13:11:00+00:00,0.004776601455035798,0.0017973126115362484,3421
1970-01-04 13:12:00+00:00,0.0034312398093987147,0.0014125139349966352,3437
1970-01-04 13:13:00+00:00,0.003782116302847009,0.0016698061723059137,4863
1970-01-04 13:14:00+00:00,0.004556224849744379,0.0020522448600748954,3782
1970-01-04 13:15:00+00:00,0.006503339550722816,0.004914282939965652,9826
1970-01-04 13:16:00+00:00,0.0035910073627214087,0.001848222392127851,5575
1970-01-04 13:17:00+00:00,0.003183143294037232,0.0014510985107847269,3395
1970-01-04 13:18:00+00:00,0.0037465284853049016,0.0017469603923248168,3717
1970-01-04 13:19:00+00:00,0.003173456182513125,0.001416357049433575,3988
1970-01-04 13:20:00+00:00,0.006432706252294999,0.004883568669176387,9824
1970-01-04 13:21:00+00:00,0.0050766857662247755,0.002352109876672541,4345
1970-01-04 13:22:00+00:00,0.0026263148297276267,0.0013141022356614287,5387
1970-01-04 13:23:00+00:00,0.0034601882294335645,0.0017513836379145233,4640
1970-01-04 13:24:00+00:00,0.003185137029134235,0.0015388575438922316,4051
1970-01-04 13:25:00+00:00,0.006361538848251095,0.004859975556120644,9825
1970-01-04 13:26:00+00:00,0.00335313667476379,0.0011947196718475022,4532
1970-01-04 13:27:00+00:00,0.003259189808168882,0.0013670835548273042,4275
1970-01-04 13:28:00+00:00,0.0035174293518066392,0.0015257557460239943,2798
1970-01-04 13:29:00+00:00,0.0030983852394170634,0.0013189054983823558,3684
1970-01-04 13:30:00+00:00,0.006439919132603277,0.004832388270251659,9827
1970-01-04 13:31:00+00:00,0.005830227577314342,0.0027610512143172597,5137
1970-01-04 13:32:00+00:00,0.0037959888737097887,0.0017298922195902189,5280
1970-01-04 13:33:00+00:00,0.0029779027818343257,0.0014762077888433086,4646
1970-01-04 13:34:00+00:00,0.002843919015292848,0.0011754561615364095,4344
1970-01-04 13:35:00+00:00,0.006349522375200194,0.00484001849854654,9829
1970-01-04 13:36:00+00:00,0.003933315772136633,0.001795941418363849,4178
1970-01-04 13:37:00+00:00,0.0032999169288473666,0.0013373086962701363,3120
1970-01-04 13:38:00+00:00,0.003990040640668481,0.001862470454088694,3313
1970-01-04 13:39:00+00:00,0.005035752388891732,0.002756711495775306,4376
1970-01-04 13:40:00+00:00,0.006363620238204168,0.004831997477208765,9832
1970-01-04 13:41:00+00:00,0.004445275807627369,0.001964782986492918,4433
1970-01-04 13:42:00+00:00,0.004353731899100906,0.001861453335659479,3748
1970-01-04 13:43:00+00:00,0.004464276974851437,0.002009415193037553,4789
1970-01-04 13:44:00+00:00,0.0028360219828201493,0.0012223060187868291,4018
1970-01-04 13:45:00+00:00,0.006166623579832288,0.00477934517796443,9830
1970-01-04 13:46:00+00:00,0.004258669773273982,0.001917308482942238,2965
1970-01-04 13:47:00+00:00,0.0046033891184858585,0.0022027770759330155,3425
1970-01-04 13:48:00+00:00,0.0027790719189690074,0.000959378511002923,2656
1970-01-04 13:49:00+00:00,0.0035030998044880365,0.0016169444152006021,2847
1970-01-04 13:50:00+00:00,0.006157012031734298,0.00478539024212259,9826
1970-01-04 13:51:00+00:00,0.0036830080328362014,0.0015350492194677026,5603
1970-01-04 13:52:00+00:00,0.003892174013743741,0.0015356589767302861,3240
1970-01-04 13:53:00+00:00,0.0036080563607163354,0.0015182442235892313,4524
1970-01-04 13:54:00+00:00,0.0024112719500506414,0.0008074120415581604,4334
1970-01-04 13:55:00+00:00,0.006222245318556253,0.004835623770318735,9828
1970-01-04 13:56:00+00:00,0.003933890926822138,0.001757563905753866,4554
1970-01-04 13:57:00+00:00,0.006094900509606497,0.00282619330886244,3642
1970-01-04 13:58:00+00:00,0.002695870677784731,0.0009253237683485452,3273
1970-01-04 13:59:00+00:00,0.0018955366165478256,0.0008171568841912158,5793
1970-01-04 14:00:00+00:00,0.006076011474762554,0.004808063911794396,9826
1970-01-04 14:01:00+00:00,0.003214169221574746,0.0011467392361356966,4726
1970-01-04 14:02:00+00:00,0.003208784480490045,0.0015950062272930001,5155
1970-01-04 14:03:00+00:00,0.0030768837051830165,0.0012110350460841754,3979
1970-01-04 14:04:00+00:00,0.0040447618848688275,0.001827400115168408,2985
1970-01-04 14:05:00+00:00,0.00603248930501614,0.004839605871686591,9827
1970-01-04 14:06:00+00:00,0.0027580048303019623,0.0012415447462160252,4317
1970-01-04 14:07:00+00:00,0.0027076489226986696,0.001338970916439788,3156
1970-01-04 14:08:00+00:00,0.002819033763123612,0.0012450976131204632,3103
1970-01-04 14:09:00+00:00,0.0021521708827174873,0.0007429013024049076,3578
1970-01-04 14:10:00+00:00,0.005820015861183071,0.004830330492392443,9828
1970-01-04 14:11:00+00:00,0.003815968707526405,0.0020646244726139837,5573
1970-01-04 14:12:00+00:00,0.0032730519675902374,0.0015174669017761133,4570
1970-01-04 14:13:00+00:00,0.002315962466093558,0.0011062854662435674,4700
1970-01-04 14:14:00+00:00,0.0025730840600283428,0.0011757747600263956,2961
1970-01-04 14:15:00+00:00,0.005806002776062827,0.004793742178234221,9830
1970-01-04 14:16:00+00:00,0.002486284101237995,0.0009900707609749057,4672
1970-01-04 14:17:00+00:00,0.0023614200178201563,0.0009338936411348532,3003
1970-01-04 14:18:00+00:00,0.002866048321734934,0.0010998809456733588,2955
1970-01-04 14:19:00+00:00,0.0027869983907973157,0.0012171343150024186,3497
1970-01-04 14:20:00+00:00,0.00584387138306764,0.004761666614038039,9827
1970-01-04 14:21:00+00:00,0.0035806743091631003,0.0014688989146499963,5475
1970-01-04 14:22:00+00:00,0.003368667952705988,0.0015285410768299333,4280
1970-01-04 14:23:00+00:00,0.0031042368682183785,0.0012845507097395527,3497
1970-01-04 14:24:00+00:00,0.0028536016155161,0.001107141258944185,3183
1970-01-04 14:25:00+00:00,0.00605858780191095,0.004773866099574096,9826
1970-01-04 14:26:00+00:00,0.0038328185084164704,0.0013231511279077084,3171
1970-01-04 14:27:00+00:00,0.003260341854408903,0.00141206690253677,3783
1970-01-04 14:28:00+00:00,0.0026811468270132445,0.0011533345728178056,4139
1970-01-04 14:29:00+00:00,0.0034407932518593755,0.0013678013521958483,3330
1970-01-04 14:30:00+00:00,0.006325475004348491,0.004791316743488567,9828
1970-01-04 14:31:00+00:00,0.004626875244631123,0.0016867653441034,3950
1970-01-04 14:32:00+00:00,0.004053555356759532,0.0015845219414461387,4624
1970-01-04 14:33:00+00:00,0.0032847947621530314,0.0012345367161802527,4047
1970-01-04 14:34:00+00:00,0.0030699482798940345,0.001162747822304328,2963
1970-01-04 14:35:00+00:00,0.006125117016974795,0.004832304907027474,9830
1970-01-04 14:36:00+00:00,0.004027010410186539,0.0016407867207157809,3752
1970-01-04 14:37:00+00:00,0.0028891320673980945,0.0014227964273496989,4791
1970-01-04 14:38:00+00:00,0.002560444724127192,0.0011598550316774111,4564
1970-01-04 14:39:00+00:00,0.00267809485865747,0.0014284613995378074,5450
1970-01-04 14:40:00+00:00,0.005989369128757861,0.004819378900837453,9832
1970-01-04 14:41:00+00:00,0.004178346031826986,0.0018096700854801323,5158
1970-01-04 14:42:00+00:00,0.004036895719419413,0.0016575628758861809,4965
1970-01-04 14:43:00+00:00,0.003247849235866037,0.0013305196379891234,3674
1970-01-04 14:44:00+00:00,0.0025250713265179826,0.0010168929580290777,2920
1970-01-04 14:45:00+00:00,0.005969110006829919,0.00482494683972317,9835
1970-01-04 14:46:00+00:00,0.00370516242703628,0.0016142993460644263,3404
1970-01-04 14:47:00+00:00,0.003053126492210595,0.0015218928526963774,4919
1970-01-04 14:48:00+00:00,0.002221827248775573,0.0013047223437042544,4755
1970-01-04 14:49:00+00:00,0.0025083755949806682,0.001037182542174161,3464
1970-01-04 14:50:00+00:00,0.006059509946075697,0.004807505614860658,9840
1970-01-04 14:51:00+00:00,0.004858486937889012,0.0024396882407886444,4408
1970-01-04 14:52:00+00:00,0.0035073621122058835,0.0011872652925877612,4080
1970-01-04 14:53:00+00:00,0.003543045523384893,0.001580982187432617,3323
1970-01-04 14:54:00+00:00,0.0025213233491284035,0.0008056287745669652,2888
1970-01-04 14:55:00+00:00,0.005442364314829246,0.004765670761559496,9843
1970-01-04 14:56:00+00:00,0.0026874289517641627,0.0016953287885146165,4767
1970-01-04 14:57:00+00:00,0.0025485414855486227,0.0011117548091181795,5627
1970-01-04 14:58:00+00:00,0.0020742183104565156,0.0011657308450188691,4850
1970-01-04 14:59:00+00:00,0.002778809582041264,0.0012562067305527315,4283
1970-01-04 15:00:00+00:00,0.005943209263910363,0.004720583379159353,9843
1970-01-04 15:01:00+00:00,0.003444884342134108,0.0016965662801134561,5028
1970-01-04 15:02:00+00:00,0.002897323200180165,0.0012233359930773362,4905
1970-01-04 15:03:00+00:00,0.002171158486839074,0.0008942481448733898,3920
1970-01-04 15:04:00+00:00,0.0020486381426393033,0.0008311939162059478,4453
1970-01-04 15:05:00+00:00,0.005842154449802865,0.004685152855139452,9843
1970-01-04 15:06:00+00:00,0.0020644181451713877,0.0008536153340269093,4991
1970-01-04 15:07:00+00:00,0.0015643261163966647,0.0007049037829512306,4661
1970-01-04 15:08:00+00:00,0.0022933165371955885,0.0010245621018751228,3310
1970-01-04 15:09:00+00:00,0.0032077620083228037,0.001492881774902343,2645
1970-01-04 15:10:00+00:00,0.006148484735854725,0.004766290302405342,9835
1970-01-04 15:11:00+00:00,0.0031619335378583768,0.0012968809649945984,4480
1970-01-04 15:12:00+00:00,0.0028803583591326598,0.0012576528463378058,4941
1970-01-04 15:13:00+00:00,0.0025334075151985666,0.0010904631468456143,4473
1970-01-04 15:14:00+00:00,0.0023647014056394906,0.0009646738756448963,4585
1970-01-04 15:15:00+00:00,0.006273267775979132,0.004717112615153984,9835
1970-01-04 15:16:00+00:00,0.0029722800578172964,0.0013444572643023605,4062
1970-01-04 15:17:00+00:00,0.0033226964739720157,0.0013690691913774418,3645
1970-01-04 15:18:00+00:00,0.002854355395412176,0.001174255085211541,3115
1970-01-04 15:19:00+00:00,0.0020656183228107187,0.0008148958298402056,3311
1970-01-04 15:20:00+00:00,0.0063986916531329225,0.004793655625553358,9833
1970-01-04 15:21:00+00:00,0.003785782369157173,0.0017552971734837487,4402
1970-01-04 15:22:00+00:00,0.002697549063902899,0.0012491653065061878,4073
1970-01-04 15:23:00+00:00,0.00241925709521451,0.001074388089855323,4764
1970-01-04 15:24:00+00:00,0.002152975555638879,0.0009204265235047952,3932
1970-01-04 15:25:00+00:00,0.006252436966146392,0.004751470946304028,9829
1970-01-04 15:26:00+00:00,0.0029174830123953766,0.0010015051011775156,3636
1970-01-04 15:27:00+00:00,0.0028938773218216834,0.0014747886800422067,4745
1970-01-04 15:28:00+00:00,0.002534816591413013,0.0011473265046386936,4248
1970-01-04 15:29:00+00:00,0.002344255558928542,0.0011290959410756893,5000
1970-01-04 15:30:00+00:00,0.006197922051294936,0.00476181481759956,9824
1970-01-04 15:31:00+00:00,0.004308075796414613,0.001776046338060931,4065
1970-01-04 15:32:00+00:00,0.0032088595753917834,0.0013095667654940298,3882
1970-01-04 15:33:00+00:00,0.002369242820310355,0.0009203844886603961,3921
1970-01-04 15:34:00+00:00,0.003649890240324986,0.0014851074255392335,3767
1970-01-04 15:35:00+00:00,0.005936834806187093,0.004782741605381431,9819
1970-01-04 15:36:00+00:00,0.0031423991483579303,0.0015287603852311535,4351
1970-01-04 15:37:00+00:00,0.0025966334269896803,0.001189122465462929,3099
1970-01-04 15:38:00+00:00,0.0024239877942973348,0.0010739026354178345,3177
1970-01-04 15:39:00+00:00,0.00221951003535315,0.0008947881454741843,4155
1970-01-04 15:40:00+00:00,0.005165641515385018,0.004703365271258768,9818
1970-01-04 15:41:00+00:00,0.0037417974056113204,0.0018979587287546284,3389
1970-01-04 15:42:00+00:00,0.0035433434147517295,0.0017496812463017415,3462
1970-01-04 15:43:00+00:00,0.0027886749125944016,0.001061378263126139,3319
1970-01-04 15:44:00+00:00,0.0021856936855592594,0.0008813974745991547,3438
1970-01-04 15:45:00+00:00,0.004778357171606047,0.004703399086950608,9821
1970-01-04 15:46:00+00:00,0.004219613770649951,0.001769186754284561,3650
1970-01-04 15:47:00+00:00,0.003799934180176885,0.001804906363580735,2927
1970-01-04 15:48:00+00:00,0.0030632355154099756,0.0015590851390357098,4580
1970-01-04 15:49:00+00:00,0.0026430754037258678,0.0013370785029693303,3519
1970-01-04 15:50:00+00:00,0.005557310850508825,0.00472159729341723,9827
1970-01-04 15:51:00+00:00,0.004235473398069264,0.002542830212759576,4962
1970-01-04 15:52:00+00:00,0.003724462643848402,0.0022141479671283605,4675
1970-01-04 15:53:00+00:00,0.0021852933453372463,0.0011522364122760482,3715
1970-01-04 15:54:00+00:00,0.003074468133825307,0.0017139906747320847,3378
1970-01-04 15:55:00+00:00,0.006122049051425684,0.00478763854993102,9827
1970-01-04 15:56:00+00:00,0.006120168113166737,0.0030901648109962006,3680
1970-01-04 15:57:00+00:00,0.011023430219909564,0.003265409619643411,6353
1970-01-04 15:58:00+00:00,0.005219683589705477,0.0021497642445714267,7094
1970-01-04 15:59:00+00:00,0.0016596257067222106,0.0007653937732382441,4974
1970-01-04 16:00:00+00:00,0.006540826302464973,0.004750260358050659,9827
1970-01-04 16:01:00+00:00,0.004249064036965579,0.0020439749258174727,5912
1970-01-04 16:02:00+00:00,0.0023428058084797405,0.0009270253825604691,5240
1970-01-04 16:03:00+00:00,0.0029016224872401193,0.001594997545932913,3745
1970-01-04 16:04:00+00:00,0.001757885078964522,0.0007777120566093749,3270
1970-01-04 16:05:00+00:00,0.006576748388311998,0.004868908135404343,9831
1970-01-04 16:06:00+00:00,0.002936280073278959,0.001209854233546196,2615
1970-01-04 16:07:00+00:00,0.0030897354530333874,0.0014864536185510932,2811
1970-01-04 16:08:00+00:00,0.0024611654038165167,0.0011191574140521994,2352
1970-01-04 16:09:00+00:00,0.0020157525626703053,0.0010843676001998153,4641
1970-01-04 16:10:00+00:00,0.006133972878989755,0.0048108926407784735,9831
1970-01-04 16:11:00+00:00,0.0044584606564187414,0.002500858598434442,4495
1970-01-04 16:12:00+00:00,0.002787591348344125,0.001444806193644673,6605
1970-01-04 16:13:00+00:00,0.0030352010214089236,0.0012877250352286572,4991
1970-01-04 16:14:00+00:00,0.0021212062128548536,0.0011719016733517291,4976
1970-01-04 16:15:00+00:00,0.006020736181868657,0.004780694753404138,9824
1970-01-04 16:16:00+00:00,0.0031238188104867,0.001609275221759758,4152
1970-01-04 16:17:00+00:00,0.002668826814458484,0.0014860993012586839,4344
1970-01-04 16:18:00+00:00,0.002266722040638842,0.001112441993037081,3953
1970-01-04 16:19:00+00:00,0.002120837921676712,0.0011312731505568083,4748
1970-01-04 16:20:00+00:00,0.005923737110097248,0.0047301168712604955,9822
1970-01-04 16:21:00+00:00,0.003893693106006168,0.0020507134212855104,5047
1970-01-04 16:22:00+00:00,0.003089445211024469,0.0015953320536574122,4117
1970-01-04 16:23:00+00:00,0.0024379502896239714,0.0011466001028844683,3516
1970-01-04 16:24:00+00:00,0.0017816485907220165,0.0009237015553921221,4637
1970-01-04 16:25:00+00:00,0.0056663044629818166,0.004682650362632001,9822
1970-01-04 16:26:00+00:00,0.0027120276946987843,0.0018191757829095112,4364
1970-01-04 16:27:00+00:00,0.0025223281884564053,0.001755564735880115,4993
1970-01-04 16:28:00+00:00,0.0018914894868800446,0.00157944737717387,5680
1970-01-04 16:29:00+00:00,0.0016702366741023073,0.0012954564543431015,5170
1970-01-04 16:30:00+00:00,0.006527751115117779,0.004783737660956363,9817
1970-01-04 16:31:00+00:00,0.0036316237546208893,0.0019008867880877323,4595
1970-01-04 16:32:00+00:00,0.00254793836194064,0.0012206108778466448,4706
1970-01-04 16:33:00+00:00,0.0025842169982191287,0.0013434094371665558,4867
1970-01-04 16:34:00+00:00,0.0025688773873961566,0.0014146453949994639,4853
1970-01-04 16:35:00+00:00,0.006651570081202094,0.004823476916389638,9823
1970-01-04 16:36:00+00:00,0.002510133678009013,0.0016570728746724155,5305
1970-01-04 16:37:00+00:00,0.0022044585555290683,0.0012055634273148005,5223
1970-01-04 16:38:00+00:00,0.0029940741865757126,0.001622172131609863,5527
1970-01-04 16:39:00+00:00,0.0018915060469040707,0.0009959230854093895,5309
1970-01-04 16:40:00+00:00,0.0065594246131086805,0.004781073584331644,9827
1970-01-04 16:41:00+00:00,0.00486534553960485,0.0026003556006554285,4817
1970-01-04 16:42:00+00:00,0.002600339060816269,0.0012258763806573263,4066
1970-01-04 16:43:00+00:00,0.003588568109373413,0.0016038156115756926,4281
1970-01-04 16:44:00+00:00,0.0016001616038831788,0.0006874193409732837,4486
1970-01-04 16:45:00+00:00,0.006485355871875401,0.004797993879338942,9826
1970-01-04 16:46:00+00:00,0.002870995506101291,0.002404917313778173,5050
1970-01-04 16:47:00+00:00,0.002245352290124844,0.001143531110170077,3128
1970-01-04 16:48:00+00:00,0.0023439595925146277,0.0012829666334923844,3565
1970-01-04 16:49:00+00:00,0.0018275214096138504,0.0008766148618958258,4275
1970-01-04 16:50:00+00:00,0.006456206846576468,0.004814512673625226,9826
1970-01-04 16:51:00+00:00,0.0034222087317017365,0.0017403753889472225,5083
1970-01-04 16:52:00+00:00,0.0031610752610529255,0.0018478934089193955,4397
1970-01-04 16:53:00+00:00,0.0020367351346889683,0.0012128617304278972,4502
1970-01-04 16:54:00+00:00,0.0016922690069718603,0.0010205420211337826,4265
1970-01-04 16:55:00+00:00,0.006473952692674663,0.004806136735471549,9825
1970-01-04 16:56:00+00:00,0.0024261725706562014,0.0012274301896396523,3863
1970-01-04 16:57:00+00:00,0.0027204772824454943,0.0014736246290076773,3175
1970-01-04 16:58:00+00:00,0.0022119977244086466,0.001123559354729896,4281
1970-01-04 16:59:00+00:00,0.001976736067616023,0.0006994652182536097,3269
1970-01-04 17:00:00+00:00,0.006362776092305631,0.004815745888688288,9809
1970-01-04 17:01:00+00:00,0.004107489738596603,0.00190819537836378,4688
1970-01-04 17:02:00+00:00,0.0029519449139784703,0.0015181590832203135,4221
1970-01-04 17:03:00+00:00,0.002281151297276491,0.0011780447885298515,4254
1970-01-04 17:04:00+00:00,0.002819419852627826,0.0015817663174163968,4713
1970-01-04 17:05:00+00:00,0.006596006649642652,0.004889254226058882,9813
1970-01-04 17:06:00+00:00,0.0031680311875436173,0.0017288206480711903,3766
1970-01-04 17:07:00+00:00,0.00267833770170091,0.0017084797316883338,4655
1970-01-04 17:08:00+00:00,0.0029089508895694246,0.0021073819330519527,4339
1970-01-04 17:09:00+00:00,0.00167772462213432,0.001105326061368201,4094
1970-01-04 17:10:00+00:00,0.006608797474780018,0.004790977116393666,9819
1970-01-04 17:11:00+00:00,0.002896014844952916,0.0016273799012398388,5607
1970-01-04 17:12:00+00:00,0.002617515451063638,0.0013862848826941753,4975
1970-01-04 17:13:00+00:00,0.002036646691939484,0.0010977771555974335,4789
1970-01-04 17:14:00+00:00,0.0017356513709195387,0.0008988396452191337,4705
1970-01-04 17:15:00+00:00,0.006553860642979842,0.004870797341473594,9811
1970-01-04 17:16:00+00:00,0.00325783777037305,0.0015911070995353615,4472
1970-01-04 17:17:00+00:00,0.002851213419570608,0.001600353584839965,4682
1970-01-04 17:18:00+00:00,0.0023868539816452507,0.001212259526715674,3521
1970-01-04 17:19:00+00:00,0.0020250313182294003,0.001052146228220556,4861
1970-01-04 17:20:00+00:00,0.006432796024187497,0.004852062157271956,9819
1970-01-04 17:21:00+00:00,0.0037327938998246257,0.001911185535403554,4559
1970-01-04 17:22:00+00:00,0.00234541056782055,0.0013264180112223356,5067
1970-01-04 17:23:00+00:00,0.0023907568467080704,0.0012336160326410829,3664
1970-01-04 17:24:00+00:00,0.002174212964723621,0.001041681658535204,3483
1970-01-04 17:25:00+00:00,0.006327137916273942,0.004791452548319548,9822
1970-01-04 17:26:00+00:00,0.0026251965435075634,0.001331957095859011,4956
1970-01-04 17:27:00+00:00,0.0032130570923881506,0.0015982903472859726,4356
1970-01-04 17:28:00+00:00,0.0039486190112609735,0.0021305061386017116,4406
1970-01-04 17:29:00+00:00,0.0023194826107445854,0.0010938402574550913,4084
1970-01-04 17:30:00+00:00,0.006313879025512333,0.004784849215983185,9825
1970-01-04 17:31:00+00:00,0.004046761931336366,0.002178202634431967,5220
1970-01-04 17:32:00+00:00,0.003247045839503653,0.0018911021868249888,4429
1970-01-04 17:33:00+00:00,0.0025814777537152703,0.0013872816202397738,4801
1970-01-04 17:34:00+00:00,0.001990514123200737,0.0010386121304430704,4395
1970-01-04 17:35:00+00:00,0.006230998475773849,0.004751282650956585,9818
1970-01-04 17:36:00+00:00,0.002243772714147322,0.0013076662007843025,5439
1970-01-04 17:37:00+00:00,0.001870572091155964,0.0010116976342206218,4773
1970-01-04 17:38:00+00:00,0.0016518404878198094,0.001097213644252807,4912
1970-01-04 17:39:00+00:00,0.0014665020619628987,0.0005854152564902487,6346
1970-01-04 17:40:00+00:00,0.006337335980928224,0.0047198663447307375,9818
1970-01-04 17:41:00+00:00,0.003391584239692378,0.001696756782239725,5196
1970-01-04 17:42:00+00:00,0.002643091119270312,0.0014514745329008284,5245
1970-01-04 17:43:00+00:00,0.0017249960920996314,0.0007800803587962693,4652
1970-01-04 17:44:00+00:00,0.0020865788980446854,0.0008865958646052062,6308
1970-01-04 17:45:00+00:00,0.006512578812137508,0.004786178254176268,9813
1970-01-04 17:46:00+00:00,0.003889090157184671,0.0022881586015532857,5617
1970-01-04 17:47:00+00:00,0.001654920015137564,0.001095056904870764,6002
1970-01-04 17:48:00+00:00,0.0022529488586517632,0.0013593677536072064,4124
1970-01-04 17:49:00+00:00,0.0016084088880777307,0.0010308662265110392,5004
1970-01-04 17:50:00+00:00,0.0065315009695428,0.004778330450480571,9814
1970-01-04 17:51:00+00:00,0.003647492218614328,0.0018214760142313748,5327
1970-01-04 17:52:00+00:00,0.0033143380989721686,0.0018598418014286707,5319
1970-01-04 17:53:00+00:00,0.0021536780474290117,0.0011575892354229746,5433
1970-01-04 17:54:00+00:00,0.002132434314001361,0.0012495937007849386,4890
1970-01-04 17:55:00+00:00,0.006702004409282041,0.004872787806289635,9809
1970-01-04 17:56:00+00:00,0.0026839734064739115,0.0014269904027276916,4213
1970-01-04 17:57:00+00:00,0.0023971703954082805,0.0012444289154745752,4618
1970-01-04 17:58:00+00:00,0.002768775723416719,0.0015510774986560842,3901
1970-01-04 17:59:00+00:00,0.0023008719983655898,0.001111308756146004,3534
1970-01-04 18:00:00+00:00,0.006623049735136709,0.004881627135167467,9815
1970-01-04 18:01:00+00:00,0.004330597717714224,0.002177462476455676,4010
1970-01-04 18:02:00+00:00,0.0024760904166831257,0.0012665854719853186,4462
1970-01-04 18:03:00+00:00,0.0015948558074891117,0.0008323579730985249,3744
1970-01-04 18:04:00+00:00,0.0012847871965549645,0.000527606885355615,2728
1970-01-04 18:05:00+00:00,0.006247775806153711,0.004812463638925495,9820
1970-01-04 18:06:00+00:00,0.004104186814567991,0.00192098114054462,3966
1970-01-04 18:07:00+00:00,0.0017845258983471874,0.0008531215857660668,3717
1970-01-04 18:08:00+00:00,0.0026165759702071792,0.001454729476192946,3511
1970-01-04 18:09:00+00:00,0.001872839262027504,0.0010907121712939853,4218
1970-01-04 18:10:00+00:00,0.0065062645746656045,0.004826956023723829,9822
1970-01-04 18:11:00+00:00,0.0032454461546591413,0.0017672038355843465,5456
1970-01-04 18:12:00+00:00,0.003370354870891744,0.0017479111148661366,5852
1970-01-04 18:13:00+00:00,0.001792355621561103,0.0009875169935546135,4954
1970-01-04 18:14:00+00:00,0.0019371901739130722,0.0009252373524645897,4585
1970-01-04 18:15:00+00:00,0.006307149581035846,0.004812741512725035,9825
1970-01-04 18:16:00+00:00,0.003094165667228624,0.001347867660555298,4849
1970-01-04 18:17:00+00:00,0.0023793213386000033,0.0010424722298360955,4438
1970-01-04 18:18:00+00:00,0.0019955638200193945,0.0009529167397446934,4292
1970-01-04 18:19:00+00:00,0.0019228399464252114,0.0007759476770977191,3666
1970-01-04 18:20:00+00:00,0.005567838076673662,0.00478363782687372,9826
1970-01-04 18:21:00+00:00,0.003766843923178827,0.002065540810421282,4789
1970-01-04 18:22:00+00:00,0.003934782927464367,0.002153261834293217,4400
1970-01-04 18:23:00+00:00,0.003045384591523236,0.0016901373523269707,4258
1970-01-04 18:24:00+00:00,0.0022619422137934893,0.001152666646864106,4570
1970-01-04 18:25:00+00:00,0.005236325807469527,0.004769515558163503,9821
1970-01-04 18:26:00+00:00,0.00289070591081818,0.001082713893032935,4156
1970-01-04 18:27:00+00:00,0.0024520392450127527,0.0009090732543052848,3838
1970-01-04 18:28:00+00:00,0.002133115218624424,0.0008626843294045202,6932
1970-01-04 18:29:00+00:00,0.0015314096593288615,0.0006083591595544786,6451
1970-01-04 18:30:00+00:00,0.005011402655095136,0.004481517312551162,9820
1970-01-04 18:31:00+00:00,0.002664025859773635,0.0012505446023509895,6677
1970-01-04 18:32:00+00:00,0.0028214526095620964,0.0017224405662851238,5672
1970-01-04 18:33:00+00:00,0.0028579125056753594,0.0012847759290366438,5987
1970-01-04 18:34:00+00:00,0.001896245085394934,0.0008473580907597603,5497
1970-01-04 18:35:00+00:00,0.005029061551594701,0.004498909534880958,9821
1970-01-04 18:36:00+00:00,0.0031592330133327967,0.0014512340042152926,4920
1970-01-04 18:37:00+00:00,0.003291096735607959,0.0017508370991764423,5812
1970-01-04 18:38:00+00:00,0.0018407475112330901,0.000754953818219246,4400
1970-01-04 18:39:00+00:00,0.0015021674765553848,0.0005395687435284197,3969
1970-01-04 18:40:00+00:00,0.004724806622042759,0.0045046278956625335,9820
1970-01-04 18:41:00+00:00,0.003071008217208375,0.0014973894215141094,6135
1970-01-04 18:42:00+00:00,0.0021614134652043417,0.0012061296292536507,5924
1970-01-04 18:43:00+00:00,0.0021208726037551034,0.00111154184264425,4843
1970-01-04 18:44:00+00:00,0.0017383079656501828,0.0007564800619437055,6832
1970-01-04 18:45:00+00:00,0.00450438295929885,0.004458832976781674,9821
1970-01-04 18:46:00+00:00,0.002833735030473422,0.0013313313709576596,7896
1970-01-04 18:47:00+00:00,0.002575813132869002,0.0013422880569120262,7361
1970-01-04 18:48:00+00:00,0.001828899518200503,0.0007926670972076076,6048
1970-01-04 18:49:00+00:00,0.0021438220698792613,0.0008006746448200791,6250
1970-01-04 18:50:00+00:00,0.004458200631963514,0.0043017092367482156,9820
1970-01-04 18:51:00+00:00,0.0025872071803356195,0.0015761973372549938,7250
1970-01-04 18:52:00+00:00,0.0027496500631480182,0.0017055271336757368,7103
1970-01-04 18:53:00+00:00,0.0020042803767507354,0.0009837309126932555,6798
1970-01-04 18:54:00+00:00,0.0015117516348406702,0.0004927970173463442,6514
1970-01-04 18:55:00+00:00,0.004767665781545999,0.004431440190106727,9822
1970-01-04 18:56:00+00:00,0.0025666068671646716,0.0011387400809116418,5637
1970-01-04 18:57:00+00:00,0.0017124206044254041,0.0007859493281961338,6274
1970-01-04 18:58:00+00:00,0.0013464124860964673,0.0006822330736442672,6684
1970-01-04 18:59:00+00:00,0.0012038961411334817,0.0006138861886210745,6516
1970-01-04 19:00:00+00:00,0.004745337363642667,0.004316362355617624,9828
1970-01-04 19:01:00+00:00,0.0019351106700494672,0.0011204546242254657,6051
1970-01-04 19:02:00+00:00,0.002131208857659073,0.0011899812631144945,4301
1970-01-04 19:03:00+00:00,0.0013547903245876272,0.0009796366059970111,4384
1970-01-04 19:04:00+00:00,0.0016670983653822354,0.0008503899146128849,5250
1970-01-04 19:05:00+00:00,0.0045912723636033605,0.004325518192533178,9821
1970-01-04 19:06:00+00:00,0.004196002741132222,0.002328443028841642,6997
1970-01-04 19:07:00+00:00,0.0035967763445961995,0.002054739302288218,7010
1970-01-04 19:08:00+00:00,0.0021171988766481224,0.0012410225559394963,5599
1970-01-04 19:09:00+00:00,0.0014354625051408462,0.0008282379046367918,5378
1970-01-04 19:10:00+00:00,0.004942192520013471,0.004356706553635051,9823
1970-01-04 19:11:00+00:00,0.0020348278238721366,0.0009406939742789774,7709
1970-01-04 19:12:00+00:00,0.0015608404913970417,0.0009653353060696371,6063
1970-01-04 19:13:00+00:00,0.002541995685748596,0.0012799604817946917,3881
1970-01-04 19:14:00+00:00,0.0024032792423096944,0.0006130442886745371,7596
1970-01-04 19:15:00+00:00,0.00459777152540318,0.0039941162713407015,9825
1970-01-04 19:16:00+00:00,0.003294874082347189,0.0012760601437705119,8154
1970-01-04 19:17:00+00:00,0.0032294645683872297,0.001178738486934386,7380
1970-01-04 19:18:00+00:00,0.0024541956096483597,0.0009331665636959319,7107
1970-01-04 19:19:00+00:00,0.0019225653337430887,0.0006814659191942816,6919
1970-01-04 19:20:00+00:00,0.004920289686239449,0.004091129523280965,9823
1970-01-04 19:21:00+00:00,0.0021423496079189448,0.0009452653785529623,7030
1970-01-04 19:22:00+00:00,0.0017145597939614576,0.0008940941176064219,7812
1970-01-04 19:23:00+00:00,0.0016954150851932572,0.0007816828740663463,8038
1970-01-04 19:24:00+00:00,0.0016593410731836746,0.0005995115469332817,7704
1970-01-04 19:25:00+00:00,0.005085616377085744,0.004134138403268072,9819
1970-01-04 19:26:00+00:00,0.002201597596805089,0.0010866181983966885,7324
1970-01-04 19:27:00+00:00,0.0015657324865074398,0.000816436042439752,7724
1970-01-04 19:28:00+00:00,0.0012631360813414592,0.0007663687887668681,6905
1970-01-04 19:29:00+00:00,0.0009721228572677946,0.0005951255177732901,6537
1970-01-04 19:30:00+00:00,0.005008803484555562,0.004233025685799571,9820
1970-01-04 19:31:00+00:00,0.0032584337902884244,0.0017749043815156352,7095
1970-01-04 19:32:00+00:00,0.0020779221720916316,0.0013821462008598202,6359
1970-01-04 19:33:00+00:00,0.0015850388718732537,0.0009051582811588046,6833
1970-01-04 19:34:00+00:00,0.0009379339224670801,0.0005829139305065629,6186
1970-01-04 19:35:00+00:00,0.005331967959577344,0.004469766061044751,9824
1970-01-04 19:36:00+00:00,0.0017639064922601374,0.0009449486448317966,6706
1970-01-04 19:37:00+00:00,0.0016360266820599422,0.001118063961300343,6755
1970-01-04 19:38:00+00:00,0.0013074278677927642,0.0008291702030280712,5935
1970-01-04 19:39:00+00:00,0.0012981465482694858,0.0007282275398451958,6564
1970-01-04 19:40:00+00:00,0.005256143540510296,0.004426994111724282,9820
1970-01-04 19:41:00+00:00,0.0029953912098135095,0.0016778631059839741,7936
1970-01-04 19:42:00+00:00,0.002042753611362503,0.0011272154659286162,7247
1970-01-04 19:43:00+00:00,0.001386344562562801,0.0011831428292584736,5475
1970-01-04 19:44:00+00:00,0.0010134318033202287,0.0007869221497364345,6366
1970-01-04 19:45:00+00:00,0.005275526340949713,0.004411526661823608,9819
1970-01-04 19:46:00+00:00,0.0029766226001937514,0.0009630603651444343,6138
1970-01-04 19:47:00+00:00,0.0024105043278176037,0.0007616758547370024,7239
1970-01-04 19:48:00+00:00,0.003143721605672239,0.0010207494618973178,6518
1970-01-04 19:49:00+00:00,0.0016041343850558764,0.0005511426982777914,6418
1970-01-04 19:50:00+00:00,0.005553042014056327,0.004390898769578532,9821
1970-01-04 19:51:00+00:00,0.0038545245055405138,0.0020164151186522765,6998
1970-01-04 19:52:00+00:00,0.0022838270449777416,0.0012042430977233063,6918
1970-01-04 19:53:00+00:00,0.00217580513474779,0.0011392995879501051,6534
1970-01-04 19:54:00+00:00,0.0014728552952752445,0.000681008026784821,5647
1970-01-04 19:55:00+00:00,0.005286418946401603,0.00430607623208332,9816
1970-01-04 19:56:00+00:00,0.0020713730344174147,0.0010662418674142163,5005
1970-01-04 19:57:00+00:00,0.004669973288224114,0.002122190531229912,8621
1970-01-04 19:58:00+00:00,0.002693772631274734,0.0011278884629025833,7617
1970-01-04 19:59:00+00:00,0.0015464868233093462,0.0005895966162362607,7812
1970-01-04 20:00:00+00:00,0.006047398835755929,0.004213059188373161,9819
1970-01-04 20:01:00+00:00,0.003767821138680166,0.002021866818066234,8563
1970-01-04 20:02:00+00:00,0.0025105558959940583,0.0014059260272918312,7299
1970-01-04 20:03:00+00:00,0.0021140985428819412,0.00106833339172222,7888
1970-01-04 20:04:00+00:00,0.0014267052354163493,0.0007325108871594632,7468
1970-01-04 20:05:00+00:00,0.0059639169084499824,0.004129307324094712,9819
1970-01-04 20:06:00+00:00,0.00347686547151784,0.0022758555325798962,6057
1970-01-04 20:07:00+00:00,0.0011161493740093453,0.0008120803538680103,7045
1970-01-04 20:08:00+00:00,0.0008699778286690617,0.0005519417397877909,7837
1970-01-04 20:09:00+00:00,0.0012521582562341497,0.0006099542424662077,7527
1970-01-04 20:10:00+00:00,0.0064708641673416,0.004322799775085816,9817
1970-01-04 20:11:00+00:00,0.004375633180527585,0.002132566742805834,6866
1970-01-04 20:12:00+00:00,0.003347380470771604,0.001848108150528875,7719
1970-01-04 20:13:00+00:00,0.0017030536917067868,0.0008035814815038933,7572
1970-01-04 20:14:00+00:00,0.0010210195745353663,0.00043257428087049285,6748
1970-01-04 20:15:00+00:00,0.006043023915043912,0.004170100941100854,9820
1970-01-04 20:16:00+00:00,0.0048876045649172,0.0025977899254064824,6722
1970-01-04 20:17:00+00:00,0.004248488277407302,0.0025224239677469865,6680
1970-01-04 20:18:00+00:00,0.0030242611718310063,0.0014841906927181877,7200
1970-01-04 20:19:00+00:00,0.001284222200432295,0.000719265863240021,7740
1970-01-04 20:20:00+00:00,0.00611202707167404,0.004214736341772117,9820
1970-01-04 20:21:00+00:00,0.0027116648892468957,0.0014569836269186973,7959
1970-01-04 20:22:00+00:00,0.002297084947351211,0.0010494582203952813,6825
1970-01-04 20:23:00+00:00,0.0014105531045069905,0.000947051684544587,7177
1970-01-04 20:24:00+00:00,0.0013420565376929701,0.000738965528730656,7150
1970-01-04 20:25:00+00:00,0.005864899086363688,0.003915356980932813,9815
1970-01-04 20:26:00+00:00,0.002581757440899413,0.0013394490256920808,6448
1970-01-04 20:27:00+00:00,0.003281371226579274,0.00121262147174744,8021
1970-01-04 20:28:00+00:00,0.002809769173073674,0.001232762916974115,7713
1970-01-04 20:29:00+00:00,0.002382642752443533,0.0009483872902260416,8324
1970-01-04 20:30:00+00:00,0.005958304634354161,0.0038907406268581,9816
1970-01-04 20:31:00+00:00,0.004995170669650759,0.0018944516947680147,7894
1970-01-04 20:32:00+00:00,0.0022532749033045735,0.0012356184769248693,8054
1970-01-04 20:33:00+00:00,0.0017366413236212365,0.0006732029379208058,7931
1970-01-04 20:34:00+00:00,0.002037381225950815,0.0006437128585942449,7456
1970-01-04 20:35:00+00:00,0.005911043770152982,0.003709860549684629,9820
1970-01-04 20:36:00+00:00,0.0021884953115006755,0.000987785969530572,7384
1970-01-04 20:37:00+00:00,0.0017044377586486134,0.0011795036868184384,8003
1970-01-04 20:38:00+00:00,0.0015984065793758421,0.0009178632457325715,8089
1970-01-04 20:39:00+00:00,0.0016187812024819005,0.0005618993971005294,7339
1970-01-04 20:40:00+00:00,0.005884773651093362,0.003606970274660955,9820
1970-01-04 20:41:00+00:00,0.0022490574837575024,0.0010943798277890172,7688
1970-01-04 20:42:00+00:00,0.001292499041084067,0.0007331432095135334,7454
1970-01-04 20:43:00+00:00,0.0023585887614558146,0.0007589379569611727,6702
1970-01-04 20:44:00+00:00,0.0015937750690981226,0.0006555889271125151,6780
1970-01-04 20:45:00+00:00,0.005775429315864715,0.0035653976685525433,9820
1970-01-04 20:46:00+00:00,0.0024691975440522492,0.0006938018934945791,6357
1970-01-04 20:47:00+00:00,0.0021183333548759377,0.0008820090605105661,7606
1970-01-04 20:48:00+00:00,0.0017733826303080176,0.0010179097336563067,7295
1970-01-04 20:49:00+00:00,0.0008522082888890864,0.00036503784809936084,7196
1970-01-04 20:50:00+00:00,0.006054137883552434,0.003803723544430507,9819
1970-01-04 20:51:00+00:00,0.0024243246680299316,0.001308287567777089,7523
1970-01-04 20:52:00+00:00,0.0016647977959975617,0.0009197972810080781,5823
1970-01-04 20:53:00+00:00,0.001400101875438514,0.0007075235268906423,6195
1970-01-04 20:54:00+00:00,0.0012000208259874746,0.0006359331431922344,7460
1970-01-04 20:55:00+00:00,0.006053275313506093,0.0038767816868593326,9821
1970-01-04 20:56:00+00:00,0.0038829165208666716,0.00238026859687722,6563
1970-01-04 20:57:00+00:00,0.002940066315763895,0.0014505308178582048,5737
1970-01-04 20:58:00+00:00,0.0019531913365707413,0.001100917999975601,6132
1970-01-04 20:59:00+00:00,0.0013155375300590271,0.000817940967583205,7179
1970-01-04 21:00:00+00:00,0.005862053522530745,0.003734180270685225,9823
1970-01-04 21:01:00+00:00,0.0017965338431159216,0.0012231220169994464,8391
1970-01-04 21:02:00+00:00,0.002020613727137559,0.0012523532268074184,8071
1970-01-04 21:03:00+00:00,0.0008611451630054683,0.0008543428174183694,6934
1970-01-04 21:04:00+00:00,0.0011215351522736814,0.0010849897613174112,6665
1970-01-04 21:05:00+00:00,0.005923581838335902,0.00396840237985233,9818
1970-01-04 21:06:00+00:00,0.0037615992306617996,0.0016012805265271733,7746
1970-01-04 21:07:00+00:00,0.00451463185231434,0.0024540799753202955,7744
1970-01-04 21:08:00+00:00,0.0034226283597467693,0.00154597719081667,6317
1970-01-04 21:09:00+00:00,0.0026789070958913187,0.0005790815399265074,7087
1970-01-04 21:10:00+00:00,0.005621473804074316,0.0036902908391059923,9817
1970-01-04 21:11:00+00:00,0.0016127749470514145,0.0008666890030427748,7797
1970-01-04 21:12:00+00:00,0.0016148932590800457,0.0007371830028846958,5814
1970-01-04 21:13:00+00:00,0.0013995056259580908,0.0010843382374794248,6779
1970-01-04 21:14:00+00:00,0.00115514136325778,0.0005360902822287231,7140
1970-01-04 21:15:00+00:00,0.00580506583727822,0.003812376788506027,9816
1970-01-04 21:16:00+00:00,0.0025102071600010493,0.001557644059575085,7176
1970-01-04 21:17:00+00:00,0.002462680150605573,0.0012980004103188064,7945
1970-01-04 21:18:00+00:00,0.0012244941787429783,0.0007381392000293779,7704
1970-01-04 21:19:00+00:00,0.0010091057593683336,0.0005247046907456925,7538
1970-01-04 21:20:00+00:00,0.005534444747171052,0.00370197786314309,9817
1970-01-04 21:21:00+00:00,0.0030134773002016345,0.0015015235532406643,6677
1970-01-04 21:22:00+00:00,0.00407878002177919,0.001664936490729224,6141
1970-01-04 21:23:00+00:00,0.0018239368615958896,0.001011976895005404,7318
1970-01-04 21:24:00+00:00,0.0010064654462350199,0.0005400649989708699,6673
1970-01-04 21:25:00+00:00,0.0056483914540590005,0.00378544744560236,9822
1970-01-04 21:26:00+00:00,0.002461131358367634,0.0013462199147953222,7018
1970-01-04 21:27:00+00:00,0.002528881847802319,0.000965255739853768,7106
1970-01-04 21:28:00+00:00,0.001313953370759878,0.0007108537257519378,6648
1970-01-04 21:29:00+00:00,0.002154992467980076,0.0007740921653070627,7406
1970-01-04 21:30:00+00:00,0.006087517328386242,0.0038845951646191037,9818
1970-01-04 21:31:00+00:00,0.003788547147606841,0.0016906804034255366,8016
1970-01-04 21:32:00+00:00,0.002355218298847352,0.0013757354782559154,7159
1970-01-04 21:33:00+00:00,0.0025312102160254925,0.0012585241666232647,7025
1970-01-04 21:34:00+00:00,0.002619782545947429,0.0010069540239586755,7600
1970-01-04 21:35:00+00:00,0.005739678637734147,0.0037702889719173596,9819
1970-01-04 21:36:00+00:00,0.003885378294967195,0.0015104472944525427,6578
1970-01-04 21:37:00+00:00,0.004161343629623986,0.0012959557109057046,7057
1970-01-04 21:38:00+00:00,0.002872134754292363,0.0009044739166012424,7219
1970-01-04 21:39:00+00:00,0.0010193766739533623,0.000508322630166042,7687
1970-01-04 21:40:00+00:00,0.005611868228281432,0.0037171231584024636,9818
1970-01-04 21:41:00+00:00,0.0026175642780779367,0.0013566299459332404,7847
1970-01-04 21:42:00+00:00,0.00230490605247293,0.0014385330975999486,7786
1970-01-04 21:43:00+00:00,0.0013302649945351437,0.0008804204620781127,7644
1970-01-04 21:44:00+00:00,0.0013602086853881042,0.0006647566986589164,7514
1970-01-04 21:45:00+00:00,0.005931292620111843,0.003822988857826556,9813
1970-01-04 21:46:00+00:00,0.002314016463230304,0.0008700884115616895,7675
1970-01-04 21:47:00+00:00,0.0015367126834731366,0.0006695825629837993,6914
1970-01-04 21:48:00+00:00,0.0019640952647900934,0.000924200531492149,7171
1970-01-04 21:49:00+00:00,0.001143873488295285,0.0005729915160047145,7540
1970-01-04 21:50:00+00:00,0.005816014740650754,0.00377241029730354,9814
1970-01-04 21:51:00+00:00,0.002759746622755909,0.0011566527225772899,7964
1970-01-04 21:52:00+00:00,0.002391486475265514,0.0010323660518715382,7949
1970-01-04 21:53:00+00:00,0.002576814131303266,0.0008220876553357942,6086
1970-01-04 21:54:00+00:00,0.0021357787510003835,0.0006634984763382788,7204
1970-01-04 21:55:00+00:00,0.005721832243171716,0.0037356174625241623,9814
1970-01-04 21:56:00+00:00,0.0032412765899007515,0.0010367054819117735,7134
1970-01-04 21:57:00+00:00,0.0036329995147065786,0.0016104878115560735,5864
1970-01-04 21:58:00+00:00,0.0017849591021862144,0.001159317573467926,7836
1970-01-04 21:59:00+00:00,0.002032075172420691,0.0009809364948306393,7996
1970-01-04 22:00:00+00:00,0.0056208781486210444,0.003748282837831602,9812
1970-01-04 22:01:00+00:00,0.0025153555872589085,0.0015342866285539838,8198
1970-01-04 22:02:00+00:00,0.002816714030134242,0.001678521805663758,8140
1970-01-04 22:03:00+00:00,0.0026455920853579494,0.0014510249426079537,7283
1970-01-04 22:04:00+00:00,0.0019478616718970787,0.000908056754932294,7871
1970-01-04 22:05:00+00:00,0.005704054249954727,0.003909231838015124,9812
1970-01-04 22:06:00+00:00,0.0025381005365942475,0.001396269332339314,8153
1970-01-04 22:07:00+00:00,0.003942986570012944,0.001625065094179249,8077
1970-01-04 22:08:00+00:00,0.0020121309958713103,0.0009992720655432306,6986
1970-01-04 22:09:00+00:00,0.0019430560560658068,0.0006385503339736975,6896
1970-01-04 22:10:00+00:00,0.006130229594206685,0.0041542614643449135,9813
1970-01-04 22:11:00+00:00,0.004017809191812837,0.002022547508447011,7416
1970-01-04 22:12:00+00:00,0.002617070138161333,0.0012517086353753398,7013
1970-01-04 22:13:00+00:00,0.0018317793059396397,0.0008003785974763782,6610
1970-01-04 22:14:00+00:00,0.0013138978995388632,0.0006013052899046758,6795
1970-01-04 22:15:00+00:00,0.00563339599315223,0.003908733358684682,9810
1970-01-04 22:16:00+00:00,0.0017684339514901384,0.000857885194414621,7815
1970-01-04 22:17:00+00:00,0.0018902770734206247,0.0009788765423624597,7200
1970-01-04 22:18:00+00:00,0.0013749944597440064,0.0007812482407428262,8077
1970-01-04 22:19:00+00:00,0.0009363001861116086,0.0006313165992303044,7460
1970-01-04 22:20:00+00:00,0.005861902908075732,0.004074342366141691,9816
1970-01-04 22:21:00+00:00,0.0038893569546120223,0.0021586275859020046,8081
1970-01-04 22:22:00+00:00,0.0029632229601593394,0.0021611154662141106,7972
1970-01-04 22:23:00+00:00,0.0019244442728014036,0.0009772613421491698,5884
1970-01-04 22:24:00+00:00,0.0010864164691002057,0.0008513582888986499,6793
1970-01-04 22:25:00+00:00,0.0059070333689779176,0.0041128392327182085,9816
1970-01-04 22:26:00+00:00,0.0017907322194650752,0.000896071280304622,7474
1970-01-04 22:27:00+00:00,0.004628379092020728,0.0011715207916783237,8012
1970-01-04 22:28:00+00:00,0.004435420193825156,0.0013746594306587362,7631
1970-01-04 22:29:00+00:00,0.0010758385128445112,0.0007193253835042311,8040
1970-01-04 22:30:00+00:00,0.005781718020555928,0.003933076383235567,9815
1970-01-04 22:31:00+00:00,0.0033919737868099743,0.0017558543571552284,8477
1970-01-04 22:32:00+00:00,0.002454967589675558,0.0015889855829634358,7806
1970-01-04 22:33:00+00:00,0.0029559528311046473,0.0011940864110508128,8036
1970-01-04 22:34:00+00:00,0.0020908894315699355,0.001180414850715086,7628
1970-01-04 22:35:00+00:00,0.005722154285166237,0.003918107160495914,9821
1970-01-04 22:36:00+00:00,0.0011361040318446688,0.0006930858722821317,7488
1970-01-04 22:37:00+00:00,0.0019368721386269201,0.0010275011123094774,6842
1970-01-04 22:38:00+00:00,0.0028584967577496147,0.001127401253226409,6957
1970-01-04 22:39:00+00:00,0.0017939746061919862,0.0006771813619735117,7733
1970-01-04 22:40:00+00:00,0.005926151293683569,0.003973578164724347,9821
1970-01-04 22:41:00+00:00,0.002291293681566974,0.001206397647594133,7128
1970-01-04 22:42:00+00:00,0.001929551837480939,0.0012131380377656646,7224
1970-01-04 22:43:00+00:00,0.0018611551208289354,0.000917784046972497,7495
1970-01-04 22:44:00+00:00,0.0015224726414208732,0.0006567180892567576,7887
1970-01-04 22:45:00+00:00,0.006056607386323865,0.0039661624206641585,9818
1970-01-04 22:46:00+00:00,0.0022777629122838652,0.0008087370404306723,6943
1970-01-04 22:47:00+00:00,0.0023886580263423737,0.0008558952114238361,6097
1970-01-04 22:48:00+00:00,0.002445773870827775,0.0008201492084903151,6368
1970-01-04 22:49:00+00:00,0.001035680337951242,0.0004962328960372929,8276
1970-01-04 22:50:00+00:00,0.0059008878130981735,0.0039018430854043462,9819
1970-01-04 22:51:00+00:00,0.004052659139083164,0.0023514004452020853,7352
1970-01-04 22:52:00+00:00,0.002762826158841797,0.001726455891714831,7630
1970-01-04 22:53:00+00:00,0.0007610929813528055,0.00040702796452557726,7960
1970-01-04 22:54:00+00:00,0.0007887332870755487,0.0004242336052871488,6584
1970-01-04 22:55:00+00:00,0.005878017099720646,0.0038751864095953274,9820
1970-01-04 22:56:00+00:00,0.0018803441654337144,0.0009418314121490084,7338
1970-01-04 22:57:00+00:00,0.0014865092163294101,0.0007682469819536145,7726
1970-01-04 22:58:00+00:00,0.0009311289723240968,0.0007371208959632959,7298
1970-01-04 22:59:00+00:00,0.0022821193588671634,0.0010618493002265575,7557
1970-01-04 23:00:00+00:00,0.006094051005972423,0.0039877249112584365,9820
1970-01-04 23:01:00+00:00,0.002566867716040212,0.0014340821346069588,7698
1970-01-04 23:02:00+00:00,0.002062522942955798,0.0010905753863667564,6840
1970-01-04 23:03:00+00:00,0.0018534572215689155,0.0008438773394027541,6903
1970-01-04 23:04:00+00:00,0.0008398853279866384,0.0006123525077185243,6086
1970-01-04 23:05:00+00:00,0.005904669614850762,0.003921812965635995,9814
1970-01-04 23:06:00+00:00,0.0031251697482275707,0.002177029090514029,7374
1970-01-04 23:07:00+00:00,0.0035960406112468205,0.002204015289160776,7474
1970-01-04 23:08:00+00:00,0.001552193928637027,0.0008547778814135546,7247
1970-01-04 23:09:00+00:00,0.0015011440143227596,0.000805343374793911,7149
1970-01-04 23:10:00+00:00,0.005912650978435888,0.004086915699415794,9819
1970-01-04 23:11:00+00:00,0.0035541118125152964,0.002104065374449608,7224
1970-01-04 23:12:00+00:00,0.0009999404995791412,0.0008807909038934664,6731
1970-01-04 23:13:00+00:00,0.001423325275844401,0.0008792268340119042,7995
1970-01-04 23:14:00+00:00,0.0008345808048762322,0.0007121701932770727,7359
1970-01-04 23:15:00+00:00,0.0055954275765492745,0.003877753746857303,9821
1970-01-04 23:16:00+00:00,0.0021484031636831644,0.0019673431439451283,7644
1970-01-04 23:17:00+00:00,0.0022843246138548553,0.0013114418957215139,6936
1970-01-04 23:18:00+00:00,0.002360554454538849,0.0012413430073831319,7921
1970-01-04 23:19:00+00:00,0.0010188967232163248,0.0008065725550505742,7985
1970-01-04 23:20:00+00:00,0.005584187816811492,0.0038837720883888207,9820
1970-01-04 23:21:00+00:00,0.0016801595843142084,0.0009353587165540299,8411
1970-01-04 23:22:00+00:00,0.0007106960044490809,0.0006811073625622311,8368
1970-01-04 23:23:00+00:00,0.0016624219638785157,0.0013478692491812052,5369
1970-01-04 23:24:00+00:00,0.001976922186890971,0.0008019555794394275,6823
1970-01-04 23:25:00+00:00,0.005366231139198854,0.0038140533038036038,9824
1970-01-04 23:26:00+00:00,0.0026896918694277417,0.0016736274996424696,7569
1970-01-04 23:27:00+00:00,0.0027531712196092557,0.001836877151803299,7659
1970-01-04 23:28:00+00:00,0.0017420026123640489,0.0008890657174030096,8305
1970-01-04 23:29:00+00:00,0.0014048673706142135,0.0006217281762353436,8045
1970-01-04 23:30:00+00:00,0.005630649313986299,0.003945767739716627,9822
1970-01-04 23:31:00+00:00,0.0025796507964956023,0.0011679027953859842,7436
1970-01-04 23:32:00+00:00,0.001345179824813242,0.0007756972341009555,6687
1970-01-04 23:33:00+00:00,0.001542596070131495,0.0010279053559144084,6268
1970-01-04 23:34:00+00:00,0.0014477435232682781,0.0005066501513946389,7086
1970-01-04 23:35:00+00:00,0.005330215534296563,0.003752631276053528,9820
1970-01-04 23:36:00+00:00,0.0035425790241672872,0.002465689276688799,7225
1970-01-04 23:37:00+00:00,0.004536378048852915,0.0022968711165471897,7100
1970-01-04 23:38:00+00:00,0.0024303471424035913,0.0013232613597591212,7398
1970-01-04 23:39:00+00:00,0.0021128947274726786,0.0008305434267850132,7196
1970-01-04 23:40:00+00:00,0.005674011139111666,0.003944776135985724,9821
1970-01-04 23:41:00+00:00,0.002433368262635497,0.0011640688353331905,7995
1970-01-04 23:42:00+00:00,0.002571436383493658,0.0010226269651634865,8009
1970-01-04 23:43:00+00:00,0.0012712425520597585,0.0006590818159766063,6908
1970-01-04 23:44:00+00:00,0.0012692625753040908,0.0005281053490142219,6442
1970-01-04 23:45:00+00:00,0.00532765867855959,0.0037004673088917956,9823
1970-01-04 23:46:00+00:00,0.0019329344120190288,0.0012623224062748549,7419
1970-01-04 23:47:00+00:00,0.002992086233869707,0.0014625316660966678,8194
1970-01-04 23:48:00+00:00,0.0021658534721486623,0.0012468422665323194,8265
1970-01-04 23:49:00+00:00,0.0019672742327797865,0.0005248718211564284,7623
1970-01-04 23:50:00+00:00,0.005527515733682649,0.0038469909105102165,9824
1970-01-04 23:51:00+00:00,0.0023108342866948565,0.0010573272260016337,6885
1970-01-04 23:52:00+00:00,0.0012194265176646189,0.0007971492857010385,7489
1970-01-04 23:53:00+00:00,0.0014519229690846693,0.0009547055100774905,6951
1970-01-04 23:54:00+00:00,0.0012719313810804704,0.0006226065000732745,8407
1970-01-04 23:55:00+00:00,0.005238412283725276,0.0037532171984673945,9821
1970-01-04 23:56:00+00:00,0.0027110218432406896,0.0017340473957737229,7015
1970-01-04 23:57:00+00:00,0.003379714317756336,0.0023305393145727367,7621
1970-01-04 23:58:00+00:00,0.0024533361606226753,0.0015703540809493784,5225
1970-01-04 23:59:00+00:00,0.0020049284785505052,0.0009096332769485961,6754
1970-01-05 00:00:00+00:00,0.00538207086388565,0.003848673268415984,9818
1970-01-05 00:01:00+00:00,0.002372618781686814,0.0011540711882464779,7319
1970-01-05 00:02:00+00:00,0.0016620768466206733,0.0008045195164912256,7355
1970-01-05 00:03:00+00:00,0.0018032425788134777,0.0005651706377518772,7055
1970-01-05 00:04:00+00:00,0.001938855466797294,0.00074111130301107,7137
1970-01-05 00:05:00+00:00,0.005183959152769847,0.003739111478784967,9814
1970-01-05 00:06:00+00:00,0.0033684470574559667,0.0022072671730193894,7679
1970-01-05 00:07:00+00:00,0.0039612578544425715,0.002506999319214907,6611
1970-01-05 00:08:00+00:00,0.001733172906317446,0.0012801550870681095,6790
1970-01-05 00:09:00+00:00,0.001151086894770514,0.0005368090921634837,7855
1970-01-05 00:10:00+00:00,0.0051762088166498,0.003750905691038782,9815
1970-01-05 00:11:00+00:00,0.0024716475431723157,0.001303088100366349,7184
1970-01-05 00:12:00+00:00,0.003278721179843254,0.001375688413251386,7446
1970-01-05 00:13:00+00:00,0.002755006711543237,0.001305055116837652,7220
1970-01-05 00:14:00+00:00,0.0016826439260445242,0.0008290542636701096,7626
1970-01-05 00:15:00+00:00,0.0050354776184954675,0.003721692562958005,9809
1970-01-05 00:16:00+00:00,0.0041405048094672985,0.002261207274175262,6988
1970-01-05 00:17:00+00:00,0.0012192916482676771,0.0006523249767108402,7900
1970-01-05 00:18:00+00:00,0.0021215997998926886,0.0007491300635270576,8533
1970-01-05 00:19:00+00:00,0.002738716778260686,0.00114007586502334,8066
1970-01-05 00:20:00+00:00,0.0055552768846670875,0.0037458354653033955,9813
1970-01-05 00:21:00+00:00,0.0022500649063268464,0.0011031832843733998,8030
1970-01-05 00:22:00+00:00,0.0016888406697098516,0.001179068629040231,7318
1970-01-05 00:23:00+00:00,0.0020300597863300977,0.0012885016915938877,8088
1970-01-05 00:24:00+00:00,0.001700467371127754,0.0009673646913755679,7106
1970-01-05 00:25:00+00:00,0.005765435900313849,0.003852617677041615,9817
1970-01-05 00:26:00+00:00,0.0014140146529949544,0.0011465435722371623,7846
1970-01-05 00:27:00+00:00,0.003128798683467954,0.0016597422569995424,7393
1970-01-05 00:28:00+00:00,0.0016113114640752251,0.000985715569655313,6020
1970-01-05 00:29:00+00:00,0.0016140803802778291,0.0006644892617540244,6985
1970-01-05 00:30:00+00:00,0.005897437839391416,0.003851609882753574,9821
1970-01-05 00:31:00+00:00,0.0035448213726395105,0.0016497719531908712,7806
1970-01-05 00:32:00+00:00,0.002967287656124406,0.0014393986380864079,7108
1970-01-05 00:33:00+00:00,0.0032916936199150182,0.0015756085878539474,6868
1970-01-05 00:34:00+00:00,0.002216954305928792,0.0008497024449171304,7168
1970-01-05 00:35:00+00:00,0.0058803608973317795,0.003912178386401065,9827
1970-01-05 00:36:00+00:00,0.001443710310239326,0.0007741935521810409,6872
1970-01-05 00:37:00+00:00,0.0022195248969734314,0.0013192424465091068,7152
1970-01-05 00:38:00+00:00,0.0014436946163634483,0.0008342253266759516,7786
1970-01-05 00:39:00+00:00,0.0012626358247334497,0.0006074852138933866,7376
1970-01-05 00:40:00+00:00,0.005474891100561564,0.00385780145664392,9828
1970-01-05 00:41:00+00:00,0.0031591193741796015,0.001535132978025771,7919
1970-01-05 00:42:00+00:00,0.002789813547125569,0.0012373004965989315,8878
1970-01-05 00:43:00+00:00,0.0028241305342603267,0.0011138885091884275,8409
1970-01-05 00:44:00+00:00,0.003073848331564162,0.001994840234348905,9419
1970-01-05 00:45:00+00:00,0.005192782062728737,0.0038275371439933066,9826
1970-01-05 00:46:00+00:00,0.0018695423190154172,0.001112274148610717,7957
1970-01-05 00:47:00+00:00,0.00213897268012095,0.001548086976837371,7995
1970-01-05 00:48:00+00:00,0.001403439348634882,0.0010371500920929521,7773
1970-01-05 00:49:00+00:00,0.0010006157828128842,0.001037220000402718,7348
1970-01-05 00:50:00+00:00,0.005202636460122931,0.003920736116489738,9827
1970-01-05 00:51:00+00:00,0.003348762357677204,0.0014230014099538924,7940
1970-01-05 00:52:00+00:00,0.0011530538182901542,0.0009813602716726494,7895
1970-01-05 00:53:00+00:00,0.001083838454724012,0.0007635257156402772,6373
1970-01-05 00:54:00+00:00,0.0015545298552005213,0.0009630361015258234,7356
1970-01-05 00:55:00+00:00,0.005276234426285115,0.0038853891004607412,9823
1970-01-05 00:56:00+00:00,0.004220073116776958,0.0021847032929832116,8004
1970-01-05 00:57:00+00:00,0.0029018102971876793,0.0017505712318883345,7566
1970-01-05 00:58:00+00:00,0.0027606992434393257,0.0016325423629972645,7648
1970-01-05 00:59:00+00:00,0.001372516680956278,0.0008928472647618987,6299
1970-01-05 01:00:00+00:00,0.005187225685749093,0.0038108567562979284,9822
1970-01-05 01:01:00+00:00,0.0018925712533529794,0.001395688153065472,7647
1970-01-05 01:02:00+00:00,0.0015185669055191038,0.0009284915449095531,7616
1970-01-05 01:03:00+00:00,0.0014613204292828938,0.0011294274491327574,7437
1970-01-05 01:04:00+00:00,0.0015181208911694967,0.00111115899002343,6531
1970-01-05 01:05:00+00:00,0.005279054332944781,0.003921489768677355,9817
1970-01-05 01:06:00+00:00,0.0016002082264602233,0.0007917728421770467,6163
1970-01-05 01:07:00+00:00,0.0020114952613043634,0.000908669142961724,7607
1970-01-05 01:08:00+00:00,0.0019450605706483367,0.0007688956368085126,6702
1970-01-05 01:09:00+00:00,0.002586384793388222,0.0008888199342212271,6838
1970-01-05 01:10:00+00:00,0.005379608407373825,0.0037432883358917714,9809
1970-01-05 01:11:00+00:00,0.0037819898373490355,0.0020031967858708927,7521
1970-01-05 01:12:00+00:00,0.0027893461425916406,0.00193627092652173,6254
1970-01-05 01:13:00+00:00,0.002025814018920235,0.0011641236539271097,4860
1970-01-05 01:14:00+00:00,0.003147407732951156,0.0008529143633826496,7410
1970-01-05 01:15:00+00:00,0.005173429927139828,0.00378326220103993,9814
1970-01-05 01:16:00+00:00,0.0014476546141358661,0.0009496106760735362,7307
1970-01-05 01:17:00+00:00,0.0030291873716587043,0.001063468023591001,8090
1970-01-05 01:18:00+00:00,0.0014234872653655808,0.0007441741802313922,7290
1970-01-05 01:19:00+00:00,0.0026238992087111554,0.0008123920636109162,7821
1970-01-05 01:20:00+00:00,0.005380070703614118,0.0038963188393419516,9812
1970-01-05 01:21:00+00:00,0.004845532599733613,0.0023132239898593014,6353
1970-01-05 01:22:00+00:00,0.0030057755455236953,0.00144045522098471,7610
1970-01-05 01:23:00+00:00,0.0019582717959842014,0.0010457313529863494,7450
1970-01-05 01:24:00+00:00,0.0014001489406260178,0.0008326927183986014,6821
1970-01-05 01:25:00+00:00,0.005097116487437508,0.0038745413973039476,9815
1970-01-05 01:26:00+00:00,0.0036598215469774097,0.0013363119401360048,7517
1970-01-05 01:27:00+00:00,0.0019984373688789843,0.0011458930363923963,7190
1970-01-05 01:28:00+00:00,0.0016902002200858733,0.0012642521618815127,6715
1970-01-05 01:29:00+00:00,0.003011064590271439,0.0009457000994339088,7240
1970-01-05 01:30:00+00:00,0.005162713123704745,0.003968954074578386,9814
1970-01-05 01:31:00+00:00,0.0037085302947451747,0.001977746267958085,7777
1970-01-05 01:32:00+00:00,0.003467490911210498,0.001669154515537453,7586
1970-01-05 01:33:00+00:00,0.00240683413660423,0.0011799119784245613,7848
1970-01-05 01:34:00+00:00,0.0009528604426697942,0.000651026632856089,8139
1970-01-05 01:35:00+00:00,0.00539701856487974,0.004089775063232138,9819
1970-01-05 01:36:00+00:00,0.0020343281344214043,0.0012872388293993817,7547
1970-01-05 01:37:00+00:00,0.00213596837983714,0.0010569400391682274,7714
1970-01-05 01:38:00+00:00,0.00265754377302986,0.0009415019183754669,7571
1970-01-05 01:39:00+00:00,0.0018386553737857385,0.0007767329773168944,7429
1970-01-05 01:40:00+00:00,0.005692718716201331,0.004333409381260801,9820
1970-01-05 01:41:00+00:00,0.0030194156138145206,0.0015265338890612617,7364
1970-01-05 01:42:00+00:00,0.0023145657235674566,0.0010173138193328448,6523
1970-01-05 01:43:00+00:00,0.001896004859388779,0.0008017137404991808,6693
1970-01-05 01:44:00+00:00,0.0013834360496872478,0.0006744769042142792,6887
1970-01-05 01:45:00+00:00,0.005483607046430258,0.004516294427491732,9818
1970-01-05 01:46:00+00:00,0.0017596852753467098,0.001144668853752392,6436
1970-01-05 01:47:00+00:00,0.0013830733516270325,0.0008434980400285597,6417
1970-01-05 01:48:00+00:00,0.0012284617084107612,0.0007244320360052464,7247
1970-01-05 01:49:00+00:00,0.0012308680125544926,0.0006409103416553675,7342
1970-01-05 01:50:00+00:00,0.005616288435446258,0.004608155463561436,9821
1970-01-05 01:51:00+00:00,0.0025104026319074575,0.0015382847385868967,7014
1970-01-05 01:52:00+00:00,0.001677194279633889,0.0013152839822777771,7182
1970-01-05 01:53:00+00:00,0.0018020289463078906,0.0010656657898376874,6658
1970-01-05 01:54:00+00:00,0.0012356503246588742,0.0006251621999318435,6611
1970-01-05 01:55:00+00:00,0.005931644104400673,0.004726846185298933,9820
1970-01-05 01:56:00+00:00,0.002412246264973952,0.001598140805035156,6150
1970-01-05 01:57:00+00:00,0.0027301065458590562,0.0019228595690683544,7143
1970-01-05 01:58:00+00:00,0.0017373258437465703,0.000996243568960003,5766
1970-01-05 01:59:00+00:00,0.002791063821456178,0.001433826678967921,6710
1970-01-05 02:00:00+00:00,0.0057126018725276425,0.0046290726037180475,9817
1970-01-05 02:01:00+00:00,0.0019103378712372224,0.0013022341561222334,6791
1970-01-05 02:02:00+00:00,0.0014915440083947292,0.001062785282767556,7714
1970-01-05 02:03:00+00:00,0.001424305452758516,0.0008757919307191428,6840
1970-01-05 02:04:00+00:00,0.0012701377798743413,0.0006662661692829638,6100
1970-01-05 02:05:00+00:00,0.0057425108955940635,0.004773032647967974,9814
1970-01-05 02:06:00+00:00,0.0030633454606791796,0.0014171759876542105,6655
1970-01-05 02:07:00+00:00,0.0016867002108199361,0.0011680049880832244,6897
1970-01-05 02:08:00+00:00,0.0014468882264209394,0.0010316828581534427,5571
1970-01-05 02:09:00+00:00,0.0013535888881212516,0.0008893052137015198,6142
1970-01-05 02:10:00+00:00,0.005801200674045211,0.0047264314856517615,9818
1970-01-05 02:11:00+00:00,0.0022771192361717516,0.0017115321954741768,7841
1970-01-05 02:12:00+00:00,0.0022030314693157224,0.0014869185702375601,6912
1970-01-05 02:13:00+00:00,0.0013124910019958018,0.0007628309615216291,6934
1970-01-05 02:14:00+00:00,0.001214804758636857,0.0007599513012670513,6884
1970-01-05 02:15:00+00:00,0.005866858413834539,0.004729647902183642,9815
1970-01-05 02:16:00+00:00,0.0027316007780445774,0.0019165549456870183,6962
1970-01-05 02:17:00+00:00,0.0027659916810369497,0.0018493762457134951,7359
1970-01-05 02:18:00+00:00,0.00199842920725849,0.002551429828796963,8110
1970-01-05 02:19:00+00:00,0.0016568897471564384,0.0010359729763907966,6780
1970-01-05 02:20:00+00:00,0.006007263795389552,0.004840546285903872,9820
1970-01-05 02:21:00+00:00,0.0023271802920337694,0.001560008357658964,7253
1970-01-05 02:22:00+00:00,0.002024549788243342,0.0014442000673742074,6062
1970-01-05 02:23:00+00:00,0.001800840989323553,0.0012363640033264249,7143
1970-01-05 02:24:00+00:00,0.0013255529219073862,0.0007332841699917104,7561
1970-01-05 02:25:00+00:00,0.005972293397295171,0.004809161271587184,9826
1970-01-05 02:26:00+00:00,0.0027965094321489516,0.0020590921933556607,6263
1970-01-05 02:27:00+00:00,0.0024182168014885348,0.0014588763960272325,6103
1970-01-05 02:28:00+00:00,0.0013293754525738881,0.0008304983809278824,7106
1970-01-05 02:29:00+00:00,0.0019046300338448757,0.0007384087898937359,6477
1970-01-05 02:30:00+00:00,0.00589160126111973,0.004851891328096303,9829
1970-01-05 02:31:00+00:00,0.002788801548914864,0.0016272827011983525,7517
1970-01-05 02:32:00+00:00,0.002282515849689765,0.0014038850918552377,7173
1970-01-05 02:33:00+00:00,0.0019686265318461663,0.0010878717835083407,6976
1970-01-05 02:34:00+00:00,0.0011919271761601875,0.0007109244617601306,6734
1970-01-05 02:35:00+00:00,0.005752461463671238,0.004840528243101976,9828
1970-01-05 02:36:00+00:00,0.001436392357693186,0.0011186396442498595,6812
1970-01-05 02:37:00+00:00,0.002051426545089375,0.0014441427408412432,6508
1970-01-05 02:38:00+00:00,0.0015756777156341964,0.0010732184039742648,5886
1970-01-05 02:39:00+00:00,0.0014574043443167702,0.000627843224223259,6320
1970-01-05 02:40:00+00:00,0.005570339676213756,0.004622259011464567,9828
1970-01-05 02:41:00+00:00,0.001866697084237648,0.0010258308635594238,7396
1970-01-05 02:42:00+00:00,0.0017556905811583858,0.0010719495556409402,7903
1970-01-05 02:43:00+00:00,0.002021950239316015,0.0009552847065365283,8045
1970-01-05 02:44:00+00:00,0.0015383943660798208,0.0007316226628328399,7793
1970-01-05 02:45:00+00:00,0.005497103817104106,0.00437115961220871,9829
1970-01-05 02:46:00+00:00,0.0018437328645405262,0.0011705886558004614,7969
1970-01-05 02:47:00+00:00,0.002097064785083507,0.000990899769518536,7452
1970-01-05 02:48:00+00:00,0.0017251410228166409,0.0011035425685924592,7466
1970-01-05 02:49:00+00:00,0.0017919429677760233,0.001004124851238538,6938
1970-01-05 02:50:00+00:00,0.005173656859120284,0.004183373082862124,9830
1970-01-05 02:51:00+00:00,0.0021441788583431657,0.0010600194823067112,8367
1970-01-05 02:52:00+00:00,0.0024907780172046478,0.001320610160426541,7634
1970-01-05 02:53:00+00:00,0.0020712895065681577,0.0010334268972812261,6266
1970-01-05 02:54:00+00:00,0.0018358210554242516,0.0006819244559484577,6481
1970-01-05 02:55:00+00:00,0.005162725029519218,0.004010996698023721,9829
1970-01-05 02:56:00+00:00,0.002080776777306044,0.0012068819538350478,7875
1970-01-05 02:57:00+00:00,0.0024588006259063963,0.0016234737034281823,7185
1970-01-05 02:58:00+00:00,0.002404212658852574,0.0012899207242479554,6779
1970-01-05 02:59:00+00:00,0.0019073505385356615,0.0008525359066224418,7092
1970-01-05 03:00:00+00:00,0.0052113315379426674,0.0040054702507662686,9832
1970-01-05 03:01:00+00:00,0.0019353716875399705,0.000960051785107666,7160
1970-01-05 03:02:00+00:00,0.002488155081227058,0.0013867828277492784,7833
1970-01-05 03:03:00+00:00,0.0015894997856855915,0.0009002548836874439,8022
1970-01-05 03:04:00+00:00,0.0014699067946454187,0.0009135531611787336,6666
1970-01-05 03:05:00+00:00,0.005046996921472455,0.003901454404238721,9826
1970-01-05 03:06:00+00:00,0.0026988031545294305,0.0012799037192840713,5911
1970-01-05 03:07:00+00:00,0.0013487628250403736,0.0005738606435648768,6616
1970-01-05 03:08:00+00:00,0.0012976137103896308,0.0005202571117791602,5759
1970-01-05 03:09:00+00:00,0.0024397374458937668,0.0008684530338065402,6612
1970-01-05 03:10:00+00:00,0.004882208275084991,0.0037208764586168057,9829
1970-01-05 03:11:00+00:00,0.0028504520906577936,0.0012347114082676656,7358
1970-01-05 03:12:00+00:00,0.002696824218706683,0.0012631312599781233,7156
1970-01-05 03:13:00+00:00,0.0015515600733313675,0.0008737318263114421,8068
1970-01-05 03:14:00+00:00,0.0011822314477352744,0.0005749207437598538,6978
1970-01-05 03:15:00+00:00,0.00500941228751897,0.003579787948638791,9827
1970-01-05 03:16:00+00:00,0.004010581097149905,0.0014722715532952853,7197
1970-01-05 03:17:00+00:00,0.004438575016095262,0.0016569743881043003,7001
1970-01-05 03:18:00+00:00,0.0057956189047757515,0.0015327004497593887,7421
1970-01-05 03:19:00+00:00,0.0014281380637947837,0.0004729369990163705,8270
1970-01-05 03:20:00+00:00,0.005214212733625208,0.0035845038135215936,9828
1970-01-05 03:21:00+00:00,0.004978028820047591,0.0012248113159965975,7630
1970-01-05 03:22:00+00:00,0.003747856068210211,0.0009962545300615363,7911
1970-01-05 03:23:00+00:00,0.0028424575071553954,0.0011880865717472883,8207
1970-01-05 03:24:00+00:00,0.0018778128869154538,0.0006605169251928576,8227
1970-01-05 03:25:00+00:00,0.005004324689862449,0.0035398268204945445,9829
1970-01-05 03:26:00+00:00,0.0022180833183048005,0.0010070505096465643,6446
1970-01-05 03:27:00+00:00,0.0014097411522537584,0.0007526305757043603,7238
1970-01-05 03:28:00+00:00,0.001972915787403705,0.000743795708955855,7144
1970-01-05 03:29:00+00:00,0.0023821656927099253,0.0006641182020680316,7691
1970-01-05 03:30:00+00:00,0.0051376583413992325,0.003550712525411056,9828
1970-01-05 03:31:00+00:00,0.0024636409517016923,0.0011594844114317065,7701
1970-01-05 03:32:00+00:00,0.0027504897492145594,0.0011793533028051281,7213
1970-01-05 03:33:00+00:00,0.0025203312968714933,0.0012954374361613368,6322
1970-01-05 03:34:00+00:00,0.0018863830951623378,0.0013821577234747122,6729
1970-01-05 03:35:00+00:00,0.004948644489789428,0.0035771982467457985,9829
1970-01-05 03:36:00+00:00,0.002343169668658436,0.0011437646543951542,6555
1970-01-05 03:37:00+00:00,0.0013051661635482068,0.0007129255175580957,7494
1970-01-05 03:38:00+00:00,0.002050675353837155,0.0009533056599727792,6910
1970-01-05 03:39:00+00:00,0.0015746010260334023,0.0007110707581747493,5724
1970-01-05 03:40:00+00:00,0.005248307096652757,0.003576195243785415,9828
1970-01-05 03:41:00+00:00,0.0024472913189726104,0.0012275387628618338,7808
1970-01-05 03:42:00+00:00,0.0024670166831901076,0.0008479849892444581,7928
1970-01-05 03:43:00+00:00,0.0017694861880860218,0.000859305006632094,7209
1970-01-05 03:44:00+00:00,0.0030208710518579676,0.000697956134278419,7315
1970-01-05 03:45:00+00:00,0.004944652184616051,0.0034675112564022544,9829
1970-01-05 03:46:00+00:00,0.002663732423129673,0.0008085105308528397,7250
1970-01-05 03:47:00+00:00,0.0031816305740180895,0.0010244854197210434,7880
1970-01-05 03:48:00+00:00,0.0014496026731749237,0.0008999126545896721,7019
1970-01-05 03:49:00+00:00,0.002595684024362605,0.0007799359101754308,8026
1970-01-05 03:50:00+00:00,0.004965744611021981,0.0033415667424441216,9829
1970-01-05 03:51:00+00:00,0.002442363236344811,0.0009077850871046335,7894
1970-01-05 03:52:00+00:00,0.0014970096811708364,0.0005864411585879851,7162
1970-01-05 03:53:00+00:00,0.0011696754010593364,0.000607645483101098,7875
1970-01-05 03:54:00+00:00,0.0011902326032622603,0.0005037200081582858,6752
1970-01-05 03:55:00+00:00,0.004848638297813693,0.003322406379650334,9830
1970-01-05 03:56:00+00:00,0.0009457588960269173,0.0005721114967055681,7304
1970-01-05 03:57:00+00:00,0.0018932900041467385,0.0009097382854562371,7961
1970-01-05 03:58:00+00:00,0.000876954968369525,0.0005847284115439298,7468
1970-01-05 03:59:00+00:00,0.0025237225849316473,0.0008384993951608687,7172
1970-01-05 04:00:00+00:00,0.00530039357292425,0.003580885046210171,9832
1970-01-05 04:01:00+00:00,0.0013204361147348268,0.0009438442730167483,7521
1970-01-05 04:02:00+00:00,0.0010390688339537227,0.0010632404305889564,6431
1970-01-05 04:03:00+00:00,0.0018238121589550945,0.0010311968557678932,5620
1970-01-05 04:04:00+00:00,0.0014427769556753685,0.000781534359543989,6096
1970-01-05 04:05:00+00:00,0.005339471727897079,0.003596041968031347,9830
1970-01-05 04:06:00+00:00,0.00272101759761876,0.0009492236209892102,6784
1970-01-05 04:07:00+00:00,0.001764440694838751,0.0008198449919839851,6837
1970-01-05 04:08:00+00:00,0.002765520118904088,0.0009080365364233831,6695
1970-01-05 04:09:00+00:00,0.0015352723380158743,0.0005642457757305561,8267
1970-01-05 04:10:00+00:00,0.005242936350344374,0.0035493753289872827,9832
1970-01-05 04:11:00+00:00,0.006684898432951208,0.0014438461967075612,7774
1970-01-05 04:12:00+00:00,0.006078334242567005,0.0010985225443797392,8086
1970-01-05 04:13:00+00:00,0.006240109229918402,0.001020513923106062,7735
1970-01-05 04:14:00+00:00,0.007914011775371176,0.0011981236499972068,6540
1970-01-05 04:15:00+00:00,0.005500470497447862,0.0036635178856642163,9833
1970-01-05 04:16:00+00:00,0.0049584141677678235,0.0013680609226137971,7606
1970-01-05 04:17:00+00:00,0.004898783120207095,0.0016910188618937155,7553
1970-01-05 04:18:00+00:00,0.0025790319750720186,0.0012723073776313627,7841
1970-01-05 04:19:00+00:00,0.002516124888230117,0.001119355899397309,8201
1970-01-05 04:20:00+00:00,0.005330426969253727,0.003567604418551881,9831
1970-01-05 04:21:00+00:00,0.004600720262024031,0.0013656399908125803,7458
1970-01-05 04:22:00+00:00,0.004940671469627645,0.0016665128500955098,6921
1970-01-05 04:23:00+00:00,0.003031583819150626,0.0010724772047481118,7472
1970-01-05 04:24:00+00:00,0.0032081890865211697,0.0009471793746233883,7839
1970-01-05 04:25:00+00:00,0.005414596274148985,0.0036761244686026747,9833
1970-01-05 04:26:00+00:00,0.0022055032883199362,0.0007123429195406047,7462
1970-01-05 04:27:00+00:00,0.0017686564871605378,0.0008782997376974854,7407
1970-01-05 04:28:00+00:00,0.0009857629214154724,0.0006864805771775044,7422
1970-01-05 04:29:00+00:00,0.0014622746174208037,0.000798343115370503,6909
1970-01-05 04:30:00+00:00,0.005286332690092488,0.003571905708883691,9832
1970-01-05 04:31:00+00:00,0.0016817241051696318,0.0008032571952515998,7339
1970-01-05 04:32:00+00:00,0.0038598270653588166,0.0013576870187052622,7314
1970-01-05 04:33:00+00:00,0.002760555680376906,0.0012304002462239303,7465
1970-01-05 04:34:00+00:00,0.0022723322708888822,0.0008298091521055284,7286
1970-01-05 04:35:00+00:00,0.005113512078847867,0.003583134223270632,9835
1970-01-05 04:36:00+00:00,0.0024179870917756478,0.0010519503549849892,7172
1970-01-05 04:37:00+00:00,0.003906042102617627,0.0014377031904408905,4645
1970-01-05 04:38:00+00:00,0.0011306253416553643,0.0006332533026955886,6812
1970-01-05 04:39:00+00:00,0.001996427094365366,0.001059060915921671,7189
1970-01-05 04:40:00+00:00,0.005370124964173004,0.003753758930205892,9833
1970-01-05 04:41:00+00:00,0.003118853615874328,0.0015045418326071294,6937
1970-01-05 04:42:00+00:00,0.0020635433999092144,0.0009164965159905618,7960
1970-01-05 04:43:00+00:00,0.001185148776915447,0.0006660541371910391,7633
1970-01-05 04:44:00+00:00,0.0008881616603473322,0.0006384745527237797,7874
1970-01-05 04:45:00+00:00,0.005283368715953451,0.003751259794472986,9830
1970-01-05 04:46:00+00:00,0.0029796379897183887,0.0012201722848578915,5309
1970-01-05 04:47:00+00:00,0.0028172830313690496,0.0010828201041733914,6323
1970-01-05 04:48:00+00:00,0.0033068381568069414,0.0014519854639621283,6977
1970-01-05 04:49:00+00:00,0.0019870859347405736,0.0008019270450161688,4925
1970-01-05 04:50:00+00:00,0.005674043590106711,0.003940227061222173,9832
1970-01-05 04:51:00+00:00,0.0038442920591593727,0.0014043937517992512,6701
1970-01-05 04:52:00+00:00,0.0029052688073534392,0.00106699030734694,5962
1970-01-05 04:53:00+00:00,0.0027565710118691703,0.0013370179301943964,5637
1970-01-05 04:54:00+00:00,0.0018816612531666142,0.003615201503790509,6822
1970-01-05 04:55:00+00:00,0.005726809571714516,0.003883583047285187,9832
1970-01-05 04:56:00+00:00,0.0023528222206405562,0.000899992600280612,6080
1970-01-05 04:57:00+00:00,0.009233231692319576,0.004690963001135832,6594
1970-01-05 04:58:00+00:00,0.0013759626566956732,0.0007286236942234966,6253
1970-01-05 04:59:00+00:00,0.00411351801324707,0.0010598839009216046,6220
1970-01-05 05:00:00+00:00,0.0057001957209557984,0.0038600750257056344,9833
1970-01-05 05:01:00+00:00,0.003998309038594099,0.001182950887281119,7526
1970-01-05 05:02:00+00:00,0.0033194691949381635,0.0011175134529117152,6636
1970-01-05 05:03:00+00:00,0.0029903401029425596,0.0010915953486561444,7092
1970-01-05 05:04:00+00:00,0.0012945126325831367,0.0006514048166466343,7325
1970-01-05 05:05:00+00:00,0.005442027337118245,0.003689219252827321,9833
1970-01-05 05:06:00+00:00,0.0013890434478023516,0.0010174750636008903,6669
1970-01-05 05:07:00+00:00,0.0018530942909353591,0.0010339647015391224,6587
1970-01-05 05:08:00+00:00,0.0011216931723904706,0.0005197610129208729,7366
1970-01-05 05:09:00+00:00,0.001714985388155055,0.0005533417145570454,7206
1970-01-05 05:10:00+00:00,0.00579222105496168,0.0038662341753035725,9835
1970-01-05 05:11:00+00:00,0.00301348710683473,0.0012449069586301217,6502
1970-01-05 05:12:00+00:00,0.0023031414987459173,0.0008659766201238654,5861
1970-01-05 05:13:00+00:00,0.0018582623549614973,0.0007882695965999078,5316
1970-01-05 05:14:00+00:00,0.0021515359344231495,0.001010992651539324,4866
1970-01-05 05:15:00+00:00,0.005693190487290357,0.0038961807218769674,9834
1970-01-05 05:16:00+00:00,0.0018911657389477999,0.0006642210091513536,5229
1970-01-05 05:17:00+00:00,0.0014524948252788636,0.0007009955517183142,6695
1970-01-05 05:18:00+00:00,0.0033069624664866307,0.0011069671795781277,5312
1970-01-05 05:19:00+00:00,0.004388086703424336,0.0011333372248056631,5587
1970-01-05 05:20:00+00:00,0.005438759455800028,0.003830737456659557,9837
1970-01-05 05:21:00+00:00,0.003696758239162489,0.0014162733250850542,6585
1970-01-05 05:22:00+00:00,0.0027728176490228436,0.001192232704605006,6332
1970-01-05 05:23:00+00:00,0.002376112727714923,0.0013208497451431026,6778
1970-01-05 05:24:00+00:00,0.002478288917256981,0.0014184330461033574,7460
1970-01-05 05:25:00+00:00,0.0055517812079498635,0.003841427872906777,9835
1970-01-05 05:26:00+00:00,0.0022243456524986753,0.001421536163129556,6495
1970-01-05 05:27:00+00:00,0.0019983507886859194,0.0012477389117386212,5842
1970-01-05 05:28:00+00:00,0.0018432474316791556,0.0014401307262244395,6898
1970-01-05 05:29:00+00:00,0.0015230446557854727,0.000980689164974015,7399
1970-01-05 05:30:00+00:00,0.005574456557260605,0.0038319701389342704,9833
1970-01-05 05:31:00+00:00,0.004103278136295856,0.0016819644526789356,6898
1970-01-05 05:32:00+00:00,0.002888523253524127,0.0016656235495567172,7237
1970-01-05 05:33:00+00:00,0.00439096171387744,0.0024785854054008346,7452
1970-01-05 05:34:00+00:00,0.0029117766219491103,0.0012896173765258112,6771
1970-01-05 05:35:00+00:00,0.005593974260448363,0.0038205789292844903,9834
1970-01-05 05:36:00+00:00,0.002421069514350481,0.001116859278532088,5939
1970-01-05 05:37:00+00:00,0.0018989131751795333,0.0009508217387742698,5744
1970-01-05 05:38:00+00:00,0.0026294294156020193,0.0010653343540636068,6392
1970-01-05 05:39:00+00:00,0.00505711725196642,0.0012825349429173114,6301
1970-01-05 05:40:00+00:00,0.005799804742991653,0.00383668472035783,9831
1970-01-05 05:41:00+00:00,0.0024895327075719017,0.0010276329973089818,7765
1970-01-05 05:42:00+00:00,0.001963921526486596,0.0011763854370312125,7346
1970-01-05 05:43:00+00:00,0.0021178128372080604,0.0011323220367059185,6001
1970-01-05 05:44:00+00:00,0.002288365909045674,0.0009092134444453071,5482
1970-01-05 05:45:00+00:00,0.0055771527519277025,0.0036786095791089437,9834
1970-01-05 05:46:00+00:00,0.001523773351731283,0.0006474629378060584,7482
1970-01-05 05:47:00+00:00,0.0020416468255872043,0.0006804438814631334,7229
1970-01-05 05:48:00+00:00,0.00226523812605115,0.0007921505767906897,6699
1970-01-05 05:49:00+00:00,0.0032487871356956786,0.0009248803154701688,5655
1970-01-05 05:50:00+00:00,0.005805373309553908,0.0037533363203001895,9837
1970-01-05 05:51:00+00:00,0.0018019981779215394,0.0009078138223338686,7499
1970-01-05 05:52:00+00:00,0.0019371114145470415,0.0009742871785329983,7446
1970-01-05 05:53:00+00:00,0.0018141212848326266,0.0009998899558493245,6936
1970-01-05 05:54:00+00:00,0.0026251438623124046,0.0009956577124911833,6437
1970-01-05 05:55:00+00:00,0.005658672466399043,0.0037183843477441953,9838
1970-01-05 05:56:00+00:00,0.0020278844349884764,0.0010879953607648108,7265
1970-01-05 05:57:00+00:00,0.0017833455140352182,0.0010716278556077805,6845
1970-01-05 05:58:00+00:00,0.0022380570530720375,0.001134576263865569,6380
1970-01-05 05:59:00+00:00,0.0027164220661758474,0.0012055388735717257,6244
1970-01-05 06:00:00+00:00,0.005798497725240798,0.0037837662340871234,9838
1970-01-05 06:01:00+00:00,0.0028014954402284255,0.0013140074331524172,7040
1970-01-05 06:02:00+00:00,0.0025696342768444856,0.001174996248098617,6631
1970-01-05 06:03:00+00:00,0.0028719336066447498,0.0011146920432507145,6730
1970-01-05 06:04:00+00:00,0.002126294577993988,0.0007046188403035559,6005
1970-01-05 06:05:00+00:00,0.005611488102972919,0.0037709904633330747,9838
1970-01-05 06:06:00+00:00,0.0019508930426335573,0.0009176894718268658,6337
1970-01-05 06:07:00+00:00,0.0018746654310100447,0.000923173798392469,6175
1970-01-05 06:08:00+00:00,0.0021497668166558454,0.0008023386947062772,7018
1970-01-05 06:09:00+00:00,0.002510376919703075,0.0007768315169971262,7588
1970-01-05 06:10:00+00:00,0.005524699316636293,0.003735137830230094,9840
1970-01-05 06:11:00+00:00,0.0026492607569489485,0.001240945442022311,7747
1970-01-05 06:12:00+00:00,0.0023904820526510183,0.001040383032643815,7080
1970-01-05 06:13:00+00:00,0.00192780411127721,0.0008273388489283345,6727
1970-01-05 06:14:00+00:00,0.0023241722370250686,0.0009189909781422505,6664
1970-01-05 06:15:00+00:00,0.005218961327549359,0.0036936527252302348,9840
1970-01-05 06:16:00+00:00,0.0013135158695432964,0.0009039610785678022,6901
1970-01-05 06:17:00+00:00,0.002461579735773084,0.0012038296666638667,6948
1970-01-05 06:18:00+00:00,0.0018381561878104977,0.000763835956605755,7586
1970-01-05 06:19:00+00:00,0.0017097832289905818,0.0008032962199348377,7245
1970-01-05 06:20:00+00:00,0.005382392705391724,0.003755918520171452,9839
1970-01-05 06:21:00+00:00,0.002056730725373217,0.0009045580151442722,6938
1970-01-05 06:22:00+00:00,0.003387762841716556,0.0013642463954399728,7636
1970-01-05 06:23:00+00:00,0.0025333547707619987,0.0010845516226385917,7126
1970-01-05 06:24:00+00:00,0.0023923147029788973,0.000942001477433027,7376
1970-01-05 06:25:00+00:00,0.005393297946591198,0.003719388222649515,9839
1970-01-05 06:26:00+00:00,0.003192029259014858,0.0018111218785178478,6706
1970-01-05 06:27:00+00:00,0.002725801444481882,0.0013297394058596175,6362
1970-01-05 06:28:00+00:00,0.0019498813637834364,0.001019715924269131,7402
1970-01-05 06:29:00+00:00,0.0024671188510202485,0.001072863385515056,7162
1970-01-05 06:30:00+00:00,0.005596814497466927,0.0038211944911127386,9838
1970-01-05 06:31:00+00:00,0.002275436319366345,0.0026808950229969997,6963
1970-01-05 06:32:00+00:00,0.002684607282609457,0.0013613738868608679,6979
1970-01-05 06:33:00+00:00,0.0017370277900978538,0.0010015297590031513,5398
1970-01-05 06:34:00+00:00,0.0017401392946908892,0.0007641754828116402,6711
1970-01-05 06:35:00+00:00,0.005486191920252179,0.0037782211853317183,9836
1970-01-05 06:36:00+00:00,0.0015284832600800241,0.0007552251592635953,6974
1970-01-05 06:37:00+00:00,0.0031670137097443763,0.001606701646120495,6638
1970-01-05 06:38:00+00:00,0.002360333553040761,0.0010047870466805332,7683
1970-01-05 06:39:00+00:00,0.002491305190724873,0.0008508776310146077,7885
1970-01-05 06:40:00+00:00,0.005242723638905677,0.0036329986572377713,9837
1970-01-05 06:41:00+00:00,0.0032175575671299925,0.0011002691495421376,7604
1970-01-05 06:42:00+00:00,0.0026003721926811923,0.000783995808915318,6980
1970-01-05 06:43:00+00:00,0.0020382633836934874,0.0006873337317961896,7694
1970-01-05 06:44:00+00:00,0.002236408777400844,0.000676774675027492,7947
1970-01-05 06:45:00+00:00,0.005655569843886124,0.0037565785656323352,9838
1970-01-05 06:46:00+00:00,0.0024584340504646258,0.0012850092554438986,7658
1970-01-05 06:47:00+00:00,0.001716702251710934,0.0008778931216072333,6475
1970-01-05 06:48:00+00:00,0.0018543752804726736,0.0007126302270987318,6333
1970-01-05 06:49:00+00:00,0.0025586274012140103,0.0011069476113915316,6383
1970-01-05 06:50:00+00:00,0.005971976192550491,0.0038131697152483687,9837
1970-01-05 06:51:00+00:00,0.002863383977302187,0.0013272294455177207,7109
1970-01-05 06:52:00+00:00,0.0030706967397323487,0.0013196226257032309,7392
1970-01-05 06:53:00+00:00,0.0012989588175945088,0.0006146373302825712,4151
1970-01-05 06:54:00+00:00,0.0015615321589524853,0.0005756136034456472,6491
1970-01-05 06:55:00+00:00,0.005821927584403324,0.0038158633404153787,9837
1970-01-05 06:56:00+00:00,0.0016774110700865717,0.0007611734491774848,6417
1970-01-05 06:57:00+00:00,0.0028771038926937277,0.0014430398305486844,6876
1970-01-05 06:58:00+00:00,0.0019467550013530348,0.0009938630241423533,6316
1970-01-05 06:59:00+00:00,0.002281027057996155,0.0010286144410761493,6817
1970-01-05 07:00:00+00:00,0.005828034292283651,0.003813320721218075,9836
1970-01-05 07:01:00+00:00,0.0022399078990039244,0.000899431160784437,5855
1970-01-05 07:02:00+00:00,0.0029876951456946463,0.0009245616109932183,5070
1970-01-05 07:03:00+00:00,0.003623246893202057,0.000951530655072201,5903
1970-01-05 07:04:00+00:00,0.002813090934051459,0.0007935044589358609,7038
1970-01-05 07:05:00+00:00,0.005824130663247968,0.003800873444580853,9836
1970-01-05 07:06:00+00:00,0.0023784914558825,0.0010093365748294262,5837
1970-01-05 07:07:00+00:00,0.002219644469929904,0.0007739665906747633,4099
1970-01-05 07:08:00+00:00,0.0031135345655163493,0.0011236294810696836,6265
1970-01-05 07:09:00+00:00,0.002076029391550694,0.0007024554090805647,6508
1970-01-05 07:10:00+00:00,0.005522314071773808,0.0036289146830668943,9835
1970-01-05 07:11:00+00:00,0.0023205332860493384,0.0008627491342525143,7463
1970-01-05 07:12:00+00:00,0.001739688239131485,0.0007334333581301216,7363
1970-01-05 07:13:00+00:00,0.0019137125132143889,0.0008115182429619408,6726
1970-01-05 07:14:00+00:00,0.0014401912352620576,0.0006979994156387925,6728
1970-01-05 07:15:00+00:00,0.005390943905584358,0.003699158354779012,9837
1970-01-05 07:16:00+00:00,0.002376563117994873,0.0009785170192333173,6595
1970-01-05 07:17:00+00:00,0.0017682867213021278,0.000775990927618186,6194
1970-01-05 07:18:00+00:00,0.0013003078433777623,0.0006622990405735406,6983
1970-01-05 07:19:00+00:00,0.0013719318495291895,0.0005079290559929597,6969
1970-01-05 07:20:00+00:00,0.005452733559155093,0.003771564711382881,9837
1970-01-05 07:21:00+00:00,0.0016780739953532586,0.0006484090814818622,6954
1970-01-05 07:22:00+00:00,0.0017386434007355012,0.0009099981418237359,7566
1970-01-05 07:23:00+00:00,0.0016463408885552208,0.0010431792126421387,8237
1970-01-05 07:24:00+00:00,0.0013654709901408124,0.0005393834380901653,7668
1970-01-05 07:25:00+00:00,0.005555631436025352,0.004003439383111672,9837
1970-01-05 07:26:00+00:00,0.001611719967954602,0.0010197343203900264,7265
1970-01-05 07:27:00+00:00,0.0018995067608005138,0.0011045305031349858,6614
1970-01-05 07:28:00+00:00,0.0015815723734080359,0.0007235626710387954,5578
1970-01-05 07:29:00+00:00,0.0018030753596938423,0.0009438601128053076,6221
1970-01-05 07:30:00+00:00,0.005806988762909332,0.004024860151773695,9839
1970-01-05 07:31:00+00:00,0.0018047445145997706,0.0009136442570959419,7172
1970-01-05 07:32:00+00:00,0.0019318871373123997,0.0011078260280315499,7318
1970-01-05 07:33:00+00:00,0.0025072379467050336,0.0011080766683796695,7869
1970-01-05 07:34:00+00:00,0.0018135734495277,0.0009551603637915981,7261
1970-01-05 07:35:00+00:00,0.0060167244124513675,0.004076418777750997,9839
1970-01-05 07:36:00+00:00,0.0022783551483655726,0.0014671704760423723,7628
1970-01-05 07:37:00+00:00,0.0022794978189023267,0.0014233157177751883,7002
1970-01-05 07:38:00+00:00,0.00182748802250194,0.0007888431407707648,6883
1970-01-05 07:39:00+00:00,0.0018124167601448074,0.0010215857113484528,6681
1970-01-05 07:40:00+00:00,0.006189287395092272,0.004222646122464951,9839
1970-01-05 07:41:00+00:00,0.002321257507570916,0.0012715213032385036,6885
1970-01-05 07:42:00+00:00,0.002271719745669811,0.0011190722601671038,6477
1970-01-05 07:43:00+00:00,0.0018803615069409594,0.001006534374045926,5935
1970-01-05 07:44:00+00:00,0.0016294388912530275,0.0008673555900773357,5236
1970-01-05 07:45:00+00:00,0.006062850525278152,0.00430172574808144,9838
1970-01-05 07:46:00+00:00,0.0018876639248310797,0.0008747849656247533,4837
1970-01-05 07:47:00+00:00,0.0023460468782071204,0.0010992176452465485,6143
1970-01-05 07:48:00+00:00,0.0020102069958889955,0.0009365092369566368,6006
1970-01-05 07:49:00+00:00,0.0022039053439194055,0.0010944602983589198,5073
1970-01-05 07:50:00+00:00,0.006135728930665296,0.004399341470775385,9840
1970-01-05 07:51:00+00:00,0.0027184483530424282,0.002371015765969975,7649
1970-01-05 07:52:00+00:00,0.0025041194555885213,0.0012105769742477065,6883
1970-01-05 07:53:00+00:00,0.0017651014059782923,0.0008046067020882665,5522
1970-01-05 07:54:00+00:00,0.0018931293764134212,0.0007427636375565966,4468
1970-01-05 07:55:00+00:00,0.006143796261553351,0.004365989044168206,9840
1970-01-05 07:56:00+00:00,0.0021824680309066036,0.0009819936261420846,5697
1970-01-05 07:57:00+00:00,0.002816406000860245,0.0014157212265553751,4863
1970-01-05 07:58:00+00:00,0.003678383261202499,0.0015650908178612753,5448
1970-01-05 07:59:00+00:00,0.0026993855052579742,0.0011184420437509504,4370
1970-01-05 08:00:00+00:00,0.0063230754800505115,0.004522855664311664,9841
1970-01-05 08:01:00+00:00,0.0027521757971688955,0.0012233872972659827,6510
1970-01-05 08:02:00+00:00,0.0029393945783411247,0.0013824839601893379,4824
1970-01-05 08:03:00+00:00,0.00245845823055779,0.0015345058679079049,6077
1970-01-05 08:04:00+00:00,0.002341670019344504,0.0011520886448496835,4380
1970-01-05 08:05:00+00:00,0.006228886022040377,0.004617674319507169,9839
1970-01-05 08:06:00+00:00,0.002426667722013922,0.001436357618343554,5715
1970-01-05 08:07:00+00:00,0.0030036761993173866,0.0012636492478786045,4290
1970-01-05 08:08:00+00:00,0.0032787447995986257,0.001513152824515507,5178
1970-01-05 08:09:00+00:00,0.0026590407149084823,0.0011277717170839838,4960
1970-01-05 08:10:00+00:00,0.006136138567830364,0.004599349520630459,9838
1970-01-05 08:11:00+00:00,0.002043785469832178,0.0010145199341332236,5218
1970-01-05 08:12:00+00:00,0.0020786516569694133,0.0010951867821897261,5421
1970-01-05 08:13:00+00:00,0.0017684008975103786,0.0011310769160329135,5284
1970-01-05 08:14:00+00:00,0.002033702818640705,0.0012298123912213815,5190
1970-01-05 08:15:00+00:00,0.006057677412842673,0.004541878636081391,9839
1970-01-05 08:16:00+00:00,0.0022758627118575608,0.0012979255631642179,5237
1970-01-05 08:17:00+00:00,0.002293554130755735,0.0013200638444409096,5069
1970-01-05 08:18:00+00:00,0.0024757460530844735,0.0013301750353016295,5574
1970-01-05 08:19:00+00:00,0.001853182484654066,0.0011265202046904065,9161
1970-01-05 08:20:00+00:00,0.006177640739562174,0.004499920058890553,9839
1970-01-05 08:21:00+00:00,0.0027894307829126243,0.0013477810971672566,6004
1970-01-05 08:22:00+00:00,0.003115961820233398,0.0019482434207410808,5910
1970-01-05 08:23:00+00:00,0.003230135418834934,0.0024838256791114136,5381
1970-01-05 08:24:00+00:00,0.0023947313690795328,0.0017032548844744654,5244
1970-01-05 08:25:00+00:00,0.006495688248694633,0.004841403804787624,9840
1970-01-05 08:26:00+00:00,0.0021834604853884273,0.0010081800818747808,4541
1970-01-05 08:27:00+00:00,0.002365722419675987,0.0011093536554032278,4066
1970-01-05 08:28:00+00:00,0.0022652424700301587,0.0018709971143915094,4526
1970-01-05 08:29:00+00:00,0.0019616859558649062,0.0010641411297410692,5057
1970-01-05 08:30:00+00:00,0.0066485757632922604,0.004835219125919784,9840
1970-01-05 08:31:00+00:00,0.003002674068925399,0.0014736992414999428,5956
1970-01-05 08:32:00+00:00,0.0034143537136134302,0.0019363955200290247,5185
1970-01-05 08:33:00+00:00,0.0037394894395843463,0.0021424938083516054,4389
1970-01-05 08:34:00+00:00,0.0027605283553253997,0.0015118956080129521,5027
1970-01-05 08:35:00+00:00,0.006703007830089282,0.004882753536760785,9842
1970-01-05 08:36:00+00:00,0.00313468176733429,0.0014430444137720957,3614
1970-01-05 08:37:00+00:00,0.0039669458241664785,0.0018228064680078677,2779
1970-01-05 08:38:00+00:00,0.00300965495706724,0.002504772311415439,3983
1970-01-05 08:39:00+00:00,0.003657623155582588,0.0021358041565143018,4582
1970-01-05 08:40:00+00:00,0.006765458778015473,0.004890079724745871,9842
1970-01-05 08:41:00+00:00,0.004403309697365186,0.002047752681705429,4371
1970-01-05 08:42:00+00:00,0.002490668253656269,0.001346429093140241,5875
1970-01-05 08:43:00+00:00,0.004106423777549364,0.0017673325853473716,4870
1970-01-05 08:44:00+00:00,0.003556920475507139,0.002036485720618494,5641
1970-01-05 08:45:00+00:00,0.006566729588211567,0.004852204230368671,9841
1970-01-05 08:46:00+00:00,0.003284412669757042,0.002213409022679405,6027
1970-01-05 08:47:00+00:00,0.0034705113948950267,0.002236592022399772,6432
1970-01-05 08:48:00+00:00,0.002901329252682447,0.003351786401181287,7158
1970-01-05 08:49:00+00:00,0.002211014869822575,0.0012167444247548527,4512
1970-01-05 08:50:00+00:00,0.006624365032462976,0.004813817117356568,9841
1970-01-05 08:51:00+00:00,0.004435091309528403,0.0021389417705994884,4452
1970-01-05 08:52:00+00:00,0.003972519639684777,0.0019059098388066044,4558
1970-01-05 08:53:00+00:00,0.003471991532182814,0.0019723162750667667,4970
1970-01-05 08:54:00+00:00,0.0032274722707594534,0.0017485100515300127,4555
1970-01-05 08:55:00+00:00,0.006602419860045483,0.00481382864142602,9841
1970-01-05 08:56:00+00:00,0.0031235331666495695,0.0015770418299495008,4462
1970-01-05 08:57:00+00:00,0.003342082232203661,0.002164467857503432,5576
1970-01-05 08:58:00+00:00,0.0031369716271028606,0.0020520975109418124,5257
1970-01-05 08:59:00+00:00,0.002822517554847308,0.0021133582943949083,5514
1970-01-05 09:00:00+00:00,0.0065838496165017985,0.004802079593774447,9841
1970-01-05 09:01:00+00:00,0.0047183418813232575,0.0018417421971277743,4090
1970-01-05 09:02:00+00:00,0.003837967338011227,0.001878912076213713,5189
1970-01-05 09:03:00+00:00,0.0028183505988256118,0.0014470342094110341,4793
1970-01-05 09:04:00+00:00,0.003435517117082792,0.0013668861745001278,3427
1970-01-05 09:05:00+00:00,0.006624178990110777,0.00481006192839518,9840
1970-01-05 09:06:00+00:00,0.0033698566373287675,0.0015402501766157589,3122
1970-01-05 09:07:00+00:00,0.0025356189873736337,0.0012609818752172544,3666
1970-01-05 09:08:00+00:00,0.0031511764392407504,0.0013900794068832704,3034
1970-01-05 09:09:00+00:00,0.0026639083263887923,0.001369507014456784,3162
1970-01-05 09:10:00+00:00,0.006522972171488795,0.00481121213488473,9840
1970-01-05 09:11:00+00:00,0.004107190062009891,0.0020595619011698494,5847
1970-01-05 09:12:00+00:00,0.0038464599804286597,0.0018819426098009074,4975
1970-01-05 09:13:00+00:00,0.002643208219550084,0.0016004888264451124,5476
1970-01-05 09:14:00+00:00,0.0029513828496622488,0.0015290663750534756,3816
1970-01-05 09:15:00+00:00,0.006580060101454542,0.0047975549322613244,9840
1970-01-05 09:16:00+00:00,0.003727184960985748,0.0018935167605362343,3944
1970-01-05 09:17:00+00:00,0.002893547168068292,0.001516549428545181,4577
1970-01-05 09:18:00+00:00,0.0027332690416938515,0.0011775812578771095,2900
1970-01-05 09:19:00+00:00,0.0026040243141063004,0.0010992174846048725,3373
1970-01-05 09:20:00+00:00,0.006619368183676154,0.004799618485628172,9822
1970-01-05 09:21:00+00:00,0.0039047932300752815,0.0017595857046182862,4826
1970-01-05 09:22:00+00:00,0.001984042113876571,0.0009829988262236755,4598
1970-01-05 09:23:00+00:00,0.0033301360721645604,0.0014256029164518636,3346
1970-01-05 09:24:00+00:00,0.0018496435355868231,0.0009563741385511889,3333
1970-01-05 09:25:00+00:00,0.006442927716007689,0.004796662647224548,9806
1970-01-05 09:26:00+00:00,0.00300372071686432,0.0015706310832559582,3778
1970-01-05 09:27:00+00:00,0.003541784603401763,0.0018412623122117365,3616
1970-01-05 09:28:00+00:00,0.002808795009851651,0.0014374213121408062,3274
1970-01-05 09:29:00+00:00,0.0036815700965173274,0.0020193311434474983,3525
1970-01-05 09:30:00+00:00,0.00646565531501904,0.004749891889701477,9826
1970-01-05 09:31:00+00:00,0.0038153243283890106,0.0016907176904977378,4379
1970-01-05 09:32:00+00:00,0.004276179812176696,0.0019683810740891527,3408
1970-01-05 09:33:00+00:00,0.002654356423853992,0.001319848578612404,4641
1970-01-05 09:34:00+00:00,0.0031656305519446324,0.0016255502650479817,3666
1970-01-05 09:35:00+00:00,0.006487110204690331,0.004759442740069956,9830
1970-01-05 09:36:00+00:00,0.003102560704556922,0.0018908597378739446,4303
1970-01-05 09:37:00+00:00,0.003023758134822595,0.004539553984633619,6170
1970-01-05 09:38:00+00:00,0.0023059054105656627,0.0010758007141565566,4791
1970-01-05 09:39:00+00:00,0.0025569901663876184,0.001188607893046541,3850
1970-01-05 09:40:00+00:00,0.0064225916854489295,0.004648751376859949,9838
1970-01-05 09:41:00+00:00,0.0021395741393914476,0.0011667561435391423,7361
1970-01-05 09:42:00+00:00,0.0017512444069098005,0.00077394964165078,5938
1970-01-05 09:43:00+00:00,0.0016544019060769403,0.001073276358523804,6105
1970-01-05 09:44:00+00:00,0.0016502523511575107,0.0010387790634302574,5922
1970-01-05 09:45:00+00:00,0.006228400422548252,0.004583491330778889,9838
1970-01-05 09:46:00+00:00,0.0021966534142347626,0.001284669661238561,6010
1970-01-05 09:47:00+00:00,0.0019075212339710174,0.001018533906397476,5535
1970-01-05 09:48:00+00:00,0.0025477062175695868,0.001233345623274172,4636
1970-01-05 09:49:00+00:00,0.002190057650279731,0.0012946642723212797,5350
1970-01-05 09:50:00+00:00,0.0062942018385488034,0.004602107579158455,9837
1970-01-05 09:51:00+00:00,0.0023741327732734675,0.0012505056626748658,6336
1970-01-05 09:52:00+00:00,0.0019664698301354584,0.0011198913992817624,6054
1970-01-05 09:53:00+00:00,0.002338021144200355,0.0012087121280205631,4814
1970-01-05 09:54:00+00:00,0.002834448632572259,0.0012468963003686368,4405
1970-01-05 09:55:00+00:00,0.006217872814228207,0.004621631085882205,9838
1970-01-05 09:56:00+00:00,0.002385370733859176,0.0011745010309987985,5235
1970-01-05 09:57:00+00:00,0.0019043898641380088,0.0009840783792194408,4867
1970-01-05 09:58:00+00:00,0.002295273219708341,0.001302396117059721,5614
1970-01-05 09:59:00+00:00,0.0020300940906690344,0.0011544863132446628,4884
1970-01-05 10:00:00+00:00,0.006062781762239549,0.0045937172444824835,9840
1970-01-05 10:01:00+00:00,0.0025303915525890387,0.0011790181112302772,4829
1970-01-05 10:02:00+00:00,0.002740663776903036,0.0012070053585089033,5144
1970-01-05 10:03:00+00:00,0.0026651414810708466,0.0013534183930135981,5602
1970-01-05 10:04:00+00:00,0.002894893729266536,0.0014749419923253979,4472
1970-01-05 10:05:00+00:00,0.006077709659777797,0.0045738597857552755,9839
1970-01-05 10:06:00+00:00,0.0027859593592491154,0.0014723269224121002,5172
1970-01-05 10:07:00+00:00,0.003397268088568296,0.0017339585863499713,4473
1970-01-05 10:08:00+00:00,0.003281530754236955,0.0016672369425264895,4986
1970-01-05 10:09:00+00:00,0.002498813747926942,0.0011126699973739872,4418
1970-01-05 10:10:00+00:00,0.00609818038683098,0.0045545923093345785,9838
1970-01-05 10:11:00+00:00,0.0024491552736965053,0.0012377765460452389,5646
1970-01-05 10:12:00+00:00,0.0024187252937210315,0.0014342263372677066,5845
1970-01-05 10:13:00+00:00,0.0018964212645248674,0.0012070015710444722,5724
1970-01-05 10:14:00+00:00,0.002073224879123403,0.001168546006141048,5952
1970-01-05 10:15:00+00:00,0.0058630002060532024,0.004519385932965713,9838
1970-01-05 10:16:00+00:00,0.002160116422249712,0.0011712518846373782,5250
1970-01-05 10:17:00+00:00,0.002598434264293261,0.0011013220563000766,4251
1970-01-05 10:18:00+00:00,0.0023635290206579754,0.0010051683782071926,4097
1970-01-05 10:19:00+00:00,0.001557735108833473,0.0007237167083202758,5524
1970-01-05 10:20:00+00:00,0.006042280939280112,0.004546368965818367,9840
1970-01-05 10:21:00+00:00,0.002287643187599373,0.0010882917521043305,4819
1970-01-05 10:22:00+00:00,0.0020977731790234326,0.0010390746581044742,4645
1970-01-05 10:23:00+00:00,0.0021083164961150916,0.0010662767293480912,4458
1970-01-05 10:24:00+00:00,0.002032004976305773,0.0012822498105523443,3752
1970-01-05 10:25:00+00:00,0.006170062828028233,0.00454818650900827,9835
1970-01-05 10:26:00+00:00,0.0023752259909590565,0.0010247219731554565,3618
1970-01-05 10:27:00+00:00,0.0022491649940476143,0.0010707274147324561,3150
1970-01-05 10:28:00+00:00,0.0019549908518767785,0.0007831676664913824,4216
1970-01-05 10:29:00+00:00,0.0019475589937063599,0.0008499563519586501,4391
1970-01-05 10:30:00+00:00,0.0066834324754940985,0.004531337903683426,9831
1970-01-05 10:31:00+00:00,0.002816859151876956,0.0011232693647560503,4764
1970-01-05 10:32:00+00:00,0.0029962798199021524,0.0009781054416334806,3779
1970-01-05 10:33:00+00:00,0.0029170139606561345,0.0012320733836410297,3437
1970-01-05 10:34:00+00:00,0.0031085016880709458,0.001204965164327475,3483
1970-01-05 10:35:00+00:00,0.006969209936073957,0.00456755235217086,9826
1970-01-05 10:36:00+00:00,0.0028194757888040612,0.0013072199153402416,4126
1970-01-05 10:37:00+00:00,0.0031357521060517697,0.0013054374904367,4065
1970-01-05 10:38:00+00:00,0.0028730593088621198,0.0011671914348982421,3943
1970-01-05 10:39:00+00:00,0.002378231761030948,0.0010046788841097964,4207
1970-01-05 10:40:00+00:00,0.006896728388115643,0.004571709827898557,9827
1970-01-05 10:41:00+00:00,0.0038374754629996325,0.0017359086737940605,4963
1970-01-05 10:42:00+00:00,0.003989641743681262,0.0018006527601132773,4508
1970-01-05 10:43:00+00:00,0.00293669658202008,0.001279477718665407,4706
1970-01-05 10:44:00+00:00,0.0028582504603339703,0.0012157237881912808,5081
1970-01-05 10:45:00+00:00,0.006733768125640906,0.004596862925431308,9830
1970-01-05 10:46:00+00:00,0.0032133950207257505,0.001296730415986487,4570
1970-01-05 10:47:00+00:00,0.0027914122306810073,0.0010993102950417018,4325
1970-01-05 10:48:00+00:00,0.0024629063356827598,0.001112975501864421,5150
1970-01-05 10:49:00+00:00,0.0023491147074117514,0.0010055199342514582,4546
1970-01-05 10:50:00+00:00,0.0067163491193377375,0.004623226271097951,9831
1970-01-05 10:51:00+00:00,0.002381853618755045,0.001067885875980677,4966
1970-01-05 10:52:00+00:00,0.0020598570533177573,0.0008614053316844634,4256
1970-01-05 10:53:00+00:00,0.0019714046229099926,0.00086502855453555,4597
1970-01-05 10:54:00+00:00,0.001771626594405992,0.0006494208848348737,3902
1970-01-05 10:55:00+00:00,0.006887981785594023,0.004651364618037035,9830
1970-01-05 10:56:00+00:00,0.0023393234608384476,0.0008954599236071369,3241
1970-01-05 10:57:00+00:00,0.002127513923044273,0.000778525551473062,3990
1970-01-05 10:58:00+00:00,0.0018216567817673588,0.0007196196060302828,3901
1970-01-05 10:59:00+00:00,0.0020434634126757847,0.0007114448354607035,3316
1970-01-05 11:00:00+00:00,0.00697278151154542,0.004745422582938657,9830
1970-01-05 11:01:00+00:00,0.00251302798820953,0.001013302990510765,3314
1970-01-05 11:02:00+00:00,0.0022516199655674227,0.0009403146985726928,3511
1970-01-05 11:03:00+00:00,0.0020247967518627007,0.0009285109992144416,4651
1970-01-05 11:04:00+00:00,0.002156538687384671,0.0008700191590811099,4306
1970-01-05 11:05:00+00:00,0.006898038253329205,0.00478334003782328,9832
1970-01-05 11:06:00+00:00,0.0028933261788005216,0.0015316366661076175,4992
1970-01-05 11:07:00+00:00,0.0025317593256803045,0.001164577000260697,4770
1970-01-05 11:08:00+00:00,0.001331673822750133,0.0008021171308589452,7708
1970-01-05 11:09:00+00:00,0.0018872509764140848,0.0009860740721323194,5795
1970-01-05 11:10:00+00:00,0.006941922773945562,0.004868196464059516,9829
1970-01-05 11:11:00+00:00,0.0029616928498735935,0.0014684944722815395,3587
1970-01-05 11:12:00+00:00,0.002729160143420251,0.001349476526215179,3914
1970-01-05 11:13:00+00:00,0.00288401698027021,0.0013320407952818441,3171
1970-01-05 11:14:00+00:00,0.003058861407555781,0.0013583351840717182,4175
1970-01-05 11:15:00+00:00,0.006856308233158309,0.004839043778466922,9828
1970-01-05 11:16:00+00:00,0.0035507728207672643,0.0013871109844165901,3826
1970-01-05 11:17:00+00:00,0.0036246540804266447,0.0016915376464955022,3396
1970-01-05 11:18:00+00:00,0.003299984660674375,0.001303519545070689,4090
1970-01-05 11:19:00+00:00,0.002420174142199957,0.001086841866815688,4737
1970-01-05 11:20:00+00:00,0.006898126119402764,0.004854656907884406,9830
1970-01-05 11:21:00+00:00,0.004085191514348197,0.0016758137417201713,4135
1970-01-05 11:22:00+00:00,0.003062822389744407,0.001484340542419032,4613
1970-01-05 11:23:00+00:00,0.0022432444782585523,0.001161825370746239,4871
1970-01-05 11:24:00+00:00,0.002725900328143111,0.0014790933070521004,5690
1970-01-05 11:25:00+00:00,0.006782789774938676,0.004774250147028725,9830
1970-01-05 11:26:00+00:00,0.0038913851956508625,0.0019547490695330464,5247
1970-01-05 11:27:00+00:00,0.003654827275837531,0.0020411670067368333,6655
1970-01-05 11:28:00+00:00,0.002998059984976373,0.0016953709299532603,6299
1970-01-05 11:29:00+00:00,0.0030328577564028136,0.0013052845303547932,4442
1970-01-05 11:30:00+00:00,0.006952260045981882,0.004839648407170519,9832
1970-01-05 11:31:00+00:00,0.0035506818308034586,0.0016501289772782614,4418
1970-01-05 11:32:00+00:00,0.0033045472841999692,0.0018746928354109623,5501
1970-01-05 11:33:00+00:00,0.003306090003305339,0.0017906657734409776,5610
1970-01-05 11:34:00+00:00,0.002599254137892239,0.0013879860494362785,4797
1970-01-05 11:35:00+00:00,0.0068938384288924825,0.004852919217376833,9831
1970-01-05 11:36:00+00:00,0.003822623340247289,0.0023081356549947496,6458
1970-01-05 11:37:00+00:00,0.004019876767427241,0.0022607266019164488,6581
1970-01-05 11:38:00+00:00,0.0037565876193389426,0.001958697105948559,3734
1970-01-05 11:39:00+00:00,0.003369711672784806,0.001773402230818667,5550
1970-01-05 11:40:00+00:00,0.006730714130522472,0.0048031161663546935,9830
1970-01-05 11:41:00+00:00,0.003141125157429691,0.0018122642036236076,5172
1970-01-05 11:42:00+00:00,0.0034342462760454666,0.0022183032257312497,5857
1970-01-05 11:43:00+00:00,0.0032008673691014044,0.0021232139696416305,5811
1970-01-05 11:44:00+00:00,0.002759043966182726,0.0013762756897262713,4116
1970-01-05 11:45:00+00:00,0.0066366900146771785,0.004788803375582885,9831
1970-01-05 11:46:00+00:00,0.0036594843346236003,0.0021950695431854836,5763
1970-01-05 11:47:00+00:00,0.002599578044704315,0.0015008579692607819,5622
1970-01-05 11:48:00+00:00,0.0033637026643956315,0.0020230655505174633,5541
1970-01-05 11:49:00+00:00,0.006286877033322348,0.0022395951027093988,5941
1970-01-05 11:50:00+00:00,0.006755754295213504,0.004785593768912701,9831
1970-01-05 11:51:00+00:00,0.0056293571988741565,0.002322882452072249,6362
1970-01-05 11:52:00+00:00,0.006259188395409989,0.002373298610329858,5595
1970-01-05 11:53:00+00:00,0.0036317400352690052,0.0016508793684114492,3676
1970-01-05 11:54:00+00:00,0.0036201468725957247,0.0015037658075895094,5434
1970-01-05 11:55:00+00:00,0.006904831539422754,0.004801722409952084,9830
1970-01-05 11:56:00+00:00,0.003749621417683609,0.0017456439784956177,5798
1970-01-05 11:57:00+00:00,0.0038188825544600573,0.0017086682225205955,5254
1970-01-05 11:58:00+00:00,0.0037233484887839066,0.0015823735998814065,3570
1970-01-05 11:59:00+00:00,0.0032673781912401687,0.0013753272891473955,4300
1970-01-05 12:00:00+00:00,0.0068726785372054695,0.004830545896250896,9830
1970-01-05 12:01:00+00:00,0.004291198444075912,0.001830289118511662,5279
1970-01-05 12:02:00+00:00,0.004147044731598951,0.0015299102364407895,4598
1970-01-05 12:03:00+00:00,0.0032979765630927393,0.0014056054665842544,4791
1970-01-05 12:04:00+00:00,0.0054329778580252865,0.0015340821849940925,5841
1970-01-05 12:05:00+00:00,0.007052426933015419,0.004865612153765661,9830
1970-01-05 12:06:00+00:00,0.0033370722895083174,0.0014886690359093705,3758
1970-01-05 12:07:00+00:00,0.0032236952745609924,0.0015567617170035276,4085
1970-01-05 12:08:00+00:00,0.003134999537291927,0.0013799182306654268,4073
1970-01-05 12:09:00+00:00,0.0023402209560963974,0.0009768549225659144,4036
1970-01-05 12:10:00+00:00,0.006978767411406659,0.004823996939334199,9832
1970-01-05 12:11:00+00:00,0.0033165508947467373,0.0017492839178393298,4585
1970-01-05 12:12:00+00:00,0.002828388951494015,0.0015575326444961335,3476
1970-01-05 12:13:00+00:00,0.0036434534949904545,0.0017766731875373126,4706
1970-01-05 12:14:00+00:00,0.003422143147942287,0.0013373654357138763,5151
1970-01-05 12:15:00+00:00,0.0069708826936299975,0.0048117631021244835,9832
1970-01-05 12:16:00+00:00,0.0035821558129533145,0.001711009747012418,4248
1970-01-05 12:17:00+00:00,0.004323304955580021,0.002175002131269716,4301
1970-01-05 12:18:00+00:00,0.0031489006806115732,0.0016629505892952175,4587
1970-01-05 12:19:00+00:00,0.0032206133907949092,0.0015530987255452152,6118
1970-01-05 12:20:00+00:00,0.006997717830569012,0.004828291430754623,9832
1970-01-05 12:21:00+00:00,0.004191395052228196,0.0022624664029326615,4801
1970-01-05 12:22:00+00:00,0.003696477789274001,0.0019283904836556133,4619
1970-01-05 12:23:00+00:00,0.003027289839924278,0.001547895634503991,5601
1970-01-05 12:24:00+00:00,0.0027886121656587664,0.001267474163202639,4667
1970-01-05 12:25:00+00:00,0.006996389860431642,0.004826907222396185,9833
1970-01-05 12:26:00+00:00,0.0032660521479344704,0.0016816052857621293,3701
1970-01-05 12:27:00+00:00,0.0034383278547014426,0.001854147600446429,5444
1970-01-05 12:28:00+00:00,0.0026411866378766155,0.001475096367819654,4673
1970-01-05 12:29:00+00:00,0.002389013312778851,0.00102058263351724,4496
1970-01-05 12:30:00+00:00,0.0069991242706187815,0.004845258223664913,9831
1970-01-05 12:31:00+00:00,0.00325238405694208,0.0016455929215737344,3931
1970-01-05 12:32:00+00:00,0.003217360414230968,0.0015436434749624384,4154
1970-01-05 12:33:00+00:00,0.003200500224566354,0.0014674929059641975,3477
1970-01-05 12:34:00+00:00,0.0033145615755362148,0.0014557694534014392,3832
1970-01-05 12:35:00+00:00,0.007040416098149041,0.004850051146511976,9829
1970-01-05 12:36:00+00:00,0.0035577642707556594,0.0018634216185802216,5043
1970-01-05 12:37:00+00:00,0.003761309103980919,0.0017468446329262925,3750
1970-01-05 12:38:00+00:00,0.0037740715714913767,0.0016951127924132896,3977
1970-01-05 12:39:00+00:00,0.0031590284260025734,0.0014232319342411483,4290
1970-01-05 12:40:00+00:00,0.006830247678309338,0.004849851803891769,9828
1970-01-05 12:41:00+00:00,0.004036957135798782,0.0019036975623372614,4746
1970-01-05 12:42:00+00:00,0.0035463478438160193,0.0017174209522782362,3963
1970-01-05 12:43:00+00:00,0.0030392538950390607,0.001498878910119433,4084
1970-01-05 12:44:00+00:00,0.002913173424626656,0.0013431806306306606,3780
1970-01-05 12:45:00+00:00,0.006754246610115641,0.0048046367473911404,9826
1970-01-05 12:46:00+00:00,0.0029739898267988956,0.001266856522675932,3847
1970-01-05 12:47:00+00:00,0.003426406845268388,0.0014491913842673485,3082
1970-01-05 12:48:00+00:00,0.0030206284579364345,0.001396570471430963,3883
1970-01-05 12:49:00+00:00,0.0033584417617795424,0.0012529761426317149,4131
1970-01-05 12:50:00+00:00,0.0068842016453028254,0.004816474568664388,9822
1970-01-05 12:51:00+00:00,0.0054187725337509806,0.001545570639209284,4739
1970-01-05 12:52:00+00:00,0.008083513332593568,0.001641429729182287,4718
1970-01-05 12:53:00+00:00,0.003997878425406328,0.0014087277755250416,4614
1970-01-05 12:54:00+00:00,0.0037721602848020293,0.0013795916809217243,4567
1970-01-05 12:55:00+00:00,0.007035178619756834,0.004822680855920436,9823
1970-01-05 12:56:00+00:00,0.0027465521173358413,0.0011320069645380673,3601
1970-01-05 12:57:00+00:00,0.0031661235857302736,0.001597163481264652,4492
1970-01-05 12:58:00+00:00,0.003036853626281896,0.0011241379504185495,3437
1970-01-05 12:59:00+00:00,0.002177453681363394,0.0012616807095065228,5510
1970-01-05 13:00:00+00:00,0.006981529342213903,0.004799050667672909,9823
1970-01-05 13:01:00+00:00,0.0032445053104339897,0.0014749039905054741,3803
1970-01-05 13:02:00+00:00,0.0025684022129680802,0.0012795175854924757,4663
1970-01-05 13:03:00+00:00,0.002558968528378992,0.0011670400193712215,4247
1970-01-05 13:04:00+00:00,0.002452573256495764,0.0008697130674509351,3315
1970-01-05 13:05:00+00:00,0.006987368793803957,0.00478742735195362,9825
1970-01-05 13:06:00+00:00,0.002935690539223817,0.0012960909644719979,3543
1970-01-05 13:07:00+00:00,0.002613104529467046,0.0011525677156078709,3834
1970-01-05 13:08:00+00:00,0.0024389443879592235,0.0010437617405396702,4627
1970-01-05 13:09:00+00:00,0.002422665108559002,0.0009698451416968708,3957
1970-01-05 13:10:00+00:00,0.006795341510013332,0.0047625630555821275,9825
1970-01-05 13:11:00+00:00,0.0029979393253815978,0.0012771284743367927,4827
1970-01-05 13:12:00+00:00,0.002640401173183351,0.0013383161564596473,4476
1970-01-05 13:13:00+00:00,0.002503341028636285,0.0009372144887357886,4315
1970-01-05 13:14:00+00:00,0.0025930471415838005,0.0013145332407628698,3420
1970-01-05 13:15:00+00:00,0.006826692114524152,0.004742356069330554,9826
1970-01-05 13:16:00+00:00,0.002930037050959336,0.0013300029060643117,4311
1970-01-05 13:17:00+00:00,0.00237499513442156,0.0010759056244200535,5170
1970-01-05 13:18:00+00:00,0.0021405079657825276,0.0009060799623295468,5042
1970-01-05 13:19:00+00:00,0.0022371869246798856,0.0011091003761933196,5772
1970-01-05 13:20:00+00:00,0.006831276732180447,0.004757287614050592,9825
1970-01-05 13:21:00+00:00,0.0036181882192582184,0.0018873653006399988,5311
1970-01-05 13:22:00+00:00,0.002304096561655131,0.0010941508572502325,5044
1970-01-05 13:23:00+00:00,0.0021038419783209715,0.0011393606596480463,5994
1970-01-05 13:24:00+00:00,0.0020416013376862523,0.000810800489058372,4565
1970-01-05 13:25:00+00:00,0.0067517009007508335,0.004734255638487513,9823
1970-01-05 13:26:00+00:00,0.002706951085248006,0.001226672507530761,4518
1970-01-05 13:27:00+00:00,0.0030157637471109927,0.0018282653058841606,5977
1970-01-05 13:28:00+00:00,0.0027548434164532793,0.001590942914767408,5216
1970-01-05 13:29:00+00:00,0.0027083615419441075,0.0011570977960459912,3469
1970-01-05 13:30:00+00:00,0.006796079465377434,0.004802331114141509,9821
1970-01-05 13:31:00+00:00,0.0032340088973981437,0.0014244339264645452,3742
1970-01-05 13:32:00+00:00,0.0027868911002588963,0.001688675823777776,5327
1970-01-05 13:33:00+00:00,0.003445272599159273,0.0017005880907082418,4004
1970-01-05 13:34:00+00:00,0.002781695191656695,0.001028142125516888,3842
1970-01-05 13:35:00+00:00,0.00685367823205508,0.004772113442337581,9821
1970-01-05 13:36:00+00:00,0.00290695214363228,0.001132168950303029,4593
1970-01-05 13:37:00+00:00,0.0025755992318124326,0.0013254980558805272,4877
1970-01-05 13:38:00+00:00,0.002984559963621014,0.0016625196357196999,4545
1970-01-05 13:39:00+00:00,0.0033737112735060413,0.001674339797219904,5356
1970-01-05 13:40:00+00:00,0.00675385307247545,0.0046968431688060195,9822
1970-01-05 13:41:00+00:00,0.0038243388550149014,0.0019074792249335255,5434
1970-01-05 13:42:00+00:00,0.0031812835587521774,0.0018700781776344918,5007
1970-01-05 13:43:00+00:00,0.0025362717021595394,0.0011155534132816015,4679
1970-01-05 13:44:00+00:00,0.0025997620282530104,0.0011653284683348904,4715
1970-01-05 13:45:00+00:00,0.006695316459721145,0.004701011283244479,9822
1970-01-05 13:46:00+00:00,0.002804909913251414,0.0013818585483789778,6012
1970-01-05 13:47:00+00:00,0.0027143401050458114,0.0014744707032109654,5962
1970-01-05 13:48:00+00:00,0.0022912244955542883,0.0013153870589118922,4923
1970-01-05 13:49:00+00:00,0.002419682221313222,0.0009783638788155833,3933
1970-01-05 13:50:00+00:00,0.007062146380954446,0.004756583243447643,9825
1970-01-05 13:51:00+00:00,0.0033044866135560984,0.0017920961970327694,6343
1970-01-05 13:52:00+00:00,0.0026993777565306755,0.001179457092200992,4049
1970-01-05 13:53:00+00:00,0.0033672128072178304,0.0017566967286525344,4990
1970-01-05 13:54:00+00:00,0.0028426038938779985,0.0015027940082747964,4781
1970-01-05 13:55:00+00:00,0.0070949474092589625,0.004762097626662297,9827
1970-01-05 13:56:00+00:00,0.002360609090820639,0.0010832925784472992,5455
1970-01-05 13:57:00+00:00,0.0024954874934449765,0.0011231656029230426,5148
1970-01-05 13:58:00+00:00,0.002859957559882862,0.0012875059105178508,2904
1970-01-05 13:59:00+00:00,0.0023513782020204107,0.0009265664833873967,3374
1970-01-05 14:00:00+00:00,0.006854628006211133,0.004779002300921364,9827
1970-01-05 14:01:00+00:00,0.0036328445155371066,0.0015303014864225734,5685
1970-01-05 14:02:00+00:00,0.0026211651550838294,0.0010004865430767948,4574
1970-01-05 14:03:00+00:00,0.00293419843841275,0.0011188842851459063,3270
1970-01-05 14:04:00+00:00,0.002640666063320772,0.0011823919297360176,4121
1970-01-05 14:05:00+00:00,0.006856612392641144,0.004802849181275368,9825
1970-01-05 14:06:00+00:00,0.002793792241935598,0.0012198343837383626,5274
1970-01-05 14:07:00+00:00,0.0026532643801206067,0.0011605806605464208,4758
1970-01-05 14:08:00+00:00,0.002859536817874423,0.0013160233161835946,4004
1970-01-05 14:09:00+00:00,0.0026235280002237754,0.0009906000836716997,3941
1970-01-05 14:10:00+00:00,0.006716235909498478,0.004791874261021729,9822
1970-01-05 14:11:00+00:00,0.002867598606945844,0.0011256931958513973,4668
1970-01-05 14:12:00+00:00,0.002539103269947705,0.0010160196209523021,4335
1970-01-05 14:13:00+00:00,0.003323081548893316,0.0014596677661247535,3341
1970-01-05 14:14:00+00:00,0.003540100998618973,0.0015870230335767535,3697
1970-01-05 14:15:00+00:00,0.006762316614143678,0.004775448354642194,9822
1970-01-05 14:16:00+00:00,0.002898708120730125,0.0012576708831398692,5146
1970-01-05 14:17:00+00:00,0.0024055267821238807,0.0010350446270672167,4882
1970-01-05 14:18:00+00:00,0.0028164609305079734,0.0012998429222545835,4545
1970-01-05 14:19:00+00:00,0.0031646785338633513,0.0012199841431637807,3431
1970-01-05 14:20:00+00:00,0.006688910495844693,0.004769741850077538,9825
1970-01-05 14:21:00+00:00,0.003317935254373402,0.0014800272005403511,4110
1970-01-05 14:22:00+00:00,0.0034243531555203217,0.0015751241562606511,4611
1970-01-05 14:23:00+00:00,0.0028614538324114366,0.0012261370120340246,4999
1970-01-05 14:24:00+00:00,0.0027971387351546527,0.0012293083558713356,4020
1970-01-05 14:25:00+00:00,0.006692945736619697,0.00478527225168404,9825
1970-01-05 14:26:00+00:00,0.0037854261416454833,0.0015577818743115741,3287
1970-01-05 14:27:00+00:00,0.003026319291096586,0.0013446218329049128,4860
1970-01-05 14:28:00+00:00,0.002853237394713765,0.0015546599081667928,6263
1970-01-05 14:29:00+00:00,0.0028992660354339467,0.0012445779184705533,3958
1970-01-05 14:30:00+00:00,0.006789388536675446,0.004776505154967918,9830
1970-01-05 14:31:00+00:00,0.0036510928454773772,0.0017839175682616646,4354
1970-01-05 14:32:00+00:00,0.0036051204457509126,0.0016581141921790457,3962
1970-01-05 14:33:00+00:00,0.004680318199524356,0.0017641928551792938,5625
1970-01-05 14:34:00+00:00,0.0036063709241502422,0.0013509290183291757,4694
1970-01-05 14:35:00+00:00,0.006822948571541468,0.004778209154141092,9829
1970-01-05 14:36:00+00:00,0.0029068694211674745,0.0015427132374298492,3928
1970-01-05 14:37:00+00:00,0.0035018765069300705,0.0015336388305992558,4350
1970-01-05 14:38:00+00:00,0.0035181185697931525,0.0013158802926464999,3711
1970-01-05 14:39:00+00:00,0.002844261719799539,0.0012676308876015201,3925
1970-01-05 14:40:00+00:00,0.0066981099783274545,0.004766218751168574,9830
1970-01-05 14:41:00+00:00,0.004048094616134998,0.0019194094694203123,4818
1970-01-05 14:42:00+00:00,0.003957113203756421,0.0015533687630865153,6586
1970-01-05 14:43:00+00:00,0.0030746385152200075,0.0010301055024598414,5221
1970-01-05 14:44:00+00:00,0.004999014547541145,0.0013819422933640387,4644
1970-01-05 14:45:00+00:00,0.006718557196169219,0.004695787546400314,9831
1970-01-05 14:46:00+00:00,0.0035097756658078586,0.0015824754716560327,5870
1970-01-05 14:47:00+00:00,0.0027855611501299638,0.00165128688879159,4732
1970-01-05 14:48:00+00:00,0.001860217494008257,0.000788295154240036,4743
1970-01-05 14:49:00+00:00,0.0028989951822273523,0.0013239886638631649,4585
1970-01-05 14:50:00+00:00,0.0064092162335424325,0.004637227158336786,9832
1970-01-05 14:51:00+00:00,0.004003501273066732,0.0017939841082062666,5375
1970-01-05 14:52:00+00:00,0.0027598177147456528,0.0013391355210214475,5862
1970-01-05 14:53:00+00:00,0.0037665580284926914,0.0017388583003549213,5535
1970-01-05 14:54:00+00:00,0.003013549801907792,0.0009818711789279266,4084
1970-01-05 14:55:00+00:00,0.006194751498964961,0.004619941857818265,9830
1970-01-05 14:56:00+00:00,0.002644561143558752,0.001483938514433791,4535
1970-01-05 14:57:00+00:00,0.002666473815875719,0.0011709324019140554,5766
1970-01-05 14:58:00+00:00,0.002126028104675534,0.0012585082088208575,5930
1970-01-05 14:59:00+00:00,0.002077155426116554,0.0011763800109951094,4842
1970-01-05 15:00:00+00:00,0.005751252489944922,0.004535241936780263,9829
1970-01-05 15:01:00+00:00,0.0029379438723505093,0.0013541696892191857,4041
1970-01-05 15:02:00+00:00,0.002403644580481867,0.0012297690930280702,4361
1970-01-05 15:03:00+00:00,0.0027670008404988037,0.0010627545046085712,4907
1970-01-05 15:04:00+00:00,0.0020880888844224286,0.0010468138652501417,3422
1970-01-05 15:05:00+00:00,0.006649196812648171,0.004610832122355961,9828
1970-01-05 15:06:00+00:00,0.0019701937552643917,0.0008217307282598229,4090
1970-01-05 15:07:00+00:00,0.0036971203492868155,0.0016251061091141809,3686
1970-01-05 15:08:00+00:00,0.002726212261724796,0.0012825774174544313,3160
1970-01-05 15:09:00+00:00,0.002966386071449772,0.001173458708222548,2266
1970-01-05 15:10:00+00:00,0.006834320047208956,0.004704957365684843,9827
1970-01-05 15:11:00+00:00,0.0036485884426894345,0.0016344525802756951,4147
1970-01-05 15:12:00+00:00,0.002262201338495354,0.0009530212435540477,4397
1970-01-05 15:13:00+00:00,0.0022146615696222063,0.0009816980577738732,3008
1970-01-05 15:14:00+00:00,0.002288396194302817,0.0011224758668293945,3910
1970-01-05 15:15:00+00:00,0.006626281342395018,0.0046017045138931935,9828
1970-01-05 15:16:00+00:00,0.002938161919305514,0.0011900056892150438,4261
1970-01-05 15:17:00+00:00,0.002932639853546167,0.0012549941399255826,3287
1970-01-05 15:18:00+00:00,0.0028276371846107894,0.0013959740910716076,4425
1970-01-05 15:19:00+00:00,0.0025644616467769845,0.0012271825754071595,4719
1970-01-05 15:20:00+00:00,0.006541649103804726,0.004604269750738751,9824
1970-01-05 15:21:00+00:00,0.002711135206870658,0.0014204067925970326,5625
1970-01-05 15:22:00+00:00,0.0021682864141806,0.001104521283979936,5012
1970-01-05 15:23:00+00:00,0.0026693218555905967,0.001238261289869738,5548
1970-01-05 15:24:00+00:00,0.0019347781369721717,0.0008292125288635416,4994
1970-01-05 15:25:00+00:00,0.006490824473421346,0.004531872782010315,9829
1970-01-05 15:26:00+00:00,0.002631106965670806,0.0012792300964187093,5832
1970-01-05 15:27:00+00:00,0.002672919634665445,0.0015083601911315698,6344
1970-01-05 15:28:00+00:00,0.002900456549220311,0.001501740131263908,5378
1970-01-05 15:29:00+00:00,0.0030264455629813655,0.0012604631283598233,5890
1970-01-05 15:30:00+00:00,0.006516355374259894,0.004582939180553181,9834
1970-01-05 15:31:00+00:00,0.003343925079239453,0.0015581688353925522,4939
1970-01-05 15:32:00+00:00,0.0034165234559193867,0.001484868817532176,4474
1970-01-05 15:33:00+00:00,0.003393229175749699,0.001555762234996613,4968
1970-01-05 15:34:00+00:00,0.0030078243270234653,0.0013622012001232454,5616
1970-01-05 15:35:00+00:00,0.006487919632822011,0.004596270997369393,9830
1970-01-05 15:36:00+00:00,0.0031479326552935312,0.0013454293071172396,5178
1970-01-05 15:37:00+00:00,0.0026432470077985154,0.0014788433986995286,6213
1970-01-05 15:38:00+00:00,0.0029283464570884197,0.0013897229842907404,5291
1970-01-05 15:39:00+00:00,0.0029218475655822407,0.0014493008213025376,4926
1970-01-05 15:40:00+00:00,0.006523952900360114,0.004657794288877375,9830
1970-01-05 15:41:00+00:00,0.003361511837789146,0.001517992624254376,4593
1970-01-05 15:42:00+00:00,0.003060425348528003,0.0015407152031347998,6118
1970-01-05 15:43:00+00:00,0.003113375903682984,0.0012424175589011842,5509
1970-01-05 15:44:00+00:00,0.0033535281610646704,0.0012796104770817118,3974
1970-01-05 15:45:00+00:00,0.006595711318845155,0.004700967549431869,9828
1970-01-05 15:46:00+00:00,0.0035183783553803622,0.0015524767119461204,3424
1970-01-05 15:47:00+00:00,0.0027290751809093895,0.0012909141187470562,5198
1970-01-05 15:48:00+00:00,0.0027739012854920714,0.0012483478296550156,4649
1970-01-05 15:49:00+00:00,0.002847753385754283,0.0012348033118288137,4458
1970-01-05 15:50:00+00:00,0.006531115619912861,0.0046315907702569655,9825
1970-01-05 15:51:00+00:00,0.002636295346657706,0.001149962632047617,4649
1970-01-05 15:52:00+00:00,0.0024030355487887236,0.0009408005832755675,3784
1970-01-05 15:53:00+00:00,0.0024653929721152284,0.000995087739355255,3024
1970-01-05 15:54:00+00:00,0.0018330613376928,0.0006708516038740633,3245
1970-01-05 15:55:00+00:00,0.006477751991425691,0.004657408563374199,9828
1970-01-05 15:56:00+00:00,0.0031678416043633,0.0014326450840794923,3567
1970-01-05 15:57:00+00:00,0.003137731073377424,0.0013429442919260228,3482
1970-01-05 15:58:00+00:00,0.002251652921607709,0.000829240572040609,3094
1970-01-05 15:59:00+00:00,0.0034808665426164726,0.001600596986897459,4727
1970-01-05 16:00:00+00:00,0.006314105299116178,0.00460369408221511,9829
1970-01-05 16:01:00+00:00,0.0025727125951925827,0.0011466179852494644,5543
1970-01-05 16:02:00+00:00,0.0025261525074155924,0.0011612216203887946,3910
1970-01-05 16:03:00+00:00,0.0031748878010738426,0.001353902802429442,4093
1970-01-05 16:04:00+00:00,0.002782532750845317,0.0008722558139175046,4388
1970-01-05 16:05:00+00:00,0.006399682546851217,0.0046119350583589585,9831
1970-01-05 16:06:00+00:00,0.004553784984109198,0.0014767979496085532,4724
1970-01-05 16:07:00+00:00,0.0038020221448311965,0.001375420295575942,4377
1970-01-05 16:08:00+00:00,0.0028012559620209723,0.0014568108804349587,4246
1970-01-05 16:09:00+00:00,0.004017311693026866,0.0022640527763629894,4405
1970-01-05 16:10:00+00:00,0.006263698444507916,0.004643753858903293,9830
1970-01-05 16:11:00+00:00,0.0031461694334038426,0.0015708234937723622,4689
1970-01-05 16:12:00+00:00,0.005677156879803697,0.0020237312121872877,3512
1970-01-05 16:13:00+00:00,0.0033058679454384845,0.0015841359774544416,4085
1970-01-05 16:14:00+00:00,0.003694540006441631,0.0020190043629223324,3951
1970-01-05 16:15:00+00:00,0.005939714796584827,0.004597181408677642,9829
1970-01-05 16:16:00+00:00,0.002764421959185432,0.001220382032377704,5818
1970-01-05 16:17:00+00:00,0.0025116223991659753,0.0012766764852132878,4492
1970-01-05 16:18:00+00:00,0.0026911768900243476,0.0012976909340066747,4460
1970-01-05 16:19:00+00:00,0.0027180167417892678,0.0011848729063983607,4714
1970-01-05 16:20:00+00:00,0.006186756088640016,0.004620059114279659,9829
1970-01-05 16:21:00+00:00,0.003569717890263784,0.001603718935364401,5365
1970-01-05 16:22:00+00:00,0.0038914397917309625,0.0017882730255023697,3797
1970-01-05 16:23:00+00:00,0.0029382369574583803,0.0013605500518234503,4022
1970-01-05 16:24:00+00:00,0.0034036540336205875,0.001543275694169983,4038
1970-01-05 16:25:00+00:00,0.006235994320997201,0.004617561136567201,9826
1970-01-05 16:26:00+00:00,0.002937676340226985,0.0013443381489005588,4796
1970-01-05 16:27:00+00:00,0.0032436535110202916,0.0014835927668388545,4790
1970-01-05 16:28:00+00:00,0.0031995107985679683,0.0014926574217197291,4188
1970-01-05 16:29:00+00:00,0.0030041040661846485,0.0012370761355883215,3407
1970-01-05 16:30:00+00:00,0.00611505521446616,0.004575795050005991,9825
1970-01-05 16:31:00+00:00,0.004041937950904963,0.0016548047829455903,4943
1970-01-05 16:32:00+00:00,0.0036859965079708667,0.0015617981053268096,3586
1970-01-05 16:33:00+00:00,0.002536378309072816,0.0012030422526228335,3909
1970-01-05 16:34:00+00:00,0.0024730968649900814,0.0012143334121022806,4059
1970-01-05 16:35:00+00:00,0.006335875581750008,0.004615495200606916,9821
1970-01-05 16:36:00+00:00,0.003281627848065843,0.0014953957262718856,3794
1970-01-05 16:37:00+00:00,0.004583246201416702,0.002016116685710598,3401
1970-01-05 16:38:00+00:00,0.003041895672871592,0.0013070152072574104,3788
1970-01-05 16:39:00+00:00,0.004870093502328836,0.0023011461412037076,4110
1970-01-05 16:40:00+00:00,0.006495406216970353,0.00463285324630775,9824
1970-01-05 16:41:00+00:00,0.0040933302898821695,0.001989044024798931,5357
1970-01-05 16:42:00+00:00,0.00454328345700934,0.0017549178350318257,6028
1970-01-05 16:43:00+00:00,0.0028089399323238218,0.001243064341780015,5068
1970-01-05 16:44:00+00:00,0.0030283361525427033,0.0010751340373564503,3995
1970-01-05 16:45:00+00:00,0.006467411938159465,0.004650893398434471,9829
1970-01-05 16:46:00+00:00,0.0029928926701731696,0.0013631287073105883,4610
1970-01-05 16:47:00+00:00,0.002969305321101141,0.0011569574114057286,4528
1970-01-05 16:48:00+00:00,0.0023069604166539295,0.0008932522847743404,4134
1970-01-05 16:49:00+00:00,0.002932117194238205,0.0008266633679164122,2938
1970-01-05 16:50:00+00:00,0.006263979960823209,0.0046281838023210274,9827
1970-01-05 16:51:00+00:00,0.003584910010302538,0.0013640228290581762,3249
1970-01-05 16:52:00+00:00,0.00288132678352723,0.0010459301958734874,3264
1970-01-05 16:53:00+00:00,0.002477803754917079,0.000997101698484472,2829
1970-01-05 16:54:00+00:00,0.0023207534090370577,0.0006869920062460821,2956
1970-01-05 16:55:00+00:00,0.006024627184002373,0.004562756639739992,9827
1970-01-05 16:56:00+00:00,0.0031742971480102165,0.0014965972694915548,4082
1970-01-05 16:57:00+00:00,0.0033220421803181223,0.0014113212647701764,3347
1970-01-05 16:58:00+00:00,0.003150614812961776,0.0011328010027042805,3138
1970-01-05 16:59:00+00:00,0.0024612356499848762,0.0009763689871826828,2866
1970-01-05 17:00:00+00:00,0.006099867230935276,0.004615270427485771,9827
1970-01-05 17:01:00+00:00,0.0035335124158410234,0.0016199470601173356,3326
1970-01-05 17:02:00+00:00,0.002846547487394117,0.0012831721592676648,3063
1970-01-05 17:03:00+00:00,0.002386984787433155,0.0011151651124767367,3123
1970-01-05 17:04:00+00:00,0.0030613263699652313,0.0011337811131046929,3969
1970-01-05 17:05:00+00:00,0.006113571877294405,0.0046087419995111895,9824
1970-01-05 17:06:00+00:00,0.003328325610350492,0.0015409482332350744,5274
1970-01-05 17:07:00+00:00,0.0032962579260987584,0.001258351065441987,4765
1970-01-05 17:08:00+00:00,0.003004638899652321,0.0010631639993089741,4216
1970-01-05 17:09:00+00:00,0.0034446547229893872,0.001300487277373397,3246
1970-01-05 17:10:00+00:00,0.006146895537576983,0.004676521461335491,9818
1970-01-05 17:11:00+00:00,0.0036322533810485506,0.001464393288581696,3723
1970-01-05 17:12:00+00:00,0.0033431271330775785,0.0016906399319320032,4318
1970-01-05 17:13:00+00:00,0.0026256365292783384,0.0012336104278891091,3543
1970-01-05 17:14:00+00:00,0.002544498528282572,0.001227181307800946,4031
1970-01-05 17:15:00+00:00,0.006085127078724136,0.004589785021882044,9818
1970-01-05 17:16:00+00:00,0.003515578376795159,0.0014905960595195276,4350
1970-01-05 17:17:00+00:00,0.003071722358368055,0.0012587566397532501,4217
1970-01-05 17:18:00+00:00,0.0031153526617065824,0.0012846230643539928,3784
1970-01-05 17:19:00+00:00,0.0031064371130252047,0.0012333550858812526,4531
1970-01-05 17:20:00+00:00,0.006205235025538893,0.004616911793100104,9819
1970-01-05 17:21:00+00:00,0.002866283412951247,0.0013133553036174907,4048
1970-01-05 17:22:00+00:00,0.0025364289663097027,0.001350490748496152,5361
1970-01-05 17:23:00+00:00,0.002284102401083658,0.0012745435909580745,5771
1970-01-05 17:24:00+00:00,0.0022282678600205733,0.0009512466111702152,4626
1970-01-05 17:25:00+00:00,0.0061724442864556665,0.004594888368684591,9818
1970-01-05 17:26:00+00:00,0.003772011997637629,0.0019523607051335633,6114
1970-01-05 17:27:00+00:00,0.003230310590512561,0.0015261173575924043,4651
1970-01-05 17:28:00+00:00,0.0028158584377390365,0.0013002098306249816,4301
1970-01-05 17:29:00+00:00,0.0026409581309985025,0.0010214013247124352,4305
1970-01-05 17:30:00+00:00,0.006093593892331487,0.004557625221305522,9818
1970-01-05 17:31:00+00:00,0.004219674930004605,0.0016125970727824922,4985
1970-01-05 17:32:00+00:00,0.0031593808864777946,0.001361834449128595,5872
1970-01-05 17:33:00+00:00,0.0030062399797063785,0.0013308525888475805,5271
1970-01-05 17:34:00+00:00,0.0024435341211427116,0.0011452603751070896,6259
1970-01-05 17:35:00+00:00,0.005949696048026183,0.004515503112879643,9828
1970-01-05 17:36:00+00:00,0.00319270909452845,0.0014833163779002176,5228
1970-01-05 17:37:00+00:00,0.002613874079624112,0.001139342466815701,5261
1970-01-05 17:38:00+00:00,0.002803368313647895,0.001180686870721611,4918
1970-01-05 17:39:00+00:00,0.001994136150333598,0.0008198549550559387,5096
1970-01-05 17:40:00+00:00,0.006098136848514746,0.00457477282753068,9832
1970-01-05 17:41:00+00:00,0.0029399079093354154,0.0013229921969451124,5009
1970-01-05 17:42:00+00:00,0.0019480377747517188,0.0008080666731647673,4520
1970-01-05 17:43:00+00:00,0.003026730757123103,0.0010328727194248782,3911
1970-01-05 17:44:00+00:00,0.0033892687725653116,0.00139608932189431,4368
1970-01-05 17:45:00+00:00,0.006042711711544663,0.004576849140364737,9837
1970-01-05 17:46:00+00:00,0.0035239248919340617,0.0013983112171383713,4201
1970-01-05 17:47:00+00:00,0.0033117040170205572,0.0013608173164161533,3812
1970-01-05 17:48:00+00:00,0.0032416976042810306,0.0011786854206608077,2832
1970-01-05 17:49:00+00:00,0.0028834315029550653,0.0009437556878580625,2638
1970-01-05 17:50:00+00:00,0.006262670542931494,0.004667410499542345,9838
1970-01-05 17:51:00+00:00,0.0038108955060014295,0.0014094703327113367,4571
1970-01-05 17:52:00+00:00,0.004182403409492241,0.0017425958649021215,3639
1970-01-05 17:53:00+00:00,0.002862422100612848,0.0012507835442099858,4132
1970-01-05 17:54:00+00:00,0.002903135140252976,0.0009913221475921603,2818
1970-01-05 17:55:00+00:00,0.006121068829947195,0.004685139507400667,9837
1970-01-05 17:56:00+00:00,0.0035120950678527467,0.001846807108658186,4818
1970-01-05 17:57:00+00:00,0.0037295350608402863,0.001598036720580586,3417
1970-01-05 17:58:00+00:00,0.0027228924634681386,0.001246349923562683,3626
1970-01-05 17:59:00+00:00,0.003237473835531535,0.001402945663094713,4716
1970-01-05 18:00:00+00:00,0.00605598769601531,0.004650426752222029,9839
1970-01-05 18:01:00+00:00,0.003926450381352642,0.0019169225615422755,4810
1970-01-05 18:02:00+00:00,0.0035345217535606684,0.0016648503755203397,4671
1970-01-05 18:03:00+00:00,0.002423423023988018,0.0013107498296572033,4165
1970-01-05 18:04:00+00:00,0.0027851719666592053,0.0013046290825122575,4545
1970-01-05 18:05:00+00:00,0.0061076220889862845,0.00466019418496646,9840
1970-01-05 18:06:00+00:00,0.004074405205980532,0.00205314021969977,4272
1970-01-05 18:07:00+00:00,0.0035109966121919006,0.001554936485769913,4463
1970-01-05 18:08:00+00:00,0.0022304494989183916,0.0009655781392109131,4429
1970-01-05 18:09:00+00:00,0.0032391719968744986,0.0013493747254585394,4331
1970-01-05 18:10:00+00:00,0.0061654978276972265,0.004639995207854141,9839
1970-01-05 18:11:00+00:00,0.0031334726938431288,0.0013841527324107293,4653
1970-01-05 18:12:00+00:00,0.002755919310984029,0.0013094714727190657,3639
1970-01-05 18:13:00+00:00,0.002826503947005973,0.0012277696292256855,3592
1970-01-05 18:14:00+00:00,0.00238022621683408,0.0011933330789899582,3920
1970-01-05 18:15:00+00:00,0.006220706236919841,0.004617420450777855,9838
1970-01-05 18:16:00+00:00,0.0033443674611005523,0.0012548141981743933,6689
1970-01-05 18:17:00+00:00,0.0033924004466263243,0.001345179174988462,5452
1970-01-05 18:18:00+00:00,0.0030892773074643427,0.0015051747594468751,5343
1970-01-05 18:19:00+00:00,0.0026676709571205903,0.00109500884184824,4761
1970-01-05 18:20:00+00:00,0.006286649577441631,0.004657886786822001,9838
1970-01-05 18:21:00+00:00,0.0028199358872803824,0.0014057305773471408,5485
1970-01-05 18:22:00+00:00,0.002783657190154796,0.0014625080814660643,5371
1970-01-05 18:23:00+00:00,0.002959621791591412,0.0012725778638157344,4161
1970-01-05 18:24:00+00:00,0.0029797981728000196,0.0011070421598647331,4246
1970-01-05 18:25:00+00:00,0.0063630244022014225,0.00466141347961872,9838
1970-01-05 18:26:00+00:00,0.003852917619193094,0.0023874050316006552,6353
1970-01-05 18:27:00+00:00,0.0031373654619501683,0.001136952123561327,5784
1970-01-05 18:28:00+00:00,0.0029897962370263316,0.0010513456074931413,4723
1970-01-05 18:29:00+00:00,0.0027842740668517114,0.0011429964066787858,5145
1970-01-05 18:30:00+00:00,0.006324916007043533,0.0046395975640516245,9823
1970-01-05 18:31:00+00:00,0.0031720580083852462,0.0013204207100390517,4288
1970-01-05 18:32:00+00:00,0.0024524551166157154,0.0009614446136671001,4528
1970-01-05 18:33:00+00:00,0.0023026665471415513,0.0011681337069922816,5370
1970-01-05 18:34:00+00:00,0.002448605227976623,0.0011569211419600318,5028
1970-01-05 18:35:00+00:00,0.006213650019961015,0.004528569138964805,9819
1970-01-05 18:36:00+00:00,0.0033719729600919577,0.0014255824173752514,4518
1970-01-05 18:37:00+00:00,0.002751371027454707,0.0013525589801888483,5715
1970-01-05 18:38:00+00:00,0.002449804055785749,0.0010218253573180197,5511
1970-01-05 18:39:00+00:00,0.0025697765884297673,0.0010066279954534297,4660
1970-01-05 18:40:00+00:00,0.006318674135748389,0.004574234033447244,9817
1970-01-05 18:41:00+00:00,0.0035297867547298928,0.0017971327769734252,4894
1970-01-05 18:42:00+00:00,0.0025237196157268825,0.0011426038566659286,4147
1970-01-05 18:43:00+00:00,0.003471263141459628,0.0013708553039961633,5230
1970-01-05 18:44:00+00:00,0.0025106765628632203,0.0011676853717838467,4204
1970-01-05 18:45:00+00:00,0.00622549118728023,0.004547495689042504,9812
1970-01-05 18:46:00+00:00,0.00294213446826883,0.0015241340345917708,5279
1970-01-05 18:47:00+00:00,0.0027057789062396834,0.0013439107406549068,5454
1970-01-05 18:48:00+00:00,0.00252642786594086,0.0011724541603539528,5381
1970-01-05 18:49:00+00:00,0.0021729563127110317,0.0009866888107928583,5668
1970-01-05 18:50:00+00:00,0.006259337375743038,0.004552809054573365,9815
1970-01-05 18:51:00+00:00,0.002195349865369642,0.001069985707423838,5242
1970-01-05 18:52:00+00:00,0.002265768298625508,0.0009152278953177481,4707
1970-01-05 18:53:00+00:00,0.0019399600703084757,0.0008653875539394166,4949
1970-01-05 18:54:00+00:00,0.0023032527338720135,0.0008854829800887425,4338
1970-01-05 18:55:00+00:00,0.006014594291303534,0.0045138334152801905,9828
1970-01-05 18:56:00+00:00,0.002185286665237305,0.0009096358441066357,4583
1970-01-05 18:57:00+00:00,0.0021885264895863377,0.000851202647812605,4288
1970-01-05 18:58:00+00:00,0.0025749593383707224,0.0008872145979827259,2957
1970-01-05 18:59:00+00:00,0.0024886104073727705,0.0011617057252365911,4280
1970-01-05 19:00:00+00:00,0.005746752798510444,0.004451828914507862,9832
1970-01-05 19:01:00+00:00,0.003944732920735083,0.002043709190914658,4561
1970-01-05 19:02:00+00:00,0.0040826752828832325,0.0015136996994465149,3259
1970-01-05 19:03:00+00:00,0.003120019614318904,0.0012995079791751948,3199
1970-01-05 19:04:00+00:00,0.00205472433142168,0.0005809880398900088,4318
1970-01-05 19:05:00+00:00,0.005069647665766901,0.004531627065342271,9834
1970-01-05 19:06:00+00:00,0.003879931815459749,0.0013455167896123073,3096
1970-01-05 19:07:00+00:00,0.0028103461149415333,0.0013194769758233295,3963
1970-01-05 19:08:00+00:00,0.0022297339398275706,0.0011437430478773395,4889
1970-01-05 19:09:00+00:00,0.0018163375883077436,0.0006634405047255998,3962
1970-01-05 19:10:00+00:00,0.004718771290702277,0.004520449949635973,9830
1970-01-05 19:11:00+00:00,0.004690304529811782,0.0020730573183071564,4360
1970-01-05 19:12:00+00:00,0.003926200185277945,0.001735191521879614,4482
1970-01-05 19:13:00+00:00,0.00240349469110575,0.0012067286494016438,5163
1970-01-05 19:14:00+00:00,0.0017142589363509362,0.0007498971478429852,5567
1970-01-05 19:15:00+00:00,0.004720399357588595,0.004332848235037488,9820
1970-01-05 19:16:00+00:00,0.0018378302326733705,0.0007037161668118505,4816
1970-01-05 19:17:00+00:00,0.0017009511158283864,0.0008152082803300948,5327
1970-01-05 19:18:00+00:00,0.0028236186238016253,0.000734011079951897,7445
1970-01-05 19:19:00+00:00,0.0020421575275700564,0.0007149127732009032,7813
1970-01-05 19:20:00+00:00,0.005036177961048413,0.004209431064436937,9813
1970-01-05 19:21:00+00:00,0.0017229968240704688,0.0010068878121573968,6464
1970-01-05 19:22:00+00:00,0.0010751984181853855,0.0007740639803702378,6507
1970-01-05 19:23:00+00:00,0.002246263538312113,0.0008949012622557321,7430
1970-01-05 19:24:00+00:00,0.002440902446120648,0.0008475992228303114,7632
1970-01-05 19:25:00+00:00,0.0048070305150332586,0.004183881350864277,9806
1970-01-05 19:26:00+00:00,0.004675336620093085,0.0020265561495724014,5863
1970-01-05 19:27:00+00:00,0.003187401143069926,0.0015197743604027712,5860
1970-01-05 19:28:00+00:00,0.0029485638959584263,0.0014145560570170378,5600
1970-01-05 19:29:00+00:00,0.002767197230078039,0.0008130139326058673,3655
1970-01-05 19:30:00+00:00,0.005087964989534509,0.0043874680241599365,9806
1970-01-05 19:31:00+00:00,0.0023993217382758058,0.0009655829856307001,5294
1970-01-05 19:32:00+00:00,0.0025701119638814724,0.0011342562811033953,4947
1970-01-05 19:33:00+00:00,0.0024803210754531574,0.0013680617324031525,5540
1970-01-05 19:34:00+00:00,0.0022296922508172126,0.0008186536959541417,5612
1970-01-05 19:35:00+00:00,0.005039765794063999,0.004333873952859841,9803
1970-01-05 19:36:00+00:00,0.005124157945071498,0.0020751886926769288,6858
1970-01-05 19:37:00+00:00,0.0028833047744343475,0.0009861157759931795,4754
1970-01-05 19:38:00+00:00,0.0014404595779900125,0.0007185057292196192,5324
1970-01-05 19:39:00+00:00,0.001313321063350931,0.0005854571880771022,5804
1970-01-05 19:40:00+00:00,0.00440004334293218,0.004106448092773338,9805
1970-01-05 19:41:00+00:00,0.0024138107058410017,0.0012127161094997174,6861
1970-01-05 19:42:00+00:00,0.0030941349683283868,0.0014525444404329094,6952
1970-01-05 19:43:00+00:00,0.0024353235848387366,0.0010763025462404206,6490
1970-01-05 19:44:00+00:00,0.001513028309755505,0.000800555182329588,5553
1970-01-05 19:45:00+00:00,0.004893557221550675,0.004340614655760909,9803
1970-01-05 19:46:00+00:00,0.0020197790730870856,0.000741023180084112,4414
1970-01-05 19:47:00+00:00,0.002656114392832379,0.0013397387480655098,6440
1970-01-05 19:48:00+00:00,0.0014645787528277745,0.0006802009845059919,6066
1970-01-05 19:49:00+00:00,0.0014224935650895144,0.0005343729595494225,6413
1970-01-05 19:50:00+00:00,0.004733802776977544,0.00422201710020944,9810
1970-01-05 19:51:00+00:00,0.00444563055716767,0.00210547295042021,6111
1970-01-05 19:52:00+00:00,0.0028637390226493964,0.0016090171184540954,6019
1970-01-05 19:53:00+00:00,0.002245288332778986,0.0010089906168181963,5198
1970-01-05 19:54:00+00:00,0.0015089196333701283,0.0006376487750386296,5352
1970-01-05 19:55:00+00:00,0.004939132104465246,0.004347754631400133,9814
1970-01-05 19:56:00+00:00,0.0023371615124979156,0.0011319329660443667,5206
1970-01-05 19:57:00+00:00,0.0016404282119294967,0.0007103832187718279,4825
1970-01-05 19:58:00+00:00,0.0011733180035944325,0.0005835309656350627,4848
1970-01-05 19:59:00+00:00,0.001795849225315835,0.000568255372780902,7004
1970-01-05 20:00:00+00:00,0.0047960716241364785,0.004254013866368494,9803
1970-01-05 20:01:00+00:00,0.00542292761264468,0.0027190331733321148,5267
1970-01-05 20:02:00+00:00,0.0038295517585475196,0.0022702919153765534,4593
1970-01-05 20:03:00+00:00,0.002175663340456126,0.0009975879361549542,5892
1970-01-05 20:04:00+00:00,0.001965969076227613,0.0007011465162556471,5062
1970-01-05 20:05:00+00:00,0.004578669113095916,0.0041732819730399585,9794
1970-01-05 20:06:00+00:00,0.0023376723357036483,0.0013150109284125937,6085
1970-01-05 20:07:00+00:00,0.003901658670921547,0.00212876813271004,6503
1970-01-05 20:08:00+00:00,0.0024568804608466376,0.0017152325418506608,5944
1970-01-05 20:09:00+00:00,0.0021235456105630633,0.0007968688998136287,5444
1970-01-05 20:10:00+00:00,0.004731588238859543,0.00405045855911823,9795
1970-01-05 20:11:00+00:00,0.001700985430437388,0.0009808824271838566,7646
1970-01-05 20:12:00+00:00,0.0016015570536645541,0.0009549251944509594,7182
1970-01-05 20:13:00+00:00,0.0015354227738272792,0.0009150493191895946,7422
1970-01-05 20:14:00+00:00,0.0012129786132984053,0.0005764131805219712,7206
1970-01-05 20:15:00+00:00,0.004436042080407326,0.003885139040421965,9791
1970-01-05 20:16:00+00:00,0.0018516047050004846,0.000915629669056085,7467
1970-01-05 20:17:00+00:00,0.0026110895828899325,0.0010653828509628231,7460
1970-01-05 20:18:00+00:00,0.001992012995708702,0.0009236124260447251,7074
1970-01-05 20:19:00+00:00,0.00134313948856959,0.0006001383696064811,6636
1970-01-05 20:20:00+00:00,0.00455145448182156,0.003876676972440848,9788
1970-01-05 20:21:00+00:00,0.0030694279152725626,0.0016786775500951523,7012
1970-01-05 20:22:00+00:00,0.0013897933032948231,0.0009127462723293064,6368
1970-01-05 20:23:00+00:00,0.0021968151078175114,0.000797926483956612,6795
1970-01-05 20:24:00+00:00,0.0011710715344569447,0.0005352562110055374,6837
1970-01-05 20:25:00+00:00,0.004348310119400005,0.003717321104488558,9788
1970-01-05 20:26:00+00:00,0.0036448359911284535,0.0009677086121833369,7253
1970-01-05 20:27:00+00:00,0.0021946236778283943,0.0008053682637665802,7143
1970-01-05 20:28:00+00:00,0.002477417469024644,0.0010541474268986675,5648
1970-01-05 20:29:00+00:00,0.0013619111206694193,0.0006419279565205634,6068
1970-01-05 20:30:00+00:00,0.004566240998864608,0.0038625403476772757,9790
1970-01-05 20:31:00+00:00,0.002352489840744155,0.0011064355754404767,6546
1970-01-05 20:32:00+00:00,0.001150972078725961,0.0006993866350083643,6247
1970-01-05 20:33:00+00:00,0.00209576310489189,0.0009275794716816445,7048
1970-01-05 20:34:00+00:00,0.0011476548315328598,0.0005763168413940192,4821
1970-01-05 20:35:00+00:00,0.004428006719217598,0.0038190240818792662,9788
1970-01-05 20:36:00+00:00,0.0014463136285994423,0.0006478267962020736,5622
1970-01-05 20:37:00+00:00,0.0032906379515061056,0.0009710492798709725,5167
1970-01-05 20:38:00+00:00,0.0027321466246583714,0.0010509556700582735,7575
1970-01-05 20:39:00+00:00,0.0011749736257747753,0.0008228153305444926,5885
1970-01-05 20:40:00+00:00,0.004874771599888967,0.003900865616460529,9785
1970-01-05 20:41:00+00:00,0.004999173907783086,0.002021241342257065,7278
1970-01-05 20:42:00+00:00,0.002025262328753746,0.0008504281926397445,8474
1970-01-05 20:43:00+00:00,0.0016851956309261412,0.0006985311167353757,8098
1970-01-05 20:44:00+00:00,0.0017865890796104585,0.0007661878676291337,6775
1970-01-05 20:45:00+00:00,0.004506608314167194,0.0037388784718667047,9780
1970-01-05 20:46:00+00:00,0.00412855241141001,0.001987545893448862,5650
1970-01-05 20:47:00+00:00,0.006047054954691154,0.0028154023130875926,6951
1970-01-05 20:48:00+00:00,0.004622455266360371,0.0020222899968022094,8637
1970-01-05 20:49:00+00:00,0.0018764959975734717,0.0006577815881391027,5863
1970-01-05 20:50:00+00:00,0.005086914590688955,0.0036507210811795093,9780
1970-01-05 20:51:00+00:00,0.0028988150957010516,0.0012174210881896559,7423
1970-01-05 20:52:00+00:00,0.0025501918892377106,0.0011589039663369995,7193
1970-01-05 20:53:00+00:00,0.0018354441267750387,0.0009061527977174248,6846
1970-01-05 20:54:00+00:00,0.0015623920402339632,0.0006468734776870621,6624
1970-01-05 20:55:00+00:00,0.00507463924999442,0.0035788038628701865,9780
1970-01-05 20:56:00+00:00,0.003407303385553218,0.0017132097258626263,6251
1970-01-05 20:57:00+00:00,0.003114934133434511,0.0016314513859057762,7151
1970-01-05 20:58:00+00:00,0.001123153619248668,0.000726755034342385,6949
1970-01-05 20:59:00+00:00,0.0015588188288063547,0.000735969594370576,7402
1970-01-05 21:00:00+00:00,0.005357025110887555,0.003536004606601014,9778
1970-01-05 21:01:00+00:00,0.002515305421458533,0.0014183752550409787,7747
1970-01-05 21:02:00+00:00,0.002407030902730762,0.0009943890953236767,7980
1970-01-05 21:03:00+00:00,0.0018762458755596056,0.0008169073404385698,7719
1970-01-05 21:04:00+00:00,0.0013921244483938568,0.0006398028968140786,6955
1970-01-05 21:05:00+00:00,0.005292302040033766,0.0035135560676298233,9787
1970-01-05 21:06:00+00:00,0.001224535727279428,0.0008489118121836567,7511
1970-01-05 21:07:00+00:00,0.0027681391349301115,0.001732389532907022,6770
1970-01-05 21:08:00+00:00,0.0015628213745157223,0.0012077765875956844,6297
1970-01-05 21:09:00+00:00,0.0023380955898272306,0.0006779803073492553,7250
1970-01-05 21:10:00+00:00,0.005246960053231879,0.0035236143662179583,9789
1970-01-05 21:11:00+00:00,0.0028007668885793803,0.0009501129108084928,6813
1970-01-05 21:12:00+00:00,0.0014548264607033544,0.0008647801976895156,8088
1970-01-05 21:13:00+00:00,0.000884079937460528,0.0006594968499087873,7394
1970-01-05 21:14:00+00:00,0.0016182525989621157,0.0006363377770712218,6781
1970-01-05 21:15:00+00:00,0.005209397299890957,0.0035205025497943958,9789
1970-01-05 21:16:00+00:00,0.0028219775201434876,0.0015663178429444191,7721
1970-01-05 21:17:00+00:00,0.0034617034377754847,0.0017670925988725722,6598
1970-01-05 21:18:00+00:00,0.0022103194178925527,0.0010685477293936485,6587
1970-01-05 21:19:00+00:00,0.001468510902531556,0.0007512414053163833,7967
1970-01-05 21:20:00+00:00,0.005324255714713227,0.003530601012762856,9792
1970-01-05 21:21:00+00:00,0.004143381977736446,0.001972482804276601,7350
1970-01-05 21:22:00+00:00,0.002800591042054724,0.0013753679920148801,6505
1970-01-05 21:23:00+00:00,0.0016969427462394293,0.0015064195490152087,7184
1970-01-05 21:24:00+00:00,0.0014646821153135048,0.0011738563131035002,7404
1970-01-05 21:25:00+00:00,0.0049894675626739595,0.0033702191070262826,9793
1970-01-05 21:26:00+00:00,0.0022464241839004295,0.0013695857052606673,7691
1970-01-05 21:27:00+00:00,0.003142138980377003,0.0018049959430604535,8150
1970-01-05 21:28:00+00:00,0.0008670931286651643,0.0005942944612058402,7364
1970-01-05 21:29:00+00:00,0.0012753971169294648,0.0006952288086065376,7741
1970-01-05 21:30:00+00:00,0.005073561973520383,0.003477172440320305,9791
1970-01-05 21:31:00+00:00,0.001336812657024785,0.000677738325143844,7585
1970-01-05 21:32:00+00:00,0.0021122987974671607,0.0011049926530955884,7238
1970-01-05 21:33:00+00:00,0.0035372107321161605,0.001389197388508384,6624
1970-01-05 21:34:00+00:00,0.0023732197262120286,0.001124833898335303,7348
1970-01-05 21:35:00+00:00,0.00501098048094788,0.003472001751431217,9791
1970-01-05 21:36:00+00:00,0.00427449858700659,0.00235579915286121,6630
1970-01-05 21:37:00+00:00,0.0022769382598554254,0.0011889785819352492,7011
1970-01-05 21:38:00+00:00,0.001440633755369014,0.0008763435691307031,7702
1970-01-05 21:39:00+00:00,0.0015862685869351917,0.0012512891020447223,8369
1970-01-05 21:40:00+00:00,0.0050553949481819595,0.0035559117696859054,9791
1970-01-05 21:41:00+00:00,0.0037833923156901966,0.001834822265220605,6696
1970-01-05 21:42:00+00:00,0.0022669541128514195,0.0011276474059712055,7245
1970-01-05 21:43:00+00:00,0.002126784598436564,0.0010301220423496057,7214
1970-01-05 21:44:00+00:00,0.0009788143633713278,0.0007997124815996366,6099
1970-01-05 21:45:00+00:00,0.005116775215022443,0.0035938793871530257,9791
1970-01-05 21:46:00+00:00,0.0029826803122089077,0.0018470100534825813,5264
1970-01-05 21:47:00+00:00,0.0027211698989978305,0.0013744133879186376,7404
1970-01-05 21:48:00+00:00,0.0007023538989385985,0.000872198279289614,6569
1970-01-05 21:49:00+00:00,0.0007589196897170572,0.0005156982471840352,6652
1970-01-05 21:50:00+00:00,0.004997072044082693,0.003598788194395531,9793
1970-01-05 21:51:00+00:00,0.002622589480134669,0.0015347024058365573,6153
1970-01-05 21:52:00+00:00,0.0017092403377318521,0.0014801204234065686,7461
1970-01-05 21:53:00+00:00,0.001755487033703674,0.001218923020095945,6128
1970-01-05 21:54:00+00:00,0.002147653346812182,0.001070812907463896,6446
1970-01-05 21:55:00+00:00,0.0050819698152359104,0.0036112419066980203,9800
1970-01-05 21:56:00+00:00,0.003776252917913259,0.0023189825361494927,6466
1970-01-05 21:57:00+00:00,0.0025616598071050507,0.0013565905531226663,6433
1970-01-05 21:58:00+00:00,0.0013064516301301728,0.0010546212848951942,6477
1970-01-05 21:59:00+00:00,0.0022704703547983735,0.0011002097769418709,7196
1970-01-05 22:00:00+00:00,0.005117433686176786,0.003593293038091713,9810
1970-01-05 22:01:00+00:00,0.004212402297540954,0.0019482596375433128,7968
1970-01-05 22:02:00+00:00,0.00371778798126507,0.0019054468759113266,7313
1970-01-05 22:03:00+00:00,0.0020550513136425967,0.0012305749334124698,6118
1970-01-05 22:04:00+00:00,0.001449628504632076,0.000821701089277114,6829
1970-01-05 22:05:00+00:00,0.005268853372138626,0.0037285287291852144,9807
1970-01-05 22:06:00+00:00,0.0030842033569212154,0.002009178171715162,7191
1970-01-05 22:07:00+00:00,0.00147587827000665,0.0011630803565564575,8437
1970-01-05 22:08:00+00:00,0.0014837196097725782,0.0008233619282263829,7013
1970-01-05 22:09:00+00:00,0.0010640479607976249,0.0006029069367103618,5663
1970-01-05 22:10:00+00:00,0.005532189306832294,0.0038073632537231287,9813
1970-01-05 22:11:00+00:00,0.0019369253508120063,0.001146671576058902,7091
1970-01-05 22:12:00+00:00,0.0022057686918743667,0.0009954193778107863,7781
1970-01-05 22:13:00+00:00,0.0022908582336611527,0.0010017359692700502,7899
1970-01-05 22:14:00+00:00,0.002023886723034507,0.0006743920590828757,7465
1970-01-05 22:15:00+00:00,0.0055170585830158535,0.003781260249725285,9809
1970-01-05 22:16:00+00:00,0.002599285488502002,0.001408332112383512,6571
1970-01-05 22:17:00+00:00,0.0016440308666382057,0.0007846141503581583,6395
1970-01-05 22:18:00+00:00,0.0027484101154265205,0.0010348863787722799,7369
1970-01-05 22:19:00+00:00,0.001368652317626368,0.0007625129471287198,7272
1970-01-05 22:20:00+00:00,0.005267530198541807,0.0037390617542705,9808
1970-01-05 22:21:00+00:00,0.0016730630188058083,0.001020028424207034,7710
1970-01-05 22:22:00+00:00,0.001649566130515236,0.0012974528723795576,7361
1970-01-05 22:23:00+00:00,0.0016844129443240518,0.0011734587180580538,8010
1970-01-05 22:24:00+00:00,0.0015455334580602336,0.0009546750864838308,7043
1970-01-05 22:25:00+00:00,0.0054058423148814596,0.0038318256482150516,9791
1970-01-05 22:26:00+00:00,0.0017039387303046942,0.0009958093746868717,6801
1970-01-05 22:27:00+00:00,0.001377834238721983,0.0007349436359840222,7514
1970-01-05 22:28:00+00:00,0.002296322985049973,0.0012172382857420358,6288
1970-01-05 22:29:00+00:00,0.0011022682389315876,0.0005445869334483409,7108
1970-01-05 22:30:00+00:00,0.005081080292390763,0.003576113376956048,9800
1970-01-05 22:31:00+00:00,0.001767416349652164,0.001128817273146374,6808
1970-01-05 22:32:00+00:00,0.003007448995986041,0.0016066063506808624,6065
1970-01-05 22:33:00+00:00,0.001898148506603341,0.0012014359401639175,5177
1970-01-05 22:34:00+00:00,0.0020200680277810542,0.0006759747240306251,5231
1970-01-05 22:35:00+00:00,0.005386364683516227,0.003759159273535748,9795
1970-01-05 22:36:00+00:00,0.0025660867329878076,0.0017024531908679506,6560
1970-01-05 22:37:00+00:00,0.0025687156961076356,0.001559862772785709,6568
1970-01-05 22:38:00+00:00,0.0015080549295314373,0.0008059659421075442,7241
1970-01-05 22:39:00+00:00,0.003297474011657935,0.0010384313153730593,6901
1970-01-05 22:40:00+00:00,0.005479720949329445,0.003878963728172337,9800
1970-01-05 22:41:00+00:00,0.003308911325128578,0.0020811499690102098,7577
1970-01-05 22:42:00+00:00,0.002939645278665724,0.0016662534848766542,7235
1970-01-05 22:43:00+00:00,0.0020408269287542544,0.0012407380768818704,7505
1970-01-05 22:44:00+00:00,0.0020010316307969333,0.0008321874634252218,6617
1970-01-05 22:45:00+00:00,0.006045373540234095,0.0041479667964122585,9800
1970-01-05 22:46:00+00:00,0.0034537626088795557,0.0015426226071124946,6623
1970-01-05 22:47:00+00:00,0.002491176138442773,0.001318463215723091,6954
1970-01-05 22:48:00+00:00,0.002361736416509218,0.0008571264975458415,7422
1970-01-05 22:49:00+00:00,0.0014726114718303996,0.0005635794703735324,7467
1970-01-05 22:50:00+00:00,0.006138731950494609,0.004030126995283376,9818
1970-01-05 22:51:00+00:00,0.0019952029000334178,0.0010132758554940086,7214
1970-01-05 22:52:00+00:00,0.0014890175837372263,0.0007372884642035002,7782
1970-01-05 22:53:00+00:00,0.0011347361561132392,0.0007129240066927355,6660
1970-01-05 22:54:00+00:00,0.0012610873720757748,0.0008081124792352117,6235
1970-01-05 22:55:00+00:00,0.005728638793903063,0.004013529315071924,9814
1970-01-05 22:56:00+00:00,0.0012154771227782515,0.00127415617965259,7229
1970-01-05 22:57:00+00:00,0.0017517184629165937,0.0013991738669787972,5520
1970-01-05 22:58:00+00:00,0.002972592692044717,0.0012385951234729997,5568
1970-01-05 22:59:00+00:00,0.002125579023351035,0.0008969200529827319,6193
1970-01-05 23:00:00+00:00,0.005318628073305587,0.0038658626036631636,9811
1970-01-05 23:01:00+00:00,0.002138769893503908,0.0010079781510936607,6810
1970-01-05 23:02:00+00:00,0.0017633853872633177,0.0010093085398521686,6971
1970-01-05 23:03:00+00:00,0.0015639153496065882,0.001197098693400094,6002
1970-01-05 23:04:00+00:00,0.0013638625829799774,0.0009048357725545813,6166
1970-01-05 23:05:00+00:00,0.00568254293343856,0.003988403347237771,9808
1970-01-05 23:06:00+00:00,0.003348287205815528,0.0020408397090247573,6782
1970-01-05 23:07:00+00:00,0.0033988100292481876,0.0017720825966184243,6961
1970-01-05 23:08:00+00:00,0.0023944704588774704,0.00087588557659901,5332
1970-01-05 23:09:00+00:00,0.0015133496864493372,0.000763517598703446,6435
1970-01-05 23:10:00+00:00,0.006074949512658821,0.00413948274903716,9797
1970-01-05 23:11:00+00:00,0.0034159616417069423,0.0019622808691919006,7402
1970-01-05 23:12:00+00:00,0.00229442706846863,0.001222068019524003,6024
1970-01-05 23:13:00+00:00,0.0009845086139980076,0.0007834971942174044,6008
1970-01-05 23:14:00+00:00,0.001014898954645518,0.0007622067651054997,6522
1970-01-05 23:15:00+00:00,0.00555733128920783,0.003977508770340869,9797
1970-01-05 23:16:00+00:00,0.002250557248627926,0.0014287383176965146,4415
1970-01-05 23:17:00+00:00,0.002319188370931513,0.0011925834673736483,6088
1970-01-05 23:18:00+00:00,0.001988108068492917,0.0008872210867502663,7577
1970-01-05 23:19:00+00:00,0.0017259885976271029,0.0005787621601723072,7389
1970-01-05 23:20:00+00:00,0.0050412898732699,0.003657097705199372,9798
1970-01-05 23:21:00+00:00,0.0015829490261004056,0.0009067990808632677,7920
1970-01-05 23:22:00+00:00,0.002703798525398264,0.001181993949950597,7486
1970-01-05 23:23:00+00:00,0.0020320026374571424,0.0009643730410667919,6723
1970-01-05 23:24:00+00:00,0.0008530516304540493,0.0004905558871768695,7305
1970-01-05 23:25:00+00:00,0.00548131628019515,0.0037310357513446963,9799
1970-01-05 23:26:00+00:00,0.001985326991535758,0.0010130837690094493,8278
1970-01-05 23:27:00+00:00,0.0024838244213539295,0.0010530413935607036,7931
1970-01-05 23:28:00+00:00,0.0017035311756120207,0.0006714446382962176,7201
1970-01-05 23:29:00+00:00,0.001643475798347629,0.0006416625358922242,7300
1970-01-05 23:30:00+00:00,0.00541911219035729,0.003782118156556426,9805
1970-01-05 23:31:00+00:00,0.0019022963711399798,0.0013214195039305602,7799
1970-01-05 23:32:00+00:00,0.002762995955168507,0.0015871943203691007,7420
1970-01-05 23:33:00+00:00,0.0011880679001076597,0.0006469711816719479,7032
1970-01-05 23:34:00+00:00,0.0008153713265926752,0.0004869845021893543,7095
1970-01-05 23:35:00+00:00,0.005701366628268877,0.0038669899200349978,9823
1970-01-05 23:36:00+00:00,0.0024303227486082595,0.001620705873654288,7720
1970-01-05 23:37:00+00:00,0.002323997849134922,0.0014676640519660365,7442
1970-01-05 23:38:00+00:00,0.00201106822005481,0.0009807151430884257,7571
1970-01-05 23:39:00+00:00,0.0012824220033078864,0.0006190866086024728,8001
1970-01-05 23:40:00+00:00,0.00572469050712539,0.0038012865555187726,9817
1970-01-05 23:41:00+00:00,0.0021071342334350283,0.0010022063890012564,8783
1970-01-05 23:42:00+00:00,0.002882554656205928,0.0010682359260059103,8068
1970-01-05 23:43:00+00:00,0.0018067491471288422,0.0006784106152855487,8334
1970-01-05 23:44:00+00:00,0.0017106495103889083,0.0005249917210823037,7337
1970-01-05 23:45:00+00:00,0.005442848977484114,0.00363791336003717,9812
1970-01-05 23:46:00+00:00,0.0035706625993515936,0.001502131288128936,7083
1970-01-05 23:47:00+00:00,0.0027695380005181994,0.001263022626045924,7762
1970-01-05 23:48:00+00:00,0.002012976709515466,0.000826865852452309,7830
1970-01-05 23:49:00+00:00,0.0017064652481257163,0.0005887821297402027,7455
1970-01-05 23:50:00+00:00,0.005534983694326952,0.003716763790466295,9821
1970-01-05 23:51:00+00:00,0.0020339452862460227,0.0009074510733183876,6955
1970-01-05 23:52:00+00:00,0.0018444812349313947,0.0009108833585246882,7276
1970-01-05 23:53:00+00:00,0.0010707546492595397,0.0006781608730844724,7667
1970-01-05 23:54:00+00:00,0.0012055049902746616,0.0006073346020513316,7601
1970-01-05 23:55:00+00:00,0.005492051158440496,0.0037588639987243835,9817
1970-01-05 23:56:00+00:00,0.0027474299466454994,0.0019900378761716357,6566
1970-01-05 23:57:00+00:00,0.0031771289148712378,0.001677006978323946,7349
1970-01-05 23:58:00+00:00,0.0015518024416958018,0.0008560352519078897,8014
1970-01-05 23:59:00+00:00,0.0005917708463574652,0.0003882205076539215,7501
1970-01-06 00:00:00+00:00,0.005503133702261806,0.003874313091655907,9820
1970-01-06 00:01:00+00:00,0.0023863248592349813,0.0012630168915122749,7414
1970-01-06 00:02:00+00:00,0.0024053066342235026,0.0014034406598609711,7829
1970-01-06 00:03:00+00:00,0.001034341728861089,0.0008143730036179437,7915
1970-01-06 00:04:00+00:00,0.0014223734773061315,0.0009109723564181041,6988
1970-01-06 00:05:00+00:00,0.0057509542665477205,0.0039874110652695725,9817
1970-01-06 00:06:00+00:00,0.003182342110126738,0.001790522887227626,8111
1970-01-06 00:07:00+00:00,0.002472536574042519,0.0014837559842540969,7862
1970-01-06 00:08:00+00:00,0.002247380968620226,0.0009042223458524493,7285
1970-01-06 00:09:00+00:00,0.001748635909452822,0.0006547727635908052,7389
1970-01-06 00:10:00+00:00,0.005346966007477436,0.0038614224813256983,9810
1970-01-06 00:11:00+00:00,0.0022055037896972496,0.001387116200154308,7634
1970-01-06 00:12:00+00:00,0.002059935175908729,0.0012083508614861968,7637
1970-01-06 00:13:00+00:00,0.0012629959277122543,0.000955145121189982,7394
1970-01-06 00:14:00+00:00,0.0014265175534227544,0.0007959724951843579,6310
1970-01-06 00:15:00+00:00,0.005086863416237986,0.003776294824582242,9808
1970-01-06 00:16:00+00:00,0.0016321747760458987,0.0010970151786603977,7603
1970-01-06 00:17:00+00:00,0.0018282198736591405,0.0012488157955728098,7341
1970-01-06 00:18:00+00:00,0.0015428978573620662,0.001168978788164787,7485
1970-01-06 00:19:00+00:00,0.0010848593549663507,0.000638708336128556,7563
1970-01-06 00:20:00+00:00,0.0053372405470284556,0.003813120362161876,9813
1970-01-06 00:21:00+00:00,0.0029871813733046097,0.0016730682405035945,7182
1970-01-06 00:22:00+00:00,0.0019233619061247832,0.0010759209951110755,7083
1970-01-06 00:23:00+00:00,0.002343396082343706,0.0008768171128455628,7355
1970-01-06 00:24:00+00:00,0.0013198669203681231,0.0007157036938314069,7487
1970-01-06 00:25:00+00:00,0.005417114006011117,0.0038106055299381757,9802
1970-01-06 00:26:00+00:00,0.001822653580416325,0.0012976276448294468,6553
1970-01-06 00:27:00+00:00,0.002563427748371665,0.001574083066264029,5868
1970-01-06 00:28:00+00:00,0.00156785151111008,0.0009683587472440218,7460
1970-01-06 00:29:00+00:00,0.0017627469638010435,0.0008163029930717807,6779
1970-01-06 00:30:00+00:00,0.005301931458573614,0.003825481022442789,9801
1970-01-06 00:31:00+00:00,0.0021680693605266904,0.0011732645115910046,7243
1970-01-06 00:32:00+00:00,0.0024406198453167556,0.0013107140888277628,6985
1970-01-06 00:33:00+00:00,0.001866966724049466,0.0011306875584864886,6798
1970-01-06 00:34:00+00:00,0.0017517917298801916,0.0009692662083544632,6466
1970-01-06 00:35:00+00:00,0.005535800625894937,0.003931415378518936,9797
1970-01-06 00:36:00+00:00,0.003928952355197991,0.0017922412150966243,8022
1970-01-06 00:37:00+00:00,0.0035334508699437542,0.0013075774344923526,7984
1970-01-06 00:38:00+00:00,0.0024729720868167672,0.0011263249912220076,8031
1970-01-06 00:39:00+00:00,0.003021202100405407,0.0007560296528515274,7176
1970-01-06 00:40:00+00:00,0.005142921293948234,0.0037204290830560316,9797
1970-01-06 00:41:00+00:00,0.0024968739693939507,0.001421397148134945,6661
1970-01-06 00:42:00+00:00,0.0031907407128664174,0.0015941554418692084,6108
1970-01-06 00:43:00+00:00,0.0014380871044378958,0.0007139987979036053,7811
1970-01-06 00:44:00+00:00,0.0009014607371429719,0.0004005386353812807,7448
1970-01-06 00:45:00+00:00,0.005078743707352897,0.003730878989186264,9791
1970-01-06 00:46:00+00:00,0.0020688047210515297,0.001102445447611573,6829
1970-01-06 00:47:00+00:00,0.0025612781801679207,0.0014628932467670715,5879
1970-01-06 00:48:00+00:00,0.0018790144613296629,0.001127604258736746,6729
1970-01-06 00:49:00+00:00,0.0014220171135541648,0.000847424987707201,7056
1970-01-06 00:50:00+00:00,0.0053340118642233566,0.003926698902833519,9790
1970-01-06 00:51:00+00:00,0.003144965373294453,0.001742471544887419,7221
1970-01-06 00:52:00+00:00,0.0024284949864291374,0.0014432728678371864,6644
1970-01-06 00:53:00+00:00,0.0025014331673193706,0.0011631003750683373,6184
1970-01-06 00:54:00+00:00,0.0012560554345885625,0.0005286805098833694,6274
1970-01-06 00:55:00+00:00,0.005202595572362386,0.003949451606132557,9786
1970-01-06 00:56:00+00:00,0.0020541717390738846,0.0011288799006668687,6473
1970-01-06 00:57:00+00:00,0.0029491622033689375,0.0013806757764791748,5659
1970-01-06 00:58:00+00:00,0.003072136644021392,0.0012184461997869936,6101
1970-01-06 00:59:00+00:00,0.0022052955507611462,0.0008926503300089044,6004
1970-01-06 01:00:00+00:00,0.005554730278852866,0.0040343045804476455,9786
1970-01-06 01:01:00+00:00,0.0036516845037066615,0.0015969807382613882,6470
1970-01-06 01:02:00+00:00,0.0022644629418952064,0.0011286571027598485,7007
1970-01-06 01:03:00+00:00,0.0017155177539573197,0.0007918633359071043,6579
1970-01-06 01:04:00+00:00,0.0017212685165630126,0.0007538927467102381,6605
1970-01-06 01:05:00+00:00,0.005521885440325134,0.003970138827594662,9782
1970-01-06 01:06:00+00:00,0.004864314348002243,0.002278299211854661,5920
1970-01-06 01:07:00+00:00,0.00375604814725776,0.0016732604480777804,6589
1970-01-06 01:08:00+00:00,0.002321020711498654,0.0012880764460449835,6247
1970-01-06 01:09:00+00:00,0.0016051549683847293,0.0008107005745195636,7744
1970-01-06 01:10:00+00:00,0.005456869772081325,0.0038853843274637852,9780
1970-01-06 01:11:00+00:00,0.002737143507220869,0.001114361686155169,7137
1970-01-06 01:12:00+00:00,0.0024121010907687986,0.0010645032214739694,7540
1970-01-06 01:13:00+00:00,0.0022303270500158515,0.0010083868222209467,7094
1970-01-06 01:14:00+00:00,0.0013499924575746827,0.00056086995565265,7461
1970-01-06 01:15:00+00:00,0.005222717346085699,0.003786463678546406,9781
1970-01-06 01:16:00+00:00,0.002776867232708641,0.0010441324756262978,7678
1970-01-06 01:17:00+00:00,0.0028508009208465753,0.0010808011131813796,7227
1970-01-06 01:18:00+00:00,0.0020921469260452657,0.0008141022249478616,7334
1970-01-06 01:19:00+00:00,0.002082791124584728,0.0006800184317714468,7081
1970-01-06 01:20:00+00:00,0.005373674814149621,0.003911156421304663,9735
1970-01-06 01:21:00+00:00,0.0024842328442793013,0.001192366995974416,6876
1970-01-06 01:22:00+00:00,0.001998142976738182,0.0010118743297178516,7608
1970-01-06 01:23:00+00:00,0.0017797099573050208,0.0008298344173950258,7608
1970-01-06 01:24:00+00:00,0.0016766779619930192,0.0007227978719665828,7747
1970-01-06 01:25:00+00:00,0.005182203886898849,0.003808320846346063,9687
1970-01-06 01:26:00+00:00,0.002118461517958908,0.0012105777762124513,6646
1970-01-06 01:27:00+00:00,0.002100426501130878,0.001365084179564018,6911
1970-01-06 01:28:00+00:00,0.00195397874905966,0.0013073878194960471,6082
1970-01-06 01:29:00+00:00,0.002575135775352724,0.0010571695353886826,6837
1970-01-06 01:30:00+00:00,0.005382601790735485,0.0039642023528895605,9707
1970-01-06 01:31:00+00:00,0.002360715516021537,0.0010800653857594366,7278
1970-01-06 01:32:00+00:00,0.001922120507802389,0.000964113938942572,7264
1970-01-06 01:33:00+00:00,0.0021756420038472413,0.0011286087067122028,6931
1970-01-06 01:34:00+00:00,0.0018868321704792227,0.0007972664775738885,6889
1970-01-06 01:35:00+00:00,0.0053338876474428466,0.004064312336330322,9651
1970-01-06 01:36:00+00:00,0.002479219853288695,0.0013449692201676503,6487
1970-01-06 01:37:00+00:00,0.0023920984283255387,0.0011525116927235289,6896
1970-01-06 01:38:00+00:00,0.001813961329444079,0.0011479987003333034,6539
1970-01-06 01:39:00+00:00,0.0012552468960400835,0.0007331369502328768,6394
1970-01-06 01:40:00+00:00,0.0051783285656883645,0.004207743122485739,9674
1970-01-06 01:41:00+00:00,0.0023174718261268065,0.0014361681918051716,6473
1970-01-06 01:42:00+00:00,0.0019566769413709648,0.0012526510149646528,6720
1970-01-06 01:43:00+00:00,0.0012194065137907735,0.0007889801103628333,6351
1970-01-06 01:44:00+00:00,0.0010001510255300502,0.0005701907046545343,5915
1970-01-06 01:45:00+00:00,0.005405440918929255,0.004275662473598999,9748
1970-01-06 01:46:00+00:00,0.002413327284284916,0.0014020133433630983,6156
1970-01-06 01:47:00+00:00,0.0017480819425473903,0.0010033298592868275,6001
1970-01-06 01:48:00+00:00,0.0013480476404002543,0.0007255616174947832,6268
1970-01-06 01:49:00+00:00,0.001173433076802037,0.0005282053851405397,5937
1970-01-06 01:50:00+00:00,0.005600920403284291,0.004392879592688508,9759
1970-01-06 01:51:00+00:00,0.002591509462161354,0.0016867523181682683,7555
1970-01-06 01:52:00+00:00,0.0013485354716298555,0.0007624732752091922,6124
1970-01-06 01:53:00+00:00,0.0012137013326910685,0.0007709785253684644,6806
1970-01-06 01:54:00+00:00,0.0010116818624798104,0.00047348415058867584,6434
1970-01-06 01:55:00+00:00,0.005644465507683,0.004309861733096343,9775
1970-01-06 01:56:00+00:00,0.002097723410077345,0.0014377005343889674,6807
1970-01-06 01:57:00+00:00,0.0020068833513825447,0.0011636219575614929,5724
1970-01-06 01:58:00+00:00,0.001495784682847276,0.0007691299013972365,5760
1970-01-06 01:59:00+00:00,0.0011700637550726134,0.00047943497754290474,5555
1970-01-06 02:00:00+00:00,0.005594307568151732,0.004319301554174312,9791
1970-01-06 02:01:00+00:00,0.001480871493973227,0.0009150552319273559,6848
1970-01-06 02:02:00+00:00,0.001361740254031407,0.0008085486100402876,6888
1970-01-06 02:03:00+00:00,0.001326118574531265,0.0008440640039702362,6390
1970-01-06 02:04:00+00:00,0.0011046875087017544,0.0005666953851136146,5204
1970-01-06 02:05:00+00:00,0.0057187276393777554,0.004487751386349002,9793
1970-01-06 02:06:00+00:00,0.0020817083918489524,0.0013166373017739776,5262
1970-01-06 02:07:00+00:00,0.0020817751358786587,0.0012442556579983191,5480
1970-01-06 02:08:00+00:00,0.0015598766855145373,0.0009130473100512891,5617
1970-01-06 02:09:00+00:00,0.0010823346489212094,0.0007033139544035557,5426
1970-01-06 02:10:00+00:00,0.005676392260552476,0.004454670068728809,9802
1970-01-06 02:11:00+00:00,0.0014806018248180344,0.0009589733527503802,6742
1970-01-06 02:12:00+00:00,0.001601874377391155,0.0011406928950752485,6278
1970-01-06 02:13:00+00:00,0.0013812065187887176,0.0009897292642628874,5519
1970-01-06 02:14:00+00:00,0.0011760737399154452,0.0006166562024824721,4960
1970-01-06 02:15:00+00:00,0.005667701597222878,0.004489647970944586,9805
1970-01-06 02:16:00+00:00,0.0017376945932531147,0.0009679164830458473,5338
1970-01-06 02:17:00+00:00,0.005462066856036985,0.0036404678051189885,7073
1970-01-06 02:18:00+00:00,0.0014239338332696929,0.0008707827033247265,6049
1970-01-06 02:19:00+00:00,0.0011461140483659336,0.000531672616461688,6387
1970-01-06 02:20:00+00:00,0.005365791433572735,0.004284925736322236,9812
1970-01-06 02:21:00+00:00,0.001671109411997289,0.001279151952456357,7106
1970-01-06 02:22:00+00:00,0.0013474601849214744,0.0011531523168818757,7006
1970-01-06 02:23:00+00:00,0.0013810749310546164,0.0009318074979925614,7025
1970-01-06 02:24:00+00:00,0.0014129639608493059,0.0006184476639262473,6434
1970-01-06 02:25:00+00:00,0.005527686116961207,0.004447674469947473,9811
1970-01-06 02:26:00+00:00,0.001573701513099628,0.0010004638961323834,6817
1970-01-06 02:27:00+00:00,0.0020119149800530895,0.001208767267571946,7185
1970-01-06 02:28:00+00:00,0.001956930752346421,0.0010143789430284791,6316
1970-01-06 02:29:00+00:00,0.0016075451215993028,0.0006642312689800029,5490
1970-01-06 02:30:00+00:00,0.005359017454806,0.004468501351664217,9812
1970-01-06 02:31:00+00:00,0.001998143192532355,0.0012027083174633777,6738
1970-01-06 02:32:00+00:00,0.0016622470472009532,0.0009141833855733663,6998
1970-01-06 02:33:00+00:00,0.0014821265014742738,0.0010316087806995673,6777
1970-01-06 02:34:00+00:00,0.001089506252984121,0.0007722924026671389,6512
1970-01-06 02:35:00+00:00,0.00533748893795709,0.004337602581952726,9815
1970-01-06 02:36:00+00:00,0.0019053979235803412,0.0014384753540983407,6496
1970-01-06 02:37:00+00:00,0.00175048322851027,0.0010330649491718461,6927
1970-01-06 02:38:00+00:00,0.0011787761715239332,0.0007623205144986921,7301
1970-01-06 02:39:00+00:00,0.0012389081828096382,0.000675525906754969,5210
1970-01-06 02:40:00+00:00,0.00539813756136344,0.004391266675278024,9818
1970-01-06 02:41:00+00:00,0.00158641431390041,0.001061825513698037,7268
1970-01-06 02:42:00+00:00,0.001517939943408314,0.0008686250330132162,7234
1970-01-06 02:43:00+00:00,0.0017835297370469595,0.0008211919424895972,6047
1970-01-06 02:44:00+00:00,0.0009692522997778902,0.0006319920424980287,5114
1970-01-06 02:45:00+00:00,0.0052574997889228104,0.004407793316844252,9821
1970-01-06 02:46:00+00:00,0.0022942569553123415,0.0016787292613376914,5566
1970-01-06 02:47:00+00:00,0.002194807271649223,0.0017552150607024624,5646
1970-01-06 02:48:00+00:00,0.0015223815284490661,0.0008809716199410994,6760
1970-01-06 02:49:00+00:00,0.000904790831629787,0.0011066882724344077,6002
1970-01-06 02:50:00+00:00,0.005282509267191185,0.004292918917310954,9824
1970-01-06 02:51:00+00:00,0.0013469603822620652,0.0012015713813655665,6968
1970-01-06 02:52:00+00:00,0.0013903945347234486,0.0013754749379578915,6406
1970-01-06 02:53:00+00:00,0.0010777760447279704,0.0007036332681909654,7265
1970-01-06 02:54:00+00:00,0.0009244389114340245,0.0005454259382271762,6970
1970-01-06 02:55:00+00:00,0.005829147661617175,0.004392736358202162,9827
1970-01-06 02:56:00+00:00,0.002177761989224967,0.0013239824050589716,6222
1970-01-06 02:57:00+00:00,0.0013371241839904918,0.0008468646486550725,6175
1970-01-06 02:58:00+00:00,0.0011839914016672569,0.0006487547662249737,5851
1970-01-06 02:59:00+00:00,0.0008366552502445232,0.000552558720966256,5658
1970-01-06 03:00:00+00:00,0.005561790651750281,0.004323329651807139,9829
1970-01-06 03:01:00+00:00,0.002389219121440499,0.0012672674024851711,6924
1970-01-06 03:02:00+00:00,0.0014373494436848344,0.0008821545590766241,6270
1970-01-06 03:03:00+00:00,0.0021495058645609947,0.0011156562962593734,6877
1970-01-06 03:04:00+00:00,0.0016687282325739301,0.0006594927535376089,7533
1970-01-06 03:05:00+00:00,0.005246697484435852,0.004056458681783213,9828
1970-01-06 03:06:00+00:00,0.002002894059750564,0.0009103672312189889,8171
1970-01-06 03:07:00+00:00,0.0018975203325263196,0.0010138982633113843,7178
1970-01-06 03:08:00+00:00,0.0020909921463536686,0.0009110797047928406,6784
1970-01-06 03:09:00+00:00,0.0018546386517069903,0.0007378166605222303,7487
1970-01-06 03:10:00+00:00,0.0050937292543906144,0.0039590526249518206,9822
1970-01-06 03:11:00+00:00,0.002627690198955003,0.0011691868235737045,7542
1970-01-06 03:12:00+00:00,0.0023739875219018366,0.0011183004040187115,7031
1970-01-06 03:13:00+00:00,0.0013384906848756854,0.0007897796567462252,7360
1970-01-06 03:14:00+00:00,0.0011365634621154665,0.0006235478982380263,6882
1970-01-06 03:15:00+00:00,0.005207769692669958,0.003954227572133333,9823
1970-01-06 03:16:00+00:00,0.0020721820636290483,0.0011957242631113877,6842
1970-01-06 03:17:00+00:00,0.001981134892358951,0.00097996359356498,7867
1970-01-06 03:18:00+00:00,0.002091299299607102,0.0009304532543845005,7992
1970-01-06 03:19:00+00:00,0.001969963900556526,0.0008896629951551036,7126
1970-01-06 03:20:00+00:00,0.005304394442601906,0.00396733495596755,9823
1970-01-06 03:21:00+00:00,0.0023622707230106016,0.0012105221696866036,7342
1970-01-06 03:22:00+00:00,0.0018096924295304664,0.0009753074217942735,7994
1970-01-06 03:23:00+00:00,0.0023851993350044514,0.0023723392935678838,8633
1970-01-06 03:24:00+00:00,0.0015029122860524924,0.0006307724525760286,7983
1970-01-06 03:25:00+00:00,0.005392559664026179,0.003844480000042295,9826
1970-01-06 03:26:00+00:00,0.0023416084903244852,0.0011597643945131947,6524
1970-01-06 03:27:00+00:00,0.0021087806159434397,0.0010086219769690121,7355
1970-01-06 03:28:00+00:00,0.0024109635273934027,0.0009184855128308122,7684
1970-01-06 03:29:00+00:00,0.0025352255735410453,0.0011059469108283127,7251
1970-01-06 03:30:00+00:00,0.0054549176498320815,0.003899608634078991,9826
1970-01-06 03:31:00+00:00,0.003455217994800605,0.002104641964385033,7119
1970-01-06 03:32:00+00:00,0.002072984102508071,0.0017770296031080672,7026
1970-01-06 03:33:00+00:00,0.001854708794624571,0.0008907353185838284,6978
1970-01-06 03:34:00+00:00,0.001556858902436265,0.0007089817658567181,7141
1970-01-06 03:35:00+00:00,0.005531908489026445,0.003865026120467212,9827
1970-01-06 03:36:00+00:00,0.003848485341178234,0.0014947315859398192,6804
1970-01-06 03:37:00+00:00,0.0037545135930964826,0.001163816334385616,6766
1970-01-06 03:38:00+00:00,0.004194580267584619,0.0012534267239720889,7529
1970-01-06 03:39:00+00:00,0.002168158079029244,0.0012304583860107015,7951
1970-01-06 03:40:00+00:00,0.005398712484912025,0.003809826671802944,9828
1970-01-06 03:41:00+00:00,0.004529496290001932,0.0018280268081861657,7748
1970-01-06 03:42:00+00:00,0.0035037097046553963,0.0018740994869615273,7452
1970-01-06 03:43:00+00:00,0.00265074137852532,0.0010681855179328855,7684
1970-01-06 03:44:00+00:00,0.0013545045597419777,0.0008223211871639849,7317
1970-01-06 03:45:00+00:00,0.005683698089995608,0.003830258174480961,9828
1970-01-06 03:46:00+00:00,0.00328852392594007,0.0018197516459148824,6240
1970-01-06 03:47:00+00:00,0.0040337874649664165,0.001398839942873265,7250
1970-01-06 03:48:00+00:00,0.0029311715086348744,0.0015870514193734573,7317
1970-01-06 03:49:00+00:00,0.0035846146266283667,0.0008362252705025362,7469
1970-01-06 03:50:00+00:00,0.005485833000214072,0.0037129433731452545,9828
1970-01-06 03:51:00+00:00,0.0032230865550617123,0.0013501718739425117,6918
1970-01-06 03:52:00+00:00,0.002801202108927602,0.0014100278243733522,6816
1970-01-06 03:53:00+00:00,0.002571595652893629,0.001207377363247636,7894
1970-01-06 03:54:00+00:00,0.0017269769861600036,0.0006750355200985486,7105
1970-01-06 03:55:00+00:00,0.005564957017705792,0.0038132015768574013,9828
1970-01-06 03:56:00+00:00,0.003010468581660982,0.0012685884622087554,7704
1970-01-06 03:57:00+00:00,0.002323152760186584,0.0011557107857401584,7624
1970-01-06 03:58:00+00:00,0.0024966099350196345,0.0009868215743495201,7063
1970-01-06 03:59:00+00:00,0.0032685335305767875,0.0007669281980104761,6994
1970-01-06 04:00:00+00:00,0.005676249559225314,0.003775321315753315,9831
1970-01-06 04:01:00+00:00,0.0027114954651895635,0.0012575064813357528,8070
1970-01-06 04:02:00+00:00,0.002480993649584658,0.0013859574606906214,6797
1970-01-06 04:03:00+00:00,0.002372862169019289,0.0011117177166416162,7555
1970-01-06 04:04:00+00:00,0.001768497661407121,0.0007141864482123575,7967
1970-01-06 04:05:00+00:00,0.005471930374075609,0.0035667820544636915,9830
1970-01-06 04:06:00+00:00,0.0020794610059391904,0.0010980750447855258,6775
1970-01-06 04:07:00+00:00,0.001956771010001284,0.0009485481698851584,7361
1970-01-06 04:08:00+00:00,0.00241906031661806,0.001004645183817894,7174
1970-01-06 04:09:00+00:00,0.0037141586535245066,0.0011051839913372623,7095
1970-01-06 04:10:00+00:00,0.005704295996583221,0.003716907836366763,9828
1970-01-06 04:11:00+00:00,0.0022273245485430818,0.0009423160338214163,7816
1970-01-06 04:12:00+00:00,0.0025287604819437945,0.001198373987119222,7365
1970-01-06 04:13:00+00:00,0.0027726234308608154,0.001235164501956996,6599
1970-01-06 04:14:00+00:00,0.002363083204866066,0.0008929633967143343,6847
1970-01-06 04:15:00+00:00,0.005525385995735496,0.003671898997868295,9829
1970-01-06 04:16:00+00:00,0.002157057562531178,0.0011461806115373662,6012
1970-01-06 04:17:00+00:00,0.0023478384756339924,0.0011384037094781818,7503
1970-01-06 04:18:00+00:00,0.0015334788856030744,0.0009720453869557974,7257
1970-01-06 04:19:00+00:00,0.0023373176804840036,0.0009611692977769515,7451
1970-01-06 04:20:00+00:00,0.005535777065470858,0.003715486627290005,9831
1970-01-06 04:21:00+00:00,0.0027946669595024904,0.0015302206812197797,7908
1970-01-06 04:22:00+00:00,0.0027539324214296006,0.0014264949760385598,7237
1970-01-06 04:23:00+00:00,0.0027632017560264978,0.0012554568307121007,7550
1970-01-06 04:24:00+00:00,0.0019171992180795207,0.0008892119063163067,7449
1970-01-06 04:25:00+00:00,0.005796844122550645,0.003766463738795892,9828
1970-01-06 04:26:00+00:00,0.002175822732448969,0.0014783967523647145,7166
1970-01-06 04:27:00+00:00,0.002972490758182191,0.0015307294487046318,7185
1970-01-06 04:28:00+00:00,0.002327972451206201,0.0013260647451883035,7021
1970-01-06 04:29:00+00:00,0.0023740361465529125,0.0008165299273241149,7309
1970-01-06 04:30:00+00:00,0.0058206415723413936,0.0037731736217615944,9827
1970-01-06 04:31:00+00:00,0.0027404299088949913,0.0013082649065296068,7199
1970-01-06 04:32:00+00:00,0.002814816951705094,0.0012865313824393478,6912
1970-01-06 04:33:00+00:00,0.0027171233308216384,0.0011753777326163593,6292
1970-01-06 04:34:00+00:00,0.0016900605194039083,0.0008992039091692893,7064
1970-01-06 04:35:00+00:00,0.005684540526239521,0.0038009038001942295,9825
1970-01-06 04:36:00+00:00,0.0022338684677469254,0.0009516874022917479,6128
1970-01-06 04:37:00+00:00,0.004351751762182116,0.0013436941677001215,6973
1970-01-06 04:38:00+00:00,0.0037238535210588177,0.0014658145772956535,6614
1970-01-06 04:39:00+00:00,0.003409545202639314,0.0008278818358768083,6835
1970-01-06 04:40:00+00:00,0.005503181083599144,0.003571956417832801,9823
1970-01-06 04:41:00+00:00,0.002484967079450675,0.0010293894004835542,8012
1970-01-06 04:42:00+00:00,0.002493982457217788,0.0009881144397574887,7162
1970-01-06 04:43:00+00:00,0.002483310939523393,0.0009853529720627939,7173
1970-01-06 04:44:00+00:00,0.0019319814358972896,0.0007246008482889325,6917
1970-01-06 04:45:00+00:00,0.00541399688296203,0.003734690576671637,9824
1970-01-06 04:46:00+00:00,0.002607904234375239,0.0011504103528161961,6475
1970-01-06 04:47:00+00:00,0.0027421218202671933,0.0011182319648784921,6474
1970-01-06 04:48:00+00:00,0.0021166491715440385,0.0009265504301460527,6752
1970-01-06 04:49:00+00:00,0.0012990417530836398,0.0006981064344698643,6649
1970-01-06 04:50:00+00:00,0.005232792356374979,0.0036770776460171638,9825
1970-01-06 04:51:00+00:00,0.0021142602753119006,0.0011587480431822365,6098
1970-01-06 04:52:00+00:00,0.002009833630898012,0.0011950195198502463,7361
1970-01-06 04:53:00+00:00,0.0018777755178453158,0.0008297216511019984,7261
1970-01-06 04:54:00+00:00,0.0013482141379216903,0.0010590388747183494,7029
1970-01-06 04:55:00+00:00,0.005563128275092122,0.003801381653767537,9825
1970-01-06 04:56:00+00:00,0.0017822868167485437,0.0010725738599511887,6961
1970-01-06 04:57:00+00:00,0.0023744345163455374,0.0012158838430713374,6016
1970-01-06 04:58:00+00:00,0.0018898924085200008,0.0011808868821003016,7095
1970-01-06 04:59:00+00:00,0.0013067209663722463,0.0008907718221669834,6641
1970-01-06 05:00:00+00:00,0.00574713609198946,0.003935658689532107,9827
1970-01-06 05:01:00+00:00,0.005573260054883117,0.002938788541255349,7585
1970-01-06 05:02:00+00:00,0.0029184859086938053,0.0016530707948062258,6413
1970-01-06 05:03:00+00:00,0.0029923065372631503,0.0012545782026888248,5879
1970-01-06 05:04:00+00:00,0.002458064952367153,0.0007445062904247414,7202
1970-01-06 05:05:00+00:00,0.005696587472506641,0.0038166157343998805,9832
1970-01-06 05:06:00+00:00,0.0024244041375549516,0.0011475411312272545,7053
1970-01-06 05:07:00+00:00,0.0030957973049878284,0.0012963097090727032,7566
1970-01-06 05:08:00+00:00,0.0025709895304972708,0.0011915190463893642,6641
1970-01-06 05:09:00+00:00,0.002475980267748444,0.0008831321523029109,6692
1970-01-06 05:10:00+00:00,0.0057300526543611775,0.0038234861993734917,9832
1970-01-06 05:11:00+00:00,0.002143000386971788,0.0009161202703195385,8050
1970-01-06 05:12:00+00:00,0.002351795760157084,0.0009378503607058007,7576
1970-01-06 05:13:00+00:00,0.0023865062825605726,0.001020116774555869,6897
1970-01-06 05:14:00+00:00,0.0017759229851670236,0.000710502633761484,7570
1970-01-06 05:15:00+00:00,0.005807026044190919,0.003854650725168144,9826
1970-01-06 05:16:00+00:00,0.002299272195757049,0.0011174951700024817,6471
1970-01-06 05:17:00+00:00,0.0023591073850790603,0.0011222286948135937,5599
1970-01-06 05:18:00+00:00,0.0019245213154573707,0.0008774818636448466,7334
1970-01-06 05:19:00+00:00,0.0020637098738430404,0.0007199034908308199,8075
1970-01-06 05:20:00+00:00,0.0054952965065233885,0.0037190595687103907,9829
1970-01-06 05:21:00+00:00,0.0026238133088229616,0.0011108251361419544,8084
1970-01-06 05:22:00+00:00,0.00252091693308066,0.0012266727104633134,8192
1970-01-06 05:23:00+00:00,0.002121232693396438,0.0010270434202420205,7581
1970-01-06 05:24:00+00:00,0.0016315169511195717,0.0007833850081785654,7806
1970-01-06 05:25:00+00:00,0.0056268248562100455,0.003809880809084472,9829
1970-01-06 05:26:00+00:00,0.0027767900630284673,0.001107911965767746,6957
1970-01-06 05:27:00+00:00,0.002458257729706359,0.001240053372975466,7459
1970-01-06 05:28:00+00:00,0.0021506702299256774,0.0012849469841108249,7422
1970-01-06 05:29:00+00:00,0.0019537913431602106,0.0007559910441196584,7607
1970-01-06 05:30:00+00:00,0.005443906718947689,0.0038056359144114206,9830
1970-01-06 05:31:00+00:00,0.002666065871550648,0.0012475493685201997,7371
1970-01-06 05:32:00+00:00,0.0020453768690896915,0.0012938690076850598,7022
1970-01-06 05:33:00+00:00,0.0022476759632457186,0.0011337609624553276,7195
1970-01-06 05:34:00+00:00,0.0017406325479281954,0.0008236779444202941,6616
1970-01-06 05:35:00+00:00,0.0053605037600435975,0.003699647367873731,9829
1970-01-06 05:36:00+00:00,0.0016073621679688157,0.0009376263164321266,7216
1970-01-06 05:37:00+00:00,0.002410730134898891,0.0010855584584580189,7512
1970-01-06 05:38:00+00:00,0.0014155043138908744,0.0011966769731922183,6866
1970-01-06 05:39:00+00:00,0.0024789956112854423,0.0010635071578544253,6648
1970-01-06 05:40:00+00:00,0.005679790470090692,0.0039198409884419454,9832
1970-01-06 05:41:00+00:00,0.004416327867786495,0.002061811110240519,6798
1970-01-06 05:42:00+00:00,0.0027029000043827206,0.0014128776488129553,7828
1970-01-06 05:43:00+00:00,0.0035591248637339493,0.0012069580280930437,7698
1970-01-06 05:44:00+00:00,0.001913302955877734,0.0006571908517315491,7321
1970-01-06 05:45:00+00:00,0.005752060670403549,0.0038828511986844605,9835
1970-01-06 05:46:00+00:00,0.002475113076706976,0.001033381021061098,7229
1970-01-06 05:47:00+00:00,0.002387963270165993,0.000842999477183124,7592
1970-01-06 05:48:00+00:00,0.0021462668251743333,0.000892137911465013,7085
1970-01-06 05:49:00+00:00,0.001627388653431854,0.0008416777094492983,7368
1970-01-06 05:50:00+00:00,0.005640656708036153,0.0038437236510996025,9834
1970-01-06 05:51:00+00:00,0.00218575240777443,0.0011082029449046413,6982
1970-01-06 05:52:00+00:00,0.003515199858350787,0.001538897958170471,7017
1970-01-06 05:53:00+00:00,0.002160079144437505,0.0011754618024990469,6531
1970-01-06 05:54:00+00:00,0.0016004914644902565,0.0006678035548743171,6368
1970-01-06 05:55:00+00:00,0.005828631032664854,0.0039042626488600967,9831
1970-01-06 05:56:00+00:00,0.0021271826959578894,0.0011773360833251013,6183
1970-01-06 05:57:00+00:00,0.002637131082141354,0.0013717817127091375,6911
1970-01-06 05:58:00+00:00,0.0024255270056270962,0.0010378992751137017,6370
1970-01-06 05:59:00+00:00,0.0020574403906938104,0.0005808948766805245,6791
1970-01-06 06:00:00+00:00,0.005738793454175613,0.003828854528494776,9830
1970-01-06 06:01:00+00:00,0.0029262467971822785,0.0012212605436862473,7500
1970-01-06 06:02:00+00:00,0.0025206110696214604,0.0009470722604774926,7719
1970-01-06 06:03:00+00:00,0.0020239161932033745,0.0008747839172372422,7259
1970-01-06 06:04:00+00:00,0.0017213608287527092,0.0008005701734768718,7013
1970-01-06 06:05:00+00:00,0.005607985898620729,0.003820676687640076,9832
1970-01-06 06:06:00+00:00,0.002144397159576082,0.0010562791610666635,7468
1970-01-06 06:07:00+00:00,0.0020153470643988797,0.0009819667408720771,7115
1970-01-06 06:08:00+00:00,0.001922314886798534,0.0009057152687647342,6837
1970-01-06 06:09:00+00:00,0.0019436544349420732,0.0009559437052825782,7301
1970-01-06 06:10:00+00:00,0.005711824512547942,0.0038868594271459157,9832
1970-01-06 06:11:00+00:00,0.002952031710266941,0.0015018864816036797,7315
1970-01-06 06:12:00+00:00,0.002661969005952412,0.0011528822480703705,6734
1970-01-06 06:13:00+00:00,0.0018350069145700188,0.0008498612449679322,5753
1970-01-06 06:14:00+00:00,0.0014964352428239224,0.0008015122044115478,7016
1970-01-06 06:15:00+00:00,0.005596516967117538,0.003849244132515514,9832
1970-01-06 06:16:00+00:00,0.0026501627380350907,0.001164234410024826,5946
1970-01-06 06:17:00+00:00,0.0033640872657045725,0.0012069925735891257,7168
1970-01-06 06:18:00+00:00,0.002216918186781985,0.0011155188055992239,6660
1970-01-06 06:19:00+00:00,0.001818929396724903,0.0007491716121960577,6684
1970-01-06 06:20:00+00:00,0.0055160748740793325,0.003707026996111638,9832
1970-01-06 06:21:00+00:00,0.002057141397902591,0.000946946953428299,7121
1970-01-06 06:22:00+00:00,0.0025228522781811564,0.0007876434904658621,8141
1970-01-06 06:23:00+00:00,0.001542516375575036,0.0006197490776987234,8134
1970-01-06 06:24:00+00:00,0.001501121965320917,0.0007945299787859715,8028
1970-01-06 06:25:00+00:00,0.005758058621749364,0.003796597853689776,9831
1970-01-06 06:26:00+00:00,0.0021258079396754004,0.0012886222384284624,7711
1970-01-06 06:27:00+00:00,0.0016173350182368625,0.001216226241374879,7404
1970-01-06 06:28:00+00:00,0.002116891809843767,0.0008172586543770041,7595
1970-01-06 06:29:00+00:00,0.0013756389102366042,0.0007830124649438897,7852
1970-01-06 06:30:00+00:00,0.005741052842231552,0.00383257537349509,9833
1970-01-06 06:31:00+00:00,0.002718316301474468,0.00167952008215202,7793
1970-01-06 06:32:00+00:00,0.0028247002024274497,0.0018127524211889892,7028
1970-01-06 06:33:00+00:00,0.0031711588911033234,0.0015182444075745453,6690
1970-01-06 06:34:00+00:00,0.001967895280869513,0.0010953052832128403,6600
1970-01-06 06:35:00+00:00,0.005880918819136048,0.003948731114820959,9832
1970-01-06 06:36:00+00:00,0.002530811642557722,0.0014254439979912686,6133
1970-01-06 06:37:00+00:00,0.0018270375971436764,0.0011192934075155824,7036
1970-01-06 06:38:00+00:00,0.0014500642780407229,0.0007924135370764274,5926
1970-01-06 06:39:00+00:00,0.0009202290441786944,0.0008409897947741643,6929
1970-01-06 06:40:00+00:00,0.0060676156976165185,0.003996406296654691,9833
1970-01-06 06:41:00+00:00,0.0024631728153774583,0.001321103807713623,7302
1970-01-06 06:42:00+00:00,0.0029871598189611065,0.0013225542087940735,7561
1970-01-06 06:43:00+00:00,0.0022597510984739538,0.0009961742063175983,7755
1970-01-06 06:44:00+00:00,0.001811308793538042,0.0011601368101389362,7072
1970-01-06 06:45:00+00:00,0.006149595113401522,0.003930444212671173,9834
1970-01-06 06:46:00+00:00,0.002768377607616705,0.0012642116673156842,6722
1970-01-06 06:47:00+00:00,0.0025724522095482826,0.0008884450612310414,7204
1970-01-06 06:48:00+00:00,0.0015798202381262297,0.000924961086659742,7217
1970-01-06 06:49:00+00:00,0.002034338080673978,0.0008033131514320586,7553
1970-01-06 06:50:00+00:00,0.005999009959508801,0.003858745295074859,9836
1970-01-06 06:51:00+00:00,0.0024818199201186567,0.0011174076009266307,7798
1970-01-06 06:52:00+00:00,0.0018960300972185428,0.0010750153968859418,7860
1970-01-06 06:53:00+00:00,0.0025895755865740213,0.0008864307763053987,7163
1970-01-06 06:54:00+00:00,0.001312417931927783,0.0010468360876732274,7700
1970-01-06 06:55:00+00:00,0.006061034005471391,0.003828229920874555,9838
1970-01-06 06:56:00+00:00,0.002279284145069553,0.0010812665512469509,7353
1970-01-06 06:57:00+00:00,0.0019938809390023064,0.0021005443572010727,6756
1970-01-06 06:58:00+00:00,0.001905160294722998,0.000670938652139094,7026
1970-01-06 06:59:00+00:00,0.0018183430723740172,0.0007503885368113742,6970
1970-01-06 07:00:00+00:00,0.0059558080018706746,0.003772771731189061,9837
1970-01-06 07:01:00+00:00,0.0024943827763869685,0.0011128657104294915,7799
1970-01-06 07:02:00+00:00,0.0026182109678459524,0.0011748672675927054,7435
1970-01-06 07:03:00+00:00,0.0018975560381712944,0.0009363345492768939,7452
1970-01-06 07:04:00+00:00,0.0010955305373562614,0.0006517492344683048,7597
1970-01-06 07:05:00+00:00,0.006017561867359811,0.0037845362915776086,9837
1970-01-06 07:06:00+00:00,0.002167076982516518,0.0011099909596455635,6467
1970-01-06 07:07:00+00:00,0.0012589283536834869,0.000948004803824827,7272
1970-01-06 07:08:00+00:00,0.0022247310410704693,0.0008640922956018634,6960
1970-01-06 07:09:00+00:00,0.0014287379794560287,0.0005456032538784553,7381
1970-01-06 07:10:00+00:00,0.005983652789229625,0.003801218764493323,9836
1970-01-06 07:11:00+00:00,0.0022625635309564923,0.0010476382186336806,7411
1970-01-06 07:12:00+00:00,0.0017339439558096052,0.0010265227455443732,6785
1970-01-06 07:13:00+00:00,0.0014938880540727767,0.0007150265269903241,7549
1970-01-06 07:14:00+00:00,0.0012829577747330233,0.0007190652342082604,7872
1970-01-06 07:15:00+00:00,0.006027398507111044,0.003865000506701495,9836
1970-01-06 07:16:00+00:00,0.001950482175798593,0.0012782372409035404,6804
1970-01-06 07:17:00+00:00,0.002435888242278947,0.0013338034566609215,6929
1970-01-06 07:18:00+00:00,0.0025955141158677335,0.001175074082814904,7456
1970-01-06 07:19:00+00:00,0.0017046934023775232,0.0007274186043590898,7652
1970-01-06 07:20:00+00:00,0.0059292062411309895,0.0038380988945278887,9837
1970-01-06 07:21:00+00:00,0.002429163344892491,0.0008034542391447854,6351
1970-01-06 07:22:00+00:00,0.0028704267820903765,0.0006838847961259831,7975
1970-01-06 07:23:00+00:00,0.002163369974183361,0.0013468384456530797,8036
1970-01-06 07:24:00+00:00,0.0020693096988515327,0.0005772534281507858,7489
1970-01-06 07:25:00+00:00,0.005722867317887359,0.003958682005400272,9836
1970-01-06 07:26:00+00:00,0.002896253965905365,0.0008533584717183198,6987
1970-01-06 07:27:00+00:00,0.0023205384982508187,0.0010607235102542037,6470
1970-01-06 07:28:00+00:00,0.0018173785754317007,0.0011204192642239488,6282
1970-01-06 07:29:00+00:00,0.0021111470955777166,0.0006463457000429539,6304
1970-01-06 07:30:00+00:00,0.005750938159700436,0.003965090156273797,9835
1970-01-06 07:31:00+00:00,0.00272441647574341,0.001450935134468775,7560
1970-01-06 07:32:00+00:00,0.002889396134542864,0.0012123236025295382,6868
1970-01-06 07:33:00+00:00,0.002488913888151591,0.0009249653736542556,6472
1970-01-06 07:34:00+00:00,0.002250175924258691,0.0012807786998118985,7126
1970-01-06 07:35:00+00:00,0.005901767569454185,0.003985858900779193,9833
1970-01-06 07:36:00+00:00,0.0031898938982945733,0.0015989533577228275,6706
1970-01-06 07:37:00+00:00,0.0025048747081675067,0.0013268599612475235,7124
1970-01-06 07:38:00+00:00,0.0020262586455157003,0.0011120080747296153,6777
1970-01-06 07:39:00+00:00,0.0015956282554913423,0.0005272416573170287,7590
1970-01-06 07:40:00+00:00,0.005967409701442291,0.0042236431621510626,9833
1970-01-06 07:41:00+00:00,0.0026269326985896577,0.001071499098469941,6276
1970-01-06 07:42:00+00:00,0.0020001400620646747,0.0008344934087188601,6373
1970-01-06 07:43:00+00:00,0.001840815073674304,0.0008077923472588389,5346
1970-01-06 07:44:00+00:00,0.001688126504789125,0.000786146106575026,5684
1970-01-06 07:45:00+00:00,0.0059688599454516475,0.0043219265279266636,9833
1970-01-06 07:46:00+00:00,0.0017186587776268985,0.0009554072392178428,7102
1970-01-06 07:47:00+00:00,0.0014091492573263032,0.0007554620502941727,6883
1970-01-06 07:48:00+00:00,0.00185286494459536,0.0009651187597773238,6502
1970-01-06 07:49:00+00:00,0.0016604834301738335,0.000638491937719492,6277
1970-01-06 07:50:00+00:00,0.0061248936682202805,0.004434370550649667,9833
1970-01-06 07:51:00+00:00,0.0022776641675522472,0.0013215420045342404,6073
1970-01-06 07:52:00+00:00,0.002300423218705436,0.0012437876650549897,5978
1970-01-06 07:53:00+00:00,0.0025744169283332145,0.001535138036492179,6014
1970-01-06 07:54:00+00:00,0.0028337599965344617,0.0014633629977806165,6227
1970-01-06 07:55:00+00:00,0.0056566915279039915,0.004417272238997523,9833
1970-01-06 07:56:00+00:00,0.0017930020865636908,0.0010755337623156028,5685
1970-01-06 07:57:00+00:00,0.0015897459204264426,0.0009362694312030097,5365
1970-01-06 07:58:00+00:00,0.0014628717407642198,0.0009147678677055482,5221
1970-01-06 07:59:00+00:00,0.0014735619127820847,0.0006930066742286422,5092
1970-01-06 08:00:00+00:00,0.0060633790269427655,0.004416930627028613,9833
1970-01-06 08:01:00+00:00,0.0020553371276541767,0.001137590835385339,6467
1970-01-06 08:02:00+00:00,0.0017821017452552127,0.001041068858209251,6011
1970-01-06 08:03:00+00:00,0.0021090221957175237,0.000930465640884928,6371
1970-01-06 08:04:00+00:00,0.0018074288052714856,0.0006733595208728792,5350
1970-01-06 08:05:00+00:00,0.006459449840243533,0.004465602876514382,9833
1970-01-06 08:06:00+00:00,0.0023879476197716716,0.0012336854058150272,5817
1970-01-06 08:07:00+00:00,0.0021021660477233087,0.001128487352391063,5607
1970-01-06 08:08:00+00:00,0.002152505669351615,0.0010303118835180089,5314
1970-01-06 08:09:00+00:00,0.0018736281535589709,0.0008317111051501324,4641
1970-01-06 08:10:00+00:00,0.0066821701242632025,0.004548970320535912,9833
1970-01-06 08:11:00+00:00,0.0023087585392040305,0.0009738225879186558,4798
1970-01-06 08:12:00+00:00,0.002552111791667174,0.0012556353987445603,5561
1970-01-06 08:13:00+00:00,0.0019920388178629234,0.0008533066626631179,3875
1970-01-06 08:14:00+00:00,0.002091820951349769,0.000953570692415162,4683
1970-01-06 08:15:00+00:00,0.0064870435340031824,0.004485973342962638,9834
1970-01-06 08:16:00+00:00,0.0016366917638416638,0.0006869463906668116,7490
1970-01-06 08:17:00+00:00,0.002068688289727603,0.0009582059948012009,5296
1970-01-06 08:18:00+00:00,0.002123444755668555,0.0009221133595963979,4724
1970-01-06 08:19:00+00:00,0.00241577354704012,0.001050916287453373,4296
1970-01-06 08:20:00+00:00,0.006488994901384429,0.0046368021520060525,9835
1970-01-06 08:21:00+00:00,0.002349430205524707,0.0008962224860609861,6280
1970-01-06 08:22:00+00:00,0.0027030422321141162,0.0009257641965352476,4790
1970-01-06 08:23:00+00:00,0.0019193801884849245,0.0008119334933689796,4339
1970-01-06 08:24:00+00:00,0.0018640743097886536,0.0007512429954446991,3942
1970-01-06 08:25:00+00:00,0.006448517778450899,0.004774485417671943,9835
1970-01-06 08:26:00+00:00,0.0021497271656863337,0.0009460808222857372,5007
1970-01-06 08:27:00+00:00,0.0019561484888104353,0.0010083627291968386,5517
1970-01-06 08:28:00+00:00,0.001776185402503389,0.0007261257014940473,4771
1970-01-06 08:29:00+00:00,0.0021556846083900833,0.0009868025372498062,4356
1970-01-06 08:30:00+00:00,0.006393927058147773,0.004816907076795447,9835
1970-01-06 08:31:00+00:00,0.0023565399363692737,0.0011539813147835175,5097
1970-01-06 08:32:00+00:00,0.0024188892034878754,0.0010771966994641575,4718
1970-01-06 08:33:00+00:00,0.0030654838484485136,0.0015433796561159017,5929
1970-01-06 08:34:00+00:00,0.003120991073777871,0.001887794821691531,6581
1970-01-06 08:35:00+00:00,0.006529125901252043,0.004803772059420685,9829
1970-01-06 08:36:00+00:00,0.001993130602629628,0.0009987010171733407,6929
1970-01-06 08:37:00+00:00,0.0019101345831807192,0.001064584929035096,6527
1970-01-06 08:38:00+00:00,0.0018335309997663757,0.0009717660375822946,5020
1970-01-06 08:39:00+00:00,0.001668333417013075,0.0008544366445403122,5390
1970-01-06 08:40:00+00:00,0.007009789427144292,0.00484926645719728,9827
1970-01-06 08:41:00+00:00,0.00328044113406247,0.0018009091185898054,5956
1970-01-06 08:42:00+00:00,0.00319543015176752,0.0014832414985735472,6132
1970-01-06 08:43:00+00:00,0.0022644666353996332,0.0009212051220190858,5305
1970-01-06 08:44:00+00:00,0.0030059002941967357,0.0016565875638288553,5417
1970-01-06 08:45:00+00:00,0.00701154627774868,0.004839966266182953,9827
1970-01-06 08:46:00+00:00,0.003577376435349161,0.0029247230819665552,6399
1970-01-06 08:47:00+00:00,0.0026922917551914253,0.0012883870861131231,6774
1970-01-06 08:48:00+00:00,0.0022326230844879674,0.0010778434283424407,4743
1970-01-06 08:49:00+00:00,0.002714469612974259,0.0015602023461667954,6216
1970-01-06 08:50:00+00:00,0.006934840389877211,0.0047980881073360305,9827
1970-01-06 08:51:00+00:00,0.002212175096944089,0.0012416666255113257,6102
1970-01-06 08:52:00+00:00,0.0031633804966759156,0.001436178265520353,5829
1970-01-06 08:53:00+00:00,0.003173847729558174,0.0015329293680543124,5629
1970-01-06 08:54:00+00:00,0.0027558733192597556,0.001276347973476274,4303
1970-01-06 08:55:00+00:00,0.006921536504181978,0.004846116209829606,9827
1970-01-06 08:56:00+00:00,0.0027431058163320363,0.001162304919684966,5046
1970-01-06 08:57:00+00:00,0.002472847605445202,0.0010272702770555264,5388
1970-01-06 08:58:00+00:00,0.0024810988496359603,0.0013254681723262618,4863
1970-01-06 08:59:00+00:00,0.0027014937623387617,0.001081113250852004,3263
1970-01-06 09:00:00+00:00,0.006920400349159372,0.004907663051926022,9827
1970-01-06 09:01:00+00:00,0.0031723383821602603,0.001552415388780681,4285
1970-01-06 09:02:00+00:00,0.002879664037134731,0.0011978654737596387,4544
1970-01-06 09:03:00+00:00,0.0025974301844249076,0.0010575624274662809,4294
1970-01-06 09:04:00+00:00,0.0031741982094884804,0.0012922847254099776,3580
1970-01-06 09:05:00+00:00,0.007196964531901029,0.004936878998292715,9827
1970-01-06 09:06:00+00:00,0.002328406345770592,0.0010574089910620173,3588
1970-01-06 09:07:00+00:00,0.002593516730236421,0.0013343164793338587,4079
1970-01-06 09:08:00+00:00,0.00287207311828888,0.0012633733364271454,3615
1970-01-06 09:09:00+00:00,0.0021732512769145587,0.0009469228362369635,3466
1970-01-06 09:10:00+00:00,0.007145799184728831,0.004887524881040264,9834
1970-01-06 09:11:00+00:00,0.0032328269886331682,0.0018491655791739183,4804
1970-01-06 09:12:00+00:00,0.003211151180254338,0.0017281962643696774,4066
1970-01-06 09:13:00+00:00,0.002221205936275498,0.0014025581316813882,4942
1970-01-06 09:14:00+00:00,0.0017394148352453806,0.0008708224938533985,4581
1970-01-06 09:15:00+00:00,0.0069349908583690575,0.00493339839607583,9836
1970-01-06 09:16:00+00:00,0.0036532169527385247,0.0019795206965654384,5278
1970-01-06 09:17:00+00:00,0.0024936951475373606,0.0013260785850282694,5583
1970-01-06 09:18:00+00:00,0.0023685850147462124,0.0013394550061475697,5166
1970-01-06 09:19:00+00:00,0.001850268392380841,0.000891498473231026,4781
1970-01-06 09:20:00+00:00,0.006754633374511488,0.00489040441417097,9835
1970-01-06 09:21:00+00:00,0.002554462774255737,0.0010735064621968614,4146
1970-01-06 09:22:00+00:00,0.0017633232345425937,0.0007469521862590638,4589
1970-01-06 09:23:00+00:00,0.0019172046080609363,0.0008299534742129182,3963
1970-01-06 09:24:00+00:00,0.0020911026719817403,0.0012733275508099412,5474
1970-01-06 09:25:00+00:00,0.006759643543649867,0.004758237696417681,9835
1970-01-06 09:26:00+00:00,0.0021971559309658384,0.0012124958582119746,4850
1970-01-06 09:27:00+00:00,0.0021957621851261162,0.0010513690642010973,5247
1970-01-06 09:28:00+00:00,0.0019963709131087973,0.0010815066304887852,5268
1970-01-06 09:29:00+00:00,0.002390679592253361,0.0011667196223798394,5393
1970-01-06 09:30:00+00:00,0.00694983251273463,0.004785609770246523,9834
1970-01-06 09:31:00+00:00,0.0027735282416359434,0.0013600426398615133,5235
1970-01-06 09:32:00+00:00,0.0025241514326060036,0.00143276120110809,5905
1970-01-06 09:33:00+00:00,0.0025582427322614933,0.0014023477188214127,6338
1970-01-06 09:34:00+00:00,0.002012155158618764,0.0011799918103309538,6913
1970-01-06 09:35:00+00:00,0.0066913149837396135,0.004726146463240612,9834
1970-01-06 09:36:00+00:00,0.002605947207079432,0.0011838835232784776,4956
1970-01-06 09:37:00+00:00,0.0023820037803674874,0.0010229073622089553,5053
1970-01-06 09:38:00+00:00,0.0025385807655058097,0.001202115692829812,5217
1970-01-06 09:39:00+00:00,0.0019238818952819596,0.000882183067150155,5296
1970-01-06 09:40:00+00:00,0.006513921066629639,0.0047065239394035625,9835
1970-01-06 09:41:00+00:00,0.0026052992813107244,0.0014810365775646045,6203
1970-01-06 09:42:00+00:00,0.002404257181401016,0.0013619259055082215,5153
1970-01-06 09:43:00+00:00,0.0021656053533739283,0.0010813083979299518,5391
1970-01-06 09:44:00+00:00,0.0027002300906754802,0.0013912049755077098,5669
1970-01-06 09:45:00+00:00,0.006670933973251815,0.004705730044211886,9833
1970-01-06 09:46:00+00:00,0.0024937640453988608,0.0011384230777711298,5713
1970-01-06 09:47:00+00:00,0.0028301882666492795,0.0015960811897005596,5581
1970-01-06 09:48:00+00:00,0.002087628047827957,0.0010053097269412802,5634
1970-01-06 09:49:00+00:00,0.0036879265336140065,0.002044415369643802,8194
1970-01-06 09:50:00+00:00,0.006666593778211246,0.004668148503125243,9832
1970-01-06 09:51:00+00:00,0.0026254501804199694,0.0013502685137359212,5889
1970-01-06 09:52:00+00:00,0.003500940692478742,0.002145084461332574,6729
1970-01-06 09:53:00+00:00,0.0023255743741377485,0.0012433464142565208,5063
1970-01-06 09:54:00+00:00,0.0018679287106002102,0.0009724339154852253,6832
1970-01-06 09:55:00+00:00,0.006732961267878968,0.004772392153013941,9832
1970-01-06 09:56:00+00:00,0.0035683933552020913,0.0019929796243653877,4797
1970-01-06 09:57:00+00:00,0.002877663730416894,0.001391424303999482,5547
1970-01-06 09:58:00+00:00,0.002136214871847643,0.0009131455442358406,4092
1970-01-06 09:59:00+00:00,0.0023276014844963566,0.0009747018579860828,5697
1970-01-06 10:00:00+00:00,0.006872460435457412,0.004769675855565017,9831
1970-01-06 10:01:00+00:00,0.0031707805062820946,0.001580240151035847,5340
1970-01-06 10:02:00+00:00,0.002832287941378166,0.0012668707996024839,5727
1970-01-06 10:03:00+00:00,0.002667320726440872,0.0010945972164515948,5385
1970-01-06 10:04:00+00:00,0.0020338313305231035,0.0012243278354778643,6429
1970-01-06 10:05:00+00:00,0.0069102545646959855,0.004817748713660847,9833
1970-01-06 10:06:00+00:00,0.002825889555369627,0.0014113869861752178,4576
1970-01-06 10:07:00+00:00,0.002757691066113032,0.0013409780620127064,5253
1970-01-06 10:08:00+00:00,0.001979745161061753,0.001230958861241628,5209
1970-01-06 10:09:00+00:00,0.0021970459628345264,0.0010292066173513254,4479
1970-01-06 10:10:00+00:00,0.00681449501631873,0.004885955934897645,9834
1970-01-06 10:11:00+00:00,0.003222611269887633,0.0017381886341389721,3970
1970-01-06 10:12:00+00:00,0.0032693072374664358,0.0017490202742359326,5106
1970-01-06 10:13:00+00:00,0.0023034894214377668,0.001218014778021008,3758
1970-01-06 10:14:00+00:00,0.0026637027384846324,0.0013014624661114743,3136
1970-01-06 10:15:00+00:00,0.006656786838722837,0.004836972294676494,9834
1970-01-06 10:16:00+00:00,0.0026171777994724145,0.0011512787879983473,3947
1970-01-06 10:17:00+00:00,0.002946402227386018,0.0013286629675661687,5715
1970-01-06 10:18:00+00:00,0.002669663313052592,0.001095129127436858,4267
1970-01-06 10:19:00+00:00,0.002625028993976085,0.001230025581980306,3900
1970-01-06 10:20:00+00:00,0.006540132715962572,0.004884385421685276,9833
1970-01-06 10:21:00+00:00,0.0034148415198426182,0.0017440306189900612,4613
1970-01-06 10:22:00+00:00,0.0026890478479154748,0.0013195482498134274,4935
1970-01-06 10:23:00+00:00,0.0027506778717485787,0.00184919117797126,5189
1970-01-06 10:24:00+00:00,0.0027900497234330164,0.0015387926391260672,4357
1970-01-06 10:25:00+00:00,0.006776814165020382,0.004829240221463937,9833
1970-01-06 10:26:00+00:00,0.002952616030453179,0.0016354425816448208,5229
1970-01-06 10:27:00+00:00,0.002622117641325147,0.0015495291735321095,4634
1970-01-06 10:28:00+00:00,0.0029055350245345115,0.0014166971196890759,4451
1970-01-06 10:29:00+00:00,0.0026880409461694293,0.0016275362027491436,5426
1970-01-06 10:30:00+00:00,0.006886461403709883,0.004831979439164743,9834
1970-01-06 10:31:00+00:00,0.0032505617526221516,0.001866006024426204,6020
1970-01-06 10:32:00+00:00,0.0035454587535152927,0.0020132033746224614,5680
1970-01-06 10:33:00+00:00,0.0025076785532773776,0.001315419160673239,4767
1970-01-06 10:34:00+00:00,0.0030684046323987907,0.0011344512405577223,3903
1970-01-06 10:35:00+00:00,0.007010009675682966,0.0048576758344007365,9835
1970-01-06 10:36:00+00:00,0.0036048626167523843,0.001564163243653103,4112
1970-01-06 10:37:00+00:00,0.003170230507149597,0.0017622034046293252,6031
1970-01-06 10:38:00+00:00,0.0038067653708041813,0.002129765460254034,4952
1970-01-06 10:39:00+00:00,0.002673767985270879,0.0012879492580026785,5614
1970-01-06 10:40:00+00:00,0.006961387682796628,0.0048284346293786815,9834
1970-01-06 10:41:00+00:00,0.0032294777518208813,0.0014283194685765822,4818
1970-01-06 10:42:00+00:00,0.0032067064220887135,0.0014042829745674003,4768
1970-01-06 10:43:00+00:00,0.0026868275409704114,0.0010977159112676215,4752
1970-01-06 10:44:00+00:00,0.0019967058302102574,0.0008450072137344917,4439
1970-01-06 10:45:00+00:00,0.006864124003846864,0.004735022143766654,9835
1970-01-06 10:46:00+00:00,0.0022179895686380334,0.0009304952338359565,4358
1970-01-06 10:47:00+00:00,0.0028885015432196302,0.0010641714876238398,4536
1970-01-06 10:48:00+00:00,0.0021661959601765595,0.0007600023719147996,4124
1970-01-06 10:49:00+00:00,0.0021685495025470366,0.0007941502575051512,4915
1970-01-06 10:50:00+00:00,0.00688982346198713,0.004748193320180161,9834
1970-01-06 10:51:00+00:00,0.003015492046148609,0.0014018932982879288,3986
1970-01-06 10:52:00+00:00,0.003212683032657107,0.0016221030619134492,4347
1970-01-06 10:53:00+00:00,0.0022389052736649893,0.0012490512417353838,3960
1970-01-06 10:54:00+00:00,0.0022255027099932455,0.0009062580743240481,3577
1970-01-06 10:55:00+00:00,0.006961449384649554,0.004810719503547145,9834
1970-01-06 10:56:00+00:00,0.0027857430923511743,0.00141185199310633,5927
1970-01-06 10:57:00+00:00,0.002347977132133692,0.0010024182890804878,3873
1970-01-06 10:58:00+00:00,0.002389065570544717,0.0012865029511746288,5096
1970-01-06 10:59:00+00:00,0.0019324704155721547,0.0009099609245188128,4425
1970-01-06 11:00:00+00:00,0.0067450454700167285,0.004801473067462193,9834
1970-01-06 11:01:00+00:00,0.0029291102848620844,0.0015399344957020985,5210
1970-01-06 11:02:00+00:00,0.0038928891983500244,0.0018356985353497092,5340
1970-01-06 11:03:00+00:00,0.0036589878474523074,0.0015020321894155873,4395
1970-01-06 11:04:00+00:00,0.003020479326737497,0.0013016317294247568,6366
1970-01-06 11:05:00+00:00,0.006626192631004645,0.004706062903353521,9833
1970-01-06 11:06:00+00:00,0.0032581865382818862,0.0015435185048559364,5229
1970-01-06 11:07:00+00:00,0.0028277355916398704,0.0014645490065415406,4236
1970-01-06 11:08:00+00:00,0.0029226525518777236,0.001321950660770285,5210
1970-01-06 11:09:00+00:00,0.0022557864759312042,0.0013359976222509756,6574
1970-01-06 11:10:00+00:00,0.006683849101791838,0.004777701412054382,9834
1970-01-06 11:11:00+00:00,0.0031380855868400727,0.001682758304829926,4831
1970-01-06 11:12:00+00:00,0.0035444740138928276,0.0014392889514670448,3501
1970-01-06 11:13:00+00:00,0.003325484830552537,0.0012970874835918499,4161
1970-01-06 11:14:00+00:00,0.0023037718887190845,0.0009316754964482411,4572
1970-01-06 11:15:00+00:00,0.006771024504216777,0.004805047943237465,9834
1970-01-06 11:16:00+00:00,0.004004091958756346,0.0017178410398168405,4623
1970-01-06 11:17:00+00:00,0.0031953778731128382,0.0013357372949162909,4939
1970-01-06 11:18:00+00:00,0.003038804957106462,0.0014102755507937755,3551
1970-01-06 11:19:00+00:00,0.0029799928422183245,0.0013909423927740425,4868
1970-01-06 11:20:00+00:00,0.006810461958696229,0.0047983542742774605,9832
1970-01-06 11:21:00+00:00,0.0030566577709698526,0.0013329053576707356,4360
1970-01-06 11:22:00+00:00,0.002347646847571017,0.0012614459063822762,5070
1970-01-06 11:23:00+00:00,0.002414444309965045,0.0011535006853036081,4868
1970-01-06 11:24:00+00:00,0.002543578340970778,0.0010702911751100121,3997
1970-01-06 11:25:00+00:00,0.006696190725512749,0.00474859494271102,9833
1970-01-06 11:26:00+00:00,0.0027698812074016623,0.0012611319240483003,4216
1970-01-06 11:27:00+00:00,0.0027593924200873406,0.0014410278468625457,5521
1970-01-06 11:28:00+00:00,0.0026655865192387763,0.0011214981296486593,4160
1970-01-06 11:29:00+00:00,0.002471299328322864,0.001139140597608974,4585
1970-01-06 11:30:00+00:00,0.0065727747099427,0.004806863522163702,9832
1970-01-06 11:31:00+00:00,0.0028196217879621877,0.0018556361533025147,5624
1970-01-06 11:32:00+00:00,0.0027672735470592002,0.0016297964463285958,5377
1970-01-06 11:33:00+00:00,0.0024362319502945384,0.00127442305352859,3916
1970-01-06 11:34:00+00:00,0.0025609686132326346,0.001281338837666211,4930
1970-01-06 11:35:00+00:00,0.006971635033597487,0.004824421841948853,9831
1970-01-06 11:36:00+00:00,0.002764485755759265,0.0013478642108218136,4710
1970-01-06 11:37:00+00:00,0.0032050852405624175,0.0016800627613236324,4220
1970-01-06 11:38:00+00:00,0.0033543876104430302,0.001632731585025925,4582
1970-01-06 11:39:00+00:00,0.003123488701377886,0.0013821462990238524,5238
1970-01-06 11:40:00+00:00,0.00696193583269776,0.004787616448572394,9832
1970-01-06 11:41:00+00:00,0.0035991819711839817,0.00194486992492519,6899
1970-01-06 11:42:00+00:00,0.003353826321630699,0.0022083593587981973,6545
1970-01-06 11:43:00+00:00,0.003209186711484545,0.001976185420182091,6048
1970-01-06 11:44:00+00:00,0.0025904341264395224,0.0016466372229478742,5742
1970-01-06 11:45:00+00:00,0.006741966964174223,0.004791475442388872,9832
1970-01-06 11:46:00+00:00,0.0030046147784402962,0.0017281412540557383,5298
1970-01-06 11:47:00+00:00,0.003273679055222985,0.0013957633092251433,3295
1970-01-06 11:48:00+00:00,0.0027103074597369494,0.0014816735613596228,4643
1970-01-06 11:49:00+00:00,0.0026470904597877447,0.0015168969078371297,5013
1970-01-06 11:50:00+00:00,0.006835454548676325,0.004805526630140753,9832
1970-01-06 11:51:00+00:00,0.0025807056424153947,0.0013476774244083943,5057
1970-01-06 11:52:00+00:00,0.002788804683809973,0.0012812108307882109,3968
1970-01-06 11:53:00+00:00,0.0028880998507307743,0.0013789948607117904,4398
1970-01-06 11:54:00+00:00,0.0026849333549674027,0.0009660438829158478,4110
1970-01-06 11:55:00+00:00,0.007058349829305473,0.0048035688898463375,9832
1970-01-06 11:56:00+00:00,0.002832118163063056,0.0013571189393571774,3890
1970-01-06 11:57:00+00:00,0.0033329965229745347,0.0015551796351040738,4727
1970-01-06 11:58:00+00:00,0.002726090629602829,0.0014709513109288032,4345
1970-01-06 11:59:00+00:00,0.002146202552538621,0.0010677269103673724,5451
1970-01-06 12:00:00+00:00,0.006978379421979546,0.0048014722809110975,9833
1970-01-06 12:01:00+00:00,0.0029402274672824134,0.0015733929357310782,5036
1970-01-06 12:02:00+00:00,0.003204170562018778,0.0016899705047111531,4050
1970-01-06 12:03:00+00:00,0.0029854925179771253,0.001783123077869533,5616
1970-01-06 12:04:00+00:00,0.0027782732727255955,0.0014999559423639183,5572
1970-01-06 12:05:00+00:00,0.006881929140931533,0.004809637733414686,9834
1970-01-06 12:06:00+00:00,0.0029837797418175147,0.0017480343247514864,7144
1970-01-06 12:07:00+00:00,0.0022163013212359423,0.001359206195161628,5612
1970-01-06 12:08:00+00:00,0.00260297390216952,0.0015856333032646848,4951
1970-01-06 12:09:00+00:00,0.002336380709765763,0.0012415715557859035,4782
1970-01-06 12:10:00+00:00,0.006966644676702887,0.004820017275470658,9834
1970-01-06 12:11:00+00:00,0.004004464967621811,0.0020044535336805024,5351
1970-01-06 12:12:00+00:00,0.003688595846842159,0.002196183744985628,5448
1970-01-06 12:13:00+00:00,0.0031646772459917173,0.0016787710105950905,3340
1970-01-06 12:14:00+00:00,0.0035055679151625957,0.0017734288403786303,4503
1970-01-06 12:15:00+00:00,0.00706919390072497,0.004856237155762053,9832
1970-01-06 12:16:00+00:00,0.0034487923918778305,0.0017203744365906332,6415
1970-01-06 12:17:00+00:00,0.003204114508058007,0.0016398159495720993,5448
1970-01-06 12:18:00+00:00,0.0033440682319895217,0.0019502467965236215,4556
1970-01-06 12:19:00+00:00,0.0035561214375837975,0.0017818346316190651,4655
1970-01-06 12:20:00+00:00,0.007129256912158305,0.004890693459590655,9832
1970-01-06 12:21:00+00:00,0.0034378432281627273,0.001832997045146317,5228
1970-01-06 12:22:00+00:00,0.0037460029180311208,0.0014622211015517567,4092
1970-01-06 12:23:00+00:00,0.0035409868703557184,0.001745650315969671,3593
1970-01-06 12:24:00+00:00,0.002895680688876603,0.0012256430148701834,3357
1970-01-06 12:25:00+00:00,0.0070660332452036284,0.004893511158669865,9832
1970-01-06 12:26:00+00:00,0.003320171990370394,0.0018269390019063458,4936
1970-01-06 12:27:00+00:00,0.0030549852994397435,0.001483923504791121,5381
1970-01-06 12:28:00+00:00,0.00279090168515531,0.0015846716970639447,5052
1970-01-06 12:29:00+00:00,0.002726352906693184,0.0013143502865655585,3874
1970-01-06 12:30:00+00:00,0.007055891565684159,0.00490831509910284,9836
1970-01-06 12:31:00+00:00,0.003871635571266089,0.002052056547257235,5263
1970-01-06 12:32:00+00:00,0.0036926189016167348,0.0019923370798471314,4579
1970-01-06 12:33:00+00:00,0.003277724662363568,0.0014338256342241152,3429
1970-01-06 12:34:00+00:00,0.003098600240227175,0.0014659589258929802,4395
1970-01-06 12:35:00+00:00,0.007095407953715479,0.004904530953038924,9834
1970-01-06 12:36:00+00:00,0.0033875772543385434,0.0014119091349313103,3398
1970-01-06 12:37:00+00:00,0.004302758478655409,0.0016108112395637792,3103
1970-01-06 12:38:00+00:00,0.0035989879382257316,0.0014381150274556935,3389
1970-01-06 12:39:00+00:00,0.0027675049734930545,0.0011303581571622898,3450
1970-01-06 12:40:00+00:00,0.006976444960570269,0.004866406714705922,9834
1970-01-06 12:41:00+00:00,0.004208291036362087,0.0021503020009936437,4360
1970-01-06 12:42:00+00:00,0.0038717536363545905,0.0018779293701996548,4580
1970-01-06 12:43:00+00:00,0.0033785941746949408,0.001829976665257089,3935
1970-01-06 12:44:00+00:00,0.0027015544461799026,0.001203631281892162,4387
1970-01-06 12:45:00+00:00,0.006874679128856182,0.004858303054644969,9831
1970-01-06 12:46:00+00:00,0.0036543107468035066,0.0018510874486830928,4188
1970-01-06 12:47:00+00:00,0.003331287830416346,0.0017946029192363229,4411
1970-01-06 12:48:00+00:00,0.0029642907797853015,0.0016795535542271233,4750
1970-01-06 12:49:00+00:00,0.0026616500105910586,0.0011691901896503788,3493
1970-01-06 12:50:00+00:00,0.006805238582869454,0.00483659747526977,9830
1970-01-06 12:51:00+00:00,0.002832166085075848,0.0017519375779812324,5976
1970-01-06 12:52:00+00:00,0.0028558160410803255,0.0013551342899413427,4263
1970-01-06 12:53:00+00:00,0.004134084334057684,0.0013507040198148187,3678
1970-01-06 12:54:00+00:00,0.004174674587266946,0.0014601234738753541,5045
1970-01-06 12:55:00+00:00,0.006928043117530828,0.004808600208348808,9830
1970-01-06 12:56:00+00:00,0.004672587797964025,0.001373526756565419,4143
1970-01-06 12:57:00+00:00,0.006250225676615003,0.0016431119908718224,5680
1970-01-06 12:58:00+00:00,0.0047035152864316025,0.0019054987711737532,5126
1970-01-06 12:59:00+00:00,0.004440360416725448,0.0014489296363745113,4779
1970-01-06 13:00:00+00:00,0.007005894277057253,0.004820294647267065,9828
1970-01-06 13:01:00+00:00,0.004623421323687505,0.0018176095367120801,5303
1970-01-06 13:02:00+00:00,0.003600754565985713,0.001679670597949887,4921
1970-01-06 13:03:00+00:00,0.002770237641963118,0.0016641758418016468,5697
1970-01-06 13:04:00+00:00,0.0028792764411632054,0.0014914851338997178,4963
1970-01-06 13:05:00+00:00,0.0069309311413886816,0.0048239908897932905,9828
1970-01-06 13:06:00+00:00,0.003013116673113564,0.0014618732133828373,4563
1970-01-06 13:07:00+00:00,0.00282495084111808,0.001388260514521211,4613
1970-01-06 13:08:00+00:00,0.0029521714667788525,0.0013189424330713557,3167
1970-01-06 13:09:00+00:00,0.00305532079777497,0.0016413288365651735,4319
1970-01-06 13:10:00+00:00,0.006890737542351864,0.0048198613931850634,9830
1970-01-06 13:11:00+00:00,0.0035752659679820025,0.0018891502819740177,6291
1970-01-06 13:12:00+00:00,0.0030925186941514085,0.001826927496506516,6831
1970-01-06 13:13:00+00:00,0.0030016695178283303,0.0018401666438049218,6104
1970-01-06 13:14:00+00:00,0.00327873540681401,0.0019397494580551933,5758
1970-01-06 13:15:00+00:00,0.007017677270776632,0.004794036133436926,9829
1970-01-06 13:16:00+00:00,0.0036436029292900604,0.0019546314351415717,5320
1970-01-06 13:17:00+00:00,0.003179114848336888,0.0017595305712210852,5177
1970-01-06 13:18:00+00:00,0.003227598734830457,0.0012439216985373047,4071
1970-01-06 13:19:00+00:00,0.002439272957176906,0.0010520701213515317,4079
1970-01-06 13:20:00+00:00,0.007062719781419963,0.004803049617667832,9828
1970-01-06 13:21:00+00:00,0.003028917196082489,0.0013999936586484947,5351
1970-01-06 13:22:00+00:00,0.00271499609785215,0.0010064773680325963,5319
1970-01-06 13:23:00+00:00,0.002370245023109984,0.0012902351431796739,6243
1970-01-06 13:24:00+00:00,0.002368490863093726,0.0011158843566621147,5793
1970-01-06 13:25:00+00:00,0.006854860797966436,0.004738773591459345,9829
1970-01-06 13:26:00+00:00,0.0036620396778716162,0.001627252891279782,5102
1970-01-06 13:27:00+00:00,0.0032197643420181373,0.0013958249506511096,5341
1970-01-06 13:28:00+00:00,0.0027135365115603873,0.0011894814426992395,5456
1970-01-06 13:29:00+00:00,0.0025456319722973403,0.001058899942947543,3765
1970-01-06 13:30:00+00:00,0.007022982725541023,0.004844739141763852,9825
1970-01-06 13:31:00+00:00,0.003133067124546616,0.001347559012976951,4210
1970-01-06 13:32:00+00:00,0.0029439837750156773,0.0014359653230868587,5289
1970-01-06 13:33:00+00:00,0.0027304237100731813,0.0012090994001748543,4987
1970-01-06 13:34:00+00:00,0.0030748568187102363,0.0012580391451798747,3268
1970-01-06 13:35:00+00:00,0.007011385129355523,0.004863147794648986,9825
1970-01-06 13:36:00+00:00,0.0037626815064451856,0.001655309755856121,4291
1970-01-06 13:37:00+00:00,0.0026525370664106725,0.0012862634405467314,4560
1970-01-06 13:38:00+00:00,0.0030882980004538576,0.001392827627011817,4934
1970-01-06 13:39:00+00:00,0.002495632496215707,0.0010845897312565926,3710
1970-01-06 13:40:00+00:00,0.006922111113537155,0.004815847792617559,9823
1970-01-06 13:41:00+00:00,0.0033971828269402857,0.00149892594880776,4146
1970-01-06 13:42:00+00:00,0.0037816789743018568,0.0016995625301339738,3598
1970-01-06 13:43:00+00:00,0.002928495129658514,0.0014090946795313369,4629
1970-01-06 13:44:00+00:00,0.0021454758746527196,0.0008724288632284515,3782
1970-01-06 13:45:00+00:00,0.006956377442011267,0.004854764448626745,9823
1970-01-06 13:46:00+00:00,0.0033158487998522284,0.001432408570733837,3333
1970-01-06 13:47:00+00:00,0.0030269218125248795,0.0014204140682365259,4456
1970-01-06 13:48:00+00:00,0.0026646124568733926,0.0012382129885801368,3260
1970-01-06 13:49:00+00:00,0.0028987761879056156,0.0013130479789889567,5432
1970-01-06 13:50:00+00:00,0.007193797878137384,0.0048637354909291265,9824
1970-01-06 13:51:00+00:00,0.0028753880811990566,0.0015661806417299523,5691
1970-01-06 13:52:00+00:00,0.002834930768358979,0.001335573043846871,4967
1970-01-06 13:53:00+00:00,0.003048033362514217,0.0011803999176752224,3505
1970-01-06 13:54:00+00:00,0.002811598787198393,0.0011620132005841653,3160
1970-01-06 13:55:00+00:00,0.007181845613032179,0.004912949767504536,9827
1970-01-06 13:56:00+00:00,0.003584467388942666,0.0017168245851652106,4153
1970-01-06 13:57:00+00:00,0.00302391532243836,0.001494980875952536,4551
1970-01-06 13:58:00+00:00,0.0033053012081452966,0.0013848499245245243,4141
1970-01-06 13:59:00+00:00,0.0028465398981688036,0.0011362520541631986,3480
1970-01-06 14:00:00+00:00,0.0070897086872470216,0.004916862088231624,9826
1970-01-06 14:01:00+00:00,0.0035067511419964686,0.0016917688214880748,3857
1970-01-06 14:02:00+00:00,0.0031133796308461625,0.001325941834139833,4535
1970-01-06 14:03:00+00:00,0.0031212384508084497,0.0013648824036049429,3939
1970-01-06 14:04:00+00:00,0.002742096081791725,0.0010482466518921974,2985
1970-01-06 14:05:00+00:00,0.006941624104342222,0.0048638420403375494,9827
1970-01-06 14:06:00+00:00,0.003154443799432236,0.0012548121294345643,3264
1970-01-06 14:07:00+00:00,0.0036630514812979174,0.001635052710691024,4670
1970-01-06 14:08:00+00:00,0.003222875923763562,0.0013678553828369165,3663
1970-01-06 14:09:00+00:00,0.002692251457633294,0.001037848702137169,3046
1970-01-06 14:10:00+00:00,0.007042993821167717,0.004897639223829985,9830
1970-01-06 14:11:00+00:00,0.0036883921612008933,0.001605400896281646,3886
1970-01-06 14:12:00+00:00,0.0031756548146110266,0.0015956089527511357,4278
1970-01-06 14:13:00+00:00,0.003276815458479764,0.0016113565658500805,4242
1970-01-06 14:14:00+00:00,0.003669468986833391,0.0015088460190559947,3532
1970-01-06 14:15:00+00:00,0.007051934472235714,0.004890615761953924,9828
1970-01-06 14:16:00+00:00,0.003842924761727409,0.001494081002462645,3729
1970-01-06 14:17:00+00:00,0.0036397961973813134,0.0015917394725953756,4467
1970-01-06 14:18:00+00:00,0.002819021459070251,0.0010907847586687656,4260
1970-01-06 14:19:00+00:00,0.0031776987441799564,0.00122205531244151,4019
1970-01-06 14:20:00+00:00,0.006931372519740545,0.004856943592045159,9830
1970-01-06 14:21:00+00:00,0.003327782964826528,0.0015403720653927881,4623
1970-01-06 14:22:00+00:00,0.0032991432733559174,0.0016125124619692536,5063
1970-01-06 14:23:00+00:00,0.0026393950716240627,0.001409161121523723,5007
1970-01-06 14:24:00+00:00,0.002408758282091056,0.0011000119898307878,4489
1970-01-06 14:25:00+00:00,0.006796091038633772,0.004836384635981772,9829
1970-01-06 14:26:00+00:00,0.0030540167565229768,0.0017423043211795147,5458
1970-01-06 14:27:00+00:00,0.0025211482068757825,0.0012505256353690108,4055
1970-01-06 14:28:00+00:00,0.0030277163781201218,0.0013614091464897752,4016
1970-01-06 14:29:00+00:00,0.002795324429081122,0.0011505075840322412,3068
1970-01-06 14:30:00+00:00,0.006829162222812074,0.004854055017610337,9829
1970-01-06 14:31:00+00:00,0.0031941334593970807,0.001251334289334854,3474
1970-01-06 14:32:00+00:00,0.005442300932504839,0.00154602561050094,4834
1970-01-06 14:33:00+00:00,0.00531848643651667,0.001206039465279912,4538
1970-01-06 14:34:00+00:00,0.005428397634620473,0.0013184848106757882,4516
1970-01-06 14:35:00+00:00,0.007059678334497265,0.004819125759263974,9830
1970-01-06 14:36:00+00:00,0.0032734010815442965,0.0014482029421791515,4474
1970-01-06 14:37:00+00:00,0.002815502424315846,0.0013292221715780668,4488
1970-01-06 14:38:00+00:00,0.0026655545161674947,0.0011298662089479895,3458
1970-01-06 14:39:00+00:00,0.003032833349633641,0.0010816297284651426,3672
1970-01-06 14:40:00+00:00,0.007054440468532952,0.004811465972640706,9833
1970-01-06 14:41:00+00:00,0.0036763377423698995,0.0014904919002330568,4352
1970-01-06 14:42:00+00:00,0.0031991391607619113,0.001372569989730057,5398
1970-01-06 14:43:00+00:00,0.0027117663029028855,0.0013535964437515827,5198
1970-01-06 14:44:00+00:00,0.0027465662860298294,0.0011897460476585273,4070
1970-01-06 14:45:00+00:00,0.006951422623133359,0.004833635838706926,9835
1970-01-06 14:46:00+00:00,0.0028886922024159434,0.0012561967931739488,3248
1970-01-06 14:47:00+00:00,0.003023872597680019,0.001563163782587115,5527
1970-01-06 14:48:00+00:00,0.003241911992582066,0.0016471635512083803,5055
1970-01-06 14:49:00+00:00,0.002911502999290355,0.0014234397324504274,5681
1970-01-06 14:50:00+00:00,0.006747152082277405,0.004768398296122464,9832
1970-01-06 14:51:00+00:00,0.0029879113177009252,0.00141061127535165,5039
1970-01-06 14:52:00+00:00,0.0032584857756764135,0.0013886090134154186,4475
1970-01-06 14:53:00+00:00,0.003835984703738681,0.0013644855068943233,3580
1970-01-06 14:54:00+00:00,0.0025237101100705032,0.000926605868767649,4697
1970-01-06 14:55:00+00:00,0.00654462516204177,0.00467867420501257,9832
1970-01-06 14:56:00+00:00,0.002062689094697762,0.0009956520811617705,4553
1970-01-06 14:57:00+00:00,0.0026673797827046386,0.0012182089793401703,4150
1970-01-06 14:58:00+00:00,0.0027473930170714236,0.0012578762571511233,4710
1970-01-06 14:59:00+00:00,0.0023406787802896308,0.0010016552083826967,4680
1970-01-06 15:00:00+00:00,0.0066596347930069815,0.004715387947441511,9829
1970-01-06 15:01:00+00:00,0.0022900357294428826,0.0013962144956680262,5020
1970-01-06 15:02:00+00:00,0.002671695960343303,0.001237798812247284,3874
1970-01-06 15:03:00+00:00,0.0029074249744269897,0.0013332465769713394,3986
1970-01-06 15:04:00+00:00,0.002413865242536979,0.001342869137802258,5800
1970-01-06 15:05:00+00:00,0.006690164740982923,0.004747449012471426,9830
1970-01-06 15:06:00+00:00,0.0024017788321268677,0.001368011322522025,4331
1970-01-06 15:07:00+00:00,0.0024644329358529792,0.0014224919680685631,5317
1970-01-06 15:08:00+00:00,0.001972682696858846,0.0012181830915762362,5197
1970-01-06 15:09:00+00:00,0.001959044857069367,0.0011325285765068735,5294
1970-01-06 15:10:00+00:00,0.006152440675635943,0.004683731093857051,9829
1970-01-06 15:11:00+00:00,0.002736722860781925,0.0012774962431568308,3912
1970-01-06 15:12:00+00:00,0.0025654219091941436,0.0014005722543638816,5095
1970-01-06 15:13:00+00:00,0.0030035414931197818,0.0013396532178234877,4233
1970-01-06 15:14:00+00:00,0.0025921593193814693,0.001162350490480092,5631
1970-01-06 15:15:00+00:00,0.006814734652310871,0.004734412341298131,9831
1970-01-06 15:16:00+00:00,0.002564596995248733,0.0011512197533084495,3662
1970-01-06 15:17:00+00:00,0.0027320417177406115,0.0012681861116487759,4203
1970-01-06 15:18:00+00:00,0.0024531967542240248,0.001115949635078761,4300
1970-01-06 15:19:00+00:00,0.0029369189245810343,0.0008898058457725489,3296
1970-01-06 15:20:00+00:00,0.0069161849477555725,0.004711963093154568,9832
1970-01-06 15:21:00+00:00,0.0032618833388641856,0.0014289291999894597,5105
1970-01-06 15:22:00+00:00,0.003023535086200571,0.0013230185480937091,4439
1970-01-06 15:23:00+00:00,0.0023946732733982476,0.0011613383590875377,5502
1970-01-06 15:24:00+00:00,0.003078872732703573,0.0014798381726066883,5176
1970-01-06 15:25:00+00:00,0.006450471894358256,0.004650259140038932,9832
1970-01-06 15:26:00+00:00,0.002792322950253257,0.001391668023906741,5169
1970-01-06 15:27:00+00:00,0.0026302301193577853,0.0014322054080431546,5874
1970-01-06 15:28:00+00:00,0.002842015835237937,0.0014376250830609473,4562
1970-01-06 15:29:00+00:00,0.0028032971344482674,0.0014012111798167378,4592
1970-01-06 15:30:00+00:00,0.006059912339560741,0.0046572933444183635,9828
1970-01-06 15:31:00+00:00,0.002230134561895927,0.001045572462679527,5165
1970-01-06 15:32:00+00:00,0.0026541688798883273,0.0011201990631235631,4360
1970-01-06 15:33:00+00:00,0.0025587428107314496,0.001395800884476556,4454
1970-01-06 15:34:00+00:00,0.002501880296648506,0.0011629583041462136,3728
1970-01-06 15:35:00+00:00,0.006065614370172844,0.0046101809616240315,9828
1970-01-06 15:36:00+00:00,0.002655146312128548,0.0015398449553685593,4994
1970-01-06 15:37:00+00:00,0.0026567227968450134,0.0011568267003421832,4948
1970-01-06 15:38:00+00:00,0.003128333885135909,0.0012567010091111839,3816
1970-01-06 15:39:00+00:00,0.00301444610017331,0.00129092371337642,5103
1970-01-06 15:40:00+00:00,0.006195937070827782,0.00457539021295523,9826
1970-01-06 15:41:00+00:00,0.002607154528432353,0.0012582737621988922,4565
1970-01-06 15:42:00+00:00,0.0027363425806948955,0.0011428919147963988,4610
1970-01-06 15:43:00+00:00,0.002890267671660265,0.0013454422611379646,5282
1970-01-06 15:44:00+00:00,0.0029623127724868127,0.0013615624651201483,5708
1970-01-06 15:45:00+00:00,0.006039197885792982,0.004536242192432016,9826
1970-01-06 15:46:00+00:00,0.0025743336219917656,0.0014859566204152846,5779
1970-01-06 15:47:00+00:00,0.002769907570736927,0.00145977708904535,5330
1970-01-06 15:48:00+00:00,0.002753075935701416,0.0014056699559908163,5098
1970-01-06 15:49:00+00:00,0.0026603375271824427,0.0012166455934401236,5072
1970-01-06 15:50:00+00:00,0.00642040594812513,0.004591527016173976,9825
1970-01-06 15:51:00+00:00,0.0025829395103961093,0.001090259717091638,4552
1970-01-06 15:52:00+00:00,0.002738917634615882,0.001111997870769099,3424
1970-01-06 15:53:00+00:00,0.002699833729150785,0.001106812440001575,3325
1970-01-06 15:54:00+00:00,0.0022603658962410617,0.0010706783078104146,4458
1970-01-06 15:55:00+00:00,0.006795979722269802,0.004665409433467358,9827
1970-01-06 15:56:00+00:00,0.002421876084782423,0.0011934879656167717,4285
1970-01-06 15:57:00+00:00,0.002168354136686769,0.0010427656360450781,4413
1970-01-06 15:58:00+00:00,0.0022291400926151093,0.001021901207049448,3662
1970-01-06 15:59:00+00:00,0.0023102496921878755,0.0008173792187267676,2492
1970-01-06 16:00:00+00:00,0.006538422444505149,0.004666460555647094,9827
1970-01-06 16:01:00+00:00,0.002379257428608006,0.001073694070867045,3997
1970-01-06 16:02:00+00:00,0.0027223480118207877,0.0010525369828172338,2697
1970-01-06 16:03:00+00:00,0.0022481585150057005,0.0009332186116044473,2502
1970-01-06 16:04:00+00:00,0.002186526169846552,0.0007868694512466264,2487
1970-01-06 16:05:00+00:00,0.006348248322656299,0.004690692421738228,9826
1970-01-06 16:06:00+00:00,0.0023541688092135575,0.0009530439926236512,2737
1970-01-06 16:07:00+00:00,0.0023500965690058,0.00108442988235845,3465
1970-01-06 16:08:00+00:00,0.002106072222285901,0.0011272348038757487,3824
1970-01-06 16:09:00+00:00,0.0019880077526021763,0.0008596778387468843,3231
1970-01-06 16:10:00+00:00,0.005611439652109727,0.00466176464038366,9832
1970-01-06 16:11:00+00:00,0.0035311309130310353,0.0018142068592192165,4632
1970-01-06 16:12:00+00:00,0.0025326075065017065,0.0013079421537408032,3938
1970-01-06 16:13:00+00:00,0.0021853285821559964,0.0012496739273808789,3672
1970-01-06 16:14:00+00:00,0.002227972018733158,0.0007403030829117317,2619
1970-01-06 16:15:00+00:00,0.006318505271201631,0.004643547644229055,9832
1970-01-06 16:16:00+00:00,0.002383625424336103,0.0010035314783995656,3103
1970-01-06 16:17:00+00:00,0.00269877655613088,0.0012782158296158676,3633
1970-01-06 16:18:00+00:00,0.0024688802581828827,0.0009666913159327159,3431
1970-01-06 16:19:00+00:00,0.0023752276356817734,0.0011571995549075932,4261
1970-01-06 16:20:00+00:00,0.006727725393911659,0.004616560914439375,9831
1970-01-06 16:21:00+00:00,0.003570376384740537,0.0018596619119196321,5546
1970-01-06 16:22:00+00:00,0.0032231692322489134,0.0013595683465777784,4563
1970-01-06 16:23:00+00:00,0.002710463201151192,0.0012328971822287173,5061
1970-01-06 16:24:00+00:00,0.0033240987369632323,0.001328527173454858,3738
1970-01-06 16:25:00+00:00,0.006114684635501561,0.004554970223616913,9831
1970-01-06 16:26:00+00:00,0.0026941622799929914,0.0011223135616152723,3943
1970-01-06 16:27:00+00:00,0.0027458521265828826,0.0011267243762307488,4115
1970-01-06 16:28:00+00:00,0.0028161943209697583,0.001178589825388083,3954
1970-01-06 16:29:00+00:00,0.00255712100153707,0.001112600936108586,4713
1970-01-06 16:30:00+00:00,0.006294950986915842,0.004593710424604884,9831
1970-01-06 16:31:00+00:00,0.0030881805835978136,0.0017393756770522693,5861
1970-01-06 16:32:00+00:00,0.0029468941346086734,0.0016809275908823077,5780
1970-01-06 16:33:00+00:00,0.0026787956968078804,0.0014781771132340456,5313
1970-01-06 16:34:00+00:00,0.0027452659514338846,0.0011609338930853158,3963
1970-01-06 16:35:00+00:00,0.006560984959943524,0.004632405113955214,9831
1970-01-06 16:36:00+00:00,0.0029309995879575404,0.0014005722757250692,3374
1970-01-06 16:37:00+00:00,0.00266555013013769,0.0011985108147691095,3420
1970-01-06 16:38:00+00:00,0.0030632210064620597,0.0012488746704521086,3525
1970-01-06 16:39:00+00:00,0.0029009437580814743,0.0010797040635318336,3799
1970-01-06 16:40:00+00:00,0.0068420191166197256,0.004652412613761268,9831
1970-01-06 16:41:00+00:00,0.003794505140278707,0.0018152976852226009,4149
1970-01-06 16:42:00+00:00,0.003019364982361003,0.0015439172060274146,3812
1970-01-06 16:43:00+00:00,0.002898819101941352,0.0012512751666050631,3431
1970-01-06 16:44:00+00:00,0.0026140160971951237,0.0012564064525470045,3921
1970-01-06 16:45:00+00:00,0.006903909530136517,0.0046904762567606395,9829
1970-01-06 16:46:00+00:00,0.0026876641116428935,0.0011629031072639328,3618
1970-01-06 16:47:00+00:00,0.00293130300875466,0.0015232296029301636,4689
1970-01-06 16:48:00+00:00,0.0022068564700213796,0.0011946350542324112,5062
1970-01-06 16:49:00+00:00,0.002549040724494679,0.0011782249642053775,4331
1970-01-06 16:50:00+00:00,0.00668935470683633,0.00468628493680704,9828
1970-01-06 16:51:00+00:00,0.0036853533043390996,0.0018305597135173449,5350
1970-01-06 16:52:00+00:00,0.003330687598556597,0.001375312462949838,3554
1970-01-06 16:53:00+00:00,0.002612621679757958,0.0009819684373182313,2584
1970-01-06 16:54:00+00:00,0.002422789689363547,0.0010119350158300804,3507
1970-01-06 16:55:00+00:00,0.006699608047558159,0.004718003391229844,9827
1970-01-06 16:56:00+00:00,0.0026533351430211303,0.001119405349855955,3435
1970-01-06 16:57:00+00:00,0.0020585959957492004,0.00103744826009197,4052
1970-01-06 16:58:00+00:00,0.0022617325484933248,0.0008773639608398209,2839
1970-01-06 16:59:00+00:00,0.0023233739461493838,0.0008568184584227994,2533
1970-01-06 17:00:00+00:00,0.006755414103638671,0.004745069716686816,9828
1970-01-06 17:01:00+00:00,0.003768334687427086,0.0016950653524781516,4162
1970-01-06 17:02:00+00:00,0.0027580410089368844,0.0012882685257216626,2967
1970-01-06 17:03:00+00:00,0.003051686929413357,0.0014177959567283963,3317
1970-01-06 17:04:00+00:00,0.002430409926255228,0.0010578375404602057,4309
1970-01-06 17:05:00+00:00,0.0064276843498785215,0.0046814373673289625,9825
1970-01-06 17:06:00+00:00,0.0025423914035848524,0.001000143113944407,3563
1970-01-06 17:07:00+00:00,0.002714645485593286,0.0010335846495803814,4462
1970-01-06 17:08:00+00:00,0.003780862486390148,0.0018083982207218088,3265
1970-01-06 17:09:00+00:00,0.002368540889696463,0.001065829681091743,3270
1970-01-06 17:10:00+00:00,0.006342548571178237,0.004700655685830457,9825
1970-01-06 17:11:00+00:00,0.0034556926948947505,0.0018696597128762035,6356
1970-01-06 17:12:00+00:00,0.0021960620129060316,0.0013345151122802989,5539
1970-01-06 17:13:00+00:00,0.0021769735300801005,0.0010881371141490109,4486
1970-01-06 17:14:00+00:00,0.0021102394726500036,0.0009208513182667638,3957
1970-01-06 17:15:00+00:00,0.006553927394552125,0.004648543698410544,9827
1970-01-06 17:16:00+00:00,0.003266414512287487,0.00145735718987205,3925
1970-01-06 17:17:00+00:00,0.003047144921470019,0.0013969675247891503,4112
1970-01-06 17:18:00+00:00,0.002953951591623181,0.0011763537218593388,3811
1970-01-06 17:19:00+00:00,0.0026283123193172977,0.0009613894113948911,3452
1970-01-06 17:20:00+00:00,0.0066035581216627275,0.00461596349458892,9827
1970-01-06 17:21:00+00:00,0.004118950152834264,0.0018901272522358207,4772
1970-01-06 17:22:00+00:00,0.0027013650620755247,0.0013110048410125228,5010
1970-01-06 17:23:00+00:00,0.00217541412716192,0.0010097028260804039,4174
1970-01-06 17:24:00+00:00,0.0019803562524307746,0.0008290492285225711,3675
1970-01-06 17:25:00+00:00,0.006608723501861397,0.004622704438070175,9827
1970-01-06 17:26:00+00:00,0.002909107422089664,0.0012651150817267287,3755
1970-01-06 17:27:00+00:00,0.002554428993169048,0.0011239792512808635,3297
1970-01-06 17:28:00+00:00,0.0025344936130917654,0.0011320764043051825,3081
1970-01-06 17:29:00+00:00,0.0024068469165391478,0.000952372962984821,4885
1970-01-06 17:30:00+00:00,0.006684540888527305,0.004661163131905218,9826
1970-01-06 17:31:00+00:00,0.0038460607448273713,0.0018124599348558715,4700
1970-01-06 17:32:00+00:00,0.0039062261073329906,0.0020173611787904764,4898
1970-01-06 17:33:00+00:00,0.002619010400769865,0.0012608860450661911,4146
1970-01-06 17:34:00+00:00,0.0025522727635405,0.0011342961559604164,4266
1970-01-06 17:35:00+00:00,0.006542297649705257,0.0046468665224478,9827
1970-01-06 17:36:00+00:00,0.0033111769073900835,0.001478118612618352,4534
1970-01-06 17:37:00+00:00,0.003464567662669777,0.0014367707352584199,4603
1970-01-06 17:38:00+00:00,0.0036161754389366723,0.0015770369201281711,4606
1970-01-06 17:39:00+00:00,0.002553392164299722,0.0011001923033295267,3969
1970-01-06 17:40:00+00:00,0.0067328939414107785,0.004666211235509167,9830
1970-01-06 17:41:00+00:00,0.003795032027155465,0.001532997174650851,4128
1970-01-06 17:42:00+00:00,0.0038505716042125946,0.0014730934224587325,3646
1970-01-06 17:43:00+00:00,0.0025071190161399244,0.0009593770546282152,3525
1970-01-06 17:44:00+00:00,0.0032551349701483824,0.0014499489044911254,4090
1970-01-06 17:45:00+00:00,0.006636653421736992,0.004631587118008303,9834
1970-01-06 17:46:00+00:00,0.0030365193322700003,0.0011296588875714607,3001
1970-01-06 17:47:00+00:00,0.004847178014355621,0.002099425816548799,4042
1970-01-06 17:48:00+00:00,0.003291389583586395,0.0015438868377131553,4672
1970-01-06 17:49:00+00:00,0.0024819398811397456,0.0010597721736944658,4503
1970-01-06 17:50:00+00:00,0.006692184793660986,0.004650317714323606,9835
1970-01-06 17:51:00+00:00,0.004168060678292844,0.0017091253421695303,5244
1970-01-06 17:52:00+00:00,0.003197343658952062,0.0016761189944969957,6192
1970-01-06 17:53:00+00:00,0.002851693152325228,0.0010141843709174708,3199
1970-01-06 17:54:00+00:00,0.0033152713591274117,0.0013782559782294856,3217
1970-01-06 17:55:00+00:00,0.006871489001837059,0.004673281723844092,9834
1970-01-06 17:56:00+00:00,0.003275441765348047,0.0013993373883950857,3294
1970-01-06 17:57:00+00:00,0.0029743184097364792,0.0011134919954789214,2660
1970-01-06 17:58:00+00:00,0.0038490041195347476,0.0016263033932525826,4106
1970-01-06 17:59:00+00:00,0.003896777769140216,0.001600792950750845,3582
1970-01-06 18:00:00+00:00,0.006818986346356584,0.004690747028597059,9835
1970-01-06 18:01:00+00:00,0.0038311064246240715,0.0016851772803738137,4466
1970-01-06 18:02:00+00:00,0.0034324768938602114,0.0016970212570473462,3744
1970-01-06 18:03:00+00:00,0.002463667508634133,0.000996999873152246,2749
1970-01-06 18:04:00+00:00,0.003192506350859249,0.0011906629957193526,3508
1970-01-06 18:05:00+00:00,0.006725253121139939,0.004700320206102575,9836
1970-01-06 18:06:00+00:00,0.003923257316600133,0.0017043997244306224,3000
1970-01-06 18:07:00+00:00,0.0027872835182361643,0.0010214596685075331,3251
1970-01-06 18:08:00+00:00,0.0024463699361461262,0.0010176382235751824,3600
1970-01-06 18:09:00+00:00,0.0032586262556599257,0.0017669343099082177,4039
1970-01-06 18:10:00+00:00,0.006602313854242552,0.004727394860361106,9836
1970-01-06 18:11:00+00:00,0.0030745554547433325,0.0014825200050790758,3989
1970-01-06 18:12:00+00:00,0.002811768420150272,0.0014146895038827819,4853
1970-01-06 18:13:00+00:00,0.0028953730854393606,0.0015789426487420857,4341
1970-01-06 18:14:00+00:00,0.00224390029907227,0.0011739376263740732,4251
1970-01-06 18:15:00+00:00,0.006548790078619312,0.00471330677456681,9836
1970-01-06 18:16:00+00:00,0.0035202638253812295,0.0016742302951087992,3257
1970-01-06 18:17:00+00:00,0.0034393679276166172,0.0017278568148369918,4246
1970-01-06 18:18:00+00:00,0.0028664055902459587,0.0010912644454192236,3379
1970-01-06 18:19:00+00:00,0.002744410855332611,0.0010986806725709554,3052
1970-01-06 18:20:00+00:00,0.006679564197742203,0.00470667163096832,9836
1970-01-06 18:21:00+00:00,0.003340890622049085,0.0016639421863388088,4942
1970-01-06 18:22:00+00:00,0.0035800377198241676,0.00152890067796086,3782
1970-01-06 18:23:00+00:00,0.0031834483532752105,0.0013462197192397874,3693
1970-01-06 18:24:00+00:00,0.0026209616177147173,0.0010462364081753135,3460
1970-01-06 18:25:00+00:00,0.0065555653356695895,0.004715664811586342,9833
1970-01-06 18:26:00+00:00,0.0026633602403679786,0.0011834223809020683,3477
1970-01-06 18:27:00+00:00,0.0027525456452802332,0.0011448417694711257,3452
1970-01-06 18:28:00+00:00,0.0031414731181353393,0.0015193859598515605,4534
1970-01-06 18:29:00+00:00,0.002619456976256035,0.0011626924283591983,4262
1970-01-06 18:30:00+00:00,0.005914356948468307,0.0046471854802835055,9833
1970-01-06 18:31:00+00:00,0.003101730534980588,0.0015687654125541815,5147
1970-01-06 18:32:00+00:00,0.0028059796183687344,0.0015743764227142514,5275
1970-01-06 18:33:00+00:00,0.0022288564527262315,0.0011621531019282475,4638
1970-01-06 18:34:00+00:00,0.0020494371263094294,0.0010716783228080038,4795
1970-01-06 18:35:00+00:00,0.005451683294144749,0.004573547045832722,9831
1970-01-06 18:36:00+00:00,0.0022944430625428777,0.0011720146931393017,3813
1970-01-06 18:37:00+00:00,0.002503804681229558,0.0014804846184902727,5235
1970-01-06 18:38:00+00:00,0.00269254862640489,0.001363643105089081,5045
1970-01-06 18:39:00+00:00,0.002797725644104613,0.0015757504723260425,5805
1970-01-06 18:40:00+00:00,0.00516732693160793,0.004519441122840724,9831
1970-01-06 18:41:00+00:00,0.003741978333873913,0.0027816314025599087,4988
1970-01-06 18:42:00+00:00,0.003451374384268772,0.0029882260786216783,4766
1970-01-06 18:43:00+00:00,0.0030364241843787356,0.0016391789570403162,3538
1970-01-06 18:44:00+00:00,0.0017135185091147504,0.0011012073935877187,5145
1970-01-06 18:45:00+00:00,0.004792582542765771,0.004414900188669146,9830
1970-01-06 18:46:00+00:00,0.002437847611630707,0.0021256741225649358,4618
1970-01-06 18:47:00+00:00,0.0031521568584617424,0.0016492980415568396,5060
1970-01-06 18:48:00+00:00,0.0020793776101693104,0.0010509062441237643,5517
1970-01-06 18:49:00+00:00,0.0013102938515136917,0.0007494092047993487,6630
1970-01-06 18:50:00+00:00,0.004613005336618149,0.004223970035170324,9830
1970-01-06 18:51:00+00:00,0.002838619294913551,0.0011789841567752604,7022
1970-01-06 18:52:00+00:00,0.002994251973280458,0.0011494092546928476,7482
1970-01-06 18:53:00+00:00,0.002616170715273277,0.0009275600226477055,6117
1970-01-06 18:54:00+00:00,0.0014866495889330684,0.000631334238531045,4915
1970-01-06 18:55:00+00:00,0.004759261532699419,0.004212921469226968,9831
1970-01-06 18:56:00+00:00,0.0030012957263224997,0.0011555726779990225,5258
1970-01-06 18:57:00+00:00,0.0032621774203340885,0.001050082294034288,6229
1970-01-06 18:58:00+00:00,0.001998712240016814,0.0008700543392237665,4775
1970-01-06 18:59:00+00:00,0.0032967090307356667,0.000879011854613569,6711
1970-01-06 19:00:00+00:00,0.004817141716758261,0.004202657224393876,9833
1970-01-06 19:01:00+00:00,0.0028434728636503115,0.0014038829106728457,7152
1970-01-06 19:02:00+00:00,0.0016691658416553093,0.0009614672256540637,5854
1970-01-06 19:03:00+00:00,0.0019389954526220043,0.0008088483408847308,6520
1970-01-06 19:04:00+00:00,0.001864959596599113,0.0007481098333203753,6071
1970-01-06 19:05:00+00:00,0.005051250570532543,0.004255850845268359,9835
1970-01-06 19:06:00+00:00,0.003234138352862692,0.0015127973511216354,5873
1970-01-06 19:07:00+00:00,0.002231009691855958,0.0015689354961241496,5706
1970-01-06 19:08:00+00:00,0.0034708722783438582,0.0014883644824023044,7323
1970-01-06 19:09:00+00:00,0.0015696773568026504,0.0005933186702263785,5841
1970-01-06 19:10:00+00:00,0.00513668386938417,0.0043100272232261625,9837
1970-01-06 19:11:00+00:00,0.00274359619736011,0.0024699849871724785,6612
1970-01-06 19:12:00+00:00,0.0037908394890828925,0.002495535021936701,8688
1970-01-06 19:13:00+00:00,0.0028537482321731008,0.0024690747448529995,8275
1970-01-06 19:14:00+00:00,0.0024219643889847853,0.00235563051432702,8142
1970-01-06 19:15:00+00:00,0.00483449638132847,0.004215847511193518,9836
1970-01-06 19:16:00+00:00,0.002341120444198555,0.0031179170225315036,8208
1970-01-06 19:17:00+00:00,0.002163854259167289,0.0026379909073043373,8200
1970-01-06 19:18:00+00:00,0.0022699043874967804,0.0016700386155171396,7441
1970-01-06 19:19:00+00:00,0.0020488672122195464,0.0021750884396689258,8713
1970-01-06 19:20:00+00:00,0.004452858789441878,0.0040487064458511555,9837
1970-01-06 19:21:00+00:00,0.0025251753271392473,0.0024089087546841545,8785
1970-01-06 19:22:00+00:00,0.0022874987044813624,0.0021116345247850494,8281
1970-01-06 19:23:00+00:00,0.002129641651570441,0.0018400959001948754,7872
1970-01-06 19:24:00+00:00,0.002131059226363927,0.00132402234396044,7241
1970-01-06 19:25:00+00:00,0.0047492484551060815,0.004071248454704688,9833
1970-01-06 19:26:00+00:00,0.002286173487999938,0.00106938812697833,6127
1970-01-06 19:27:00+00:00,0.0020580210924051,0.001227548111662038,6354
1970-01-06 19:28:00+00:00,0.002104893346321941,0.0010882878875789056,6774
1970-01-06 19:29:00+00:00,0.0018284029074041338,0.0007566352094308934,6670
1970-01-06 19:30:00+00:00,0.004450924410740431,0.0039200530109172625,9833
1970-01-06 19:31:00+00:00,0.002474847465906531,0.0013302240004398884,6964
1970-01-06 19:32:00+00:00,0.0019388271358970898,0.0012676454815044346,6980
1970-01-06 19:33:00+00:00,0.001920122856426127,0.0011545682497035594,6544
1970-01-06 19:34:00+00:00,0.00243511379232979,0.0008079535627024169,6767
1970-01-06 19:35:00+00:00,0.004777701855301148,0.003990006622916997,9833
1970-01-06 19:36:00+00:00,0.002995448919719974,0.0009183881026232598,6623
1970-01-06 19:37:00+00:00,0.0027459227165974177,0.0010472129094895174,6421
1970-01-06 19:38:00+00:00,0.002386600589381802,0.000919802116738421,6226
1970-01-06 19:39:00+00:00,0.0018767860382235273,0.0008896683370964242,6783
1970-01-06 19:40:00+00:00,0.004897008959819298,0.0040058569519278945,9831
1970-01-06 19:41:00+00:00,0.0026910204630840357,0.0013735632342257522,6598
1970-01-06 19:42:00+00:00,0.002490777556902956,0.0011823512106147055,5819
1970-01-06 19:43:00+00:00,0.0018631492407167824,0.0008539563210206479,5860
1970-01-06 19:44:00+00:00,0.0020759805584426396,0.0008226777365719643,6469
1970-01-06 19:45:00+00:00,0.004774936577153357,0.003906862005397121,9833
1970-01-06 19:46:00+00:00,0.0013816602195856817,0.0008908864748761725,6202
1970-01-06 19:47:00+00:00,0.0018444351760163642,0.0009958901570865906,7041
1970-01-06 19:48:00+00:00,0.0016606475825906785,0.001060710120873035,6545
1970-01-06 19:49:00+00:00,0.0014693907755975414,0.0006366342528244607,5545
1970-01-06 19:50:00+00:00,0.005104173511640018,0.00401919376875599,9836
1970-01-06 19:51:00+00:00,0.003017484172454607,0.001672785781746339,7363
1970-01-06 19:52:00+00:00,0.0044588751993208135,0.0021297676129186094,6433
1970-01-06 19:53:00+00:00,0.002108951651797675,0.0009879018726679251,5938
1970-01-06 19:54:00+00:00,0.001360125785029408,0.0007072887560637243,5750
1970-01-06 19:55:00+00:00,0.0050654154338917925,0.0040356037775467046,9837
1970-01-06 19:56:00+00:00,0.0013830354719450964,0.000832788978243469,5906
1970-01-06 19:57:00+00:00,0.0017706790582399927,0.0011492708349966163,6792
1970-01-06 19:58:00+00:00,0.001729689962890212,0.0011633692281138976,6190
1970-01-06 19:59:00+00:00,0.001623035172010789,0.000888889156871133,6792
1970-01-06 20:00:00+00:00,0.004844974208294211,0.0039294412313237445,9837
1970-01-06 20:01:00+00:00,0.0022506867669233287,0.0011935655331595562,6262
1970-01-06 20:02:00+00:00,0.002210730839113071,0.001214593981174879,5695
1970-01-06 20:03:00+00:00,0.0028397536317014875,0.0014236402077511304,5996
1970-01-06 20:04:00+00:00,0.0011504341632092665,0.0006547838765403869,5833
1970-01-06 20:05:00+00:00,0.004962641106852259,0.0039476122240514906,9835
1970-01-06 20:06:00+00:00,0.002128639082671704,0.0012757213319881913,4991
1970-01-06 20:07:00+00:00,0.0019461637611739367,0.0012050864243337153,5067
1970-01-06 20:08:00+00:00,0.0014701864074173454,0.0008474627809318292,5303
1970-01-06 20:09:00+00:00,0.0013658183498342366,0.0006541924370908654,4628
1970-01-06 20:10:00+00:00,0.005187688077249526,0.004057492347810781,9833
1970-01-06 20:11:00+00:00,0.002274409539685271,0.0012564389805593851,4977
1970-01-06 20:12:00+00:00,0.0020312166229294105,0.0012226076312819203,4936
1970-01-06 20:13:00+00:00,0.0018023919940193174,0.00114584752604886,4798
1970-01-06 20:14:00+00:00,0.0014575837508248662,0.0006548054279122808,5146
1970-01-06 20:15:00+00:00,0.005221057941587108,0.003979000970288721,9833
1970-01-06 20:16:00+00:00,0.0024402320059673235,0.0011635353369377859,5887
1970-01-06 20:17:00+00:00,0.0016710341462575847,0.0008108277366229675,6054
1970-01-06 20:18:00+00:00,0.0013280007501525694,0.0006575303919175112,6175
1970-01-06 20:19:00+00:00,0.0011812490347500805,0.0004759996398933786,5310
1970-01-06 20:20:00+00:00,0.004868230990399668,0.0038376634040267945,9831
1970-01-06 20:21:00+00:00,0.0027084223139306352,0.0014039592311530498,7444
1970-01-06 20:22:00+00:00,0.0023458915255519476,0.0011330199687901565,7959
1970-01-06 20:23:00+00:00,0.0019908118583860128,0.0008758135341592597,8181
1970-01-06 20:24:00+00:00,0.0028018180284061197,0.0008991770608877317,8637
1970-01-06 20:25:00+00:00,0.005173468515284637,0.0038545957982337098,9831
1970-01-06 20:26:00+00:00,0.002835735447187865,0.0012302954808946591,7418
1970-01-06 20:27:00+00:00,0.0025625883842728694,0.001293107043185569,8322
1970-01-06 20:28:00+00:00,0.002871417409893002,0.001329354420187804,7516
1970-01-06 20:29:00+00:00,0.0024926447123861887,0.0010147333477014736,7740
1970-01-06 20:30:00+00:00,0.005503452994211461,0.004121742976843412,9830
1970-01-06 20:31:00+00:00,0.005154478750363196,0.0020357807426590498,8961
1970-01-06 20:32:00+00:00,0.004177143984808573,0.001743901903063945,8408
1970-01-06 20:33:00+00:00,0.0037636645265961433,0.0012573138246212388,7974
1970-01-06 20:34:00+00:00,0.0017375321662554415,0.0006777286252946344,7420
1970-01-06 20:35:00+00:00,0.006239483890940618,0.004047141108524177,9832
1970-01-06 20:36:00+00:00,0.0028905065185762537,0.0014410309439606198,8139
1970-01-06 20:37:00+00:00,0.0032634411257709134,0.0017369056393016181,7952
1970-01-06 20:38:00+00:00,0.0018996593770192005,0.0009927932949092212,8452
1970-01-06 20:39:00+00:00,0.002688452552135709,0.0010004228577577962,7824
1970-01-06 20:40:00+00:00,0.006450258514964774,0.004303146686670406,9832
1970-01-06 20:41:00+00:00,0.0035434577311585945,0.0016822766837722705,8019
1970-01-06 20:42:00+00:00,0.002807825427833506,0.0014535800416945342,7712
1970-01-06 20:43:00+00:00,0.0025237179261934175,0.0012421153160315427,7765
1970-01-06 20:44:00+00:00,0.0016921096401961214,0.0006878778965009163,7234
1970-01-06 20:45:00+00:00,0.006410601835082369,0.0044758838179417134,9823
1970-01-06 20:46:00+00:00,0.00234042919036872,0.0015895888319376087,6996
1970-01-06 20:47:00+00:00,0.0019979797659190465,0.0013059187799304309,6443
1970-01-06 20:48:00+00:00,0.0016195714306033876,0.0010608927687096132,6417
1970-01-06 20:49:00+00:00,0.0013703583678920414,0.000775841714209933,7360
1970-01-06 20:50:00+00:00,0.0068530289675540245,0.00467856682413208,9826
1970-01-06 20:51:00+00:00,0.0027715194882199337,0.0016862509769253824,7495
1970-01-06 20:52:00+00:00,0.0022209860525910247,0.0014461717472258923,6600
1970-01-06 20:53:00+00:00,0.0017017227816547294,0.0011719862224389426,6646
1970-01-06 20:54:00+00:00,0.0011988956156183622,0.0006954255469832963,6105
1970-01-06 20:55:00+00:00,0.006458703313770478,0.004525694672813365,9829
1970-01-06 20:56:00+00:00,0.0025037587661266786,0.001457485151089238,6705
1970-01-06 20:57:00+00:00,0.001968625530710695,0.0015302351965925016,7018
1970-01-06 20:58:00+00:00,0.0012604021543433325,0.0009128761034101929,6255
1970-01-06 20:59:00+00:00,0.0016661413855081195,0.0008245549266908561,7855
1970-01-06 21:00:00+00:00,0.006714754854948202,0.004683495609252025,9829
1970-01-06 21:01:00+00:00,0.0029498064234571727,0.001898737669046,7427
1970-01-06 21:02:00+00:00,0.0021940802827470824,0.0014875070135309356,7190
1970-01-06 21:03:00+00:00,0.001781952576684813,0.0012906828924676773,6833
1970-01-06 21:04:00+00:00,0.0014362568279233615,0.0007630309641291538,6464
1970-01-06 21:05:00+00:00,0.0062983183285617375,0.004633825749544817,9829
1970-01-06 21:06:00+00:00,0.003973109247417004,0.002220995195560462,6338
1970-01-06 21:07:00+00:00,0.003147245501136097,0.001977828530550198,6310
1970-01-06 21:08:00+00:00,0.001545347784996338,0.0011932637629550034,7485
1970-01-06 21:09:00+00:00,0.0009253657907178159,0.00060110847435931,7545
1970-01-06 21:10:00+00:00,0.00613648058064828,0.004410479398746348,9836
1970-01-06 21:11:00+00:00,0.002040059374426212,0.0014939518803900689,7855
1970-01-06 21:12:00+00:00,0.0021258304788290485,0.001398844617181582,7308
1970-01-06 21:13:00+00:00,0.0021609934674605958,0.0013942632011919606,7899
1970-01-06 21:14:00+00:00,0.0014278742181384253,0.00076355940429781,7790
1970-01-06 21:15:00+00:00,0.006484366014755573,0.004636099662598579,9832
1970-01-06 21:16:00+00:00,0.003076977612151381,0.0016288710901752638,7567
1970-01-06 21:17:00+00:00,0.0018827578462420845,0.0012376509070081494,7796
1970-01-06 21:18:00+00:00,0.0017557272373582055,0.0011138693901827923,7214
1970-01-06 21:19:00+00:00,0.0010371627595394824,0.0006505202716514356,7344
1970-01-06 21:20:00+00:00,0.006319145105675614,0.004552151308084915,9833
1970-01-06 21:21:00+00:00,0.0023649606544685667,0.001675195195901912,7736
1970-01-06 21:22:00+00:00,0.0021021282285417927,0.001421856675965093,7507
1970-01-06 21:23:00+00:00,0.0017320990127905193,0.0011819898338902375,6727
1970-01-06 21:24:00+00:00,0.0010002019784368986,0.000564290395925626,7259
1970-01-06 21:25:00+00:00,0.006962031690206795,0.004721008898829031,9832
1970-01-06 21:26:00+00:00,0.002366117836792975,0.0014699711951944342,6973
1970-01-06 21:27:00+00:00,0.0014859384091423092,0.0009473115219936117,6362
1970-01-06 21:28:00+00:00,0.001734499240290522,0.0009130136853326581,7144
1970-01-06 21:29:00+00:00,0.001481061162389374,0.000734599999057502,7382
1970-01-06 21:30:00+00:00,0.006532817912829975,0.004567436203517264,9830
1970-01-06 21:31:00+00:00,0.0027938305481780253,0.0017543595987171761,7720
1970-01-06 21:32:00+00:00,0.0020572308672127926,0.001290446167544373,7511
1970-01-06 21:33:00+00:00,0.002426689966459601,0.0012164197552683323,6861
1970-01-06 21:34:00+00:00,0.0012471580521799086,0.0006928889245108866,6618
1970-01-06 21:35:00+00:00,0.006747757667855481,0.0047451846983917485,9832
1970-01-06 21:36:00+00:00,0.0015214162133070017,0.0009304488273635589,6130
1970-01-06 21:37:00+00:00,0.0019708856817679853,0.0011234589764851923,7348
1970-01-06 21:38:00+00:00,0.001765088940527334,0.0008277258181079626,7027
1970-01-06 21:39:00+00:00,0.0011826269803687428,0.0005477313955204662,6599
1970-01-06 21:40:00+00:00,0.007094895737258738,0.0048875337942662295,9833
1970-01-06 21:41:00+00:00,0.003190528784983109,0.00188812545889888,7624
1970-01-06 21:42:00+00:00,0.0026098629892261217,0.0016374834610647288,6951
1970-01-06 21:43:00+00:00,0.002410402364736285,0.001352844768944002,6916
1970-01-06 21:44:00+00:00,0.0012350223109520487,0.0007739825155521503,6522
1970-01-06 21:45:00+00:00,0.006919433825246472,0.004895721210566194,9832
1970-01-06 21:46:00+00:00,0.0020691030744427155,0.0013960161303885987,6775
1970-01-06 21:47:00+00:00,0.0021591922805534467,0.0013997319246847352,5368
1970-01-06 21:48:00+00:00,0.001438441764547942,0.0008554494452071678,6433
1970-01-06 21:49:00+00:00,0.001450435736550804,0.0006883712041945659,6430
1970-01-06 21:50:00+00:00,0.0066474456226613896,0.004939895685643434,9833
1970-01-06 21:51:00+00:00,0.0029487114534678775,0.0018564273454863636,7114
1970-01-06 21:52:00+00:00,0.0022029964645758583,0.001478074030042959,7000
1970-01-06 21:53:00+00:00,0.0016979206888217272,0.0011101286562791046,6868
1970-01-06 21:54:00+00:00,0.0027779562489865838,0.0018333269044547428,6827
1970-01-06 21:55:00+00:00,0.0067835289752651955,0.005016238349004609,9831
1970-01-06 21:56:00+00:00,0.0022588658035471985,0.0014490264585289324,7404
1970-01-06 21:57:00+00:00,0.0014907901071549733,0.0009973340130579346,7360
1970-01-06 21:58:00+00:00,0.001205242216227839,0.0008181106397604871,6631
1970-01-06 21:59:00+00:00,0.0009765295669852429,0.000524435887407009,7263
1970-01-06 22:00:00+00:00,0.006685915920684153,0.004926428803320182,9833
1970-01-06 22:01:00+00:00,0.0037476633120469747,0.0023912848996115567,6546
1970-01-06 22:02:00+00:00,0.0028023448510770834,0.0018639181333386149,6434
1970-01-06 22:03:00+00:00,0.0017822943462221204,0.0012149470009508905,7112
1970-01-06 22:04:00+00:00,0.0020220556161910886,0.0008360769388543981,6633
1970-01-06 22:05:00+00:00,0.006617767738561223,0.004980218090847289,9831
1970-01-06 22:06:00+00:00,0.0027815552834497357,0.0015988670796780974,6335
1970-01-06 22:07:00+00:00,0.0018639226733073548,0.0013702994144712116,6144
1970-01-06 22:08:00+00:00,0.0013189310082657626,0.0009829535327871973,6262
1970-01-06 22:09:00+00:00,0.001044783093086007,0.0013406165537903612,7408
1970-01-06 22:10:00+00:00,0.006623480170566887,0.005064185522172941,9835
1970-01-06 22:11:00+00:00,0.003985116112047497,0.0021918883380457506,7058
1970-01-06 22:12:00+00:00,0.002126715151737395,0.0015248813530705898,6954
1970-01-06 22:13:00+00:00,0.0014565068631529228,0.0010999525256293336,6490
1970-01-06 22:14:00+00:00,0.005221149018269892,0.003584088054844384,7531
1970-01-06 22:15:00+00:00,0.00660313722975481,0.004986040520409937,9836
1970-01-06 22:16:00+00:00,0.002085548990622533,0.0016038622994120034,5881
1970-01-06 22:17:00+00:00,0.0024096347484351198,0.0016378107053963604,5852
1970-01-06 22:18:00+00:00,0.0014555010203481122,0.0009351243692325266,7053
1970-01-06 22:19:00+00:00,0.0014971581196783128,0.0005056882346294974,7071
1970-01-06 22:20:00+00:00,0.006292112954599897,0.004787944302295995,9836
1970-01-06 22:21:00+00:00,0.003117429844848291,0.0019477871073175367,7882
1970-01-06 22:22:00+00:00,0.002120068222698943,0.0012393794218341116,6705
1970-01-06 22:23:00+00:00,0.001330327616535135,0.0007894342087595567,6520
1970-01-06 22:24:00+00:00,0.0015956185579579563,0.0005320295344409587,6206
1970-01-06 22:25:00+00:00,0.006228091744900887,0.00491270045320769,9833
1970-01-06 22:26:00+00:00,0.0021567650494407745,0.0014611811406100726,7126
1970-01-06 22:27:00+00:00,0.002071901707247022,0.0014556308503351466,6788
1970-01-06 22:28:00+00:00,0.0017901878109783094,0.0012359839719229227,6666
1970-01-06 22:29:00+00:00,0.001204143407457942,0.0007547267203681903,6835
1970-01-06 22:30:00+00:00,0.006407965564817936,0.005043179952205987,9829
1970-01-06 22:31:00+00:00,0.002533578358465167,0.0016835348568671193,6737
1970-01-06 22:32:00+00:00,0.0019127001839707662,0.001431452367582528,6761
1970-01-06 22:33:00+00:00,0.0027819066776177737,0.0011684475395858543,6933
1970-01-06 22:34:00+00:00,0.0015062602655624385,0.0008843899157429583,6126
1970-01-06 22:35:00+00:00,0.006257327674531737,0.004985289753575077,9833
1970-01-06 22:36:00+00:00,0.0023503514362545296,0.0016209426482269604,6847
1970-01-06 22:37:00+00:00,0.0029174257245739724,0.0016645044807117736,5969
1970-01-06 22:38:00+00:00,0.0018548993783064924,0.0012955270399340026,5926
1970-01-06 22:39:00+00:00,0.001515826702627146,0.0007361357442983821,5792
1970-01-06 22:40:00+00:00,0.0064206808651743165,0.004904417601385319,9834
1970-01-06 22:41:00+00:00,0.0030414073860288503,0.0018656015519843362,6993
1970-01-06 22:42:00+00:00,0.0025854857281000774,0.0014618873902003209,6409
1970-01-06 22:43:00+00:00,0.0017108649992379759,0.0007979110970562676,5518
1970-01-06 22:44:00+00:00,0.0015936778575887244,0.0005481227984248707,6471
1970-01-06 22:45:00+00:00,0.006502357328786874,0.004974778493413814,9830
1970-01-06 22:46:00+00:00,0.003263508274360909,0.0020814900051571122,6106
1970-01-06 22:47:00+00:00,0.002416015900462833,0.0014604744864750356,6305
1970-01-06 22:48:00+00:00,0.0022235225108015364,0.0010710733107014737,7328
1970-01-06 22:49:00+00:00,0.0014541311710675109,0.000722560266996003,7244
1970-01-06 22:50:00+00:00,0.00652928069605953,0.005081802049063529,9831
1970-01-06 22:51:00+00:00,0.002758965735032916,0.0016951342481675187,6810
1970-01-06 22:52:00+00:00,0.0025139183133024707,0.0013269915685223271,6024
1970-01-06 22:53:00+00:00,0.0021823716833361878,0.0009721644647075723,4995
1970-01-06 22:54:00+00:00,0.0017939282187516995,0.0006989445034462629,5655
1970-01-06 22:55:00+00:00,0.00614054312412903,0.004904997546714849,9834
1970-01-06 22:56:00+00:00,0.003120406338262048,0.001371197165476227,6969
1970-01-06 22:57:00+00:00,0.0028117855570499338,0.0014049476536141228,7213
1970-01-06 22:58:00+00:00,0.0022045205506888974,0.0011555649089618316,6925
1970-01-06 22:59:00+00:00,0.0020677655846335656,0.0010249195830112987,7319
1970-01-06 23:00:00+00:00,0.006469864421269432,0.004984288163486697,9835
1970-01-06 23:01:00+00:00,0.003975791636085802,0.0025245103311674942,6752
1970-01-06 23:02:00+00:00,0.0024123412859838314,0.0013217915155242612,6043
1970-01-06 23:03:00+00:00,0.0022271286060409207,0.0009226312040667009,5938
1970-01-06 23:04:00+00:00,0.0024160594177301833,0.0006711408504052564,5711
1970-01-06 23:05:00+00:00,0.006537620465243781,0.004962957508460375,9829
1970-01-06 23:06:00+00:00,0.0022945234832957187,0.0014974751186875948,6340
1970-01-06 23:07:00+00:00,0.0022767536062632495,0.0014562513161537264,5886
1970-01-06 23:08:00+00:00,0.0017080633129450118,0.0012217297809678162,6362
1970-01-06 23:09:00+00:00,0.0012936913241941134,0.0007768183913300159,6270
1970-01-06 23:10:00+00:00,0.006598977924631041,0.004938820623856339,9824
1970-01-06 23:11:00+00:00,0.0031822486045051676,0.0019311983806734189,7683
1970-01-06 23:12:00+00:00,0.0020108007437848506,0.0012350935618643051,7036
1970-01-06 23:13:00+00:00,0.0022342584961644583,0.00104762123743305,6520
1970-01-06 23:14:00+00:00,0.0013966537668167092,0.0005904775334205262,6247
1970-01-06 23:15:00+00:00,0.006569833724532779,0.00490125347113819,9823
1970-01-06 23:16:00+00:00,0.0035258733458839345,0.0013875829177791492,7459
1970-01-06 23:17:00+00:00,0.003857264747581805,0.00160502097096035,7231
1970-01-06 23:18:00+00:00,0.0022126052806244766,0.001092725979413889,6315
1970-01-06 23:19:00+00:00,0.0014994397811719312,0.0008026125756884073,6239
1970-01-06 23:20:00+00:00,0.006709887595490938,0.004828963250451713,9826
1970-01-06 23:21:00+00:00,0.003755723622893732,0.002004875270112104,6724
1970-01-06 23:22:00+00:00,0.0028799358272362423,0.0014118778519430066,7192
1970-01-06 23:23:00+00:00,0.002781749912828063,0.0014328397583523787,8010
1970-01-06 23:24:00+00:00,0.0018295648374864392,0.0005786418792447409,7772
1970-01-06 23:25:00+00:00,0.00676610217693473,0.004781488716890972,9826
1970-01-06 23:26:00+00:00,0.0024140103376501442,0.0015010835225741492,7420
1970-01-06 23:27:00+00:00,0.003279444847619591,0.0014134149933351192,7589
1970-01-06 23:28:00+00:00,0.002350077088903522,0.0011520274129942323,6654
1970-01-06 23:29:00+00:00,0.0014472325248741952,0.0007895026529197422,6289
1970-01-06 23:30:00+00:00,0.006793732649295983,0.004849978819595237,9832
1970-01-06 23:31:00+00:00,0.0037033684405810797,0.002007029678576078,7010
1970-01-06 23:32:00+00:00,0.0024364180963015467,0.001245919880283007,7299
1970-01-06 23:33:00+00:00,0.003245597807546496,0.0008142996411983994,8058
1970-01-06 23:34:00+00:00,0.002363746488224544,0.0005282477772579128,7836
1970-01-06 23:35:00+00:00,0.006695362897594097,0.004682531989398547,9833
1970-01-06 23:36:00+00:00,0.003220416865394019,0.00155642009065093,7469
1970-01-06 23:37:00+00:00,0.005577670952211688,0.0012748335002772649,7503
1970-01-06 23:38:00+00:00,0.0035963889472998313,0.0010375536094277596,6343
1970-01-06 23:39:00+00:00,0.009041724196674544,0.001021577524739606,7517
1970-01-06 23:40:00+00:00,0.006839329552594443,0.0047849210074758265,9836
1970-01-06 23:41:00+00:00,0.0034526583964533896,0.0016762560834560002,6862
1970-01-06 23:42:00+00:00,0.0037553833891306693,0.0015460152991518712,6016
1970-01-06 23:43:00+00:00,0.002224181428735038,0.0009962943570488987,6853
1970-01-06 23:44:00+00:00,0.0029003703723369995,0.0007358152461165627,6994
1970-01-06 23:45:00+00:00,0.006574977190684534,0.004606686340610308,9837
1970-01-06 23:46:00+00:00,0.0032641158013394793,0.0018494315811107339,6773
1970-01-06 23:47:00+00:00,0.00286112009331931,0.0016894270327392044,6791
1970-01-06 23:48:00+00:00,0.0023966053222886957,0.0011992745461313454,7348
1970-01-06 23:49:00+00:00,0.0014763305194937257,0.0008156207422213907,6049
1970-01-06 23:50:00+00:00,0.006784444055743008,0.004566279911764596,9838
1970-01-06 23:51:00+00:00,0.002513099221773518,0.001523362223795231,6836
1970-01-06 23:52:00+00:00,0.002445156886688735,0.0016837261248040284,7472
1970-01-06 23:53:00+00:00,0.0019173190597558804,0.0011805127400323048,6930
1970-01-06 23:54:00+00:00,0.0014825764010846978,0.0009625447510532535,7124
1970-01-06 23:55:00+00:00,0.006844077273271274,0.004512806241610597,9838
1970-01-06 23:56:00+00:00,0.0033465839489913553,0.0015354012002086253,6311
1970-01-06 23:57:00+00:00,0.0027616566967421036,0.0015097975075385422,6948
1970-01-06 23:58:00+00:00,0.002164963990244783,0.0009849449590251704,6284
1970-01-06 23:59:00+00:00,0.0015201754919647447,0.0006274169837728806,6318
1970-01-07 00:00:00+00:00,0.006851119284082607,0.004513061441551242,9837
1970-01-07 00:01:00+00:00,0.002777520137009462,0.0014090821912252003,6867
1970-01-07 00:02:00+00:00,0.0024053722268235324,0.0013674814776746154,7061
1970-01-07 00:03:00+00:00,0.0018703344039651486,0.001186875878385917,7369
1970-01-07 00:04:00+00:00,0.0015661769159101054,0.000546102369076574,6095
1970-01-07 00:05:00+00:00,0.006906950980271439,0.004537876253693155,9839
1970-01-07 00:06:00+00:00,0.002673772742267671,0.0014987851710954578,6417
1970-01-07 00:07:00+00:00,0.0018442046486889065,0.0012448571194877951,6818
1970-01-07 00:08:00+00:00,0.0021721891387504588,0.0013274626189020962,6639
1970-01-07 00:09:00+00:00,0.0017145838977301285,0.0009521027356065437,6618
1970-01-07 00:10:00+00:00,0.006669676849788592,0.004532544483955191,9840
1970-01-07 00:11:00+00:00,0.0017958885947838834,0.0015815399348113016,7653
1970-01-07 00:12:00+00:00,0.0017918124436427988,0.001500775957735138,7143
1970-01-07 00:13:00+00:00,0.0021344183675703196,0.0016113308883759269,6634
1970-01-07 00:14:00+00:00,0.0012602865484721561,0.0010748052438000733,7590
1970-01-07 00:15:00+00:00,0.006429845254453632,0.004517084241477324,9840
1970-01-07 00:16:00+00:00,0.0037665220198813015,0.002239828379018204,6976
1970-01-07 00:17:00+00:00,0.002316089170195929,0.0013743016674159655,7563
1970-01-07 00:18:00+00:00,0.0017287667629097513,0.0009658408580911067,7869
1970-01-07 00:19:00+00:00,0.0017364888084546832,0.0010300335470337942,8282
1970-01-07 00:20:00+00:00,0.006281358749868124,0.004251031350804802,9838
1970-01-07 00:21:00+00:00,0.0021595060007605867,0.0013582282377642633,8161
1970-01-07 00:22:00+00:00,0.00176616310631273,0.001324899828854549,8105
1970-01-07 00:23:00+00:00,0.0026330071468015706,0.0016281786983165152,8343
1970-01-07 00:24:00+00:00,0.0010163436668129881,0.0006907390811762788,5583
1970-01-07 00:25:00+00:00,0.006759565976324941,0.00456822197949546,9833
1970-01-07 00:26:00+00:00,0.0016510219851532434,0.0012390655888348523,5473
1970-01-07 00:27:00+00:00,0.001336233076491711,0.0010755267590234988,6109
1970-01-07 00:28:00+00:00,0.001271239073491138,0.0010079242638528628,6325
1970-01-07 00:29:00+00:00,0.0008696721843267849,0.000617404553809544,6994
1970-01-07 00:30:00+00:00,0.0063389171090015295,0.004420897383184067,9833
1970-01-07 00:31:00+00:00,0.002428275836829292,0.0018081552671252463,7340
1970-01-07 00:32:00+00:00,0.00221601657360132,0.001670523114148702,7118
1970-01-07 00:33:00+00:00,0.0016314586621606344,0.0011880846188826429,6477
1970-01-07 00:34:00+00:00,0.0010983604027709798,0.0009080304995288242,6632
1970-01-07 00:35:00+00:00,0.00653299389267638,0.004740610515064151,9835
1970-01-07 00:36:00+00:00,0.0024005721636230757,0.0019018635276157089,5822
1970-01-07 00:37:00+00:00,0.0016322687903291765,0.001140287586435215,5862
1970-01-07 00:38:00+00:00,0.0012758717576707033,0.0009479142887393794,6398
1970-01-07 00:39:00+00:00,0.001522795716083908,0.0008498987736890376,6818
1970-01-07 00:40:00+00:00,0.006191320264638297,0.004661228479553803,9833
1970-01-07 00:41:00+00:00,0.003054576035743935,0.002199580619411032,6813
1970-01-07 00:42:00+00:00,0.002384365461798507,0.0015704721520287675,6104
1970-01-07 00:43:00+00:00,0.001430023609062893,0.000997588181123468,6347
1970-01-07 00:44:00+00:00,0.0010668721025761723,0.0005951664656612913,6012
1970-01-07 00:45:00+00:00,0.006461912882640087,0.004796866045753419,9831
1970-01-07 00:46:00+00:00,0.0014718878585198224,0.0010237606341049904,5875
1970-01-07 00:47:00+00:00,0.001503938412439943,0.0010605938476492614,6078
1970-01-07 00:48:00+00:00,0.0011464386920920291,0.0007257815543604549,5850
1970-01-07 00:49:00+00:00,0.000862226533721727,0.00044648623260783675,6564
1970-01-07 00:50:00+00:00,0.006327545829814622,0.004836536907888227,9836
1970-01-07 00:51:00+00:00,0.002699635286790847,0.0016861555882962149,6245
1970-01-07 00:52:00+00:00,0.0023196640059492063,0.001461951523365269,5683
1970-01-07 00:53:00+00:00,0.0016639048582140399,0.0011948317834091712,5193
1970-01-07 00:54:00+00:00,0.001110753335068241,0.001047725095964938,6188
1970-01-07 00:55:00+00:00,0.006664884466134273,0.004985208289998691,9836
1970-01-07 00:56:00+00:00,0.0022184044811791766,0.0017152390362938086,6419
1970-01-07 00:57:00+00:00,0.0016178641270143878,0.0014415914651843692,6228
1970-01-07 00:58:00+00:00,0.0020425843470625246,0.0015716861159407573,6713
1970-01-07 00:59:00+00:00,0.0014208589828039204,0.000831899564518728,6342
1970-01-07 01:00:00+00:00,0.006072251837528515,0.004819454871057397,9835
1970-01-07 01:01:00+00:00,0.002226788717602939,0.0016931425427633613,6607
1970-01-07 01:02:00+00:00,0.004371386979535439,0.0035045331164175434,7049
1970-01-07 01:03:00+00:00,0.00148047479921419,0.0011277823385509337,6203
1970-01-07 01:04:00+00:00,0.001022838773543494,0.0006377580222903988,5750
1970-01-07 01:05:00+00:00,0.0059415883045149664,0.004719035266248154,9831
1970-01-07 01:06:00+00:00,0.0024921894996516036,0.001439598370004517,5570
1970-01-07 01:07:00+00:00,0.001119273299265511,0.0007219626362943936,6643
1970-01-07 01:08:00+00:00,0.001196191255038464,0.0007714249910947228,6327
1970-01-07 01:09:00+00:00,0.0008912522488306223,0.0005545842432173238,6457
1970-01-07 01:10:00+00:00,0.0061502953432481825,0.004663089959309155,9830
1970-01-07 01:11:00+00:00,0.0032016522233648034,0.0021541889170039897,7423
1970-01-07 01:12:00+00:00,0.0020807047848057938,0.0016887408082671858,5994
1970-01-07 01:13:00+00:00,0.00413350775173027,0.0019846659092341017,6361
1970-01-07 01:14:00+00:00,0.0013920581560785091,0.0007052907903275917,7018
1970-01-07 01:15:00+00:00,0.006613462419990567,0.0047894766983135615,9828
1970-01-07 01:16:00+00:00,0.0023492419524189967,0.0013692286111732612,6273
1970-01-07 01:17:00+00:00,0.0020411606427042503,0.0013601115326130763,5416
1970-01-07 01:18:00+00:00,0.005168771168054903,0.0014119099339879853,7382
1970-01-07 01:19:00+00:00,0.003626248295622547,0.001059254773109235,7319
1970-01-07 01:20:00+00:00,0.006672229241600875,0.004761088281765917,9829
1970-01-07 01:21:00+00:00,0.005918198311592951,0.002259100967875831,7994
1970-01-07 01:22:00+00:00,0.0023983893285490503,0.001433253333626806,6988
1970-01-07 01:23:00+00:00,0.004799422853434908,0.0013506398869508147,7192
1970-01-07 01:24:00+00:00,0.0014010655794688773,0.0006553003785841583,5580
1970-01-07 01:25:00+00:00,0.006968517276367521,0.004858570514189273,9826
1970-01-07 01:26:00+00:00,0.002065907510155881,0.0014110889236346174,5841
1970-01-07 01:27:00+00:00,0.0018665096535851991,0.0012195056041901077,5460
1970-01-07 01:28:00+00:00,0.0013608886814430235,0.0007874478891556339,5896
1970-01-07 01:29:00+00:00,0.0011925052149601683,0.0004979131938967475,5889
1970-01-07 01:30:00+00:00,0.006787694537237401,0.004943976071773783,9829
1970-01-07 01:31:00+00:00,0.003030188188436467,0.002150876934002625,6401
1970-01-07 01:32:00+00:00,0.0026399465443326365,0.0019143177090500526,6081
1970-01-07 01:33:00+00:00,0.0019432753826231271,0.0011099225744253878,5806
1970-01-07 01:34:00+00:00,0.0011150825384271376,0.0008484850009606398,5982
1970-01-07 01:35:00+00:00,0.006847005066786979,0.004978503667082447,9831
1970-01-07 01:36:00+00:00,0.0029910532190052666,0.002090619766661037,5440
1970-01-07 01:37:00+00:00,0.0021322073296204842,0.0015342929491578676,5384
1970-01-07 01:38:00+00:00,0.0013526981757280621,0.0008565608319737443,5934
1970-01-07 01:39:00+00:00,0.0010294900795140486,0.0006202754245858971,5494
1970-01-07 01:40:00+00:00,0.006418118580379959,0.00475455608970092,9836
1970-01-07 01:41:00+00:00,0.0026282122098482594,0.0022246484903188737,6558
1970-01-07 01:42:00+00:00,0.0029238947346174227,0.0019688078895674387,5757
1970-01-07 01:43:00+00:00,0.0016976806824659438,0.0015295660148487414,5843
1970-01-07 01:44:00+00:00,0.0014596067329574272,0.0016300731488048232,5571
1970-01-07 01:45:00+00:00,0.006392741734537886,0.004894861132135944,9834
1970-01-07 01:46:00+00:00,0.0028010632692974675,0.0025771938566310367,5750
1970-01-07 01:47:00+00:00,0.0018860366580823076,0.0018333983210712462,6379
1970-01-07 01:48:00+00:00,0.0017815252136821863,0.0013411305663011592,6220
1970-01-07 01:49:00+00:00,0.0012332122801259433,0.0007982045999736666,6228
1970-01-07 01:50:00+00:00,0.00640479623523065,0.0049092521241814995,9835
1970-01-07 01:51:00+00:00,0.0032353694141473957,0.0019687676179878494,6059
1970-01-07 01:52:00+00:00,0.0022747383881419054,0.0019259680535946583,5962
1970-01-07 01:53:00+00:00,0.0016203167684686517,0.001462279347548962,6246
1970-01-07 01:54:00+00:00,0.0008771543557933293,0.001133531522823781,6717
1970-01-07 01:55:00+00:00,0.006435723477141511,0.0048974594465959346,9837
1970-01-07 01:56:00+00:00,0.0026641572469100617,0.001650066003701583,6721
1970-01-07 01:57:00+00:00,0.002804754948756356,0.0018973491117299582,7131
1970-01-07 01:58:00+00:00,0.0011478176244661554,0.0010550626748510696,6309
1970-01-07 01:59:00+00:00,0.0007619397289575773,0.0006249918960305882,6582
1970-01-07 02:00:00+00:00,0.006210102970161126,0.004731076933584591,9839
1970-01-07 02:01:00+00:00,0.0029106492287818923,0.002058323589503482,6867
1970-01-07 02:02:00+00:00,0.0022472720068982583,0.0016449290125535323,5951
1970-01-07 02:03:00+00:00,0.0014821428283557099,0.0013247238941230604,5299
1970-01-07 02:04:00+00:00,0.002245734653843256,0.001064200798204184,5700
1970-01-07 02:05:00+00:00,0.00656558069149713,0.00495894925138777,9837
1970-01-07 02:06:00+00:00,0.002667001830551257,0.001675815529836411,5690
1970-01-07 02:07:00+00:00,0.0028968818465781522,0.0017043901586985357,5221
1970-01-07 02:08:00+00:00,0.0018878320399794205,0.0014492231397772578,5710
1970-01-07 02:09:00+00:00,0.004321570764050948,0.003197843659067836,6782
1970-01-07 02:10:00+00:00,0.006454625572451789,0.004850525005913836,9836
1970-01-07 02:11:00+00:00,0.0024073465465271554,0.001441366789634286,6913
1970-01-07 02:12:00+00:00,0.0021254593515631103,0.0012932193330799512,6733
1970-01-07 02:13:00+00:00,0.0012021544542308866,0.0006806192549097353,6711
1970-01-07 02:14:00+00:00,0.0015204070614794109,0.0004912694694472968,7135
1970-01-07 02:15:00+00:00,0.006323035592704978,0.004714700638873359,9835
1970-01-07 02:16:00+00:00,0.0024094966834556407,0.001660896344976426,6640
1970-01-07 02:17:00+00:00,0.001913468577989491,0.0013195648449142786,7145
1970-01-07 02:18:00+00:00,0.0019188715854668557,0.0009352745570933612,7074
1970-01-07 02:19:00+00:00,0.0015383260321263786,0.0007464821480258492,7179
1970-01-07 02:20:00+00:00,0.006565930268157149,0.004938520490250822,9835
1970-01-07 02:21:00+00:00,0.002821279123994298,0.0018024653283142242,6834
1970-01-07 02:22:00+00:00,0.002352205432860561,0.0016637398244252854,6757
1970-01-07 02:23:00+00:00,0.0015713245770725282,0.0012940742544480888,6294
1970-01-07 02:24:00+00:00,0.0020588451352890526,0.0006636598874619254,4975
1970-01-07 02:25:00+00:00,0.006427560493675159,0.005037887688455232,9835
1970-01-07 02:26:00+00:00,0.0028112822092797836,0.0019534484520428545,4993
1970-01-07 02:27:00+00:00,0.002680065713771329,0.0018273619403345388,5833
1970-01-07 02:28:00+00:00,0.001785726779895595,0.0012291531739643446,5372
1970-01-07 02:29:00+00:00,0.0012217284612447612,0.0008042926279272804,5265
1970-01-07 02:30:00+00:00,0.006326734604162406,0.005031681809980331,9833
1970-01-07 02:31:00+00:00,0.0038542422842472116,0.002298207098014365,6066
1970-01-07 02:32:00+00:00,0.00238858209966806,0.0016334653666888008,6111
1970-01-07 02:33:00+00:00,0.0020885434204848093,0.0016342938117404945,6040
1970-01-07 02:34:00+00:00,0.0010140144258241088,0.0011655919486940611,5832
1970-01-07 02:35:00+00:00,0.006392638341382564,0.005037537271739426,9835
1970-01-07 02:36:00+00:00,0.0024615288049983836,0.002106251962951962,6396
1970-01-07 02:37:00+00:00,0.002137017756339199,0.0019256425510400825,6275
1970-01-07 02:38:00+00:00,0.00121125096520062,0.0013041320702925855,5243
1970-01-07 02:39:00+00:00,0.0010891583293851704,0.0008235921776905972,4547
1970-01-07 02:40:00+00:00,0.006649161542847228,0.0050767930943738816,9836
1970-01-07 02:41:00+00:00,0.003611464000485185,0.0021893425394120384,5336
1970-01-07 02:42:00+00:00,0.0026761429488841868,0.0017848349402744673,5552
1970-01-07 02:43:00+00:00,0.002442433781405793,0.0015530124219737397,6078
1970-01-07 02:44:00+00:00,0.002744664975482834,0.0011528017202066512,5831
1970-01-07 02:45:00+00:00,0.00667312422198526,0.005106311872099361,9834
1970-01-07 02:46:00+00:00,0.002591077677768557,0.0016320126509677712,5314
1970-01-07 02:47:00+00:00,0.0029072103588371908,0.001746005014565116,4409
1970-01-07 02:48:00+00:00,0.002559555575891392,0.001268492040016175,4227
1970-01-07 02:49:00+00:00,0.0018499004889640425,0.0007803235177616444,4246
1970-01-07 02:50:00+00:00,0.006686042818918991,0.005098950321039629,9835
1970-01-07 02:51:00+00:00,0.0034721214148771442,0.0017653795268924657,5657
1970-01-07 02:52:00+00:00,0.002585888429821552,0.0015930260934786675,5993
1970-01-07 02:53:00+00:00,0.0019874027488804313,0.0015338659864654804,4967
1970-01-07 02:54:00+00:00,0.0016153892013147388,0.00092317162279423,5550
1970-01-07 02:55:00+00:00,0.006720116419556279,0.005107853793495434,9837
1970-01-07 02:56:00+00:00,0.002349776034935699,0.0017653401084121592,4577
1970-01-07 02:57:00+00:00,0.002195402981420474,0.001562621286316463,5092
1970-01-07 02:58:00+00:00,0.0013938176250757946,0.0029870912734942237,5754
1970-01-07 02:59:00+00:00,0.0015157268772383967,0.000826939679748163,5114
1970-01-07 03:00:00+00:00,0.006803730926423216,0.005102052164531753,9839
1970-01-07 03:01:00+00:00,0.0034411935092286596,0.0022527937986855187,6257
1970-01-07 03:02:00+00:00,0.002368032276624394,0.0017413452037565273,5753
1970-01-07 03:03:00+00:00,0.0017890855466154393,0.0016302653907751207,4678
1970-01-07 03:04:00+00:00,0.0021728682555390367,0.000913414516766885,5080
1970-01-07 03:05:00+00:00,0.006744774779087388,0.005042982547081406,9837
1970-01-07 03:06:00+00:00,0.0015483269213881195,0.0013890021288324348,6444
1970-01-07 03:07:00+00:00,0.0010987281703221758,0.0009698795406626175,6054
1970-01-07 03:08:00+00:00,0.001979187189181203,0.0011493449475822994,5190
1970-01-07 03:09:00+00:00,0.0010828912300692515,0.0009058896002813733,5025
1970-01-07 03:10:00+00:00,0.0068896193636738285,0.005032863692935179,9837
1970-01-07 03:11:00+00:00,0.003261681628896654,0.0018646921002600718,7581
1970-01-07 03:12:00+00:00,0.0032014152496783787,0.0018755768518213224,7402
1970-01-07 03:13:00+00:00,0.002411981141298212,0.0016542594334058515,6591
1970-01-07 03:14:00+00:00,0.0016239607919917892,0.0011487289690735602,7052
1970-01-07 03:15:00+00:00,0.007111982920924339,0.005143898118739281,9836
1970-01-07 03:16:00+00:00,0.0022208973495704658,0.0016954435925216752,6088
1970-01-07 03:17:00+00:00,0.003233849487992462,0.0015630559006277677,6558
1970-01-07 03:18:00+00:00,0.0018571503148868708,0.0011244220030309814,6624
1970-01-07 03:19:00+00:00,0.0010843787671537244,0.000812397034997487,6579
1970-01-07 03:20:00+00:00,0.0070098427921114785,0.004987450582994988,9838
1970-01-07 03:21:00+00:00,0.0025982396676929916,0.0017284631226746738,7042
1970-01-07 03:22:00+00:00,0.0020496442507871343,0.0015348276123798134,7325
1970-01-07 03:23:00+00:00,0.0018298845457380964,0.0013019763191180088,6218
1970-01-07 03:24:00+00:00,0.0012947999250305423,0.0007486329668222457,5458
1970-01-07 03:25:00+00:00,0.007163684334680977,0.005077763346752886,9836
1970-01-07 03:26:00+00:00,0.0033898186881853648,0.002249180169253879,6381
1970-01-07 03:27:00+00:00,0.0034301378691189727,0.002153067342754075,7139
1970-01-07 03:28:00+00:00,0.002071036657481537,0.001242109864913426,5832
1970-01-07 03:29:00+00:00,0.0014500547830697571,0.0007925206175895346,5047
1970-01-07 03:30:00+00:00,0.007054501271310451,0.004947254245519023,9837
1970-01-07 03:31:00+00:00,0.002649151328136465,0.0016406728035084403,7449
1970-01-07 03:32:00+00:00,0.0025018580825874044,0.001770689558337404,6364
1970-01-07 03:33:00+00:00,0.002848952296255248,0.0015382085527692485,6255
1970-01-07 03:34:00+00:00,0.001947817971449658,0.001065784996208536,6381
1970-01-07 03:35:00+00:00,0.006972805495464821,0.004935285977272215,9838
1970-01-07 03:36:00+00:00,0.0027019715186187123,0.0022885129645929324,5776
1970-01-07 03:37:00+00:00,0.002416370878792784,0.0019278233452772386,6149
1970-01-07 03:38:00+00:00,0.0023852648629807175,0.0014687771748266205,5439
1970-01-07 03:39:00+00:00,0.0011703744083073307,0.0011052758060429641,5803
1970-01-07 03:40:00+00:00,0.0068730608082582245,0.004894294299232949,9837
1970-01-07 03:41:00+00:00,0.002993532794979678,0.002414767241410787,6376
1970-01-07 03:42:00+00:00,0.002497734570700669,0.0017612727880573793,6679
1970-01-07 03:43:00+00:00,0.002169217900557039,0.001457644260284007,6867
1970-01-07 03:44:00+00:00,0.0012617604649204864,0.0009402462822317959,6253
1970-01-07 03:45:00+00:00,0.006759569242486389,0.004784273585405141,9837
1970-01-07 03:46:00+00:00,0.0022921315040959804,0.0018379008118144273,6540
1970-01-07 03:47:00+00:00,0.0016781959984194035,0.0014278402590180194,7180
1970-01-07 03:48:00+00:00,0.0020683374922393204,0.0011653995879510723,7324
1970-01-07 03:49:00+00:00,0.001858794475262938,0.0008878930795445523,6806
1970-01-07 03:50:00+00:00,0.006635220158580473,0.004631282762581912,9835
1970-01-07 03:51:00+00:00,0.0032111508636015742,0.0015060277791482072,7420
1970-01-07 03:52:00+00:00,0.0021622117921977022,0.0013885719435235214,7988
1970-01-07 03:53:00+00:00,0.0023225584648240423,0.001105086845578714,8232
1970-01-07 03:54:00+00:00,0.0016575342958743376,0.000762294210550739,7478
1970-01-07 03:55:00+00:00,0.006734490315507552,0.00452877302048068,9833
1970-01-07 03:56:00+00:00,0.0022853381987529516,0.0009947673159140713,7705
1970-01-07 03:57:00+00:00,0.0021791491594734423,0.0014712971970399953,7457
1970-01-07 03:58:00+00:00,0.0016227156098696672,0.0008651289449965843,7236
1970-01-07 03:59:00+00:00,0.0016478677275280544,0.0008060773798452087,7315
1970-01-07 04:00:00+00:00,0.006533380106327746,0.004226990099352369,9835
1970-01-07 04:01:00+00:00,0.004009854148632734,0.002130265858384869,7320
1970-01-07 04:02:00+00:00,0.0024252298786175057,0.0015616783401914433,6733
1970-01-07 04:03:00+00:00,0.003590775337286854,0.0018841363523093627,6755
1970-01-07 04:04:00+00:00,0.001161086273514234,0.0005917392037082952,6119
1970-01-07 04:05:00+00:00,0.006549724116226957,0.004273270863126431,9839
1970-01-07 04:06:00+00:00,0.001523630053484904,0.0008658074944364841,5716
1970-01-07 04:07:00+00:00,0.0016160638533683402,0.0008824935713813564,5925
1970-01-07 04:08:00+00:00,0.0013665085880441134,0.000704624113692852,7386
1970-01-07 04:09:00+00:00,0.001132165428348648,0.0006153852377316713,6486
1970-01-07 04:10:00+00:00,0.006419531260444097,0.004162848393243777,9844
1970-01-07 04:11:00+00:00,0.004222001039141247,0.0022469093245574626,5776
1970-01-07 04:12:00+00:00,0.00451480986063434,0.00245421491721312,6024
1970-01-07 04:13:00+00:00,0.0022814696909147316,0.0014553035518451907,6421
1970-01-07 04:14:00+00:00,0.0010380810190953663,0.0008125690075824761,6741
1970-01-07 04:15:00+00:00,0.006375671232801378,0.0041251812073266345,9841
1970-01-07 04:16:00+00:00,0.0017848952730835316,0.0010584463886183604,6930
1970-01-07 04:17:00+00:00,0.0014424105757055836,0.0008988352396346815,7132
1970-01-07 04:18:00+00:00,0.0012899144628468891,0.0009618609079106674,6335
1970-01-07 04:19:00+00:00,0.002565952284116465,0.0010383981747092612,7801
1970-01-07 04:20:00+00:00,0.006230819334441359,0.004077671364918039,9841
1970-01-07 04:21:00+00:00,0.00291297618894337,0.001635582034767547,7902
1970-01-07 04:22:00+00:00,0.0017773472316681392,0.0011936615535191133,7521
1970-01-07 04:23:00+00:00,0.0020227307757592753,0.0012212038983861046,7549
1970-01-07 04:24:00+00:00,0.0018619009189075992,0.0007602358297701784,6496
1970-01-07 04:25:00+00:00,0.006364121386569834,0.004016751124163127,9839
1970-01-07 04:26:00+00:00,0.0021376102837713253,0.0011506790471496305,7264
1970-01-07 04:27:00+00:00,0.002016229479440165,0.0014902941815404076,7538
1970-01-07 04:28:00+00:00,0.0022077248496568244,0.001412633829411583,6921
1970-01-07 04:29:00+00:00,0.0027404314316943935,0.0015407975427162194,6624
1970-01-07 04:30:00+00:00,0.006344081794328209,0.004046528880114799,9839
1970-01-07 04:31:00+00:00,0.003602688192906685,0.0019942793275252338,6695
1970-01-07 04:32:00+00:00,0.0035960228579617016,0.0020599050238654082,7676
1970-01-07 04:33:00+00:00,0.002215245795463489,0.0011293685398243766,6387
1970-01-07 04:34:00+00:00,0.0015852216977305048,0.0008801983716235603,6416
1970-01-07 04:35:00+00:00,0.006458704179393038,0.0040598487543920345,9838
1970-01-07 04:36:00+00:00,0.001950920739355323,0.0013132008167971113,6577
1970-01-07 04:37:00+00:00,0.002255928151676402,0.001481393264105301,6726
1970-01-07 04:38:00+00:00,0.002031211322039102,0.0012422144301697312,6414
1970-01-07 04:39:00+00:00,0.001655192372538135,0.0007555132676248996,6846
1970-01-07 04:40:00+00:00,0.0064493230260904396,0.004015896017015475,9837
1970-01-07 04:41:00+00:00,0.0020858362663623894,0.0012588423351908907,7112
1970-01-07 04:42:00+00:00,0.0024921889763182487,0.001062321500286822,7203
1970-01-07 04:43:00+00:00,0.002594332544782904,0.0009850161233151261,7989
1970-01-07 04:44:00+00:00,0.0016068620177501422,0.002433410285343168,6609
1970-01-07 04:45:00+00:00,0.00657251265739743,0.004017653771226555,9839
1970-01-07 04:46:00+00:00,0.001989313509232284,0.0014301812561942357,6677
1970-01-07 04:47:00+00:00,0.0027321165100293336,0.0018851869199253723,5622
1970-01-07 04:48:00+00:00,0.0024278489936846023,0.0012222986079245847,7398
1970-01-07 04:49:00+00:00,0.0014656397627727175,0.000854869039757211,6816
1970-01-07 04:50:00+00:00,0.0063507343808221085,0.0039552277713749825,9843
1970-01-07 04:51:00+00:00,0.0028218462437594924,0.0014463395882158335,7267
1970-01-07 04:52:00+00:00,0.003400968608613748,0.001969709041012587,7435
1970-01-07 04:53:00+00:00,0.001827165686472903,0.0008255930313435487,7376
1970-01-07 04:54:00+00:00,0.0015848511180092792,0.0005158911264184097,5751
1970-01-07 04:55:00+00:00,0.0063961887690473715,0.004006948637259905,9841
1970-01-07 04:56:00+00:00,0.0029282840393043456,0.001297310886220041,5580
1970-01-07 04:57:00+00:00,0.0018056782474269058,0.0008835959085304506,7112
1970-01-07 04:58:00+00:00,0.0016295148540969842,0.0007709865659805106,6391
1970-01-07 04:59:00+00:00,0.0018190001289296106,0.0008900769657710484,5892
1970-01-07 05:00:00+00:00,0.006390996807864523,0.004030572449976946,9842
1970-01-07 05:01:00+00:00,0.00489965377016239,0.002366445717587472,6447
1970-01-07 05:02:00+00:00,0.002218929761898874,0.0011664502713054437,7521
1970-01-07 05:03:00+00:00,0.0019373915028388024,0.0007927079451179752,7665
1970-01-07 05:04:00+00:00,0.0013754947021900061,0.0006107318702510444,6072
1970-01-07 05:05:00+00:00,0.006127849460248314,0.0038631487274981054,9843
1970-01-07 05:06:00+00:00,0.0015788303524632659,0.0009150266106200745,6399
1970-01-07 05:07:00+00:00,0.0025456353133864037,0.0012475606774351353,6785
1970-01-07 05:08:00+00:00,0.001324255437092343,0.0006579226147980006,6444
1970-01-07 05:09:00+00:00,0.001956175464526157,0.0007165973975211077,7380
1970-01-07 05:10:00+00:00,0.006317709258953386,0.0038555979367276175,9841
1970-01-07 05:11:00+00:00,0.003297544866430128,0.002215645519129372,7904
1970-01-07 05:12:00+00:00,0.0019754024737162674,0.0010744254733119289,8129
1970-01-07 05:13:00+00:00,0.0023978670251565714,0.0008750927482649917,6522
1970-01-07 05:14:00+00:00,0.0016828073277578989,0.0005800820802281178,5769
1970-01-07 05:15:00+00:00,0.0066272614537708895,0.004142918438334732,9837
1970-01-07 05:16:00+00:00,0.002504315412165656,0.0010886093606111385,5182
1970-01-07 05:17:00+00:00,0.0019686575226782344,0.000945065325177082,6548
1970-01-07 05:18:00+00:00,0.001828962117200154,0.0010115856675985383,5792
1970-01-07 05:19:00+00:00,0.0019005557710859054,0.0007149274110956887,5179
1970-01-07 05:20:00+00:00,0.0065779198377187344,0.0042124024446727245,9838
1970-01-07 05:21:00+00:00,0.002929846973257948,0.0012608113788639735,6620
1970-01-07 05:22:00+00:00,0.0024292277899596332,0.0011706778321138745,6143
1970-01-07 05:23:00+00:00,0.0016282362437173505,0.0008861324443338824,4812
1970-01-07 05:24:00+00:00,0.001611275410936054,0.0010994802618016788,6475
1970-01-07 05:25:00+00:00,0.006546155920566492,0.004200393029568109,9838
1970-01-07 05:26:00+00:00,0.0014235575319917688,0.0008641977262486602,6520
1970-01-07 05:27:00+00:00,0.002047101993673089,0.0009920424338160333,6075
1970-01-07 05:28:00+00:00,0.0020883427138378287,0.0009210000568449151,5276
1970-01-07 05:29:00+00:00,0.001351106404906874,0.0006058343388082978,5367
1970-01-07 05:30:00+00:00,0.006516099674490418,0.0042400030423222455,9842
1970-01-07 05:31:00+00:00,0.0028808925395936084,0.0030245740244016564,7938
1970-01-07 05:32:00+00:00,0.002223719662244497,0.0015626439707970834,6412
1970-01-07 05:33:00+00:00,0.002470719518740304,0.001315411938123475,7054
1970-01-07 05:34:00+00:00,0.0015155752502429745,0.0009379678830573712,6459
1970-01-07 05:35:00+00:00,0.006382751841946362,0.004063619941300994,9842
1970-01-07 05:36:00+00:00,0.0013648392362756384,0.0008141236614728761,7618
1970-01-07 05:37:00+00:00,0.0012225553949489125,0.0008495150915512583,6931
1970-01-07 05:38:00+00:00,0.0015827402708085937,0.0007962316497912045,6895
1970-01-07 05:39:00+00:00,0.0016914370139187985,0.0006560159342605566,6451
1970-01-07 05:40:00+00:00,0.006457685605064591,0.004147408652510546,9843
1970-01-07 05:41:00+00:00,0.002016768283280162,0.0010660980785425988,7633
1970-01-07 05:42:00+00:00,0.0025120955838754716,0.0010711517962780613,6290
1970-01-07 05:43:00+00:00,0.0022307664874918146,0.0008203846016215807,7335
1970-01-07 05:44:00+00:00,0.002419566416215256,0.0010346255915851775,5941
1970-01-07 05:45:00+00:00,0.006581790759375556,0.004284107688587667,9842
1970-01-07 05:46:00+00:00,0.0020794728790371002,0.0012512028772196295,6713
1970-01-07 05:47:00+00:00,0.00171572615613772,0.0008816522869929677,7158
1970-01-07 05:48:00+00:00,0.0016809390628612683,0.0007443018042196253,6535
1970-01-07 05:49:00+00:00,0.0017255546886858874,0.0007729847114896762,6432
1970-01-07 05:50:00+00:00,0.006369106229432476,0.004234908910642135,9842
1970-01-07 05:51:00+00:00,0.00221659296685591,0.0012075529761124107,6916
1970-01-07 05:52:00+00:00,0.0020869263207303136,0.001427878976569135,7381
1970-01-07 05:53:00+00:00,0.0029851387287008362,0.0016659176318019366,7044
1970-01-07 05:54:00+00:00,0.002337583384884835,0.000920505519157569,6589
1970-01-07 05:55:00+00:00,0.006459097743789956,0.004262907782272156,9843
1970-01-07 05:56:00+00:00,0.0013466467712627678,0.0012265626674210824,5970
1970-01-07 05:57:00+00:00,0.0017608960189624194,0.0008196481424852284,5963
1970-01-07 05:58:00+00:00,0.0014980756806278223,0.0007441236258319802,5745
1970-01-07 05:59:00+00:00,0.0018386817065970623,0.0012958318990044868,6424
1970-01-07 06:00:00+00:00,0.0066243646307468885,0.00435261627776084,9840
1970-01-07 06:01:00+00:00,0.005275292307315453,0.00398141956282492,6741
1970-01-07 06:02:00+00:00,0.003523073343488267,0.0022442410138176477,6546
1970-01-07 06:03:00+00:00,0.0017371963925169192,0.0008779729920417417,7366
1970-01-07 06:04:00+00:00,0.001345780352715115,0.0006266322646140503,6270
1970-01-07 06:05:00+00:00,0.006696498009077273,0.0043261076463912964,9839
1970-01-07 06:06:00+00:00,0.0023899527475473577,0.0017077603652780166,6228
1970-01-07 06:07:00+00:00,0.002102394044028402,0.0014316651098080758,6740
1970-01-07 06:08:00+00:00,0.0015379632203818272,0.0013151897238077132,6790
1970-01-07 06:09:00+00:00,0.0031111704221744424,0.0017463008000120975,7564
1970-01-07 06:10:00+00:00,0.00668032384028089,0.004284853633753804,9841
1970-01-07 06:11:00+00:00,0.0033461340577913834,0.0017113814474143147,7121
1970-01-07 06:12:00+00:00,0.0025339661168621006,0.001359750513938723,7390
1970-01-07 06:13:00+00:00,0.0015686851278798619,0.0009428822691968142,7328
1970-01-07 06:14:00+00:00,0.0012675159846735561,0.0006818892521047932,6229
1970-01-07 06:15:00+00:00,0.0064307607385683425,0.004084745596129825,9843
1970-01-07 06:16:00+00:00,0.001341411359021182,0.00071417688887516,7747
1970-01-07 06:17:00+00:00,0.001608842063615101,0.0008674239058809542,7345
1970-01-07 06:18:00+00:00,0.001087633374999423,0.0006577985214863105,6652
1970-01-07 06:19:00+00:00,0.0022887064250934467,0.0008993240178634625,7254
1970-01-07 06:20:00+00:00,0.0061324949498889475,0.003955181295150661,9841
1970-01-07 06:21:00+00:00,0.0018901213983026652,0.0009522229990928594,8475
1970-01-07 06:22:00+00:00,0.0011496475789950225,0.0007601833352349264,6814
1970-01-07 06:23:00+00:00,0.0021735612154120173,0.0010525142603538132,6940
1970-01-07 06:24:00+00:00,0.0009606129376054502,0.0007401275156844292,5792
1970-01-07 06:25:00+00:00,0.006073770063528533,0.003994391984504629,9841
1970-01-07 06:26:00+00:00,0.0031514272908262386,0.001784637337562295,6976
1970-01-07 06:27:00+00:00,0.002283081410281642,0.0011137141515850625,7619
1970-01-07 06:28:00+00:00,0.0024463776387382784,0.0011775984131901706,7320
1970-01-07 06:29:00+00:00,0.002758355012961798,0.0012965589886953855,6667
1970-01-07 06:30:00+00:00,0.006487547517535467,0.004130090684502602,9841
1970-01-07 06:31:00+00:00,0.0035553743093459105,0.001207502457347091,7827
1970-01-07 06:32:00+00:00,0.0038018592432275907,0.002407730913104376,7214
1970-01-07 06:33:00+00:00,0.0027611847160470136,0.0008870637168383584,7477
1970-01-07 06:34:00+00:00,0.002238032767137614,0.000802271806022622,7259
1970-01-07 06:35:00+00:00,0.006683415081075826,0.0041485035173255405,9842
1970-01-07 06:36:00+00:00,0.0025445602068504356,0.0010969177413325914,7156
1970-01-07 06:37:00+00:00,0.004688355443471133,0.001346821853434267,6760
1970-01-07 06:38:00+00:00,0.0031950218170388434,0.0010469702632074063,5179
1970-01-07 06:39:00+00:00,0.002684164470473483,0.0010191088836790925,6914
1970-01-07 06:40:00+00:00,0.006663315869740557,0.004101836600858291,9842
1970-01-07 06:41:00+00:00,0.002840826893459667,0.0013276528425613008,7651
1970-01-07 06:42:00+00:00,0.002239559017047152,0.000962087543403275,7768
1970-01-07 06:43:00+00:00,0.0023515153406661496,0.000907838300692317,7562
1970-01-07 06:44:00+00:00,0.002222720548487548,0.0010733489816384474,7390
1970-01-07 06:45:00+00:00,0.006372245932841109,0.004023554957709426,9841
1970-01-07 06:46:00+00:00,0.0023737119167528448,0.001130455965958929,7115
1970-01-07 06:47:00+00:00,0.0023897697900311966,0.0010516015257236026,6550
1970-01-07 06:48:00+00:00,0.0022990384777615506,0.0009426505110973535,6139
1970-01-07 06:49:00+00:00,0.0020027308475137565,0.0009426935781856637,6906
1970-01-07 06:50:00+00:00,0.006523992140986885,0.004066157087896247,9841
1970-01-07 06:51:00+00:00,0.002829403588614475,0.0013230460188361063,6784
1970-01-07 06:52:00+00:00,0.001971899625860989,0.001388377280690568,5844
1970-01-07 06:53:00+00:00,0.0017141876476084324,0.0007934508274129091,6588
1970-01-07 06:54:00+00:00,0.0011622997993919223,0.0007953755466006647,6459
1970-01-07 06:55:00+00:00,0.006576052018283115,0.004109542213340932,9841
1970-01-07 06:56:00+00:00,0.002732564547442165,0.0011863467778692699,5346
1970-01-07 06:57:00+00:00,0.0021752779806339527,0.0009384200079242053,5126
1970-01-07 06:58:00+00:00,0.0024198829519505344,0.0013643452707602108,5227
1970-01-07 06:59:00+00:00,0.0022552585662848315,0.0010628153424744147,5365
1970-01-07 07:00:00+00:00,0.006653212949514018,0.0041688279750788,9841
1970-01-07 07:01:00+00:00,0.003671945812467124,0.0021425706193414704,6948
1970-01-07 07:02:00+00:00,0.0025602802801524814,0.0010488000920937197,6465
1970-01-07 07:03:00+00:00,0.00191544246243151,0.0010272869681500715,6136
1970-01-07 07:04:00+00:00,0.0014151061314677366,0.0007667860079450684,5878
1970-01-07 07:05:00+00:00,0.00670944117145998,0.004300886885630096,9841
1970-01-07 07:06:00+00:00,0.002558381700071454,0.0013302960408712152,4450
1970-01-07 07:07:00+00:00,0.002257448220178463,0.0009834903090922954,5622
1970-01-07 07:08:00+00:00,0.0016895190092360195,0.0009565200542127125,4891
1970-01-07 07:09:00+00:00,0.0020258047467580894,0.0007426294890068363,6478
1970-01-07 07:10:00+00:00,0.006475568793765252,0.0041805335867364365,9842
1970-01-07 07:11:00+00:00,0.003526949709290958,0.001820184497941144,7429
1970-01-07 07:12:00+00:00,0.003052187394504899,0.001501215869694988,6488
1970-01-07 07:13:00+00:00,0.0012991383595137578,0.0007819018021971995,5171
1970-01-07 07:14:00+00:00,0.0019988738287105737,0.0007576489745007483,5204
1970-01-07 07:15:00+00:00,0.006503939499269234,0.004268548811724925,9843
1970-01-07 07:16:00+00:00,0.0018049278190398824,0.0009264304959314697,7160
1970-01-07 07:17:00+00:00,0.001508110810395571,0.0008115349811538984,6982
1970-01-07 07:18:00+00:00,0.0014226039749241212,0.0009045429349388186,7025
1970-01-07 07:19:00+00:00,0.0015922680439816922,0.0006730763926547116,6744
1970-01-07 07:20:00+00:00,0.006703773541083896,0.0043162011379106946,9845
1970-01-07 07:21:00+00:00,0.001996780763565831,0.0009475788956648168,7332
1970-01-07 07:22:00+00:00,0.0031883169613773697,0.0017282586290094095,7844
1970-01-07 07:23:00+00:00,0.000930351042843247,0.0007986773274683833,7470
1970-01-07 07:24:00+00:00,0.0010510082256173733,0.0006479025261003222,5670
1970-01-07 07:25:00+00:00,0.006476481876604371,0.004266945225152445,9845
1970-01-07 07:26:00+00:00,0.0013382189262258967,0.0008813074107183252,5532
1970-01-07 07:27:00+00:00,0.0019796180146131174,0.0013744361130101292,6920
1970-01-07 07:28:00+00:00,0.001996041445918303,0.0011565880920572946,6737
1970-01-07 07:29:00+00:00,0.0014045364776012381,0.0008913102989046698,7150
1970-01-07 07:30:00+00:00,0.006332041819581135,0.004180125232382848,9844
1970-01-07 07:31:00+00:00,0.0019141901652018237,0.0011229230026971767,7848
1970-01-07 07:32:00+00:00,0.0025574308097136233,0.0015159299782933474,7641
1970-01-07 07:33:00+00:00,0.0016029465096513429,0.0009211721733221274,6572
1970-01-07 07:34:00+00:00,0.0013011915173716405,0.0008675830358594677,6213
1970-01-07 07:35:00+00:00,0.006310790826731593,0.004296993163032078,9845
1970-01-07 07:36:00+00:00,0.0035494449390394696,0.0019291536850583693,6096
1970-01-07 07:37:00+00:00,0.004486021836905894,0.0021754121293877503,6556
1970-01-07 07:38:00+00:00,0.002838277833052341,0.0012159137198362558,7080
1970-01-07 07:39:00+00:00,0.001550938079947599,0.00043878093262427116,6498
1970-01-07 07:40:00+00:00,0.005966660282273365,0.0043807121176087415,9843
1970-01-07 07:41:00+00:00,0.003470549458380844,0.0014189138162367188,7286
1970-01-07 07:42:00+00:00,0.0032117230261094662,0.0014062135252738094,6907
1970-01-07 07:43:00+00:00,0.0019203038607242555,0.0009451114327203329,5430
1970-01-07 07:44:00+00:00,0.0014014618793182613,0.0006278447821760766,4976
1970-01-07 07:45:00+00:00,0.006014351242567278,0.004488048720274709,9842
1970-01-07 07:46:00+00:00,0.001741706967700898,0.0008187175593283872,5382
1970-01-07 07:47:00+00:00,0.001957708943654456,0.0009304193816474319,5242
1970-01-07 07:48:00+00:00,0.0024102471157440857,0.000802627239959561,4937
1970-01-07 07:49:00+00:00,0.001823610423405348,0.00067138535451456,5089
1970-01-07 07:50:00+00:00,0.005915714582456564,0.004497973258015517,9841
1970-01-07 07:51:00+00:00,0.0032393890895988935,0.00141516175318355,5869
1970-01-07 07:52:00+00:00,0.0029042871275712537,0.0011331586821163137,5742
1970-01-07 07:53:00+00:00,0.0018971237399371958,0.0007775676446074296,4724
1970-01-07 07:54:00+00:00,0.0023644984074339395,0.0008200342072435891,4077
1970-01-07 07:55:00+00:00,0.006137482384732481,0.004591304647412926,9841
1970-01-07 07:56:00+00:00,0.0027104510041735656,0.0010258089374478466,5250
1970-01-07 07:57:00+00:00,0.0030156045418091673,0.0015143477772378833,5998
1970-01-07 07:58:00+00:00,0.0029551621730377104,0.0012975934996835822,5795
1970-01-07 07:59:00+00:00,0.0022000196251528046,0.0008761391423272529,4757
1970-01-07 08:00:00+00:00,0.0062476687001119064,0.004636193327604775,9840
1970-01-07 08:01:00+00:00,0.003189203129362395,0.0018124746778240548,5373
1970-01-07 08:02:00+00:00,0.003276069941383238,0.0017922619758318325,4649
1970-01-07 08:03:00+00:00,0.002204597557464492,0.0011642739463428235,4666
1970-01-07 08:04:00+00:00,0.0019687564733997438,0.0007778857837246479,3747
1970-01-07 08:05:00+00:00,0.006354960175599302,0.004650805313244972,9840
1970-01-07 08:06:00+00:00,0.002543201903587132,0.0012046383526184798,4143
1970-01-07 08:07:00+00:00,0.0020028564776196195,0.0008968731428614024,4324
1970-01-07 08:08:00+00:00,0.004867299148436272,0.000876138922634516,4230
1970-01-07 08:09:00+00:00,0.0031284802384489345,0.0013794161600488542,4887
1970-01-07 08:10:00+00:00,0.006368057265027958,0.004646006435183003,9844
1970-01-07 08:11:00+00:00,0.003937305336801737,0.001429722607947542,5335
1970-01-07 08:12:00+00:00,0.0022608560803514155,0.0011515399508897144,8953
1970-01-07 08:13:00+00:00,0.0014418077389280225,0.0007805168098422262,8405
1970-01-07 08:14:00+00:00,0.0022497283842410902,0.0006430550889267131,4854
1970-01-07 08:15:00+00:00,0.006566941457312597,0.004849980371307033,9845
1970-01-07 08:16:00+00:00,0.0026939748460162445,0.001413781094106109,4855
1970-01-07 08:17:00+00:00,0.002551221789642167,0.001102138688074472,4004
1970-01-07 08:18:00+00:00,0.002524247079166558,0.0010741396416220092,4099
1970-01-07 08:19:00+00:00,0.002031055083446574,0.001137635487129295,5415
1970-01-07 08:20:00+00:00,0.006441981736350019,0.004814622370035648,9844
1970-01-07 08:21:00+00:00,0.0028320431388547066,0.0013335169805004986,5634
1970-01-07 08:22:00+00:00,0.0028287590442838103,0.0013299417848093664,5955
1970-01-07 08:23:00+00:00,0.002235189670532347,0.0013315962946018386,6266
1970-01-07 08:24:00+00:00,0.0021129322762607305,0.0012199322225857833,4684
1970-01-07 08:25:00+00:00,0.006303108847747939,0.004837824372077987,9844
1970-01-07 08:26:00+00:00,0.0025073159753027643,0.001339395738737441,4491
1970-01-07 08:27:00+00:00,0.002709578088921691,0.0013829481722128535,5271
1970-01-07 08:28:00+00:00,0.0029465866682988253,0.001575292009442536,5046
1970-01-07 08:29:00+00:00,0.002486647701245698,0.0016612365212863424,5019
1970-01-07 08:30:00+00:00,0.006624600730217323,0.004922007497754819,9843
1970-01-07 08:31:00+00:00,0.0037851982427824426,0.0016545873130634932,4208
1970-01-07 08:32:00+00:00,0.002974204211626255,0.0015674000119952796,4233
1970-01-07 08:33:00+00:00,0.002731706432675631,0.0019279734370668802,4681
1970-01-07 08:34:00+00:00,0.0028100843768144456,0.0020017717512078453,5172
1970-01-07 08:35:00+00:00,0.006491692391699305,0.004919779074314626,9843
1970-01-07 08:36:00+00:00,0.003173553492922486,0.0011689148697198598,5289
1970-01-07 08:37:00+00:00,0.00385941220628864,0.0019402835970364367,5210
1970-01-07 08:38:00+00:00,0.0027626527727630233,0.0016402903073510617,4491
1970-01-07 08:39:00+00:00,0.001776362426084708,0.001111210034348227,3478
1970-01-07 08:40:00+00:00,0.006482157626337062,0.004892204850041597,9843
1970-01-07 08:41:00+00:00,0.0034286575995529293,0.0019284156591912452,4872
1970-01-07 08:42:00+00:00,0.003774564483153383,0.0015898490502889392,4073
1970-01-07 08:43:00+00:00,0.002376327820078089,0.0009096466331009891,4728
1970-01-07 08:44:00+00:00,0.002087965426690285,0.0011282648359026194,4015
1970-01-07 08:45:00+00:00,0.006385334953597694,0.004880360658769626,9843
1970-01-07 08:46:00+00:00,0.002462565208992227,0.0013659369470038992,3794
1970-01-07 08:47:00+00:00,0.0022664883981287367,0.0013701967774120568,3550
1970-01-07 08:48:00+00:00,0.002669661530951189,0.001529572636532496,4533
1970-01-07 08:49:00+00:00,0.002123589172436389,0.001091066128137599,2559
1970-01-07 08:50:00+00:00,0.0064577716472033675,0.004904310964857465,9844
1970-01-07 08:51:00+00:00,0.0032542276279586653,0.0016304536649175624,4599
1970-01-07 08:52:00+00:00,0.003319174042407132,0.001498646774496535,3908
1970-01-07 08:53:00+00:00,0.0035821662531576883,0.0016127697418894308,3926
1970-01-07 08:54:00+00:00,0.003775329232549795,0.0015680259015379838,3674
1970-01-07 08:55:00+00:00,0.006663851888777322,0.0049497207986935405,9844
1970-01-07 08:56:00+00:00,0.0037301272063675088,0.002045179915857877,4774
1970-01-07 08:57:00+00:00,0.0025787319841790494,0.0011292885316575318,3496
1970-01-07 08:58:00+00:00,0.0030123575510683565,0.0015239101128290157,3883
1970-01-07 08:59:00+00:00,0.0042013161159419315,0.0017824489893383704,3614
1970-01-07 09:00:00+00:00,0.006585809046309426,0.004940202379517315,9844
1970-01-07 09:01:00+00:00,0.004771780607885595,0.002374374779860628,3698
1970-01-07 09:02:00+00:00,0.0035500661091632203,0.0018105135078889823,3975
1970-01-07 09:03:00+00:00,0.0029860934577846453,0.001881617095403877,2710
1970-01-07 09:04:00+00:00,0.0025182596425972225,0.0020565403019471543,4492
1970-01-07 09:05:00+00:00,0.0061196459157734,0.004953409225314027,9844
1970-01-07 09:06:00+00:00,0.0027630705423210846,0.002116024175371939,4354
1970-01-07 09:07:00+00:00,0.0023082749712365863,0.0020204465856929147,4197
1970-01-07 09:08:00+00:00,0.001765715175117883,0.001767005951703816,4308
1970-01-07 09:09:00+00:00,0.001814333867944915,0.001939599172519074,4681
1970-01-07 09:10:00+00:00,0.006120892345915331,0.00496392073326412,9844
1970-01-07 09:11:00+00:00,0.003850045589205201,0.002023579519455329,3023
1970-01-07 09:12:00+00:00,0.002247386390705425,0.0012069669430258942,2089
1970-01-07 09:13:00+00:00,0.001931705961349042,0.0009148747481593924,3070
1970-01-07 09:14:00+00:00,0.002234357633215988,0.0007419212689417853,2704
1970-01-07 09:15:00+00:00,0.00585686302533869,0.004945942484069757,9843
1970-01-07 09:16:00+00:00,0.002223511696959255,0.001633522471203675,3526
1970-01-07 09:17:00+00:00,0.0019847728766940833,0.0010399986346341162,3058
1970-01-07 09:18:00+00:00,0.0016313047733583367,0.001041070179837797,3634
1970-01-07 09:19:00+00:00,0.0019473104500726476,0.001319190667637647,3689
1970-01-07 09:20:00+00:00,0.005854435827351713,0.0048988906243009715,9843
1970-01-07 09:21:00+00:00,0.0033463061929411048,0.003577504088925665,5613
1970-01-07 09:22:00+00:00,0.0018975067931277431,0.001175608964729256,4353
1970-01-07 09:23:00+00:00,0.0019378883153774607,0.001705433137550226,5610
1970-01-07 09:24:00+00:00,0.002087455021124825,0.001998455629027156,3835
1970-01-07 09:25:00+00:00,0.005889833071096985,0.004857652517111266,9843
1970-01-07 09:26:00+00:00,0.0016765824305379799,0.0009230390373943595,3981
1970-01-07 09:27:00+00:00,0.0024736132549501933,0.0011121957143414257,4597
1970-01-07 09:28:00+00:00,0.003108852990429083,0.0018390542432023796,4283
1970-01-07 09:29:00+00:00,0.0027194533841836633,0.0016032187361971946,4552
1970-01-07 09:30:00+00:00,0.005943363224034535,0.004868629046695651,9843
1970-01-07 09:31:00+00:00,0.003701582372900977,0.002981127265976268,6243
1970-01-07 09:32:00+00:00,0.0023064146056248173,0.0022023955698510962,5459
1970-01-07 09:33:00+00:00,0.0028783676259422843,0.0029316734217997597,5362
1970-01-07 09:34:00+00:00,0.0019929946512119,0.0025276184481030327,5284
1970-01-07 09:35:00+00:00,0.006302193957201551,0.004863162363660811,9842
1970-01-07 09:36:00+00:00,0.0032484341450708474,0.0017433376969962257,4674
1970-01-07 09:37:00+00:00,0.003771601916148442,0.0021947317924979138,5288
1970-01-07 09:38:00+00:00,0.0025400271720303967,0.0014663510837414767,2889
1970-01-07 09:39:00+00:00,0.00179607743152313,0.0010318172805790654,4056
1970-01-07 09:40:00+00:00,0.007090244195292778,0.004859775103037325,9842
1970-01-07 09:41:00+00:00,0.005240340427345667,0.001895303097822803,3818
1970-01-07 09:42:00+00:00,0.004079714596644224,0.0018404171943511667,3929
1970-01-07 09:43:00+00:00,0.002967701062171699,0.0017883865739544043,4134
1970-01-07 09:44:00+00:00,0.0034211797445024444,0.0014958150954752997,4454
1970-01-07 09:45:00+00:00,0.007202805973490716,0.004923814455125597,9843
1970-01-07 09:46:00+00:00,0.004184911669051163,0.0019139565916102257,3648
1970-01-07 09:47:00+00:00,0.0031838685048323403,0.001387551752107926,4253
1970-01-07 09:48:00+00:00,0.0030925074412806596,0.0013999086156760107,4254
1970-01-07 09:49:00+00:00,0.0032768633290034743,0.0016184430296752878,4567
1970-01-07 09:50:00+00:00,0.007121132623984998,0.004935059015271131,9842
1970-01-07 09:51:00+00:00,0.0038481784129028537,0.0017912198699357508,3986
1970-01-07 09:52:00+00:00,0.003959383564295163,0.0015569363080489174,4146
1970-01-07 09:53:00+00:00,0.0028893177764193682,0.0013666747327928687,4545
1970-01-07 09:54:00+00:00,0.002366913892202263,0.0010924143871237925,4605
1970-01-07 09:55:00+00:00,0.007078091881397978,0.004946547367441959,9842
1970-01-07 09:56:00+00:00,0.003388881400807351,0.001523588555883688,3362
1970-01-07 09:57:00+00:00,0.004044772804228982,0.0015091495914059106,3846
1970-01-07 09:58:00+00:00,0.0031004907086502565,0.0014260748911492976,3480
1970-01-07 09:59:00+00:00,0.002629270695928319,0.0011891966198214273,4262
1970-01-07 10:00:00+00:00,0.00695609931181109,0.004979034240054593,9842
1970-01-07 10:01:00+00:00,0.003500052709090944,0.002159122564968425,4350
1970-01-07 10:02:00+00:00,0.0036432443521658064,0.0018492428829246527,3899
1970-01-07 10:03:00+00:00,0.003852671752741299,0.0015155419596919301,4190
1970-01-07 10:04:00+00:00,0.002871883147848816,0.0011471840650025696,4129
1970-01-07 10:05:00+00:00,0.007082616637287888,0.004972583045584586,9841
1970-01-07 10:06:00+00:00,0.0038298686834697076,0.002323421835025638,5422
1970-01-07 10:07:00+00:00,0.003196336292389669,0.00367199944308572,5539
1970-01-07 10:08:00+00:00,0.0032456288609069577,0.001876289240504932,5171
1970-01-07 10:09:00+00:00,0.0029258286759081815,0.0014097675873333347,4314
1970-01-07 10:10:00+00:00,0.007187056396599559,0.004858260981238657,9841
1970-01-07 10:11:00+00:00,0.0043167329499718445,0.0022169413297647325,5943
1970-01-07 10:12:00+00:00,0.0045629727969505995,0.002557683514334644,5670
1970-01-07 10:13:00+00:00,0.0026883336164781556,0.0013248127739963012,4048
1970-01-07 10:14:00+00:00,0.002093964317201883,0.0008882628283883281,3910
1970-01-07 10:15:00+00:00,0.006923096448994342,0.004814503892307275,9841
1970-01-07 10:16:00+00:00,0.003945560320049322,0.0017737844182631386,4723
1970-01-07 10:17:00+00:00,0.00416062588990417,0.0017046629701186183,4469
1970-01-07 10:18:00+00:00,0.0039915754468991555,0.0016362603620152165,3910
1970-01-07 10:19:00+00:00,0.0036045102104015603,0.0014583198339555288,4079
1970-01-07 10:20:00+00:00,0.007047723935512112,0.0048609028500547855,9839
1970-01-07 10:21:00+00:00,0.005226071627279178,0.002152231205916866,4318
1970-01-07 10:22:00+00:00,0.005016646527751074,0.0019092244720885305,3980
1970-01-07 10:23:00+00:00,0.004520611386977861,0.0019342720702727385,3627
1970-01-07 10:24:00+00:00,0.004354081932626538,0.0014206141754359563,4101
1970-01-07 10:25:00+00:00,0.006983888198490235,0.004843037805228219,9839
1970-01-07 10:26:00+00:00,0.004367498496383158,0.0016305597647345166,4008
1970-01-07 10:27:00+00:00,0.003994570609561803,0.0019568964790558398,4662
1970-01-07 10:28:00+00:00,0.004469373294750371,0.0018867069427586933,4641
1970-01-07 10:29:00+00:00,0.0037423500921263645,0.0013025470968441764,3495
1970-01-07 10:30:00+00:00,0.0070401048337664016,0.004868988885967192,9838
1970-01-07 10:31:00+00:00,0.0042021140071348455,0.0014311293967989786,4496
1970-01-07 10:32:00+00:00,0.004537496879778348,0.0016192398086194097,3764
1970-01-07 10:33:00+00:00,0.0035786984553372,0.0016499303220315815,4913
1970-01-07 10:34:00+00:00,0.0038381109879418013,0.001964846649637316,5368
1970-01-07 10:35:00+00:00,0.0071540005913559145,0.004864967463259129,9839
1970-01-07 10:36:00+00:00,0.004422652291416188,0.0016476698324713833,4046
1970-01-07 10:37:00+00:00,0.0036590132669612253,0.0018571663554714408,6524
1970-01-07 10:38:00+00:00,0.0033751497183730095,0.00140761186510956,3970
1970-01-07 10:39:00+00:00,0.004506014315708047,0.00231069185809451,5069
1970-01-07 10:40:00+00:00,0.007111053467135932,0.004916979078262628,9839
1970-01-07 10:41:00+00:00,0.004248474617815649,0.001445929511533546,4813
1970-01-07 10:42:00+00:00,0.004366914304474223,0.0017156050546449616,4895
1970-01-07 10:43:00+00:00,0.003571789819802347,0.0013184593749371294,3638
1970-01-07 10:44:00+00:00,0.003400726315461108,0.0013128037040419454,3401
1970-01-07 10:45:00+00:00,0.007111554184164805,0.004928128081709623,9839
1970-01-07 10:46:00+00:00,0.0034028195231788484,0.0014251796188491186,3136
1970-01-07 10:47:00+00:00,0.004096091727235533,0.0016457566501260664,2735
1970-01-07 10:48:00+00:00,0.003563131323072332,0.0016005042981007574,3341
1970-01-07 10:49:00+00:00,0.003026936552663063,0.001334592057401166,4108
1970-01-07 10:50:00+00:00,0.007120935874613376,0.0049250484114204685,9839
1970-01-07 10:51:00+00:00,0.005031287571799172,0.002479294777668983,4313
1970-01-07 10:52:00+00:00,0.004906035130458964,0.0025037531683080078,4499
1970-01-07 10:53:00+00:00,0.0037675659588725817,0.0021473824067413092,5194
1970-01-07 10:54:00+00:00,0.003752605605165214,0.0015825654101818247,3740
1970-01-07 10:55:00+00:00,0.007074418317417195,0.004923165461115781,9840
1970-01-07 10:56:00+00:00,0.004612148661721908,0.0023846764873835576,3592
1970-01-07 10:57:00+00:00,0.004650878058616383,0.001778896331095161,3105
1970-01-07 10:58:00+00:00,0.002762511765907439,0.00142731346657114,5364
1970-01-07 10:59:00+00:00,0.002430546763381218,0.0012227314046412679,5175
1970-01-07 11:00:00+00:00,0.007082373526791308,0.004934099328540993,9840
1970-01-07 11:01:00+00:00,0.005628366790361841,0.0020317940423952648,5006
1970-01-07 11:02:00+00:00,0.0035998059648498335,0.0020715804460375823,4969
1970-01-07 11:03:00+00:00,0.0044772315884210444,0.0022965047642096057,4561
1970-01-07 11:04:00+00:00,0.004252349191125988,0.0016557030240825852,3659
1970-01-07 11:05:00+00:00,0.006953214394093242,0.0049095219325478905,9837
1970-01-07 11:06:00+00:00,0.004140354028989882,0.002254059295969332,5841
1970-01-07 11:07:00+00:00,0.003584163411006417,0.0018704283878253549,4711
1970-01-07 11:08:00+00:00,0.004301124898659082,0.002138599244349171,5054
1970-01-07 11:09:00+00:00,0.00358332775725572,0.0015993707631275218,4324
1970-01-07 11:10:00+00:00,0.007004867921690769,0.0048966668448693195,9839
1970-01-07 11:11:00+00:00,0.003973250506145589,0.001421153710771396,4387
1970-01-07 11:12:00+00:00,0.0033378695585395326,0.0012873419054520278,3607
1970-01-07 11:13:00+00:00,0.0029961630328392387,0.0012026736170869235,3835
1970-01-07 11:14:00+00:00,0.0032776596175120866,0.0015505038095192341,3734
1970-01-07 11:15:00+00:00,0.006981638494517709,0.004951535862959261,9839
1970-01-07 11:16:00+00:00,0.003897984180653213,0.001867173834878494,4644
1970-01-07 11:17:00+00:00,0.00388439599335117,0.0016940970253545148,3352
1970-01-07 11:18:00+00:00,0.004550084153751562,0.0019257625845798426,3913
1970-01-07 11:19:00+00:00,0.0038051261773130664,0.0018873750150883402,4230
1970-01-07 11:20:00+00:00,0.006968096777183671,0.004889412361702676,9839
1970-01-07 11:21:00+00:00,0.004905101048244269,0.0016874005385472813,3575
1970-01-07 11:22:00+00:00,0.002264094186466165,0.0010271169526033593,4329
1970-01-07 11:23:00+00:00,0.004082951700104749,0.0015350145810804497,4045
1970-01-07 11:24:00+00:00,0.003243666129876227,0.0010927640272108856,3272
1970-01-07 11:25:00+00:00,0.00708956859352175,0.004847262586703677,9836
1970-01-07 11:26:00+00:00,0.0041341675870694905,0.0014114090382792786,3826
1970-01-07 11:27:00+00:00,0.003642715643726916,0.0017922143214975672,5452
1970-01-07 11:28:00+00:00,0.0033318683156768306,0.001572950284439375,4154
1970-01-07 11:29:00+00:00,0.0036444379257181128,0.001252927781611598,3437
1970-01-07 11:30:00+00:00,0.007153829841758463,0.004881637674734479,9835
1970-01-07 11:31:00+00:00,0.004700868888109492,0.001840710118642643,3656
1970-01-07 11:32:00+00:00,0.0038329607136600883,0.0019738905887497957,4407
1970-01-07 11:33:00+00:00,0.003631435376794102,0.0016005577989716363,4182
1970-01-07 11:34:00+00:00,0.0034912820421141083,0.001423931137369295,4958
1970-01-07 11:35:00+00:00,0.0070885540678891894,0.004892853531612941,9835
1970-01-07 11:36:00+00:00,0.004903583961473069,0.002016891372376381,3956
1970-01-07 11:37:00+00:00,0.004736849796184137,0.0019294213835301568,4455
1970-01-07 11:38:00+00:00,0.0034050243948758477,0.0015086886111267774,3757
1970-01-07 11:39:00+00:00,0.0033738920901678717,0.0014022725109724796,3770
1970-01-07 11:40:00+00:00,0.00711160291390042,0.0048645377492447656,9837
1970-01-07 11:41:00+00:00,0.0050685741976820905,0.001971352212454184,4227
1970-01-07 11:42:00+00:00,0.004306852297776209,0.0018214550367052164,3806
1970-01-07 11:43:00+00:00,0.004737607195149889,0.0022065538538634253,5543
1970-01-07 11:44:00+00:00,0.004592795673044287,0.0016563742867463996,5038
1970-01-07 11:45:00+00:00,0.00721713011095624,0.004887023542486445,9837
1970-01-07 11:46:00+00:00,0.004345393856670992,0.0016714042429146754,3627
1970-01-07 11:47:00+00:00,0.003501241463137174,0.0017797803773153974,4779
1970-01-07 11:48:00+00:00,0.0033083349209964853,0.0013968460582270369,4064
1970-01-07 11:49:00+00:00,0.004291285996531678,0.0016143393050974922,3822
1970-01-07 11:50:00+00:00,0.007054636627794594,0.004899638072138307,9838
1970-01-07 11:51:00+00:00,0.004996488467120774,0.002215702480022645,4984
1970-01-07 11:52:00+00:00,0.004492924415084474,0.00232617266622921,5499
1970-01-07 11:53:00+00:00,0.004013275935253255,0.0017681988360971213,4435
1970-01-07 11:54:00+00:00,0.00434607440301769,0.0024393476354810607,6015
1970-01-07 11:55:00+00:00,0.007064488476493858,0.004911563175752883,9840
1970-01-07 11:56:00+00:00,0.004428619110758958,0.0019194290826478975,3620
1970-01-07 11:57:00+00:00,0.004377584243482656,0.0015236056230155484,5161
1970-01-07 11:58:00+00:00,0.0037403409327728893,0.0016515653823967749,4113
1970-01-07 11:59:00+00:00,0.0034240684434139815,0.0014732828325652366,3330
1970-01-07 12:00:00+00:00,0.0071473286994153205,0.004868577975469728,9841
1970-01-07 12:01:00+00:00,0.004170049673309293,0.0018744020761994433,5837
1970-01-07 12:02:00+00:00,0.004023437517928608,0.0015313463017686568,3691
1970-01-07 12:03:00+00:00,0.0036427457040111594,0.00155990358379596,3904
1970-01-07 12:04:00+00:00,0.00355386558741281,0.0018609344562168612,5373
1970-01-07 12:05:00+00:00,0.007153591994425179,0.004880800776861814,9842
1970-01-07 12:06:00+00:00,0.004623815743945207,0.002205070871509239,4333
1970-01-07 12:07:00+00:00,0.004585758565959408,0.0022670427388676866,4402
1970-01-07 12:08:00+00:00,0.004271069635590844,0.0027681263442981916,5665
1970-01-07 12:09:00+00:00,0.00355387265832746,0.0012382951967033894,2996
1970-01-07 12:10:00+00:00,0.0069688132343999785,0.004877353727437151,9842
1970-01-07 12:11:00+00:00,0.004188164890808239,0.0018895217099296339,5050
1970-01-07 12:12:00+00:00,0.00394158860833406,0.001418120389604301,3650
1970-01-07 12:13:00+00:00,0.003555958196865962,0.0013840206406275908,3437
1970-01-07 12:14:00+00:00,0.0039559185264633635,0.0015991724460731672,3353
1970-01-07 12:15:00+00:00,0.0069483172668207815,0.004858864907532367,9842
1970-01-07 12:16:00+00:00,0.003233130821410518,0.0012911789904711823,2695
1970-01-07 12:17:00+00:00,0.0044420346912764485,0.002012381229119839,5767
1970-01-07 12:18:00+00:00,0.0044994773477764795,0.0020077596715830817,5235
1970-01-07 12:19:00+00:00,0.004170399499787994,0.0014052323929772835,5052
1970-01-07 12:20:00+00:00,0.006985212276519829,0.004847895141373209,9842
1970-01-07 12:21:00+00:00,0.0046796422106262,0.0017063927123716588,3692
1970-01-07 12:22:00+00:00,0.004207223666820723,0.0015925459241304266,3971
1970-01-07 12:23:00+00:00,0.004274426856091452,0.0017041160161314205,4485
1970-01-07 12:24:00+00:00,0.004348064122626702,0.0012765036321756708,3600
1970-01-07 12:25:00+00:00,0.006798861796252591,0.004819019478675394,9842
1970-01-07 12:26:00+00:00,0.005050111473977788,0.0017586822102449245,3414
1970-01-07 12:27:00+00:00,0.004313292230728087,0.0017983688796531694,3063
1970-01-07 12:28:00+00:00,0.004511510544364936,0.0017337219912499546,4282
1970-01-07 12:29:00+00:00,0.00439017833518875,0.0011594690855732778,5294
1970-01-07 12:30:00+00:00,0.006779048297210679,0.004791719631327607,9842
1970-01-07 12:31:00+00:00,0.0036817552181000438,0.0015255493813372712,5000
1970-01-07 12:32:00+00:00,0.00391680181141365,0.0014381329240433856,3731
1970-01-07 12:33:00+00:00,0.003923232933282748,0.0015570427871379531,4142
1970-01-07 12:34:00+00:00,0.0037822536108799397,0.001454471351128858,3592
1970-01-07 12:35:00+00:00,0.007278017882962157,0.004886574953574268,9838
1970-01-07 12:36:00+00:00,0.004736741760425129,0.0017024868444314278,4372
1970-01-07 12:37:00+00:00,0.004318138296497807,0.0014291090166711961,3295
1970-01-07 12:38:00+00:00,0.004694769229192054,0.0012933213459031148,3193
1970-01-07 12:39:00+00:00,0.004296600481621978,0.0014879840030968907,3513
1970-01-07 12:40:00+00:00,0.0072190583806587575,0.004859054540953206,9837
1970-01-07 12:41:00+00:00,0.004715911121480365,0.001924407603307586,4776
1970-01-07 12:42:00+00:00,0.0029883340103590197,0.0012738813341675072,4951
1970-01-07 12:43:00+00:00,0.004152614332525288,0.001244781270561056,4356
1970-01-07 12:44:00+00:00,0.0030764475819947045,0.0013090428440021365,5409
1970-01-07 12:45:00+00:00,0.007207540874019455,0.004833034548235471,9836
1970-01-07 12:46:00+00:00,0.004562837705772461,0.001693913892573617,3442
1970-01-07 12:47:00+00:00,0.005081749381139691,0.002035727821698252,5671
1970-01-07 12:48:00+00:00,0.0025761096393739345,0.001095234405148052,5278
1970-01-07 12:49:00+00:00,0.0030314647837689094,0.0009274228100191116,4535
1970-01-07 12:50:00+00:00,0.007229290162146616,0.004825276697928326,9834
1970-01-07 12:51:00+00:00,0.0047301260007067405,0.0016755002352193502,3406
1970-01-07 12:52:00+00:00,0.003699144576462736,0.0014646483571146315,4889
1970-01-07 12:53:00+00:00,0.003507200514988925,0.001429696390103814,4311
1970-01-07 12:54:00+00:00,0.0030591302331727725,0.0010448085414831913,3003
1970-01-07 12:55:00+00:00,0.007320042390543102,0.004897350794936472,9832
1970-01-07 12:56:00+00:00,0.006320854150661421,0.001573155617738135,3030
1970-01-07 12:57:00+00:00,0.004154972444310427,0.0015783577680280247,3933
1970-01-07 12:58:00+00:00,0.004143902760418585,0.0019361586441597784,4094
1970-01-07 12:59:00+00:00,0.0037421790332089365,0.001504147484048667,4418
1970-01-07 13:00:00+00:00,0.007196701903003466,0.0049098425956334325,9833
1970-01-07 13:01:00+00:00,0.004494971731009624,0.0015683979936923873,4056
1970-01-07 13:02:00+00:00,0.0039844296761683525,0.0020381256933452918,4929
1970-01-07 13:03:00+00:00,0.004134501574998835,0.001438085700411247,3308
1970-01-07 13:04:00+00:00,0.003040690290154387,0.0014651656785974274,4499
1970-01-07 13:05:00+00:00,0.007295032554944039,0.004903691133350164,9832
1970-01-07 13:06:00+00:00,0.003622762229213832,0.0018740661679287952,3585
1970-01-07 13:07:00+00:00,0.0040598569876505,0.0013867121914547852,2906
1970-01-07 13:08:00+00:00,0.003368095351569925,0.0012320849912386461,2720
1970-01-07 13:09:00+00:00,0.0038064818980476475,0.0013767188376653053,3574
1970-01-07 13:10:00+00:00,0.007216314180175918,0.004925159583066406,9835
1970-01-07 13:11:00+00:00,0.004731843481295265,0.0015159231835722023,4304
1970-01-07 13:12:00+00:00,0.004277648145595572,0.0015686484789566055,3526
1970-01-07 13:13:00+00:00,0.003705457647817886,0.0015625012776203497,3455
1970-01-07 13:14:00+00:00,0.003191602536844761,0.0012349118007702767,2815
1970-01-07 13:15:00+00:00,0.007300095235473257,0.004953725327463448,9837
1970-01-07 13:16:00+00:00,0.003923053833749302,0.0015877839847118194,2456
1970-01-07 13:17:00+00:00,0.0042819554425263355,0.0018650790084682538,4140
1970-01-07 13:18:00+00:00,0.003878355664622017,0.0017897766888574796,4736
1970-01-07 13:19:00+00:00,0.00345972985706448,0.001282463003793439,4346
1970-01-07 13:20:00+00:00,0.007303398517983969,0.004907798046059587,9839
1970-01-07 13:21:00+00:00,0.004400502400858256,0.0016423864970732283,3870
1970-01-07 13:22:00+00:00,0.0029596092671400143,0.0011857264230771833,4305
1970-01-07 13:23:00+00:00,0.004142844848740905,0.00116337242185691,5746
1970-01-07 13:24:00+00:00,0.0027968144558429154,0.0009399187995805895,5062
1970-01-07 13:25:00+00:00,0.007176354343327001,0.0048135307446518305,9837
1970-01-07 13:26:00+00:00,0.004465878861160287,0.001689884475022909,4989
1970-01-07 13:27:00+00:00,0.003998629840047643,0.0015157900379989958,4538
1970-01-07 13:28:00+00:00,0.004191380087627484,0.0014568025606593398,4526
1970-01-07 13:29:00+00:00,0.0034850701665816454,0.0012028165046074721,4718
1970-01-07 13:30:00+00:00,0.007246026881088021,0.004844782669662712,9834
1970-01-07 13:31:00+00:00,0.0058355459360854515,0.0020036500810423756,4592
1970-01-07 13:32:00+00:00,0.0043869839823547415,0.0016805887300605554,4818
1970-01-07 13:33:00+00:00,0.004293470543469596,0.0013723564785858384,3881
1970-01-07 13:34:00+00:00,0.0040693636293764384,0.0013971301669243516,3470
1970-01-07 13:35:00+00:00,0.007125530184509844,0.004849161785183005,9834
1970-01-07 13:36:00+00:00,0.0045465788935440945,0.0014755544299353044,3457
1970-01-07 13:37:00+00:00,0.0040002024579872215,0.0014534200608070662,4220
1970-01-07 13:38:00+00:00,0.004297345008863162,0.0016241408815609402,4033
1970-01-07 13:39:00+00:00,0.0036526773118485583,0.0014065542344065673,4288
1970-01-07 13:40:00+00:00,0.00705566519405571,0.004835080331866639,9834
1970-01-07 13:41:00+00:00,0.005424232109356229,0.0018547468125389417,4871
1970-01-07 13:42:00+00:00,0.005368624822959632,0.0017697079618787805,3954
1970-01-07 13:43:00+00:00,0.003964102448666691,0.0013796250231347608,3708
1970-01-07 13:44:00+00:00,0.0046996597684979815,0.0015233275787022809,3008
1970-01-07 13:45:00+00:00,0.007063289262594898,0.004856236183720537,9834
1970-01-07 13:46:00+00:00,0.0053296924095300405,0.0017873760069530833,3475
1970-01-07 13:47:00+00:00,0.0037419052124023546,0.0014129691244173467,3951
1970-01-07 13:48:00+00:00,0.004442357735584069,0.0015039359121716575,2920
1970-01-07 13:49:00+00:00,0.0038004969973103133,0.0013826082690134031,3532
1970-01-07 13:50:00+00:00,0.007161266940696999,0.004860643904442947,9835
1970-01-07 13:51:00+00:00,0.004210744124831241,0.0016457915961687769,4361
1970-01-07 13:52:00+00:00,0.004052190306004414,0.0018612175940325559,3615
1970-01-07 13:53:00+00:00,0.003976335862825146,0.0016099813896743478,3421
1970-01-07 13:54:00+00:00,0.0037724649108599557,0.001670426371382019,3685
1970-01-07 13:55:00+00:00,0.0070480564746839185,0.004850494850424122,9836
1970-01-07 13:56:00+00:00,0.004661865349605671,0.0018106204955937748,3046
1970-01-07 13:57:00+00:00,0.004056884140424955,0.0018002641589794028,3055
1970-01-07 13:58:00+00:00,0.0034492238802655536,0.0014674680447111547,2805
1970-01-07 13:59:00+00:00,0.0035475796244129076,0.0014495965573137846,3188
1970-01-07 14:00:00+00:00,0.007022369478375448,0.004850717202776849,9837
1970-01-07 14:01:00+00:00,0.0045578178394270474,0.0017544192050177683,4378
1970-01-07 14:02:00+00:00,0.0045911384377747035,0.002019345297147334,4596
1970-01-07 14:03:00+00:00,0.0033644737856395146,0.0016426414280516794,4480
1970-01-07 14:04:00+00:00,0.003076018256312364,0.0011962586436987937,3587
1970-01-07 14:05:00+00:00,0.006987894921794814,0.004845133651838015,9836
1970-01-07 14:06:00+00:00,0.0036714859536095615,0.0015005949900063888,3582
1970-01-07 14:07:00+00:00,0.0035666529059323235,0.001563266568192013,3457
1970-01-07 14:08:00+00:00,0.0034376381439775124,0.001466542790045809,3109
1970-01-07 14:09:00+00:00,0.003416705131530763,0.0017068276670946683,3927
1970-01-07 14:10:00+00:00,0.007035012648797352,0.004840249880006629,9838
1970-01-07 14:11:00+00:00,0.00523957597648432,0.0021805425147230217,5257
1970-01-07 14:12:00+00:00,0.0047993422906764515,0.002263167546887845,4715
1970-01-07 14:13:00+00:00,0.0033341694938452695,0.0014615540017126527,3966
1970-01-07 14:14:00+00:00,0.003429477230306726,0.0012419575306421345,2957
1970-01-07 14:15:00+00:00,0.007042168838114477,0.004858546035011482,9838
1970-01-07 14:16:00+00:00,0.004457746064927328,0.0016820243255243844,3609
1970-01-07 14:17:00+00:00,0.004716415652434441,0.0021547756036562962,5263
1970-01-07 14:18:00+00:00,0.0037290650688835236,0.001789660952881938,4507
1970-01-07 14:19:00+00:00,0.004196446098038574,0.0016736142875108054,4459
1970-01-07 14:20:00+00:00,0.007007495174617194,0.0048561745255103475,9839
1970-01-07 14:21:00+00:00,0.004353464455158458,0.0017439141844238484,5297
1970-01-07 14:22:00+00:00,0.00438776968410178,0.002032785717421356,4973
1970-01-07 14:23:00+00:00,0.003901990336817095,0.0016573479802583675,4307
1970-01-07 14:24:00+00:00,0.00438881644293575,0.0016358858699411405,2783
1970-01-07 14:25:00+00:00,0.007060637984408581,0.004911146994814331,9840
1970-01-07 14:26:00+00:00,0.005360308933098071,0.001733870878476368,2968
1970-01-07 14:27:00+00:00,0.004876047739870833,0.00203547788143997,3867
1970-01-07 14:28:00+00:00,0.005012966516709409,0.0022467859076490504,3569
1970-01-07 14:29:00+00:00,0.003106873710422672,0.0014239152517904704,4094
1970-01-07 14:30:00+00:00,0.0070690005771537326,0.004916606578797697,9839
1970-01-07 14:31:00+00:00,0.004225131602515407,0.002143286142287779,4826
1970-01-07 14:32:00+00:00,0.004360131460920188,0.002090626397053608,4112
1970-01-07 14:33:00+00:00,0.0027572072093654575,0.0015912530471040853,4553
1970-01-07 14:34:00+00:00,0.003336899871126226,0.0018162025294737145,4301
1970-01-07 14:35:00+00:00,0.0071270954437281375,0.004942439837009717,9834
1970-01-07 14:36:00+00:00,0.0037434275203127717,0.002166739695961538,4160
1970-01-07 14:37:00+00:00,0.0039413904405088815,0.0021739351773322232,4531
1970-01-07 14:38:00+00:00,0.003528370558786191,0.0014476812761727213,3221
1970-01-07 14:39:00+00:00,0.0033395723390003927,0.0016227463070925886,4529
1970-01-07 14:40:00+00:00,0.007060533112790499,0.004945243884812552,9833
1970-01-07 14:41:00+00:00,0.004078231726138255,0.0020187513122921553,5463
1970-01-07 14:42:00+00:00,0.0038941986909437304,0.0017976988597712695,4627
1970-01-07 14:43:00+00:00,0.0030169862330003423,0.0012823037187287504,3394
1970-01-07 14:44:00+00:00,0.00336785835794884,0.0018009737889018243,5013
1970-01-07 14:45:00+00:00,0.007028126575599215,0.00491803795833658,9828
1970-01-07 14:46:00+00:00,0.00471850553918803,0.0021222341983242006,3508
1970-01-07 14:47:00+00:00,0.0038006347661776545,0.001890651629654141,3935
1970-01-07 14:48:00+00:00,0.003926846322276845,0.0022013379021910955,4516
1970-01-07 14:49:00+00:00,0.003768880807338963,0.001987318938358551,4157
1970-01-07 14:50:00+00:00,0.006982116564168933,0.004900060611740443,9831
1970-01-07 14:51:00+00:00,0.004022422036626627,0.0017230479940855891,4132
1970-01-07 14:52:00+00:00,0.004387481378740846,0.0022851661123581713,5412
1970-01-07 14:53:00+00:00,0.0026680336139562407,0.001624124007408243,5631
1970-01-07 14:54:00+00:00,0.003499270315076274,0.002418525717186096,5922
1970-01-07 14:55:00+00:00,0.006918258752039169,0.004902501637328241,9833
1970-01-07 14:56:00+00:00,0.0038459947975207588,0.0018612398320343754,3024
1970-01-07 14:57:00+00:00,0.00493156435233761,0.0025923639355082276,4251
1970-01-07 14:58:00+00:00,0.0030593808499269244,0.0019998602575895057,5151
1970-01-07 14:59:00+00:00,0.0034725263681930096,0.001875471614155266,4458
1970-01-07 15:00:00+00:00,0.0069255245785363635,0.004899622613299571,9832
1970-01-07 15:01:00+00:00,0.0037338000207278272,0.0016104943211816122,4027
1970-01-07 15:02:00+00:00,0.00421525955831975,0.002062301281944506,4503
1970-01-07 15:03:00+00:00,0.0027274161099929326,0.0015422373838259757,4592
1970-01-07 15:04:00+00:00,0.003050745266444108,0.0016190230921191272,4404
1970-01-07 15:05:00+00:00,0.006894418775185638,0.004909469669649744,9833
1970-01-07 15:06:00+00:00,0.00339398081075379,0.0019259604329254008,4714
1970-01-07 15:07:00+00:00,0.0034076030606700184,0.0014269487327515707,3098
1970-01-07 15:08:00+00:00,0.0034496898529916523,0.0021403621208592,5229
1970-01-07 15:09:00+00:00,0.0030053256734532126,0.0013598087139951825,3951
1970-01-07 15:10:00+00:00,0.006788858630812632,0.004870312567840945,9829
1970-01-07 15:11:00+00:00,0.0035194821793073394,0.0014397792942882684,4803
1970-01-07 15:12:00+00:00,0.004397544148417587,0.002076204814813735,4078
1970-01-07 15:13:00+00:00,0.0034211744476185775,0.0015614524568374744,3219
1970-01-07 15:14:00+00:00,0.0029987932946860976,0.0015706055359871736,3834
1970-01-07 15:15:00+00:00,0.006328565694714123,0.0047956318821771385,9826
1970-01-07 15:16:00+00:00,0.00277867964785291,0.0013455641131920524,5777
1970-01-07 15:17:00+00:00,0.003232697240680111,0.00162211546695641,4611
1970-01-07 15:18:00+00:00,0.004104564462088638,0.002198270210626752,5043
1970-01-07 15:19:00+00:00,0.0028714749393962385,0.0014090047053111178,5090
1970-01-07 15:20:00+00:00,0.006785329227929598,0.004734041184657621,9828
1970-01-07 15:21:00+00:00,0.003071022442221029,0.0013685545301260842,6388
1970-01-07 15:22:00+00:00,0.0027914179264806097,0.0012040274532552128,5089
1970-01-07 15:23:00+00:00,0.0030857698662000747,0.001149909212730772,3567
1970-01-07 15:24:00+00:00,0.0026400236966925036,0.0010886719038968066,3652
1970-01-07 15:25:00+00:00,0.006952549394769989,0.004713890802423749,9829
1970-01-07 15:26:00+00:00,0.0037452853599810087,0.0016618815860094064,3226
1970-01-07 15:27:00+00:00,0.0033387083791274236,0.0013815874283598989,3904
1970-01-07 15:28:00+00:00,0.002280001206111836,0.0014083011885056877,6834
1970-01-07 15:29:00+00:00,0.0028320734135800258,0.001119309882531017,4673
1970-01-07 15:30:00+00:00,0.006857485040881017,0.0047589841676718625,9829
1970-01-07 15:31:00+00:00,0.0040586143938744525,0.0020593460571749394,6244
1970-01-07 15:32:00+00:00,0.0036970821038977133,0.0020496079117810055,6066
1970-01-07 15:33:00+00:00,0.002927767368120057,0.0012541764543435052,4392
1970-01-07 15:34:00+00:00,0.003689650880518131,0.00191421645969837,4635
1970-01-07 15:35:00+00:00,0.006832389958596904,0.004730402311500691,9833
1970-01-07 15:36:00+00:00,0.003931960161590108,0.0019409180546811206,4324
1970-01-07 15:37:00+00:00,0.0029779508398398726,0.001430715635107386,4585
1970-01-07 15:38:00+00:00,0.003121033806226914,0.0014721609373797664,4337
1970-01-07 15:39:00+00:00,0.002767159548052076,0.0016275668178770647,5962
1970-01-07 15:40:00+00:00,0.006719396763986383,0.004712762256847639,9836
1970-01-07 15:41:00+00:00,0.003981898700050435,0.0019299216854944527,5727
1970-01-07 15:42:00+00:00,0.003163118155872899,0.0016661011221795492,5378
1970-01-07 15:43:00+00:00,0.002697175801063736,0.0017535364450628665,6071
1970-01-07 15:44:00+00:00,0.0029407383745466914,0.0016778283899800892,4895
1970-01-07 15:45:00+00:00,0.006634273075804054,0.004723195484224689,9830
1970-01-07 15:46:00+00:00,0.0032688754516618872,0.001701499380068592,3678
1970-01-07 15:47:00+00:00,0.00406933013935546,0.0018720968664391927,3677
1970-01-07 15:48:00+00:00,0.0032717632791192442,0.0017586616944197642,4249
1970-01-07 15:49:00+00:00,0.0029376150779413866,0.001433391632135138,6418
1970-01-07 15:50:00+00:00,0.006609475191798448,0.004673531709390936,9832
1970-01-07 15:51:00+00:00,0.003465033959343229,0.001217389202415547,5439
1970-01-07 15:52:00+00:00,0.0028371049819776585,0.0013527018394574905,7128
1970-01-07 15:53:00+00:00,0.003186046526027291,0.0016091957010094025,5720
1970-01-07 15:54:00+00:00,0.004197511857955326,0.0013144620715945337,5614
1970-01-07 15:55:00+00:00,0.006657412180834059,0.004633840749634468,9833
1970-01-07 15:56:00+00:00,0.00410477232321178,0.0012501385630837557,6015
1970-01-07 15:57:00+00:00,0.0055686557953729355,0.0015595566318669925,5195
1970-01-07 15:58:00+00:00,0.004888703800925867,0.0014679570090406653,4459
1970-01-07 15:59:00+00:00,0.005157606006935939,0.0013680972586617593,4777
1970-01-07 16:00:00+00:00,0.006682190481563939,0.004711361526245569,9831
1970-01-07 16:01:00+00:00,0.004246874569431002,0.0017990620081661298,4767
1970-01-07 16:02:00+00:00,0.003428555730599636,0.0012946167944701506,4785
1970-01-07 16:03:00+00:00,0.003805876762124627,0.0013422609733955181,3784
1970-01-07 16:04:00+00:00,0.0033372610983956066,0.0013901293703864797,4476
1970-01-07 16:05:00+00:00,0.006635434798693446,0.0047473192832292975,9832
1970-01-07 16:06:00+00:00,0.003731262367383578,0.0017104043369799572,5287
1970-01-07 16:07:00+00:00,0.0031505471217434036,0.0013030838523558962,4321
1970-01-07 16:08:00+00:00,0.0020675478298456543,0.0010779008164499432,4338
1970-01-07 16:09:00+00:00,0.0034526692380334716,0.0013653038369757975,5522
1970-01-07 16:10:00+00:00,0.006624867627499128,0.004728276104567049,9834
1970-01-07 16:11:00+00:00,0.006233124983938103,0.0016368119481716594,5476
1970-01-07 16:12:00+00:00,0.0039725139154541626,0.0015346718811475465,4762
1970-01-07 16:13:00+00:00,0.0028057094538109432,0.001112057358609241,3625
1970-01-07 16:14:00+00:00,0.0023145140512938257,0.0009717781938922072,3315
1970-01-07 16:15:00+00:00,0.006458681254833083,0.004720317294334637,9840
1970-01-07 16:16:00+00:00,0.004860086000459036,0.0010152003992280805,4533
1970-01-07 16:17:00+00:00,0.003929925176506633,0.0013934388308135372,4333
1970-01-07 16:18:00+00:00,0.005429847851024955,0.0012653815535223828,5231
1970-01-07 16:19:00+00:00,0.003074532087176068,0.0013521424337098928,4617
1970-01-07 16:20:00+00:00,0.006540870639959115,0.004696649917687537,9835
1970-01-07 16:21:00+00:00,0.0037545969932918978,0.001908217175952025,5925
1970-01-07 16:22:00+00:00,0.003725493314789545,0.001777903533563377,4975
1970-01-07 16:23:00+00:00,0.004843811935606823,0.0014548215185337047,5569
1970-01-07 16:24:00+00:00,0.003254453465463071,0.0010633308156358804,4173
1970-01-07 16:25:00+00:00,0.006628343452522223,0.0046859775874313475,9828
1970-01-07 16:26:00+00:00,0.00411882089313709,0.0016758803819355232,4278
1970-01-07 16:27:00+00:00,0.0038574361858588094,0.001632663678884958,4386
1970-01-07 16:28:00+00:00,0.003661351098963889,0.0016335315062987407,4251
1970-01-07 16:29:00+00:00,0.0034674691870502762,0.0010523019001989222,5236
1970-01-07 16:30:00+00:00,0.006632819093371434,0.004665738004619692,9830
1970-01-07 16:31:00+00:00,0.0040371056339423604,0.001897065442191881,4755
1970-01-07 16:32:00+00:00,0.0039536608495997164,0.001377573382815677,5739
1970-01-07 16:33:00+00:00,0.003961630291186572,0.0012816519201865161,5332
1970-01-07 16:34:00+00:00,0.00372384410264115,0.0011038145480653744,5547
1970-01-07 16:35:00+00:00,0.006562352971582411,0.00461365798266068,9830
1970-01-07 16:36:00+00:00,0.00347026433154189,0.0011844791564019988,6374
1970-01-07 16:37:00+00:00,0.003111141566732989,0.001045310300921079,5512
1970-01-07 16:38:00+00:00,0.0045962339585870916,0.0011235597259786096,4065
1970-01-07 16:39:00+00:00,0.0033847644690977773,0.0010583136198665135,3933
1970-01-07 16:40:00+00:00,0.006133909752529687,0.0046557420096535055,9830
1970-01-07 16:41:00+00:00,0.004777273760217314,0.0017897418437675602,3805
1970-01-07 16:42:00+00:00,0.0038017649265399936,0.001582603873315407,4677
1970-01-07 16:43:00+00:00,0.003439617056714392,0.0013598784116959871,3833
1970-01-07 16:44:00+00:00,0.003944875133213333,0.0011142097962802086,2995
1970-01-07 16:45:00+00:00,0.006504802205695115,0.0046419948717001825,9829
1970-01-07 16:46:00+00:00,0.004815748627509428,0.001659125208079972,4083
1970-01-07 16:47:00+00:00,0.0036469227911703405,0.00141931326351068,6526
1970-01-07 16:48:00+00:00,0.00258472577312581,0.0008465480584902688,6314
1970-01-07 16:49:00+00:00,0.0025222515598960875,0.0008460148776143217,4822
1970-01-07 16:50:00+00:00,0.006591791921411795,0.004612592610917077,9836
1970-01-07 16:51:00+00:00,0.003522977946459746,0.0015069602285681112,4403
1970-01-07 16:52:00+00:00,0.003974477599775679,0.0016064221042689578,4111
1970-01-07 16:53:00+00:00,0.0026469672707805786,0.0008976804091926847,5357
1970-01-07 16:54:00+00:00,0.002269407767661172,0.000919482865995443,4645
1970-01-07 16:55:00+00:00,0.006542319952500904,0.004590235859566122,9841
1970-01-07 16:56:00+00:00,0.0035084344531424757,0.0013508724661016082,5950
1970-01-07 16:57:00+00:00,0.003574309556958398,0.001132751531674996,5397
1970-01-07 16:58:00+00:00,0.0026570032473057685,0.0011252020140363453,6120
1970-01-07 16:59:00+00:00,0.0021844675201347875,0.0010502799231636292,5348
1970-01-07 17:00:00+00:00,0.006670661955385242,0.004637144410424855,9840
1970-01-07 17:01:00+00:00,0.003944813658508099,0.0017393788708770324,5832
1970-01-07 17:02:00+00:00,0.003463743512755609,0.0012782321849985063,4964
1970-01-07 17:03:00+00:00,0.0033900247838277334,0.0010972417857818594,3913
1970-01-07 17:04:00+00:00,0.0024470907851267113,0.0008351199831721172,3943
1970-01-07 17:05:00+00:00,0.006779150680446892,0.004701236340727066,9841
1970-01-07 17:06:00+00:00,0.002971522894022965,0.0009609255396457204,5268
1970-01-07 17:07:00+00:00,0.0030453710687383126,0.001037453384777429,4603
1970-01-07 17:08:00+00:00,0.003547481979953475,0.0013133678079142604,4260
1970-01-07 17:09:00+00:00,0.0029960753477067063,0.0009874288982838376,3986
1970-01-07 17:10:00+00:00,0.0068368639196703905,0.004716232203380121,9841
1970-01-07 17:11:00+00:00,0.0035549800501906807,0.0014532745101214653,5065
1970-01-07 17:12:00+00:00,0.0036164639307524307,0.0013348243519019061,3592
1970-01-07 17:13:00+00:00,0.00433948746632936,0.0016853238828228427,3515
1970-01-07 17:14:00+00:00,0.0026772899070307823,0.0006088684541095144,6406
1970-01-07 17:15:00+00:00,0.0062238706600456105,0.004595355444563422,9841
1970-01-07 17:16:00+00:00,0.0019159071012424527,0.0009202617701332378,3423
1970-01-07 17:17:00+00:00,0.0036724699469612974,0.0017226852634727873,3836
1970-01-07 17:18:00+00:00,0.003521144186441308,0.001505415518458616,2808
1970-01-07 17:19:00+00:00,0.0031368931451288746,0.0012975097836734513,3697
1970-01-07 17:20:00+00:00,0.006392306345782046,0.0047109469359963895,9839
1970-01-07 17:21:00+00:00,0.004100907860110054,0.001564866420533381,4620
1970-01-07 17:22:00+00:00,0.0028162197131524243,0.0011227645509450782,4656
1970-01-07 17:23:00+00:00,0.0025235444374107747,0.0009544548401228832,5867
1970-01-07 17:24:00+00:00,0.0024351409792739706,0.0006633038597167578,6630
1970-01-07 17:25:00+00:00,0.006528030313385375,0.004620750144207225,9834
1970-01-07 17:26:00+00:00,0.0035615743534197406,0.0011152616086283532,4371
1970-01-07 17:27:00+00:00,0.00408899953386342,0.0012608367829318166,3831
1970-01-07 17:28:00+00:00,0.0038784404775333305,0.0011859774805106883,3930
1970-01-07 17:29:00+00:00,0.003982884474292021,0.0013531355755829282,3721
1970-01-07 17:30:00+00:00,0.0065809267068358,0.004677341719964874,9833
1970-01-07 17:31:00+00:00,0.00443850647114315,0.0016330181921074744,5202
1970-01-07 17:32:00+00:00,0.003909000820202321,0.0015480894802745613,5266
1970-01-07 17:33:00+00:00,0.0033210411029572736,0.0013266909418276377,6055
1970-01-07 17:34:00+00:00,0.0030457503763292146,0.0011677364923052041,4349
1970-01-07 17:35:00+00:00,0.006407131973237729,0.004564678155023117,9833
1970-01-07 17:36:00+00:00,0.003783552876554678,0.001052896130330687,6238
1970-01-07 17:37:00+00:00,0.004014880984437234,0.0011624009129567515,6383
1970-01-07 17:38:00+00:00,0.004595371582873506,0.0011981747060189356,6408
1970-01-07 17:39:00+00:00,0.0027742056420602154,0.0009535251421272241,6632
1970-01-07 17:40:00+00:00,0.006350062335849874,0.004533765519655672,9835
1970-01-07 17:41:00+00:00,0.0025753799827212807,0.0009711283507352085,6750
1970-01-07 17:42:00+00:00,0.0027153361054338145,0.0009839100106652826,5949
1970-01-07 17:43:00+00:00,0.0036550377403614404,0.0011121012216696563,5041
1970-01-07 17:44:00+00:00,0.00283821822312111,0.0010206511094374233,4176
1970-01-07 17:45:00+00:00,0.0062686341172434115,0.004630780088960648,9830
1970-01-07 17:46:00+00:00,0.0028634009483154118,0.0009504711784936042,4321
1970-01-07 17:47:00+00:00,0.002905373888483434,0.0009440806826492345,4527
1970-01-07 17:48:00+00:00,0.0027937588549195275,0.0009299940040812506,4789
1970-01-07 17:49:00+00:00,0.002766337358352853,0.0008531328191764701,4015
1970-01-07 17:50:00+00:00,0.006102585643238384,0.004640686340868078,9832
1970-01-07 17:51:00+00:00,0.0033805108560083486,0.0013139458072075985,6045
1970-01-07 17:52:00+00:00,0.003127451670937844,0.0010995666186014782,5641
1970-01-07 17:53:00+00:00,0.0029047476381282014,0.0009308915189580745,5389
1970-01-07 17:54:00+00:00,0.003383187799403125,0.0011159755137040784,5838
1970-01-07 17:55:00+00:00,0.006428776285041808,0.004563098168236126,9835
1970-01-07 17:56:00+00:00,0.0032476607387748,0.0012976972947197848,5901
1970-01-07 17:57:00+00:00,0.003051434619919681,0.0013474286416878054,5868
1970-01-07 17:58:00+00:00,0.0031515696418539956,0.0012960183482119776,5241
1970-01-07 17:59:00+00:00,0.0022960634312702366,0.0009767731290736604,6245
1970-01-07 18:00:00+00:00,0.006692234523973162,0.004597565455609536,9834
1970-01-07 18:01:00+00:00,0.002847789454865068,0.001551404091387463,6470
1970-01-07 18:02:00+00:00,0.003398298250382767,0.0015805314705936574,6154
1970-01-07 18:03:00+00:00,0.002943546107293898,0.001324958972594845,5602
1970-01-07 18:04:00+00:00,0.0026274247358878725,0.001054162931525663,5352
1970-01-07 18:05:00+00:00,0.0067576946082651594,0.004674536064608159,9831
1970-01-07 18:06:00+00:00,0.0030550254886534877,0.0012927556929817705,4414
1970-01-07 18:07:00+00:00,0.0029010347996914483,0.0011606609049766385,3779
1970-01-07 18:08:00+00:00,0.0029646655996729545,0.0013696728707590822,4163
1970-01-07 18:09:00+00:00,0.0038473957625813175,0.0016359465983424937,4494
1970-01-07 18:10:00+00:00,0.00677578818842203,0.00468361845931701,9832
1970-01-07 18:11:00+00:00,0.003815169744182577,0.0014653299448706665,4973
1970-01-07 18:12:00+00:00,0.003022732089180095,0.001384667933768056,5459
1970-01-07 18:13:00+00:00,0.004517453796373528,0.0021830445107834354,5089
1970-01-07 18:14:00+00:00,0.0036558298133691006,0.0017063250610024746,3977
1970-01-07 18:15:00+00:00,0.006712481964440517,0.004721159292026875,9832
1970-01-07 18:16:00+00:00,0.003769052883133052,0.0017500372376086772,4539
1970-01-07 18:17:00+00:00,0.003107461964790998,0.0014187577369276102,4794
1970-01-07 18:18:00+00:00,0.0041774094144132745,0.0017387473487868019,4687
1970-01-07 18:19:00+00:00,0.0031601753888294407,0.00127718254773353,4579
1970-01-07 18:20:00+00:00,0.006706155436196494,0.004716238007080814,9835
1970-01-07 18:21:00+00:00,0.004131346943084922,0.001743433292352789,5657
1970-01-07 18:22:00+00:00,0.003347282062583172,0.0014330523633048805,5517
1970-01-07 18:23:00+00:00,0.003856137995769639,0.0016075473652375433,4243
1970-01-07 18:24:00+00:00,0.0038226902021299145,0.0019012123795517904,4812
1970-01-07 18:25:00+00:00,0.0064028456971402335,0.004688653220249193,9832
1970-01-07 18:26:00+00:00,0.003493086961101244,0.001683875286449717,4230
1970-01-07 18:27:00+00:00,0.004065458067494918,0.0018559275380287843,3960
1970-01-07 18:28:00+00:00,0.0037370678923498764,0.0016665814466026354,3587
1970-01-07 18:29:00+00:00,0.003776442432245682,0.001868160404511637,4632
1970-01-07 18:30:00+00:00,0.0058979187324658695,0.004616888304486886,9833
1970-01-07 18:31:00+00:00,0.00426307037961391,0.0018054893469807108,5181
1970-01-07 18:32:00+00:00,0.004559823604032165,0.0016660243655665674,4512
1970-01-07 18:33:00+00:00,0.003927620139910158,0.0014505862851972116,3686
1970-01-07 18:34:00+00:00,0.0026694272517664985,0.0009677456442015116,4709
1970-01-07 18:35:00+00:00,0.005207760801523117,0.00452770623671262,9833
1970-01-07 18:36:00+00:00,0.0032128552320991248,0.0010095122467592955,5265
1970-01-07 18:37:00+00:00,0.00261207577418967,0.0010228527497143712,5687
1970-01-07 18:38:00+00:00,0.0025102691138837955,0.0009408719742816066,6656
1970-01-07 18:39:00+00:00,0.0027427103812826805,0.0008222719141606913,6238
1970-01-07 18:40:00+00:00,0.004963553433913413,0.004339594391968309,9828
1970-01-07 18:41:00+00:00,0.003660585032050021,0.0016175939228347958,7098
1970-01-07 18:42:00+00:00,0.0030458170243546356,0.0012471767772030224,8225
1970-01-07 18:43:00+00:00,0.004350773234224117,0.001607291880595334,8019
1970-01-07 18:44:00+00:00,0.0030744105207542527,0.001189247413510536,7890
1970-01-07 18:45:00+00:00,0.004745812128456612,0.00427743222589174,9828
1970-01-07 18:46:00+00:00,0.0029551127461999024,0.0016542111178830274,7766
1970-01-07 18:47:00+00:00,0.0027306457272903853,0.0011436292348803816,7786
1970-01-07 18:48:00+00:00,0.002725758468560737,0.0009483891930744284,7097
1970-01-07 18:49:00+00:00,0.003209925806536969,0.0011251816478336613,7412
1970-01-07 18:50:00+00:00,0.004809246623529908,0.004159712346584355,9832
1970-01-07 18:51:00+00:00,0.0031288587705627854,0.0013517601800997184,7268
1970-01-07 18:52:00+00:00,0.004288681205904785,0.0013391312057359818,8971
1970-01-07 18:53:00+00:00,0.003772492493838086,0.0013025457580238215,7687
1970-01-07 18:54:00+00:00,0.002810265149331124,0.001103428299341531,8124
1970-01-07 18:55:00+00:00,0.004572512275460138,0.004189148907696889,9833
1970-01-07 18:56:00+00:00,0.003120383749758729,0.001422924146842517,7245
1970-01-07 18:57:00+00:00,0.004527210389970128,0.0012983144463652467,6286
1970-01-07 18:58:00+00:00,0.0038922459065557097,0.0014144687119596224,6482
1970-01-07 18:59:00+00:00,0.003733683337397925,0.0009583342924605874,7245
1970-01-07 19:00:00+00:00,0.004772565117691241,0.0041261085185762955,9835
1970-01-07 19:01:00+00:00,0.005281002637951029,0.0016032242661098448,5905
1970-01-07 19:02:00+00:00,0.005015708223037215,0.0015186320956416313,5735
1970-01-07 19:03:00+00:00,0.005977739932970951,0.0013375644662655132,6069
1970-01-07 19:04:00+00:00,0.003940704747064587,0.0009683144574569796,6624
1970-01-07 19:05:00+00:00,0.004911882471272416,0.00414245294883869,9835
1970-01-07 19:06:00+00:00,0.003071277461579421,0.0011747914504885476,7396
1970-01-07 19:07:00+00:00,0.0031531501777714343,0.0011587868854144308,7713
1970-01-07 19:08:00+00:00,0.0035777529307736903,0.0012846083244915463,7109
1970-01-07 19:09:00+00:00,0.0036037344717847397,0.0011659388883183326,7225
1970-01-07 19:10:00+00:00,0.004989674420373866,0.004089444476805849,9833
1970-01-07 19:11:00+00:00,0.004128810902512576,0.0013296264899855408,7601
1970-01-07 19:12:00+00:00,0.003351165731291777,0.0012131164975902938,7278
1970-01-07 19:13:00+00:00,0.0028675693272191805,0.0009924427895473533,6931
1970-01-07 19:14:00+00:00,0.003200280671718697,0.0009789153880596887,6460
1970-01-07 19:15:00+00:00,0.004966277627879548,0.004093641078847356,9835
1970-01-07 19:16:00+00:00,0.004779979032457211,0.0013370235538336871,7121
1970-01-07 19:17:00+00:00,0.003267646905593713,0.0012448830563475993,7256
1970-01-07 19:18:00+00:00,0.0020811189701164193,0.0008429006910287397,6899
1970-01-07 19:19:00+00:00,0.005162989302787957,0.0012706362394628073,7255
1970-01-07 19:20:00+00:00,0.005431061228095307,0.004276329322172437,9834
1970-01-07 19:21:00+00:00,0.003711641529160425,0.001889002681290134,6330
1970-01-07 19:22:00+00:00,0.0029667397021777855,0.001316673336689826,7386
1970-01-07 19:23:00+00:00,0.002166398852191454,0.0010161528502391373,7151
1970-01-07 19:24:00+00:00,0.0016897710681432713,0.0006559886826415291,6246
1970-01-07 19:25:00+00:00,0.0052963708620623,0.004300855815405466,9835
1970-01-07 19:26:00+00:00,0.0036833659640388566,0.0018219992274466424,5442
1970-01-07 19:27:00+00:00,0.002534453320405753,0.0011634765862648974,6679
1970-01-07 19:28:00+00:00,0.0019383943043798364,0.0008657752486958698,6204
1970-01-07 19:29:00+00:00,0.002410695058935997,0.0006814151275654136,5759
1970-01-07 19:30:00+00:00,0.005444753957576378,0.004402623350406657,9835
1970-01-07 19:31:00+00:00,0.004905543532031756,0.0024247082003478896,6319
1970-01-07 19:32:00+00:00,0.0031416057818473204,0.00156599025894683,6935
1970-01-07 19:33:00+00:00,0.0021557425838310833,0.0012304546151603907,6428
1970-01-07 19:34:00+00:00,0.001785510688279108,0.0008086718973477455,5643
1970-01-07 19:35:00+00:00,0.005472668658324749,0.004499605507543697,9839
1970-01-07 19:36:00+00:00,0.003823366702334863,0.0018610417110933987,4164
1970-01-07 19:37:00+00:00,0.0029079628540858594,0.0013372930907048746,5220
1970-01-07 19:38:00+00:00,0.0022492834966058896,0.0009286696540635372,4684
1970-01-07 19:39:00+00:00,0.0016582162865176346,0.0005423832798976754,5754
1970-01-07 19:40:00+00:00,0.005400908462899777,0.004417347830567533,9836
1970-01-07 19:41:00+00:00,0.004559309088473043,0.0023345359092693334,6633
1970-01-07 19:42:00+00:00,0.003728614351188991,0.001960140395449451,7194
1970-01-07 19:43:00+00:00,0.0023422619238053196,0.0013046387272411225,7016
1970-01-07 19:44:00+00:00,0.0021377601418276692,0.0013832866980320862,6586
1970-01-07 19:45:00+00:00,0.005444940495099768,0.0044355224823107026,9836
1970-01-07 19:46:00+00:00,0.004902513776718013,0.0022995435587499394,4246
1970-01-07 19:47:00+00:00,0.004398172256542995,0.002208659352395149,4889
1970-01-07 19:48:00+00:00,0.003178508129919179,0.0015093743231627847,5233
1970-01-07 19:49:00+00:00,0.0030717949021092385,0.0009859749939649456,4882
1970-01-07 19:50:00+00:00,0.005694780418697989,0.004430366743185753,9836
1970-01-07 19:51:00+00:00,0.0032528279876500588,0.0015640100221770493,6198
1970-01-07 19:52:00+00:00,0.00311566496661343,0.001636916190840723,5990
1970-01-07 19:53:00+00:00,0.0023810491299046436,0.0012874528551291796,5801
1970-01-07 19:54:00+00:00,0.0019200041085490266,0.0009281233353247156,5120
1970-01-07 19:55:00+00:00,0.005611549557001773,0.00435784877976391,9836
1970-01-07 19:56:00+00:00,0.003192349197409488,0.0016233567808294808,7454
1970-01-07 19:57:00+00:00,0.0033030256807129845,0.001247952281607785,7358
1970-01-07 19:58:00+00:00,0.0027976567779199237,0.001125782109083817,6891
1970-01-07 19:59:00+00:00,0.001910310624296785,0.0008551396595432673,6825
1970-01-07 20:00:00+00:00,0.005859263831045161,0.004380116642859617,9836
1970-01-07 20:01:00+00:00,0.0032697817112463845,0.0017268321975840953,7463
1970-01-07 20:02:00+00:00,0.0033300425848819724,0.0018834280913402914,5654
1970-01-07 20:03:00+00:00,0.002400050702588934,0.0012299020546970994,6422
1970-01-07 20:04:00+00:00,0.005500408994191508,0.0026692499691472146,8728
1970-01-07 20:05:00+00:00,0.006195403823988642,0.0040185460564607116,9835
1970-01-07 20:06:00+00:00,0.0032825686058205635,0.0014165234916724385,8260
1970-01-07 20:07:00+00:00,0.002861790833108863,0.0011509638538150092,8226
1970-01-07 20:08:00+00:00,0.003460780472104372,0.0013485060039305121,8330
1970-01-07 20:09:00+00:00,0.002555243160091129,0.0008936454790390098,8297
1970-01-07 20:10:00+00:00,0.006174881155961851,0.004198018315336648,9834
1970-01-07 20:11:00+00:00,0.0030835512766158616,0.0013369442267394983,8795
1970-01-07 20:12:00+00:00,0.0023502712664971006,0.0010926962211359717,7865
1970-01-07 20:13:00+00:00,0.0023774749815815366,0.0010538263377131492,8098
1970-01-07 20:14:00+00:00,0.001733733276699414,0.0007364846849677927,8152
1970-01-07 20:15:00+00:00,0.005955331223196952,0.004063594662853613,9838
1970-01-07 20:16:00+00:00,0.003371770276098777,0.0014750228072441818,8502
1970-01-07 20:17:00+00:00,0.0026434238208535746,0.0013601324991771538,8147
1970-01-07 20:18:00+00:00,0.002137689594373858,0.0011586294155902183,8145
1970-01-07 20:19:00+00:00,0.0024922566415520393,0.0009626799689885145,7417
1970-01-07 20:20:00+00:00,0.006028991586558222,0.004093677539514613,9830
1970-01-07 20:21:00+00:00,0.003660790919854595,0.0019193079526796915,8650
1970-01-07 20:22:00+00:00,0.0036002397280370303,0.0013001235850128023,8240
1970-01-07 20:23:00+00:00,0.0034847823700848908,0.0012638850045994464,8138
1970-01-07 20:24:00+00:00,0.0014272377292044592,0.0007500511457706286,7152
1970-01-07 20:25:00+00:00,0.00605782370649858,0.004046638675530072,9832
1970-01-07 20:26:00+00:00,0.002763821860782607,0.0017929106737481217,7455
1970-01-07 20:27:00+00:00,0.002114068977672955,0.0023653206487726447,7081
1970-01-07 20:28:00+00:00,0.0018782124954774505,0.0014249339759007404,7507
1970-01-07 20:29:00+00:00,0.0020635066409344723,0.0011194751179780611,7798
1970-01-07 20:30:00+00:00,0.006315968851803292,0.004130679506352935,9834
1970-01-07 20:31:00+00:00,0.003012787192214917,0.0018271390878573195,8489
1970-01-07 20:32:00+00:00,0.002978016743784314,0.0016737608322501478,7987
1970-01-07 20:33:00+00:00,0.002920034864913413,0.0012493353001509567,6647
1970-01-07 20:34:00+00:00,0.0027728600905616964,0.0010062989623464984,6637
1970-01-07 20:35:00+00:00,0.0065920468978011145,0.004268795903078054,9833
1970-01-07 20:36:00+00:00,0.0058565882141455045,0.002710239770246459,7126
1970-01-07 20:37:00+00:00,0.005255593723876861,0.0021869793725712897,7118
1970-01-07 20:38:00+00:00,0.0032796352383303597,0.0016369230177294676,6887
1970-01-07 20:39:00+00:00,0.0034268197298941623,0.0012211629620618712,7439
1970-01-07 20:40:00+00:00,0.00633541793381184,0.004187127206727665,9835
1970-01-07 20:41:00+00:00,0.00352337608416238,0.001700142980838444,8280
1970-01-07 20:42:00+00:00,0.0034813922568883698,0.0018691295401452135,7419
1970-01-07 20:43:00+00:00,0.002995019757027973,0.0018397155191458266,6857
1970-01-07 20:44:00+00:00,0.0016487026222870148,0.0010884749942098317,6493
1970-01-07 20:45:00+00:00,0.006307878044336859,0.0041959244392959375,9836
1970-01-07 20:46:00+00:00,0.0026267437580683186,0.001443795201431419,7789
1970-01-07 20:47:00+00:00,0.0033400552893603237,0.001749992757620055,7009
1970-01-07 20:48:00+00:00,0.0019637242623019445,0.0012819774017764818,7771
1970-01-07 20:49:00+00:00,0.0022011577631242335,0.0009998607846480217,7254
1970-01-07 20:50:00+00:00,0.0065246603577041335,0.0041333369844343305,9833
1970-01-07 20:51:00+00:00,0.002146826053323012,0.0010582347030669722,8594
1970-01-07 20:52:00+00:00,0.002342279502823171,0.0011646152785127404,8059
1970-01-07 20:53:00+00:00,0.0025755449773508608,0.0014812590827714051,8184
1970-01-07 20:54:00+00:00,0.0017349925931528485,0.0008965048957405961,7871
1970-01-07 20:55:00+00:00,0.006346301440104954,0.004083651231741157,9832
1970-01-07 20:56:00+00:00,0.001686008306305772,0.0013189145337734183,7767
1970-01-07 20:57:00+00:00,0.002121146505625321,0.0013699892611579666,7188
1970-01-07 20:58:00+00:00,0.0018802964448551695,0.0012444155119724107,8059
1970-01-07 20:59:00+00:00,0.0012457006731844186,0.0007116165838214835,7077
1970-01-07 21:00:00+00:00,0.0062447572623761625,0.003963209391762777,9832
1970-01-07 21:01:00+00:00,0.0032653360466256185,0.0016011397251419006,8162
1970-01-07 21:02:00+00:00,0.0020793955757543235,0.0012182889170801437,7760
1970-01-07 21:03:00+00:00,0.003887951870980593,0.0008272147431032981,7736
1970-01-07 21:04:00+00:00,0.0017461705178564385,0.0007273399655632444,7106
1970-01-07 21:05:00+00:00,0.006582909974288258,0.0040402539339797474,9833
1970-01-07 21:06:00+00:00,0.002873004786619918,0.0015268073129329123,7151
1970-01-07 21:07:00+00:00,0.0021796438728705655,0.001204966924517347,7460
1970-01-07 21:08:00+00:00,0.002797834475613588,0.0015431362324391355,8089
1970-01-07 21:09:00+00:00,0.0016077932254404802,0.0009208030432310754,7311
1970-01-07 21:10:00+00:00,0.006471905230046253,0.004010795447740995,9833
1970-01-07 21:11:00+00:00,0.0024631504698939322,0.001710513658353337,8074
1970-01-07 21:12:00+00:00,0.0022527616020262204,0.0015907262670007477,6883
1970-01-07 21:13:00+00:00,0.0017313745421476236,0.001016070425978714,8242
1970-01-07 21:14:00+00:00,0.00129637290519471,0.0006416496908923784,7289
1970-01-07 21:15:00+00:00,0.00606203528016419,0.003906150010761804,9832
1970-01-07 21:16:00+00:00,0.0019331826847345352,0.0010283747746032816,8512
1970-01-07 21:17:00+00:00,0.0018418420147736166,0.0011496351750975517,8565
1970-01-07 21:18:00+00:00,0.0021218146679604913,0.0008171136000572254,7975
1970-01-07 21:19:00+00:00,0.0013257218744481118,0.0006935937280228016,8475
1970-01-07 21:20:00+00:00,0.006196510089527465,0.004009572752907137,9832
1970-01-07 21:21:00+00:00,0.0027071336995756813,0.0013178746100686292,8318
1970-01-07 21:22:00+00:00,0.0015885219554997486,0.0009893873795130247,8005
1970-01-07 21:23:00+00:00,0.0019357880791534856,0.0008803236975928833,7374
1970-01-07 21:24:00+00:00,0.001692153138405885,0.0007814183718600982,8433
1970-01-07 21:25:00+00:00,0.006305193375764385,0.004053190991028989,9827
1970-01-07 21:26:00+00:00,0.001827152729482913,0.0011567179032281587,8470
1970-01-07 21:27:00+00:00,0.0018515890304725312,0.0011478852758859234,8456
1970-01-07 21:28:00+00:00,0.0015571355031904384,0.0009018361429617721,8340
1970-01-07 21:29:00+00:00,0.002104795823743277,0.0009456484799970363,8194
1970-01-07 21:30:00+00:00,0.006489200013286363,0.0041964087073595455,9828
1970-01-07 21:31:00+00:00,0.0027285974426422737,0.0013289958110599632,8450
1970-01-07 21:32:00+00:00,0.0019252886021542339,0.0009465692220306896,7933
1970-01-07 21:33:00+00:00,0.0022150164419497196,0.0010854501914935046,8687
1970-01-07 21:34:00+00:00,0.001968378594698856,0.0008788996749934747,8637
1970-01-07 21:35:00+00:00,0.006234453659121652,0.0041076276828871305,9829
1970-01-07 21:36:00+00:00,0.0022663961453289806,0.001308098534570083,7964
1970-01-07 21:37:00+00:00,0.002019710954497559,0.001199532520007199,7918
1970-01-07 21:38:00+00:00,0.0018922822261418233,0.0010718340676740385,8119
1970-01-07 21:39:00+00:00,0.001566807804391085,0.0007805029748764664,7669
1970-01-07 21:40:00+00:00,0.006050329719108585,0.004011084716320068,9831
1970-01-07 21:41:00+00:00,0.0018708244989588839,0.0010580931121719512,8786
1970-01-07 21:42:00+00:00,0.001642267942627962,0.0011248610833669113,7695
1970-01-07 21:43:00+00:00,0.0014289556600516826,0.0006071192582040299,7167
1970-01-07 21:44:00+00:00,0.0018050945253400954,0.0008000855608024048,8074
1970-01-07 21:45:00+00:00,0.006043895536297781,0.004101533449958643,9832
1970-01-07 21:46:00+00:00,0.0017677329326859078,0.0014127019104017327,7127
1970-01-07 21:47:00+00:00,0.0016172590686476512,0.0010664075669627382,6693
1970-01-07 21:48:00+00:00,0.0014609356793695047,0.000865608696910416,7674
1970-01-07 21:49:00+00:00,0.0022179067226636012,0.0010607399639054103,8208
1970-01-07 21:50:00+00:00,0.0061839416428187645,0.004210181209120904,9837
1970-01-07 21:51:00+00:00,0.0029074942484255883,0.0017590282757414376,7722
1970-01-07 21:52:00+00:00,0.0023727420801844313,0.0014173148820759475,6546
1970-01-07 21:53:00+00:00,0.0019590679498264828,0.0011155692732756771,7548
1970-01-07 21:54:00+00:00,0.0015851632787939832,0.0009545530958823803,6768
1970-01-07 21:55:00+00:00,0.0061604896138735266,0.004201311736520075,9837
1970-01-07 21:56:00+00:00,0.0017405343949379465,0.0011178713188319642,6859
1970-01-07 21:57:00+00:00,0.0023954636682508574,0.0011561853020115938,6896
1970-01-07 21:58:00+00:00,0.0012201718628131423,0.0009459626186239743,7274
1970-01-07 21:59:00+00:00,0.0015103199681767946,0.0010002851687702465,7087
1970-01-07 22:00:00+00:00,0.006018615613358815,0.004135112055778341,9833
1970-01-07 22:01:00+00:00,0.003041641259875405,0.0021459960082880905,7452
1970-01-07 22:02:00+00:00,0.002565632650086499,0.001726575952851552,7076
1970-01-07 22:03:00+00:00,0.002003047401306536,0.0012058124400915753,7224
1970-01-07 22:04:00+00:00,0.001158625268917173,0.0007005883539885095,7859
1970-01-07 22:05:00+00:00,0.0059123428906359505,0.004154072984960193,9830
1970-01-07 22:06:00+00:00,0.0021429937587257595,0.0012190303304275376,8254
1970-01-07 22:07:00+00:00,0.0017949611724582602,0.0011146410652438231,8380
1970-01-07 22:08:00+00:00,0.0014430428779853995,0.0009663497196380417,8548
1970-01-07 22:09:00+00:00,0.001508850745609512,0.0007572361729988671,7917
1970-01-07 22:10:00+00:00,0.006201671384433206,0.004297981397661639,9828
1970-01-07 22:11:00+00:00,0.002695805840829838,0.0013443574551905762,8603
1970-01-07 22:12:00+00:00,0.0021479557421635025,0.0010068847907974516,8103
1970-01-07 22:13:00+00:00,0.0018530899230732542,0.0009150609462917809,7713
1970-01-07 22:14:00+00:00,0.0014339229875771685,0.000668793641657293,8134
1970-01-07 22:15:00+00:00,0.006259753682692297,0.004279641877089767,9828
1970-01-07 22:16:00+00:00,0.0018149992569156728,0.0009785628935730856,7151
1970-01-07 22:17:00+00:00,0.0016324869621733595,0.001111372082534528,7163
1970-01-07 22:18:00+00:00,0.0018127667526210485,0.0007984817809009746,7813
1970-01-07 22:19:00+00:00,0.0015765051454919203,0.0007120308773496358,8422
1970-01-07 22:20:00+00:00,0.006114354226638877,0.0042457175506097925,9829
1970-01-07 22:21:00+00:00,0.0022258329603285607,0.001294403510716136,8711
1970-01-07 22:22:00+00:00,0.0016248426676284085,0.0010126514821208609,8278
1970-01-07 22:23:00+00:00,0.002254718506179354,0.0009385497789074471,8246
1970-01-07 22:24:00+00:00,0.0018499723413859836,0.0007487638235226753,7372
1970-01-07 22:25:00+00:00,0.006026399087015999,0.004279706108113792,9830
1970-01-07 22:26:00+00:00,0.003061067603643084,0.0014731714677083368,7866
1970-01-07 22:27:00+00:00,0.002286876089562547,0.0010759501475218446,7866
1970-01-07 22:28:00+00:00,0.0020595991765707347,0.000999337093444167,7679
1970-01-07 22:29:00+00:00,0.002013241729569188,0.0008797219968811762,7569
1970-01-07 22:30:00+00:00,0.006130530138000312,0.004323314999389775,9833
1970-01-07 22:31:00+00:00,0.0027581991915161426,0.0014448976817965893,8117
1970-01-07 22:32:00+00:00,0.0024245885089127293,0.0012245955070398446,7243
1970-01-07 22:33:00+00:00,0.002074097023342309,0.0009294813430364742,7628
1970-01-07 22:34:00+00:00,0.0023140059854083505,0.0007597903304799131,7922
1970-01-07 22:35:00+00:00,0.005818111808945076,0.00414213470128162,9836
1970-01-07 22:36:00+00:00,0.0022562158239292007,0.0013150418667000146,8190
1970-01-07 22:37:00+00:00,0.0018264732383552105,0.0014074988761422341,8279
1970-01-07 22:38:00+00:00,0.0021989709146952663,0.001191966150339825,8297
1970-01-07 22:39:00+00:00,0.0014271732562870102,0.0007605903458639713,8185
1970-01-07 22:40:00+00:00,0.005678883281609174,0.004100538325919214,9838
1970-01-07 22:41:00+00:00,0.002004630588699396,0.0012985044784839482,8516
1970-01-07 22:42:00+00:00,0.0023730370033832058,0.001311847857352778,7853
1970-01-07 22:43:00+00:00,0.002311495660395525,0.0011807798878740907,7525
1970-01-07 22:44:00+00:00,0.0022535914776216372,0.0007025252374391218,7425
