time_window,avg_cpu,avg_mem,active_machines
1970-01-01 00:05:00+00:00,0.006622583417150691,0.004912416316267418,9525
1970-01-01 00:06:00+00:00,0.0032542922377261723,0.002733181402428526,3805
1970-01-01 00:07:00+00:00,0.003070296988253508,0.0027704620807723537,4167
1970-01-01 00:08:00+00:00,0.0019503157258017327,0.001822819937656215,4338
1970-01-01 00:09:00+00:00,0.0016886134027699253,0.0014684567589526734,5545
1970-01-01 00:10:00+00:00,0.0061170883201653765,0.004734603443912222,9523
1970-01-01 00:11:00+00:00,0.0026061743901443757,0.0017219476842574406,5384
1970-01-01 00:12:00+00:00,0.002485190087928878,0.0015634134874919238,4991
1970-01-01 00:13:00+00:00,0.0020933823139859687,0.001225267133552817,4764
1970-01-01 00:14:00+00:00,0.0025857091980402602,0.0015027608494474483,5253
1970-01-01 00:15:00+00:00,0.006013907736881393,0.004661959762682996,9524
1970-01-01 00:16:00+00:00,0.006022529999509181,0.0021906817718729825,5495
1970-01-01 00:17:00+00:00,0.0044750626698062635,0.002208418583971274,4625
1970-01-01 00:18:00+00:00,0.0049684005403102215,0.0019646959794140362,4422
1970-01-01 00:19:00+00:00,0.0035878069321205667,0.0014335703689941518,4455
1970-01-01 00:20:00+00:00,0.006490425979472225,0.004707414562502112,9527
1970-01-01 00:21:00+00:00,0.004164457832695066,0.0020529857561341967,4959
1970-01-01 00:22:00+00:00,0.00311954686262462,0.0018551204264962843,4683
1970-01-01 00:23:00+00:00,0.0030117792375308297,0.0013259957555938613,4854
1970-01-01 00:24:00+00:00,0.0029881541583624033,0.0010711709189026861,4127
1970-01-01 00:25:00+00:00,0.006843293185319357,0.00480470798272553,9527
1970-01-01 00:26:00+00:00,0.0028860980745713523,0.0013097843827723369,4073
1970-01-01 00:27:00+00:00,0.00391925362376132,0.0013719449574233044,4308
1970-01-01 00:28:00+00:00,0.0030512432899161258,0.0013254906057188897,4899
1970-01-01 00:29:00+00:00,0.003009494262952591,0.000903641620685565,3782
1970-01-01 00:30:00+00:00,0.006898997174739618,0.004840349138229823,9527
1970-01-01 00:31:00+00:00,0.0029964509779567498,0.0017245501194392953,4735
1970-01-01 00:32:00+00:00,0.0026869092453043965,0.0013344163647462232,5336
1970-01-01 00:33:00+00:00,0.00226282662759557,0.001278617789874219,4728
1970-01-01 00:34:00+00:00,0.002898869679626041,0.0013495470180087065,3929
1970-01-01 00:35:00+00:00,0.006858008961315619,0.004833410710216963,9527
1970-01-01 00:36:00+00:00,0.0033151467293351077,0.0013914144940962076,4893
1970-01-01 00:37:00+00:00,0.003636795628098503,0.001183270291672608,4602
1970-01-01 00:38:00+00:00,0.0040305719806009895,0.0010699200668381331,4337
1970-01-01 00:39:00+00:00,0.0026197925730334893,0.0008774444597064137,3882
1970-01-01 00:40:00+00:00,0.006634382076208819,0.004735290157067524,9529
1970-01-01 00:41:00+00:00,0.003521662863737638,0.0012540611035137162,3394
1970-01-01 00:42:00+00:00,0.002121335465454273,0.000732740663672068,3696
1970-01-01 00:43:00+00:00,0.0023857563979549014,0.0011731669426020069,4406
1970-01-01 00:44:00+00:00,0.0023936231562725722,0.0007465092516350218,2495
1970-01-01 00:45:00+00:00,0.006374275600374355,0.004715802368338045,9526
1970-01-01 00:46:00+00:00,0.003394886091035035,0.0011373156788816918,5461
1970-01-01 00:47:00+00:00,0.0043700590939589196,0.001157709830243824,4662
1970-01-01 00:48:00+00:00,0.003171629840053512,0.001444252695100327,3756
1970-01-01 00:49:00+00:00,0.0029255646814365407,0.0015203201785105994,4470
1970-01-01 00:50:00+00:00,0.005946103849725844,0.004700296758331769,9526
1970-01-01 00:51:00+00:00,0.0023608580558530682,0.001121773652107485,4296
1970-01-01 00:52:00+00:00,0.0023166760978763218,0.001269111133065518,4960
1970-01-01 00:53:00+00:00,0.0019935212512957458,0.0010181490463772272,4185
1970-01-01 00:54:00+00:00,0.0025123411601626813,0.0010898234550892724,3499
1970-01-01 00:55:00+00:00,0.0054417593509853935,0.004629220642144427,9525
1970-01-01 00:56:00+00:00,0.0026210577626092006,0.0010212575956365234,4152
1970-01-01 00:57:00+00:00,0.004186598349550549,0.0010622894792128377,4608
1970-01-01 00:58:00+00:00,0.0046767925011957315,0.0011596996520576678,3904
1970-01-01 00:59:00+00:00,0.0027041307942251157,0.0008759589891755204,2897
1970-01-01 01:00:00+00:00,0.005175811577454558,0.004558569665905134,9526
1970-01-01 01:01:00+00:00,0.0028582022135927574,0.0012340050715532113,4114
1970-01-01 01:02:00+00:00,0.0038815362216447088,0.0021779734787889422,5095
1970-01-01 01:03:00+00:00,0.0025249533794729296,0.0009626214125601639,4111
1970-01-01 01:04:00+00:00,0.00208121404659283,0.0009211328841094681,3680
1970-01-01 01:05:00+00:00,0.004910166416836894,0.0044663564082298175,9526
1970-01-01 01:06:00+00:00,0.003980366318251308,0.001674525423830511,5744
1970-01-01 01:07:00+00:00,0.0024753328726458282,0.0011796925706921175,5851
1970-01-01 01:08:00+00:00,0.002839801829431426,0.0016987251087121574,5200
1970-01-01 01:09:00+00:00,0.0022759619998136225,0.00104804561874153,5140
1970-01-01 01:10:00+00:00,0.005203590921060115,0.0045621874246608175,9529
1970-01-01 01:11:00+00:00,0.0020306887452174217,0.001191173233003357,6179
1970-01-01 01:12:00+00:00,0.0026423719171134465,0.0009520651103622986,5776
1970-01-01 01:13:00+00:00,0.002493279510224488,0.0011023598037593312,4803
1970-01-01 01:14:00+00:00,0.001775898856975586,0.0008955225991556008,4368
1970-01-01 01:15:00+00:00,0.00520773100031495,0.004574403943107007,9530
1970-01-01 01:16:00+00:00,0.004201215893081369,0.00122201398125,5183
1970-01-01 01:17:00+00:00,0.0034074841337650443,0.0011973539946161832,6058
1970-01-01 01:18:00+00:00,0.0048808469581901335,0.0011834056169805634,4380
1970-01-01 01:19:00+00:00,0.0030339427956154966,0.0007587331580164103,3727
1970-01-01 01:20:00+00:00,0.005024336896704997,0.004558004422225962,9527
1970-01-01 01:21:00+00:00,0.0026816199387795603,0.0015148835154155658,5904
1970-01-01 01:22:00+00:00,0.0017533069993855913,0.0011042969217346292,6863
1970-01-01 01:23:00+00:00,0.002074751513857616,0.0012776378968534232,6779
1970-01-01 01:24:00+00:00,0.001785835885962623,0.0008769113924613095,4779
1970-01-01 01:25:00+00:00,0.00517886128648866,0.004577338176301401,9514
1970-01-01 01:26:00+00:00,0.0023246549116442746,0.0014498538871290758,5345
1970-01-01 01:27:00+00:00,0.002740148725456367,0.0013909714098749196,6472
1970-01-01 01:28:00+00:00,0.003127406467769584,0.0010505876131273227,6240
1970-01-01 01:29:00+00:00,0.0017877310332482803,0.0009118241032376601,6266
1970-01-01 01:30:00+00:00,0.005121798521302145,0.004534972407935701,9516
1970-01-01 01:31:00+00:00,0.003186104486990962,0.0020365640220721035,5858
1970-01-01 01:32:00+00:00,0.0024170812038103225,0.0016714428339881064,4939
1970-01-01 01:33:00+00:00,0.001827379578157332,0.0012388340077780175,5536
1970-01-01 01:34:00+00:00,0.0019360123270098246,0.0007464421721154644,6353
1970-01-01 01:35:00+00:00,0.005052191212191601,0.004454572057661344,9521
1970-01-01 01:36:00+00:00,0.0031388499194460384,0.0011518617499482898,7345
1970-01-01 01:37:00+00:00,0.00426358359800703,0.0012647388893105912,5606
1970-01-01 01:38:00+00:00,0.0024574769962508428,0.0011973638274920568,5173
1970-01-01 01:39:00+00:00,0.0020787141080502894,0.0008009448319527358,4972
1970-01-01 01:40:00+00:00,0.005365226719421827,0.004500706397184801,9528
1970-01-01 01:41:00+00:00,0.003421370568980664,0.0014251358184825351,7224
1970-01-01 01:42:00+00:00,0.002484913258805433,0.0013298086964053353,5810
1970-01-01 01:43:00+00:00,0.002803816986140827,0.0007941912418061613,6647
1970-01-01 01:44:00+00:00,0.0022969686506424994,0.0008085859431980832,6437
1970-01-01 01:45:00+00:00,0.005455092694737939,0.004439556756882877,9529
1970-01-01 01:46:00+00:00,0.0026249403476064225,0.0013893977449366518,6880
1970-01-01 01:47:00+00:00,0.003961234505110409,0.0012362499048214157,6550
1970-01-01 01:48:00+00:00,0.0036090718009488773,0.001620731517577182,3534
1970-01-01 01:49:00+00:00,0.002575037959170413,0.0008665295987639562,4519
1970-01-01 01:50:00+00:00,0.005662858440098583,0.004540173005925861,9525
1970-01-01 01:51:00+00:00,0.0032663500413939207,0.0016158391872506783,3241
1970-01-01 01:52:00+00:00,0.0037828305323334087,0.0015149962119463875,3291
1970-01-01 01:53:00+00:00,0.0021649865995060124,0.0009889915453687218,3738
1970-01-01 01:54:00+00:00,0.002000242950900245,0.0007336348777072001,5962
1970-01-01 01:55:00+00:00,0.0056507720706269636,0.0044558962078341665,9526
1970-01-01 01:56:00+00:00,0.0033502013737596753,0.001299919546674824,6854
1970-01-01 01:57:00+00:00,0.003209216643015463,0.0011764005999788335,6939
1970-01-01 01:58:00+00:00,0.003468733179156721,0.0013088655688140967,5541
1970-01-01 01:59:00+00:00,0.0020180397408095297,0.0007668717498137439,4012
1970-01-01 02:00:00+00:00,0.005768000349490291,0.004543796742432919,9527
1970-01-01 02:01:00+00:00,0.0041592001141845,0.001893550223605834,3682
1970-01-01 02:02:00+00:00,0.0032614344642275927,0.0012944956952285545,4340
1970-01-01 02:03:00+00:00,0.003963356869051219,0.0014322875671049949,5318
1970-01-01 02:04:00+00:00,0.0021662780974253813,0.0008524968292575695,4728
1970-01-01 02:05:00+00:00,0.005642760538095554,0.0044766590460266166,9528
1970-01-01 02:06:00+00:00,0.00312247835666179,0.0013375211159100395,5551
1970-01-01 02:07:00+00:00,0.005826492405718936,0.0012481813845427096,4522
1970-01-01 02:08:00+00:00,0.002500843855079706,0.0008986332385635817,3831
1970-01-01 02:09:00+00:00,0.003033969951107469,0.0010992676027265374,3995
1970-01-01 02:10:00+00:00,0.005576276093989534,0.004456354615764698,9527
1970-01-01 02:11:00+00:00,0.004825316859542756,0.002880790617765695,6948
1970-01-01 02:12:00+00:00,0.003193972016208237,0.001644275533444217,5568
1970-01-01 02:13:00+00:00,0.002130911805216028,0.001092153264041174,5538
1970-01-01 02:14:00+00:00,0.002930442872056548,0.0013564869884930973,4903
1970-01-01 02:15:00+00:00,0.005662145970970361,0.004498127726480251,9527
1970-01-01 02:16:00+00:00,0.0054557800374720545,0.0019257786107285035,5677
1970-01-01 02:17:00+00:00,0.0036447649460347314,0.001478652459033868,5689
1970-01-01 02:18:00+00:00,0.002393896446182556,0.001098657879279911,4838
1970-01-01 02:19:00+00:00,0.003031675458653318,0.0014105250030356366,5060
1970-01-01 02:20:00+00:00,0.005552929017960817,0.004494300458121184,9527
1970-01-01 02:21:00+00:00,0.0030696422272830557,0.0012893356267806068,5759
1970-01-01 02:22:00+00:00,0.0020985781954909475,0.0010151496018841514,5824
1970-01-01 02:23:00+00:00,0.002067267173970052,0.000986483491649148,4903
1970-01-01 02:24:00+00:00,0.0014745236371694137,0.0006589047614852036,5137
1970-01-01 02:25:00+00:00,0.005210949447867755,0.004277043309359385,9526
1970-01-01 02:26:00+00:00,0.0030916633407610155,0.0012352180802778225,6628
1970-01-01 02:27:00+00:00,0.0033807688680314277,0.0013116844717896876,5793
1970-01-01 02:28:00+00:00,0.0017609782577460804,0.0011473367603025393,5378
1970-01-01 02:29:00+00:00,0.001547494241355458,0.000995379515167315,4951
1970-01-01 02:30:00+00:00,0.00534055071902642,0.004353645152242568,9528
1970-01-01 02:31:00+00:00,0.00235366129902619,0.001222257317827267,3078
1970-01-01 02:32:00+00:00,0.0012339982631312605,0.0004217232713690679,345
1970-01-01 02:33:00+00:00,0.0012533498848891827,0.000739521199507426,6922
1970-01-01 02:34:00+00:00,0.0010532082435646538,0.00037046173444872085,6226
1970-01-01 02:35:00+00:00,0.005119335032612028,0.004239768988277727,9529
1970-01-01 02:36:00+00:00,0.003105339808068497,0.0016412909492890119,6411
1970-01-01 02:37:00+00:00,0.006072498559687845,0.0022705641253489397,8325
1970-01-01 02:38:00+00:00,0.003008517735611157,0.0012753352595231506,8155
1970-01-01 02:39:00+00:00,0.0019529337371103335,0.0010345627366121514,7346
1970-01-01 02:40:00+00:00,0.005823282049387125,0.004265961539012502,9531
1970-01-01 02:41:00+00:00,0.002718318660018126,0.0016974129872867386,7663
1970-01-01 02:42:00+00:00,0.0016824487426580815,0.0011702491507953176,5302
1970-01-01 02:43:00+00:00,0.00163717505661966,0.0009314393797275143,5429
1970-01-01 02:44:00+00:00,0.0012408033357730447,0.0007868740274315408,6219
1970-01-01 02:45:00+00:00,0.005511923992430495,0.004295554081732146,9531
1970-01-01 02:46:00+00:00,0.0016482621964722432,0.0014886731475821822,7733
1970-01-01 02:47:00+00:00,0.002498804312182606,0.0012654152730232867,6824
1970-01-01 02:48:00+00:00,0.00214297050574926,0.0011269879710373784,7529
1970-01-01 02:49:00+00:00,0.0018834765330176843,0.0010158802204075792,6032
1970-01-01 02:50:00+00:00,0.005615534368730594,0.004363169774152905,9531
1970-01-01 02:51:00+00:00,0.0025190020238500654,0.0017474497018792748,6954
1970-01-01 02:52:00+00:00,0.0016379432303006533,0.001135230767922323,7074
1970-01-01 02:53:00+00:00,0.0015431287579079033,0.0011075849826198648,6620
1970-01-01 02:54:00+00:00,0.00118954214656963,0.0006766858144912881,7311
1970-01-01 02:55:00+00:00,0.005368378176284545,0.004337599933559458,9531
1970-01-01 02:56:00+00:00,0.0022890972500952196,0.001203590361007189,7888
1970-01-01 02:57:00+00:00,0.0021293174759972992,0.0011610374580288212,7616
1970-01-01 02:58:00+00:00,0.0024607829598051753,0.0018025421638539498,7856
1970-01-01 02:59:00+00:00,0.001359446233387188,0.0008129512079319398,6803
1970-01-01 03:00:00+00:00,0.0060824147868318796,0.004639879033693793,9531
1970-01-01 03:01:00+00:00,0.002665090985258838,0.0017023096185007688,6674
1970-01-01 03:02:00+00:00,0.002192684090134292,0.001420362926531131,6804
1970-01-01 03:03:00+00:00,0.001438992742773236,0.0006602179083592849,7309
1970-01-01 03:04:00+00:00,0.001480061101407842,0.0006322523894268533,7687
1970-01-01 03:05:00+00:00,0.006029925535752319,0.004617655193594629,9530
1970-01-01 03:06:00+00:00,0.0027485480083141375,0.0014661739145200355,7371
1970-01-01 03:07:00+00:00,0.002996831066691782,0.0012841037103680022,7265
1970-01-01 03:08:00+00:00,0.0017288372108212476,0.001004638320231279,6659
1970-01-01 03:09:00+00:00,0.001723485070432732,0.0006606219998952174,7434
1970-01-01 03:10:00+00:00,0.006144517700419668,0.0047396819624217525,9529
1970-01-01 03:11:00+00:00,0.003100646842376068,0.0024395938880738825,7728
1970-01-01 03:12:00+00:00,0.0017086142576634268,0.0013870839242656904,6977
1970-01-01 03:13:00+00:00,0.002991628335959415,0.002092782339425833,7004
1970-01-01 03:14:00+00:00,0.0017057301902945368,0.0008766360851149511,5783
1970-01-01 03:15:00+00:00,0.006159503245556527,0.004830306563641027,9529
1970-01-01 03:16:00+00:00,0.002916282658394034,0.002011677590653288,6443
1970-01-01 03:17:00+00:00,0.0030563643883516345,0.0016130661393201572,6188
1970-01-01 03:18:00+00:00,0.0016118329677277665,0.0011592720156636898,6438
1970-01-01 03:19:00+00:00,0.002045282863474162,0.0015732201836604939,6802
1970-01-01 03:20:00+00:00,0.005778288971553818,0.004748326509169715,9529
1970-01-01 03:21:00+00:00,0.0024967338944377206,0.0018542779651722439,5693
1970-01-01 03:22:00+00:00,0.0015053219300208405,0.001459564292421875,6672
1970-01-01 03:23:00+00:00,0.001806827404092751,0.0013841352600982195,5970
1970-01-01 03:24:00+00:00,0.001706303696062173,0.0012433261649366148,6399
1970-01-01 03:25:00+00:00,0.005672669831262464,0.004573940427504249,9529
1970-01-01 03:26:00+00:00,0.004228222237574443,0.0015352373307247764,6130
1970-01-01 03:27:00+00:00,0.0028511695655173953,0.001473060564632204,5249
1970-01-01 03:28:00+00:00,0.002267529074512967,0.0012790729628102614,5961
1970-01-01 03:29:00+00:00,0.003027470598491194,0.0018656824729096895,7954
1970-01-01 03:30:00+00:00,0.005718170902611439,0.004565342976690341,9531
1970-01-01 03:31:00+00:00,0.0023783526330774982,0.0014600082949242674,6630
1970-01-01 03:32:00+00:00,0.0019843812522068226,0.0012902403543196244,5935
1970-01-01 03:33:00+00:00,0.0016673075500542268,0.0009438930187062255,5506
1970-01-01 03:34:00+00:00,0.0019263060528290983,0.0011920510744200107,6795
1970-01-01 03:35:00+00:00,0.0051369882284416244,0.004176233208888729,9529
1970-01-01 03:36:00+00:00,0.0035660743158082956,0.0020239599014023712,7469
1970-01-01 03:37:00+00:00,0.0026331228584269,0.0018001283918108227,6824
1970-01-01 03:38:00+00:00,0.0016103217915807975,0.0009675820177315401,6605
1970-01-01 03:39:00+00:00,0.0017472888369800571,0.0008745281716321375,6285
1970-01-01 03:40:00+00:00,0.005591208460032367,0.004416912191590804,9530
1970-01-01 03:41:00+00:00,0.0026998451637343795,0.0019900571810362385,6753
1970-01-01 03:42:00+00:00,0.001917405812297448,0.001211038856135634,6257
1970-01-01 03:43:00+00:00,0.0016420830280473029,0.001153848289888207,7032
1970-01-01 03:44:00+00:00,0.0012421421761194275,0.0005974771061397549,5895
1970-01-01 03:45:00+00:00,0.005535532425953253,0.004410611713530711,9530
1970-01-01 03:46:00+00:00,0.0023137284509131707,0.001632751442779477,6280
1970-01-01 03:47:00+00:00,0.0018426647070368077,0.0012069130213777897,7628
1970-01-01 03:48:00+00:00,0.0017169136605602235,0.0021214921322911555,7225
1970-01-01 03:49:00+00:00,0.0011604079572388698,0.0009518566617884656,7301
1970-01-01 03:50:00+00:00,0.0056524711201243975,0.004619130083632538,9531
1970-01-01 03:51:00+00:00,0.0023212839362561025,0.0017752985194865328,7530
1970-01-01 03:52:00+00:00,0.0017042884826660141,0.0010000698089599645,6912
1970-01-01 03:53:00+00:00,0.0016379023935002518,0.0013740287713822886,5832
1970-01-01 03:54:00+00:00,0.0014820290653100913,0.00071543294296004,6423
1970-01-01 03:55:00+00:00,0.005936716113599368,0.004761441960250847,9530
1970-01-01 03:56:00+00:00,0.002529963711074053,0.0013804864304710457,7063
1970-01-01 03:57:00+00:00,0.0021933885175013782,0.0013108404888444907,6448
1970-01-01 03:58:00+00:00,0.0016771555781114138,0.0009242845966400539,6501
1970-01-01 03:59:00+00:00,0.001692830774957449,0.0007964140450195215,5217
1970-01-01 04:00:00+00:00,0.005826358084378469,0.004712289910267116,9531
1970-01-01 04:01:00+00:00,0.0029508777566858283,0.0017351378370691701,6038
1970-01-01 04:02:00+00:00,0.0019778649867654226,0.0013259355360659823,5492
1970-01-01 04:03:00+00:00,0.0017323275748334038,0.000887571611150058,6008
1970-01-01 04:04:00+00:00,0.00240692839967538,0.0009071410570995645,5472
1970-01-01 04:05:00+00:00,0.005761104970959926,0.004754502605623142,9531
1970-01-01 04:06:00+00:00,0.0032178500655350396,0.0012855169499755687,6063
1970-01-01 04:07:00+00:00,0.003124025297078739,0.0012207300140357222,5446
1970-01-01 04:08:00+00:00,0.0022608984580193905,0.001452081411547669,4488
1970-01-01 04:09:00+00:00,0.0020823555164807277,0.0008221484935353995,4836
1970-01-01 04:10:00+00:00,0.0056063894478150765,0.004768744336909974,9529
1970-01-01 04:11:00+00:00,0.001602315392794418,0.000916789553706136,7390
1970-01-01 04:12:00+00:00,0.0020847517042303716,0.001345398459820074,5931
1970-01-01 04:13:00+00:00,0.0022561127426691135,0.0013991570643951561,4610
1970-01-01 04:14:00+00:00,0.0012907651981743976,0.0006246341508105538,5306
1970-01-01 04:15:00+00:00,0.0057931449441116535,0.004869974003713066,9529
1970-01-01 04:16:00+00:00,0.002854279665865043,0.0010901495512468363,5744
1970-01-01 04:17:00+00:00,0.004489764382346103,0.001337712481978848,5299
1970-01-01 04:18:00+00:00,0.0016597209201211238,0.0008484553669352863,6688
1970-01-01 04:19:00+00:00,0.0022428380391578606,0.0007742135658570034,4970
1970-01-01 04:20:00+00:00,0.006339410251099273,0.00496082024361564,9527
1970-01-01 04:21:00+00:00,0.0023200192650840905,0.0013054703745860796,6798
1970-01-01 04:22:00+00:00,0.0025257142211800327,0.0015306287571597095,5855
1970-01-01 04:23:00+00:00,0.001983201700973768,0.0014505491370690941,5717
1970-01-01 04:24:00+00:00,0.0016145736528938583,0.0011385649332701121,5520
1970-01-01 04:25:00+00:00,0.0060838361523155434,0.004907212576877315,9526
1970-01-01 04:26:00+00:00,0.002786873991200124,0.0013625873496473852,7569
1970-01-01 04:27:00+00:00,0.002838491041171009,0.001501279460806009,6525
1970-01-01 04:28:00+00:00,0.0018504927141496143,0.0011781620880476733,5706
1970-01-01 04:29:00+00:00,0.001342954330764007,0.0008182587144761086,6175
1970-01-01 04:30:00+00:00,0.006154741585006348,0.00488954429787161,9526
1970-01-01 04:31:00+00:00,0.0034814326864621523,0.0020188848813116407,6957
1970-01-01 04:32:00+00:00,0.0023580681040815885,0.001358577457288862,5303
1970-01-01 04:33:00+00:00,0.002085568439577956,0.0012158574460996313,5828
1970-01-01 04:34:00+00:00,0.001608365198235497,0.0008631096919297933,5129
1970-01-01 04:35:00+00:00,0.0060830280343356895,0.004809541637000487,9527
1970-01-01 04:36:00+00:00,0.0015974315864015307,0.0007784457543729298,5937
1970-01-01 04:37:00+00:00,0.0028870450549062002,0.0010204894050619496,6174
1970-01-01 04:38:00+00:00,0.0018357524646616967,0.0006801184256655002,5813
1970-01-01 04:39:00+00:00,0.0017684163828323375,0.0006611121372999102,5301
1970-01-01 04:40:00+00:00,0.006051644846432055,0.0048478256933101845,9528
1970-01-01 04:41:00+00:00,0.0028081221227920293,0.0016909673017847188,4586
1970-01-01 04:42:00+00:00,0.002271127479179518,0.0013554854581103444,4658
1970-01-01 04:43:00+00:00,0.0015724845047216027,0.0008448139481654226,5633
1970-01-01 04:44:00+00:00,0.0017071316081486382,0.0008083297853612715,5023
1970-01-01 04:45:00+00:00,0.0061482148300735,0.004850370779328532,9529
1970-01-01 04:46:00+00:00,0.002606941849298724,0.0011953894248479078,6369
1970-01-01 04:47:00+00:00,0.003461054385372456,0.0011906517591560742,6054
1970-01-01 04:48:00+00:00,0.001576364158518341,0.0007376267123890705,6610
1970-01-01 04:49:00+00:00,0.0013366323420251338,0.0005141002317623105,6123
1970-01-01 04:50:00+00:00,0.00618544898594747,0.004871619271690193,9529
1970-01-01 04:51:00+00:00,0.0032965898608179694,0.0019884947643144164,6208
1970-01-01 04:52:00+00:00,0.0025200077773416076,0.0016846222182713452,6310
1970-01-01 04:53:00+00:00,0.0019599108572696147,0.0011943447026362061,5579
1970-01-01 04:54:00+00:00,0.0015834774038165883,0.0007758686892007748,5555
1970-01-01 04:55:00+00:00,0.006332268424489699,0.004878826506012031,9529
1970-01-01 04:56:00+00:00,0.004315195742193959,0.00250286385402572,7711
1970-01-01 04:57:00+00:00,0.0028700503017072294,0.0013703850096335834,6832
1970-01-01 04:58:00+00:00,0.0022406198529902025,0.001155672742847938,5945
1970-01-01 04:59:00+00:00,0.0016227482175239462,0.0007711330952679022,5728
1970-01-01 05:00:00+00:00,0.006417860318006254,0.004809633456900907,9529
1970-01-01 05:01:00+00:00,0.0030327788610520147,0.0017253117573425758,6356
1970-01-01 05:02:00+00:00,0.002882520709027373,0.001628326356474915,5537
1970-01-01 05:03:00+00:00,0.00236032275309012,0.0010569959469385998,6358
1970-01-01 05:04:00+00:00,0.0019504811249122659,0.000770771600433714,5239
1970-01-01 05:05:00+00:00,0.0063162122163193,0.0047541805083263266,9530
1970-01-01 05:06:00+00:00,0.003685736554698003,0.0015496028643168533,6534
1970-01-01 05:07:00+00:00,0.0033593048986099655,0.0012374124143843556,5897
1970-01-01 05:08:00+00:00,0.0030518094929083105,0.0011857609316870807,5350
1970-01-01 05:09:00+00:00,0.0022511277585571666,0.0008352025931463082,4611
1970-01-01 05:10:00+00:00,0.006428693170074608,0.004805227709284998,9529
1970-01-01 05:11:00+00:00,0.005879147126711356,0.0034895863500114753,6163
1970-01-01 05:12:00+00:00,0.003941748435912391,0.0020712028974057425,5249
1970-01-01 05:13:00+00:00,0.0024793840139431247,0.0012026668457419314,4978
1970-01-01 05:14:00+00:00,0.0019546127275659464,0.0007767796325334208,4595
1970-01-01 05:15:00+00:00,0.006402768861348805,0.004770694802880854,9529
1970-01-01 05:16:00+00:00,0.0033117251891440045,0.002099345493571516,6983
1970-01-01 05:17:00+00:00,0.0035533702497315225,0.0012636190310058215,5914
1970-01-01 05:18:00+00:00,0.0028201274670892227,0.0013471380366419144,5299
1970-01-01 05:19:00+00:00,0.0017751392384519385,0.0009705394564716034,4939
1970-01-01 05:20:00+00:00,0.006157980391890414,0.004810628316242737,9528
1970-01-01 05:21:00+00:00,0.0028162863744200066,0.0014886368691589482,5443
1970-01-01 05:22:00+00:00,0.0019826675385023465,0.0010918611307937798,6495
1970-01-01 05:23:00+00:00,0.0019835032795306176,0.0008273197355724556,4329
1970-01-01 05:24:00+00:00,0.0017126003535815474,0.0007530909256066366,5127
1970-01-01 05:25:00+00:00,0.00601303930454808,0.004802620449419884,9528
1970-01-01 05:26:00+00:00,0.0019426230004468813,0.001360541771257493,5629
1970-01-01 05:27:00+00:00,0.003786586760606843,0.0014470594378359447,5841
1970-01-01 05:28:00+00:00,0.0029753804637528197,0.0012012701841254314,4616
1970-01-01 05:29:00+00:00,0.0015146798507684684,0.0009602190324547069,6049
1970-01-01 05:30:00+00:00,0.0061391597551626285,0.0048925367373408146,9528
1970-01-01 05:31:00+00:00,0.003035555809010307,0.0018464378195089102,6604
1970-01-01 05:32:00+00:00,0.0024405632136000454,0.0016507683162483588,5733
1970-01-01 05:33:00+00:00,0.0024909687114832582,0.0012993285269399658,5752
1970-01-01 05:34:00+00:00,0.0021918127490346277,0.001325922241735296,5398
1970-01-01 05:35:00+00:00,0.0060835314045413254,0.004930872287327066,9528
1970-01-01 05:36:00+00:00,0.003408936256766058,0.0020047614743230885,4622
1970-01-01 05:37:00+00:00,0.0026609785783496204,0.0015760961808288102,5934
1970-01-01 05:38:00+00:00,0.004034322520673257,0.0015594966321635334,6276
1970-01-01 05:39:00+00:00,0.0016266645369297317,0.0008698527197467174,6445
1970-01-01 05:40:00+00:00,0.006220235705300861,0.004941124404914185,9528
1970-01-01 05:41:00+00:00,0.002961340031440605,0.00150406012396802,5240
1970-01-01 05:42:00+00:00,0.0021230601190985444,0.001687214048762372,5408
1970-01-01 05:43:00+00:00,0.002026519087197688,0.0011583977455677354,4770
1970-01-01 05:44:00+00:00,0.0015176955347238532,0.0008051108495360282,4960
1970-01-01 05:45:00+00:00,0.006233649124311896,0.004924038934507243,9528
1970-01-01 05:46:00+00:00,0.0023161179168836657,0.001483317726071958,5778
1970-01-01 05:47:00+00:00,0.007685487776691173,0.0012041531163132547,6025
1970-01-01 05:48:00+00:00,0.0022601699032264275,0.0009846552446789937,5243
1970-01-01 05:49:00+00:00,0.0013870409303383062,0.000781010093833366,4701
1970-01-01 05:50:00+00:00,0.006501743945740601,0.0049341018326116825,9528
1970-01-01 05:51:00+00:00,0.003243932708596855,0.0014264609841344077,4249
1970-01-01 05:52:00+00:00,0.012631798383052065,0.0015557060188255817,5526
1970-01-01 05:53:00+00:00,0.0019424435032877013,0.0012497586320855403,5627
1970-01-01 05:54:00+00:00,0.0017487382914690925,0.0009255988222918801,4206
1970-01-01 05:55:00+00:00,0.006595403393536495,0.0049101968101233915,9529
1970-01-01 05:56:00+00:00,0.0036752578425958775,0.0015001610230839936,4907
1970-01-01 05:57:00+00:00,0.004881436214420056,0.0012764137570220632,3862
1970-01-01 05:58:00+00:00,0.002893167658569642,0.001047848647465069,3591
1970-01-01 05:59:00+00:00,0.0022612474922167306,0.0008074479281213504,3456
1970-01-01 06:00:00+00:00,0.006376817955661834,0.004979219893077966,9529
1970-01-01 06:01:00+00:00,0.00303291004389541,0.001577386501584109,4211
1970-01-01 06:02:00+00:00,0.002892385308091695,0.0013951697558390614,3794
1970-01-01 06:03:00+00:00,0.0023698447273836393,0.0013192746675261121,4848
1970-01-01 06:04:00+00:00,0.0019039500255451434,0.0008240375673223974,4294
1970-01-01 06:05:00+00:00,0.006246090560970141,0.005009323967288369,9527
1970-01-01 06:06:00+00:00,0.0035465306958052142,0.0016344626833583599,4340
1970-01-01 06:07:00+00:00,0.0030359312685348783,0.0015138326374418084,4217
1970-01-01 06:08:00+00:00,0.0023883481710897194,0.001045312289147202,3872
1970-01-01 06:09:00+00:00,0.001974280160659005,0.0007696596365112567,4431
1970-01-01 06:10:00+00:00,0.006210301369774024,0.0049846024458480645,9528
1970-01-01 06:11:00+00:00,0.0022439515650282417,0.0013606664189570559,5380
1970-01-01 06:12:00+00:00,0.00225686222673898,0.0015224655453815034,4084
1970-01-01 06:13:00+00:00,0.002331182379867668,0.00113098524235583,4073
1970-01-01 06:14:00+00:00,0.0015163628530514416,0.0006981669752406044,4805
1970-01-01 06:15:00+00:00,0.006010729271553563,0.004958353275641451,9528
1970-01-01 06:16:00+00:00,0.003552168183103588,0.0014579491819797013,4156
1970-01-01 06:17:00+00:00,0.003125254558627054,0.001023044512538834,5586
1970-01-01 06:18:00+00:00,0.0019334441889258863,0.0006818055951716605,5345
1970-01-01 06:19:00+00:00,0.00339777310036536,0.0007288897943202973,3803
1970-01-01 06:20:00+00:00,0.006084500585338101,0.004980880064845201,9528
1970-01-01 06:21:00+00:00,0.004170316339247695,0.0020162819952735667,4716
1970-01-01 06:22:00+00:00,0.0034949820430528866,0.0019670122552321945,5329
1970-01-01 06:23:00+00:00,0.0024052925849732546,0.0013618083845329048,5242
1970-01-01 06:24:00+00:00,0.0015998970328111556,0.0006422588711904445,4066
1970-01-01 06:25:00+00:00,0.006134960053327815,0.005042138503413269,9527
1970-01-01 06:26:00+00:00,0.003046521200761685,0.0017457434506308106,3549
1970-01-01 06:27:00+00:00,0.0031614056932081926,0.0016498921303319963,4742
1970-01-01 06:28:00+00:00,0.004178217347830731,0.000909105987406809,4417
1970-01-01 06:29:00+00:00,0.0015730057829388261,0.0006555985339136964,4093
1970-01-01 06:30:00+00:00,0.00610992133091017,0.005017148912053191,9528
1970-01-01 06:31:00+00:00,0.0038160359326563195,0.001965392059133147,4718
1970-01-01 06:32:00+00:00,0.003544545332095302,0.0015649321583630785,5701
1970-01-01 06:33:00+00:00,0.002805584237195432,0.0012077006740846498,3436
1970-01-01 06:34:00+00:00,0.0021407715091161894,0.0007617686490407974,2596
1970-01-01 06:35:00+00:00,0.006247240213406278,0.005078938259523018,9528
1970-01-01 06:36:00+00:00,0.003399350773648513,0.0014060249167310484,4768
1970-01-01 06:37:00+00:00,0.003328740452960778,0.0013552615549358438,5396
1970-01-01 06:38:00+00:00,0.0028354391679048913,0.0012259462955845945,4693
1970-01-01 06:39:00+00:00,0.003662262340929988,0.0010861102000517858,5274
1970-01-01 06:40:00+00:00,0.0061927665230292125,0.004952931462853402,9528
1970-01-01 06:41:00+00:00,0.002759963967955632,0.0015416945663546933,5029
1970-01-01 06:42:00+00:00,0.002231386893046009,0.0012307791341975218,5408
1970-01-01 06:43:00+00:00,0.0018885881298945717,0.0013130588157167474,5958
1970-01-01 06:44:00+00:00,0.001729784845900324,0.0008723956358939032,5309
1970-01-01 06:45:00+00:00,0.0060941634257331385,0.004967378927804513,9528
1970-01-01 06:46:00+00:00,0.002561075834375455,0.001422468033477512,6172
1970-01-01 06:47:00+00:00,0.0032149360881495452,0.0013889218889497658,4788
1970-01-01 06:48:00+00:00,0.003096067320577094,0.0011519054284465,4935
1970-01-01 06:49:00+00:00,0.002649734940692141,0.0009923059515294379,5174
1970-01-01 06:50:00+00:00,0.00620387167373088,0.005023660944828474,9529
1970-01-01 06:51:00+00:00,0.0028856598705901786,0.0014884068477536171,5365
1970-01-01 06:52:00+00:00,0.0031027640981122475,0.0014483153918557908,3534
1970-01-01 06:53:00+00:00,0.002179023226486769,0.0011098667200488894,3574
1970-01-01 06:54:00+00:00,0.001430452470222807,0.0007360799877829147,5238
1970-01-01 06:55:00+00:00,0.00615909479154288,0.005007909391098405,9529
1970-01-01 06:56:00+00:00,0.0028952066841957907,0.0014058743896444498,4442
1970-01-01 06:57:00+00:00,0.004829346404621871,0.0017731978706405844,5572
1970-01-01 06:58:00+00:00,0.003745716479000629,0.0010911077717006587,5416
1970-01-01 06:59:00+00:00,0.0028237755867408657,0.0009417146672812374,5030
1970-01-01 07:00:00+00:00,0.006226129866426502,0.005019630865522544,9529
1970-01-01 07:01:00+00:00,0.003083370800595728,0.0016238088719546732,5250
1970-01-01 07:02:00+00:00,0.0019932939878083123,0.0010860041019104367,5529
1970-01-01 07:03:00+00:00,0.0022430970460121007,0.00097884157611576,5135
1970-01-01 07:04:00+00:00,0.0016910403513629366,0.00078592540967552,4482
1970-01-01 07:05:00+00:00,0.006235970353874582,0.005059281795170727,9529
1970-01-01 07:06:00+00:00,0.003200714985946539,0.0016547191055473988,5202
1970-01-01 07:07:00+00:00,0.004765620161364972,0.0015801431396689817,5751
1970-01-01 07:08:00+00:00,0.003930146700537401,0.001571422178151517,5259
1970-01-01 07:09:00+00:00,0.002720278306263789,0.0014217507789630155,4506
1970-01-01 07:10:00+00:00,0.00639888899972922,0.005026652878808739,9529
1970-01-01 07:11:00+00:00,0.0031149082097286854,0.001696219530401731,3452
1970-01-01 07:12:00+00:00,0.0028321576850595795,0.0014720151516719527,4753
1970-01-01 07:13:00+00:00,0.0028768160119344533,0.001157192486975091,4386
1970-01-01 07:14:00+00:00,0.0014859972439490558,0.000655658493032664,4055
1970-01-01 07:15:00+00:00,0.0061412375708606685,0.004968616922325067,9529
1970-01-01 07:16:00+00:00,0.0025904311845503505,0.0010539535417321468,5633
1970-01-01 07:17:00+00:00,0.0048394971043685805,0.0013392916142614818,5661
1970-01-01 07:18:00+00:00,0.005550368537244749,0.00338714817306921,6207
1970-01-01 07:19:00+00:00,0.0013890823162208937,0.00046730886218564053,4994
1970-01-01 07:20:00+00:00,0.005854984598980976,0.0049273548523152775,9529
1970-01-01 07:21:00+00:00,0.002174009204566249,0.0012674089491661682,7071
1970-01-01 07:22:00+00:00,0.0016326872911260433,0.0010438764001753122,6959
1970-01-01 07:23:00+00:00,0.0011042112318072424,0.000682074739965173,6936
1970-01-01 07:24:00+00:00,0.0016440860876562032,0.0008151689197690945,6305
1970-01-01 07:25:00+00:00,0.005595572847077344,0.004826867373558401,9529
1970-01-01 07:26:00+00:00,0.002138865101811169,0.0012590465581439395,5852
1970-01-01 07:27:00+00:00,0.003149132639135092,0.0011274142337280959,6990
1970-01-01 07:28:00+00:00,0.0025116565529468425,0.0010160857054644459,5931
1970-01-01 07:29:00+00:00,0.001419262462384248,0.0006016917371360776,7301
1970-01-01 07:30:00+00:00,0.005719191951760602,0.004832993466700389,9530
1970-01-01 07:31:00+00:00,0.0037287268305619217,0.0012883928725585072,5615
1970-01-01 07:32:00+00:00,0.0029258141296062425,0.002880494876264598,4695
1970-01-01 07:33:00+00:00,0.0019475085314203558,0.000960448785876553,4667
1970-01-01 07:34:00+00:00,0.001772481893347863,0.0005587513686267577,6058
1970-01-01 07:35:00+00:00,0.005782904272211289,0.00473852680498932,9530
1970-01-01 07:36:00+00:00,0.0026815560742177425,0.0015885982662658426,7093
1970-01-01 07:37:00+00:00,0.002945731251274313,0.0009387191651392976,5742
1970-01-01 07:38:00+00:00,0.0026808056448789372,0.001013814667790976,5059
1970-01-01 07:39:00+00:00,0.0018956486849074643,0.0009576742953442511,4719
1970-01-01 07:40:00+00:00,0.005793536285333236,0.00476644190577082,9530
1970-01-01 07:41:00+00:00,0.0028831527362800464,0.0014729168891869104,5944
1970-01-01 07:42:00+00:00,0.002903799855036986,0.0016334878372509369,5288
1970-01-01 07:43:00+00:00,0.0018300327927712212,0.0014340993586074327,6258
1970-01-01 07:44:00+00:00,0.002241130309017101,0.0009997680934172599,3738
1970-01-01 07:45:00+00:00,0.005839800427794848,0.00487953471399939,9530
1970-01-01 07:46:00+00:00,0.003621985720907664,0.0011788824782143026,4182
1970-01-01 07:47:00+00:00,0.005068189583522546,0.0012306026005516472,4105
1970-01-01 07:48:00+00:00,0.003053587746488961,0.0009579765792802214,3930
1970-01-01 07:49:00+00:00,0.002144453050411949,0.0006620047470255349,3733
1970-01-01 07:50:00+00:00,0.005977831351607439,0.004828619496134892,9528
1970-01-01 07:51:00+00:00,0.001957544761390257,0.001109867811496265,4124
1970-01-01 07:52:00+00:00,0.002823304897257222,0.0011274030098309597,4108
1970-01-01 07:53:00+00:00,0.001910251102720538,0.001155325401834067,5707
1970-01-01 07:54:00+00:00,0.002311831107481511,0.0008128319459156316,3706
1970-01-01 07:55:00+00:00,0.005941925395657384,0.004864298645629335,9528
1970-01-01 07:56:00+00:00,0.003025080819853046,0.0007748029734869099,5049
1970-01-01 07:57:00+00:00,0.003585084327005689,0.0011558069646342248,4455
1970-01-01 07:58:00+00:00,0.0022640184651101973,0.000954009339908275,2929
1970-01-01 07:59:00+00:00,0.0025086541124464154,0.0006694128233203522,2272
1970-01-01 08:00:00+00:00,0.0061783255156023995,0.004960119202841215,9528
1970-01-01 08:01:00+00:00,0.003167642949701666,0.0016478116381299398,4493
1970-01-01 08:02:00+00:00,0.002723092395237115,0.0013690074063731576,4826
1970-01-01 08:03:00+00:00,0.0029582703158203545,0.0014046045724818745,3807
1970-01-01 08:04:00+00:00,0.0019739467518640657,0.0006915501303578002,3995
1970-01-01 08:05:00+00:00,0.006278521983004593,0.004906203340641668,9529
1970-01-01 08:06:00+00:00,0.003661619079563343,0.001717643886869286,3753
1970-01-01 08:07:00+00:00,0.0031112685384455945,0.001736931474391962,5383
1970-01-01 08:08:00+00:00,0.003222513743260299,0.002000336362020211,4765
1970-01-01 08:09:00+00:00,0.0016330835287394236,0.0011350589931859976,4739
1970-01-01 08:10:00+00:00,0.005956464496693211,0.004835502066532978,9529
1970-01-01 08:11:00+00:00,0.003448499289484846,0.0020622039724592298,5202
1970-01-01 08:12:00+00:00,0.0018903669440218714,0.0011312892255830778,5145
1970-01-01 08:13:00+00:00,0.0019668933677598143,0.0011742815220780122,4439
1970-01-01 08:14:00+00:00,0.003504414757785059,0.002538212832673496,6172
1970-01-01 08:15:00+00:00,0.005896987466790067,0.004818670669989406,9529
1970-01-01 08:16:00+00:00,0.0036819802959383776,0.00137315075152648,5475
1970-01-01 08:17:00+00:00,0.004411797451571018,0.0012379145347236394,5853
1970-01-01 08:18:00+00:00,0.0026107809055648207,0.0008717805632655009,4579
1970-01-01 08:19:00+00:00,0.0014385097338335258,0.0004608614578508908,4605
1970-01-01 08:20:00+00:00,0.005994574243557145,0.004793798446223697,9529
1970-01-01 08:21:00+00:00,0.0023119386621573063,0.001215608567519802,4217
1970-01-01 08:22:00+00:00,0.0016737528954111542,0.0009308219597441633,5393
1970-01-01 08:23:00+00:00,0.002045092342487163,0.0008174171054330157,4066
1970-01-01 08:24:00+00:00,0.0018272675846558036,0.0005690861424261761,2971
1970-01-01 08:25:00+00:00,0.005607363686918572,0.00473906754771853,9529
1970-01-01 08:26:00+00:00,0.0025637571614494847,0.0010181143800324813,5405
1970-01-01 08:27:00+00:00,0.003847539793743668,0.001116453803035927,6154
1970-01-01 08:28:00+00:00,0.002104179952372452,0.0008474251313391138,4922
1970-01-01 08:29:00+00:00,0.0020631460305605945,0.0008407289094371711,4133
1970-01-01 08:30:00+00:00,0.005859599543382642,0.004796975036083768,9529
1970-01-01 08:31:00+00:00,0.0019150754366381334,0.0011012685718818846,3996
1970-01-01 08:32:00+00:00,0.0021740102371680847,0.001110754898476246,3759
1970-01-01 08:33:00+00:00,0.002025565278706521,0.0010065759839189942,4415
1970-01-01 08:34:00+00:00,0.0018643382739819204,0.0007193922744492914,4077
1970-01-01 08:35:00+00:00,0.005931301621725595,0.004880637403937253,9529
1970-01-01 08:36:00+00:00,0.0015200545369009535,0.001003388037288501,6173
1970-01-01 08:37:00+00:00,0.004146849763430258,0.0010648783624319078,4806
1970-01-01 08:38:00+00:00,0.004019394508366204,0.001130014572187479,4480
1970-01-01 08:39:00+00:00,0.003037158033638449,0.0010310258340398154,3865
1970-01-01 08:40:00+00:00,0.006011471161205527,0.004906277174659728,9529
1970-01-01 08:41:00+00:00,0.002598432714013984,0.0012741001928981916,3082
1970-01-01 08:42:00+00:00,0.002081245969714761,0.0012278865665527614,3706
1970-01-01 08:43:00+00:00,0.002249650262578761,0.0012530462609670646,3812
1970-01-01 08:44:00+00:00,0.0020082877574596923,0.0008181931477444538,3861
1970-01-01 08:45:00+00:00,0.006104096876249497,0.004905529885516708,9529
1970-01-01 08:46:00+00:00,0.0028602762665048786,0.0014423521952455162,4984
1970-01-01 08:47:00+00:00,0.0029590277050218087,0.0009204827828641941,4873
1970-01-01 08:48:00+00:00,0.004964480474559794,0.0010898685898142733,4077
1970-01-01 08:49:00+00:00,0.0020648607363303465,0.0008101996586278636,4435
1970-01-01 08:50:00+00:00,0.006171747387113047,0.00493422913489987,9529
1970-01-01 08:51:00+00:00,0.0037667585939274474,0.001656660926665714,4928
1970-01-01 08:52:00+00:00,0.002797373174207234,0.0014188646664290716,4843
1970-01-01 08:53:00+00:00,0.002046428885115175,0.0012932405591706926,5223
1970-01-01 08:54:00+00:00,0.001984409807603699,0.0009884963561233987,4041
1970-01-01 08:55:00+00:00,0.0059160402981802826,0.004951810802438553,9528
1970-01-01 08:56:00+00:00,0.0028735348302075013,0.0014322766086511424,4230
1970-01-01 08:57:00+00:00,0.0036916574796976302,0.001014445692852176,5798
1970-01-01 08:58:00+00:00,0.00422773754930975,0.0013006309631829304,4940
1970-01-01 08:59:00+00:00,0.0022104014986214955,0.0008546042409475328,3500
1970-01-01 09:00:00+00:00,0.006040553478884778,0.004896000843501539,9528
1970-01-01 09:01:00+00:00,0.003298498676608535,0.0014438303358691213,4614
1970-01-01 09:02:00+00:00,0.00368095352690099,0.001586957640567075,4623
1970-01-01 09:03:00+00:00,0.00266470099918818,0.0012236830896200108,3793
1970-01-01 09:04:00+00:00,0.0014265009272971412,0.00045922596476078716,4726
1970-01-01 09:05:00+00:00,0.005937409458280335,0.004887656193650703,9528
1970-01-01 09:06:00+00:00,0.002910346578632829,0.0015120873828446903,3554
1970-01-01 09:07:00+00:00,0.0030765448395758724,0.00115214656219658,4018
1970-01-01 09:08:00+00:00,0.005156931594936028,0.001340690863943775,4478
1970-01-01 09:09:00+00:00,0.0031597964954136943,0.0010170919926778988,5282
1970-01-01 09:10:00+00:00,0.005974913961813806,0.004854234990432027,9527
1970-01-01 09:11:00+00:00,0.005760470883183649,0.0016479392242715492,4320
1970-01-01 09:12:00+00:00,0.006506427611575635,0.0015877180383606184,3754
1970-01-01 09:13:00+00:00,0.0045983744981706615,0.0013219558092498153,4091
1970-01-01 09:14:00+00:00,0.0014432898835096519,0.0007642648743634048,3905
1970-01-01 09:15:00+00:00,0.0058827672925376145,0.004835464468598454,9528
1970-01-01 09:16:00+00:00,0.0036476231997520977,0.001347367167344467,4803
1970-01-01 09:17:00+00:00,0.0032510755539131215,0.0012098897303262806,4335
1970-01-01 09:18:00+00:00,0.005517353240141055,0.0009805349900108944,4226
1970-01-01 09:19:00+00:00,0.0026541762111148737,0.0008185416423004875,4362
1970-01-01 09:20:00+00:00,0.006179845933056641,0.004873758247409518,9529
1970-01-01 09:21:00+00:00,0.003375390471168644,0.0015355250999977246,5211
1970-01-01 09:22:00+00:00,0.0031602452361930424,0.0011900973455643681,6199
1970-01-01 09:23:00+00:00,0.0018539310227059457,0.0009449083229591128,5662
1970-01-01 09:24:00+00:00,0.0017235871350268182,0.0010178868708121667,5610
1970-01-01 09:25:00+00:00,0.005803359151480888,0.004823960511576146,9508
1970-01-01 09:26:00+00:00,0.002734997444432342,0.0015445057140369477,4453
1970-01-01 09:27:00+00:00,0.004783371360589062,0.0016816939477051606,5167
1970-01-01 09:28:00+00:00,0.004170371888451964,0.0012398952623291623,3981
1970-01-01 09:29:00+00:00,0.0019169309765230862,0.000991632246590634,4887
1970-01-01 09:30:00+00:00,0.006018816217007977,0.004783286107204168,9483
1970-01-01 09:31:00+00:00,0.0043398868512462005,0.002282969518453354,4446
1970-01-01 09:32:00+00:00,0.0032806845296771514,0.0019095974812023465,3730
1970-01-01 09:33:00+00:00,0.002989383199677403,0.0013410119582905845,3369
1970-01-01 09:34:00+00:00,0.002256336371593414,0.0010910355847223445,4348
1970-01-01 09:35:00+00:00,0.005970870504962449,0.0047859688435801535,9474
1970-01-01 09:36:00+00:00,0.002778902133749845,0.001345702855946632,5187
1970-01-01 09:37:00+00:00,0.0047428842663310815,0.001429704183847506,4585
1970-01-01 09:38:00+00:00,0.0036815760137908988,0.0012405200738189756,5131
1970-01-01 09:39:00+00:00,0.0017563759688394621,0.0007774870831808949,5585
1970-01-01 09:40:00+00:00,0.0061454761654793485,0.00481620826333637,9510
1970-01-01 09:41:00+00:00,0.004264068374353981,0.002110112191332089,4951
1970-01-01 09:42:00+00:00,0.0035522626319730442,0.001806355292098467,3766
1970-01-01 09:43:00+00:00,0.002455503555020865,0.0013609077277356625,3609
1970-01-01 09:44:00+00:00,0.001967767534388404,0.0010782491402507454,3821
1970-01-01 09:45:00+00:00,0.0059631111542535606,0.004809863643672488,9524
1970-01-01 09:46:00+00:00,0.0026923015638910803,0.0013664890538900012,4768
1970-01-01 09:47:00+00:00,0.003736613935690122,0.0012572667543559615,5033
1970-01-01 09:48:00+00:00,0.002738050903536852,0.0011972822471655274,4740
1970-01-01 09:49:00+00:00,0.0017296563186903772,0.0007376954926682534,5126
1970-01-01 09:50:00+00:00,0.006177074394873439,0.0048952774003168205,9527
1970-01-01 09:51:00+00:00,0.0034121502070416383,0.0016461398988764776,3417
1970-01-01 09:52:00+00:00,0.0031447675085512173,0.0013154642299962457,3472
1970-01-01 09:53:00+00:00,0.0021633002308233708,0.001015056356404631,4484
1970-01-01 09:54:00+00:00,0.001986647215062321,0.0013212446036818112,4658
1970-01-01 09:55:00+00:00,0.005975933497168084,0.004910239441418226,9527
1970-01-01 09:56:00+00:00,0.003332875036189532,0.0018815084935563612,4006
1970-01-01 09:57:00+00:00,0.002441161075445422,0.0013530815865178897,4744
1970-01-01 09:58:00+00:00,0.004656607158295136,0.0014527705514730052,4426
1970-01-01 09:59:00+00:00,0.003952488220384408,0.0013030171508555135,5395
1970-01-01 10:00:00+00:00,0.005958236098746933,0.0048985274535813875,9527
1970-01-01 10:01:00+00:00,0.0034798662921337775,0.0018957854313463847,3878
1970-01-01 10:02:00+00:00,0.00382759141430412,0.0018764137975948402,3724
1970-01-01 10:03:00+00:00,0.0030723649357992577,0.001959119378719863,3900
1970-01-01 10:04:00+00:00,0.0019630989167650948,0.0010239366526874764,4244
1970-01-01 10:05:00+00:00,0.005873842090777613,0.004868012648036815,9528
1970-01-01 10:06:00+00:00,0.0037846255591493408,0.001974880368660868,3979
1970-01-01 10:07:00+00:00,0.0023990822583265796,0.0011725822043862542,4482
1970-01-01 10:08:00+00:00,0.004720470772929978,0.0013036046543086414,5030
1970-01-01 10:09:00+00:00,0.004504710618748092,0.0012197504936471816,4796
1970-01-01 10:10:00+00:00,0.006015312555707003,0.0048993398842141185,9528
1970-01-01 10:11:00+00:00,0.0033810066055728243,0.0018703367418630018,5318
1970-01-01 10:12:00+00:00,0.0033030328187931583,0.0017263957398059898,5601
1970-01-01 10:13:00+00:00,0.0030978055583272277,0.0015453836387227693,4314
1970-01-01 10:14:00+00:00,0.002721816156533754,0.0014399144279779762,4828
1970-01-01 10:15:00+00:00,0.005798055887053961,0.004883839359139384,9528
1970-01-01 10:16:00+00:00,0.003580739925372276,0.0020609577397753217,4733
1970-01-01 10:17:00+00:00,0.0035593467644233347,0.0025140262692195238,6153
1970-01-01 10:18:00+00:00,0.005165238336685602,0.001584663248937059,5115
1970-01-01 10:19:00+00:00,0.003291167724403356,0.0012652367110728602,5486
1970-01-01 10:20:00+00:00,0.006111014027269054,0.004903256423438484,9528
1970-01-01 10:21:00+00:00,0.0027742090568802433,0.0015352920060496705,5719
1970-01-01 10:22:00+00:00,0.00296420567906766,0.00155749273872893,5153
1970-01-01 10:23:00+00:00,0.002700816994092313,0.00145495948911469,5734
1970-01-01 10:24:00+00:00,0.0019332809570117503,0.0008635765447403307,3854
1970-01-01 10:25:00+00:00,0.006182171482694797,0.004933856085438777,9528
1970-01-01 10:26:00+00:00,0.0026580022172533182,0.0013290779292269381,4352
1970-01-01 10:27:00+00:00,0.0033413730598834965,0.0017723946939215756,4195
1970-01-01 10:28:00+00:00,0.003368519856827546,0.0011500147962112304,5408
1970-01-01 10:29:00+00:00,0.004896955286147018,0.0010570582796620685,4892
1970-01-01 10:30:00+00:00,0.0062930477893487265,0.004889670618461612,9527
1970-01-01 10:31:00+00:00,0.003150761818694378,0.0018645698315963302,5689
1970-01-01 10:32:00+00:00,0.002277819510352346,0.001273467802043834,5138
1970-01-01 10:33:00+00:00,0.0031959939597279914,0.0013439995390708778,5810
1970-01-01 10:34:00+00:00,0.0023329990893810855,0.0009152648498961971,4315
1970-01-01 10:35:00+00:00,0.006099612475652681,0.004881238494275655,9527
1970-01-01 10:36:00+00:00,0.0027952783405362867,0.0017302454939062439,4868
1970-01-01 10:37:00+00:00,0.002110006500120499,0.001309002969874627,6270
1970-01-01 10:38:00+00:00,0.0042065796987419656,0.0015110228244695628,5806
1970-01-01 10:39:00+00:00,0.004425446171129665,0.0016041029420135776,5453
1970-01-01 10:40:00+00:00,0.006310275826379931,0.004869980458782488,9527
1970-01-01 10:41:00+00:00,0.0030722915144057914,0.0016912511542895952,5232
1970-01-01 10:42:00+00:00,0.003470301750061871,0.0018206118139004078,4577
1970-01-01 10:43:00+00:00,0.003830800984175691,0.0017912969365326,4463
1970-01-01 10:44:00+00:00,0.0029317881776082526,0.0013425323448953246,4481
1970-01-01 10:45:00+00:00,0.006107964087243717,0.004923566696029825,9530
1970-01-01 10:46:00+00:00,0.0029118398503711,0.0017544936027812643,5885
1970-01-01 10:47:00+00:00,0.003808408806820719,0.0013649344812958493,5654
1970-01-01 10:48:00+00:00,0.005344566519323077,0.0014439644634891577,5732
1970-01-01 10:49:00+00:00,0.002780320101100202,0.0013335234824039704,5195
1970-01-01 10:50:00+00:00,0.006172649784031849,0.004909735939632526,9529
1970-01-01 10:51:00+00:00,0.0035599243146054874,0.002156207716735965,6348
1970-01-01 10:52:00+00:00,0.0026599220005151646,0.0016525676777390096,5626
1970-01-01 10:53:00+00:00,0.00210343317972489,0.0015135861605264987,5949
1970-01-01 10:54:00+00:00,0.0027202978867954843,0.0018738649664855177,5050
1970-01-01 10:55:00+00:00,0.006109309311466114,0.004875407375304269,9529
1970-01-01 10:56:00+00:00,0.0024265354604712944,0.0013208754467742474,5084
1970-01-01 10:57:00+00:00,0.005742138582372728,0.0012683913014675176,4090
1970-01-01 10:58:00+00:00,0.0031420296735886074,0.0010771227266449742,4228
1970-01-01 10:59:00+00:00,0.0021457695497604035,0.0008800173782671931,3659
1970-01-01 11:00:00+00:00,0.006301430948892311,0.004905270758801137,9529
1970-01-01 11:01:00+00:00,0.004476676898453819,0.0019458770044217088,4562
1970-01-01 11:02:00+00:00,0.002818820503296701,0.001297500601276377,4291
1970-01-01 11:03:00+00:00,0.0018330164094832887,0.000939289835834609,5019
1970-01-01 11:04:00+00:00,0.002116961015226301,0.0007750399573596309,4060
1970-01-01 11:05:00+00:00,0.006115184946845513,0.004943306817898275,9529
1970-01-01 11:06:00+00:00,0.0042352321097234216,0.0018614409873671711,3022
1970-01-01 11:07:00+00:00,0.004368163476874828,0.0011802966152427057,4888
1970-01-01 11:08:00+00:00,0.003416211055509208,0.0007054676477016513,5541
1970-01-01 11:09:00+00:00,0.003150375546224405,0.0007824684000114535,4239
1970-01-01 11:10:00+00:00,0.006304230958006061,0.004963462192994805,9529
1970-01-01 11:11:00+00:00,0.0035415633436273,0.0017976066496151728,4752
1970-01-01 11:12:00+00:00,0.002380961286069493,0.0015633791142150898,4917
1970-01-01 11:13:00+00:00,0.0016907457268217653,0.000975422742890151,4802
1970-01-01 11:14:00+00:00,0.000970348487872511,0.0005957484923866263,5600
1970-01-01 11:15:00+00:00,0.0061051840193357045,0.00491708028646736,9529
1970-01-01 11:16:00+00:00,0.0041945568157699216,0.0020452760955662437,4734
1970-01-01 11:17:00+00:00,0.00399927759084925,0.0017235248692373901,6110
1970-01-01 11:18:00+00:00,0.0039008708791385765,0.0014810305627553757,5726
1970-01-01 11:19:00+00:00,0.0030848085804994507,0.0011017580195687054,6025
1970-01-01 11:20:00+00:00,0.006083748893520519,0.004919937436911529,9529
1970-01-01 11:21:00+00:00,0.002567567653561001,0.0018700558741227605,5074
1970-01-01 11:22:00+00:00,0.0012626758831307526,0.0010014350312229257,5470
1970-01-01 11:23:00+00:00,0.0014878116939251564,0.0011044862591016908,4989
1970-01-01 11:24:00+00:00,0.0010535798213087534,0.0007354784421592391,5364
1970-01-01 11:25:00+00:00,0.0059375469059168426,0.004866364431369812,9529
1970-01-01 11:26:00+00:00,0.0020402657427811247,0.0014290187159195305,4151
1970-01-01 11:27:00+00:00,0.002107529258989743,0.0011576312779949843,4582
1970-01-01 11:28:00+00:00,0.002219166196340061,0.0012964457768538556,5200
1970-01-01 11:29:00+00:00,0.002036800272385865,0.0007614261438392177,4949
1970-01-01 11:30:00+00:00,0.005973098964803239,0.004839625799149684,9529
1970-01-01 11:31:00+00:00,0.004231539534686078,0.0018590212030512414,4559
1970-01-01 11:32:00+00:00,0.0024514979370481196,0.0011086722025903102,4425
1970-01-01 11:33:00+00:00,0.002007202453366878,0.0009312051026918349,3929
1970-01-01 11:34:00+00:00,0.0013024055449555433,0.0007084996616783884,4375
1970-01-01 11:35:00+00:00,0.006136263045410954,0.004863688875604187,9529
1970-01-01 11:36:00+00:00,0.0028509818244155747,0.0018842920533561546,6094
1970-01-01 11:37:00+00:00,0.002596884744346409,0.0015533964562434433,5710
1970-01-01 11:38:00+00:00,0.0018267684039924266,0.0011402216051037367,6482
1970-01-01 11:39:00+00:00,0.002325347063727253,0.0009864633605671915,5798
1970-01-01 11:40:00+00:00,0.005862534797202759,0.004861722616224068,9529
1970-01-01 11:41:00+00:00,0.007022677364825267,0.0018790581470193466,4865
1970-01-01 11:42:00+00:00,0.0032468543460085508,0.0017483058621790004,5713
1970-01-01 11:43:00+00:00,0.002020421663717808,0.0012271421655543507,6170
1970-01-01 11:44:00+00:00,0.002122378548949559,0.0012500092236151933,5627
1970-01-01 11:45:00+00:00,0.00599128262901344,0.0047982769522541295,9529
1970-01-01 11:46:00+00:00,0.004173487098547646,0.0021386051917598107,5601
1970-01-01 11:47:00+00:00,0.004926391826414799,0.0018557659001123572,5287
1970-01-01 11:48:00+00:00,0.0030555319473775143,0.001579405101123454,5751
1970-01-01 11:49:00+00:00,0.002475000917911535,0.0011649253400596382,6875
1970-01-01 11:50:00+00:00,0.006227816354162575,0.004863070943240886,9518
1970-01-01 11:51:00+00:00,0.00349100818784218,0.0018708717165969518,4979
1970-01-01 11:52:00+00:00,0.003433057628162955,0.0019247896573662262,4890
1970-01-01 11:53:00+00:00,0.002384737467702679,0.0012106578068964155,5739
1970-01-01 11:54:00+00:00,0.0026930782777350015,0.0011785802108575658,4576
1970-01-01 11:55:00+00:00,0.006211587731088379,0.00491643716322716,9465
1970-01-01 11:56:00+00:00,0.003195193777033882,0.0017167457469669629,4417
1970-01-01 11:57:00+00:00,0.003864883244676576,0.0015714580395685366,3821
1970-01-01 11:58:00+00:00,0.002132870582738204,0.0007377182821320965,5552
1970-01-01 11:59:00+00:00,0.001862920774816241,0.0005879634092475838,4204
1970-01-01 12:00:00+00:00,0.006275351364337431,0.004940954397715533,9461
1970-01-01 12:01:00+00:00,0.003128088401456193,0.0015913866004165283,4271
1970-01-01 12:02:00+00:00,0.0026121932834652973,0.0013340074584118043,3538
1970-01-01 12:03:00+00:00,0.0023447498908409723,0.0013077031649076079,3684
1970-01-01 12:04:00+00:00,0.0020558858564051208,0.0009892375526837692,3971
1970-01-01 12:05:00+00:00,0.006381774371286204,0.004931972757965719,9448
1970-01-01 12:06:00+00:00,0.0023225596197377946,0.001184772607593398,5349
1970-01-01 12:07:00+00:00,0.002237233953407616,0.001368094719798951,5033
1970-01-01 12:08:00+00:00,0.002715011546303445,0.0013073500388306944,3755
1970-01-01 12:09:00+00:00,0.0020305494364473405,0.0007599117430586453,3180
1970-01-01 12:10:00+00:00,0.00639672052750165,0.004910228835649325,9420
1970-01-01 12:11:00+00:00,0.0023138940436530846,0.0011859893673030143,4560
1970-01-01 12:12:00+00:00,0.002651879471821093,0.0012097803150103394,3904
1970-01-01 12:13:00+00:00,0.002112326280065067,0.0010813982859632478,3685
1970-01-01 12:14:00+00:00,0.0021731700738740296,0.0008498134009255087,4238
1970-01-01 12:15:00+00:00,0.006254917798542478,0.004907465485874649,9446
1970-01-01 12:16:00+00:00,0.0022592862598551948,0.0014122764856375825,4898
1970-01-01 12:17:00+00:00,0.002918815458601485,0.0020660310188607917,4649
1970-01-01 12:18:00+00:00,0.0019516925961779138,0.0015476420032521333,4484
1970-01-01 12:19:00+00:00,0.00173871208538491,0.0007824739895804679,3332
1970-01-01 12:20:00+00:00,0.005922917712026481,0.004839802384416394,9462
1970-01-01 12:21:00+00:00,0.0037036662892683757,0.0019822098555612876,4825
1970-01-01 12:22:00+00:00,0.002495674381355381,0.0015821063502438617,4456
1970-01-01 12:23:00+00:00,0.001973834330894812,0.0010157147197179287,3609
1970-01-01 12:24:00+00:00,0.001331217090150495,0.0008381714516158695,5004
1970-01-01 12:25:00+00:00,0.00594149311279244,0.004799550736346279,9472
1970-01-01 12:26:00+00:00,0.0016941712606549071,0.0009823866935666026,4014
1970-01-01 12:27:00+00:00,0.0025983281368647396,0.0013996396866413259,4896
1970-01-01 12:28:00+00:00,0.0016823239514804924,0.0009262308837041922,5128
1970-01-01 12:29:00+00:00,0.0017717584681761133,0.0011149357923904558,4834
1970-01-01 12:30:00+00:00,0.005867878172434091,0.0048193105334583515,9464
1970-01-01 12:31:00+00:00,0.0032243381464474806,0.0020981083943752256,5374
1970-01-01 12:32:00+00:00,0.0024844459716019743,0.0015392083573115153,5233
1970-01-01 12:33:00+00:00,0.0016718635510994699,0.0008945614502019074,5086
1970-01-01 12:34:00+00:00,0.0010670216030585385,0.0006197044863231333,5609
1970-01-01 12:35:00+00:00,0.005982805412192906,0.00486294727368956,9439
1970-01-01 12:36:00+00:00,0.0028483731750956766,0.0017961381055279617,4081
1970-01-01 12:37:00+00:00,0.0018849822443674819,0.0010739416016420408,4939
1970-01-01 12:38:00+00:00,0.0026023373219030833,0.0014533825437510752,4841
1970-01-01 12:39:00+00:00,0.0029491096088451684,0.0011330396242339197,4085
1970-01-01 12:40:00+00:00,0.00637489621774203,0.004949632191812365,9421
1970-01-01 12:41:00+00:00,0.0041903384550648105,0.0020061446966344525,4311
1970-01-01 12:42:00+00:00,0.0033211242087143413,0.001556468458477935,3900
1970-01-01 12:43:00+00:00,0.003154849479589414,0.0015310522834229127,4129
1970-01-01 12:44:00+00:00,0.002680643587138066,0.0012064641149570471,3960
1970-01-01 12:45:00+00:00,0.006264467617524128,0.004924590134579115,9402
1970-01-01 12:46:00+00:00,0.003535541152767673,0.001865146064079145,4206
1970-01-01 12:47:00+00:00,0.003057209925906138,0.001663867804567193,4141
1970-01-01 12:48:00+00:00,0.0022318529797042876,0.001069478409402104,3840
1970-01-01 12:49:00+00:00,0.0023620342245456493,0.0011086084524492856,4124
1970-01-01 12:50:00+00:00,0.006098023342398206,0.004924887020613274,9369
1970-01-01 12:51:00+00:00,0.0031740606140240033,0.005695047902359463,5522
1970-01-01 12:52:00+00:00,0.002885328911238065,0.0017031982290693598,4137
1970-01-01 12:53:00+00:00,0.002794199698914546,0.001509348551432289,3886
1970-01-01 12:54:00+00:00,0.002579104628192798,0.001158547074827423,5380
1970-01-01 12:55:00+00:00,0.006006320722520241,0.004888587367588489,9372
1970-01-01 12:56:00+00:00,0.0029463959903684345,0.0014803197636966436,3724
1970-01-01 12:57:00+00:00,0.00279372373308453,0.0011824266706194192,4897
1970-01-01 12:58:00+00:00,0.0025873167720516137,0.00095808974145788,3494
1970-01-01 12:59:00+00:00,0.0019693797653783257,0.0009051161998064014,4084
1970-01-01 13:00:00+00:00,0.0059966087234417445,0.0048824225505356865,9422
1970-01-01 13:01:00+00:00,0.0036744575893756116,0.002085987562985771,4345
1970-01-01 13:02:00+00:00,0.00365252084541864,0.0016710642192438421,4608
1970-01-01 13:03:00+00:00,0.0033629622492426917,0.002204014846997973,5504
1970-01-01 13:04:00+00:00,0.002498893643328786,0.001000471894928713,7627
1970-01-01 13:05:00+00:00,0.0058865641992342475,0.004802595598493832,9439
1970-01-01 13:06:00+00:00,0.0034098528104456968,0.002002631408580826,5313
1970-01-01 13:07:00+00:00,0.002946766930280655,0.0015510008380022334,4278
1970-01-01 13:08:00+00:00,0.0026638011505014107,0.0015937092772561124,4812
1970-01-01 13:09:00+00:00,0.0017183885544690912,0.0009638072614408703,5553
1970-01-01 13:10:00+00:00,0.005581479518578404,0.0047076894739532206,9457
1970-01-01 13:11:00+00:00,0.0035577623678664746,0.001925020912323812,5110
1970-01-01 13:12:00+00:00,0.0032040240745348173,0.0017489412383883704,5041
1970-01-01 13:13:00+00:00,0.0030118579520378103,0.0018700532255987905,6464
1970-01-01 13:14:00+00:00,0.0014386794094845227,0.0006636864726112048,5074
1970-01-01 13:15:00+00:00,0.005708899857223944,0.004710840757921544,9448
1970-01-01 13:16:00+00:00,0.0024198908327063054,0.001319730787927063,6014
1970-01-01 13:17:00+00:00,0.0025270413645978223,0.0009644591732372435,5939
1970-01-01 13:18:00+00:00,0.0018450188394470157,0.0008514899211737613,5492
1970-01-01 13:19:00+00:00,0.0018728244106915207,0.0006298842976471597,4897
1970-01-01 13:20:00+00:00,0.005684527060635531,0.004654229703073274,9422
1970-01-01 13:21:00+00:00,0.0031432507320587008,0.001771915194345973,5359
1970-01-01 13:22:00+00:00,0.0022165798221311724,0.001478320307653583,7238
1970-01-01 13:23:00+00:00,0.0014369717271195948,0.0006678478613676958,5488
1970-01-01 13:24:00+00:00,0.0012906017853974898,0.00044363212909277565,4490
1970-01-01 13:25:00+00:00,0.00584268589500259,0.004785779319699322,9402
1970-01-01 13:26:00+00:00,0.003773739036807757,0.0012850790322620632,4264
1970-01-01 13:27:00+00:00,0.0027628378460272498,0.0013749471180676774,4382
1970-01-01 13:28:00+00:00,0.001658000274218689,0.0008011041216637071,4898
1970-01-01 13:29:00+00:00,0.0024316800228212417,0.0015499738981258162,7838
1970-01-01 13:30:00+00:00,0.005928240870403133,0.004789416772617202,9393
1970-01-01 13:31:00+00:00,0.0032314937534288803,0.0020688078931055147,7749
1970-01-01 13:32:00+00:00,0.0031920266909326307,0.0017426557729343945,5051
1970-01-01 13:33:00+00:00,0.0021842193525484195,0.0011338885900480968,3963
1970-01-01 13:34:00+00:00,0.0017284826465968656,0.0006941327405250564,3454
1970-01-01 13:35:00+00:00,0.0059575015883351875,0.004832424408998239,9402
1970-01-01 13:36:00+00:00,0.002839745888002972,0.0013212998550113856,4849
1970-01-01 13:37:00+00:00,0.002905638747908515,0.001466085572673847,3508
1970-01-01 13:38:00+00:00,0.0024667807096754083,0.0011044236626586376,3976
1970-01-01 13:39:00+00:00,0.001474951701029582,0.0006888113155454061,4790
1970-01-01 13:40:00+00:00,0.006060234838073222,0.0048462390905510645,9418
1970-01-01 13:41:00+00:00,0.003539526897017146,0.0017477718758928255,5710
1970-01-01 13:42:00+00:00,0.003267625124792558,0.0020464032376302666,6170
1970-01-01 13:43:00+00:00,0.0020936111109163985,0.000939252428500321,4462
1970-01-01 13:44:00+00:00,0.0021185477294107836,0.0007452638960823568,4118
1970-01-01 13:45:00+00:00,0.00625161929392819,0.004869311937547203,9438
1970-01-01 13:46:00+00:00,0.002869879768791258,0.0013809346996113193,4493
1970-01-01 13:47:00+00:00,0.002495438465066947,0.0055085293555061,5331
1970-01-01 13:48:00+00:00,0.0026684341925456334,0.0012656120909695346,4072
1970-01-01 13:49:00+00:00,0.0025820442299021983,0.0015469487853477988,4528
1970-01-01 13:50:00+00:00,0.0063035063280986025,0.0048681573882160874,9457
1970-01-01 13:51:00+00:00,0.004185122603210276,0.0019530541808972018,5433
1970-01-01 13:52:00+00:00,0.002226863572840823,0.0011977476258157559,3973
1970-01-01 13:53:00+00:00,0.0020780410169807632,0.0010561691068240527,4576
1970-01-01 13:54:00+00:00,0.0019471699484486407,0.0008230151057534821,4694
1970-01-01 13:55:00+00:00,0.006284302250030733,0.004894039149400786,9448
1970-01-01 13:56:00+00:00,0.0028973526347259413,0.0016135779738378675,4357
1970-01-01 13:57:00+00:00,0.0026825201903150726,0.0012811564009448768,4434
1970-01-01 13:58:00+00:00,0.002349609669189805,0.0009667284460181755,3888
1970-01-01 13:59:00+00:00,0.0027765658842832733,0.0008979663049077146,5410
1970-01-01 14:00:00+00:00,0.006225246150824402,0.004897740648479921,9445
1970-01-01 14:01:00+00:00,0.003561931929624673,0.0017322806516899664,6275
1970-01-01 14:02:00+00:00,0.003701604048953963,0.0015404660163150239,4465
1970-01-01 14:03:00+00:00,0.0036295087166015746,0.0010786587758754617,4948
1970-01-01 14:04:00+00:00,0.002127775236774653,0.0006429452242872548,3386
1970-01-01 14:05:00+00:00,0.006179432695288692,0.004846538164267659,9441
1970-01-01 14:06:00+00:00,0.0028150319337403337,0.0015497470774580259,4092
1970-01-01 14:07:00+00:00,0.002667160376897968,0.0011942543144204476,3462
1970-01-01 14:08:00+00:00,0.0023938603190837063,0.0010920318487295055,3203
1970-01-01 14:09:00+00:00,0.002153512457969232,0.0011060828506886254,4458
1970-01-01 14:10:00+00:00,0.006015363062653683,0.004790084151484856,9417
1970-01-01 14:11:00+00:00,0.003315724296660155,0.0015781757504517672,5389
1970-01-01 14:12:00+00:00,0.003097006442662606,0.0017375997094935729,5231
1970-01-01 14:13:00+00:00,0.0024368294917072554,0.001394117014771387,4889
1970-01-01 14:14:00+00:00,0.0016384881034308457,0.005245147939209085,5198
1970-01-01 14:15:00+00:00,0.006023763892437955,0.004783421799222366,9388
1970-01-01 14:16:00+00:00,0.0024997713786863236,0.0011873283774842794,5166
1970-01-01 14:17:00+00:00,0.0019800652877613335,0.0010815943259779304,5225
1970-01-01 14:18:00+00:00,0.0018123735747749088,0.0009064833249947693,5627
1970-01-01 14:19:00+00:00,0.0020731223798434715,0.0010419574991126336,4952
1970-01-01 14:20:00+00:00,0.005950798585048767,0.004806797073984574,9402
1970-01-01 14:21:00+00:00,0.0032069564251282845,0.0015306587288257943,4877
1970-01-01 14:22:00+00:00,0.0037516710203556436,0.001455730426005347,6151
1970-01-01 14:23:00+00:00,0.002412278866264814,0.0008509314552289643,6564
1970-01-01 14:24:00+00:00,0.002035055397179664,0.0006901441683573206,6096
1970-01-01 14:25:00+00:00,0.005986784222361952,0.004669074363054501,9438
1970-01-01 14:26:00+00:00,0.002123519009710382,0.0011899912767218974,6063
1970-01-01 14:27:00+00:00,0.002498224932689721,0.004048636017692804,5463
1970-01-01 14:28:00+00:00,0.0015802774118156783,0.0009261928782228956,4496
1970-01-01 14:29:00+00:00,0.0026717695883934625,0.004093793209090403,5794
1970-01-01 14:30:00+00:00,0.006000717956988634,0.004705725424289469,9451
1970-01-01 14:31:00+00:00,0.00335911304894672,0.001450805508461092,7441
1970-01-01 14:32:00+00:00,0.002895132937411081,0.001599499710027582,4375
1970-01-01 14:33:00+00:00,0.0020106220361454145,0.001226267561167054,5127
1970-01-01 14:34:00+00:00,0.0016576839650402483,0.0006085200743241733,5731
1970-01-01 14:35:00+00:00,0.006060388699065161,0.004757013783659217,9468
1970-01-01 14:36:00+00:00,0.002733693883400336,0.0015125789805549002,4711
1970-01-01 14:37:00+00:00,0.0021949770570427276,0.0012350049845186821,6249
1970-01-01 14:38:00+00:00,0.0015524318765324072,0.0007288644656783715,5065
1970-01-01 14:39:00+00:00,0.0018179611361384702,0.0009832132177205323,5207
1970-01-01 14:40:00+00:00,0.0061464831360409445,0.004835349416240203,9481
1970-01-01 14:41:00+00:00,0.0038293462035276296,0.001972226357590941,5062
1970-01-01 14:42:00+00:00,0.002714259095545201,0.001705729300809654,6080
1970-01-01 14:43:00+00:00,0.0023571377138133782,0.0011336910670748566,3971
1970-01-01 14:44:00+00:00,0.0018563104737743207,0.000869997603573465,4029
1970-01-01 14:45:00+00:00,0.006255176308159212,0.004901676177487618,9486
1970-01-01 14:46:00+00:00,0.0029356128977984287,0.0013827922767232275,6173
1970-01-01 14:47:00+00:00,0.0019093447019553236,0.0008383461933374155,5773
1970-01-01 14:48:00+00:00,0.0017589445064477508,0.001016971345518884,5426
1970-01-01 14:49:00+00:00,0.002058554062779075,0.0011605083008273996,5057
1970-01-01 14:50:00+00:00,0.006101106174136116,0.004879429503203019,9495
1970-01-01 14:51:00+00:00,0.0027981622655782186,0.0017817624194404304,5952
1970-01-01 14:52:00+00:00,0.0029431894674768213,0.0016104832385274454,4934
1970-01-01 14:53:00+00:00,0.0022609231474079784,0.001263975660384697,4851
1970-01-01 14:54:00+00:00,0.0014279404754393402,0.0006416400891029892,4421
1970-01-01 14:55:00+00:00,0.005864413140994851,0.004833318205008801,9477
1970-01-01 14:56:00+00:00,0.003273280968576225,0.0012942547775008034,5640
1970-01-01 14:57:00+00:00,0.0024447778097408347,0.000944415385933472,6093
1970-01-01 14:58:00+00:00,0.0022508394456834504,0.001097782722156176,3632
1970-01-01 14:59:00+00:00,0.0021899735221930492,0.0009340683878762616,4638
1970-01-01 15:00:00+00:00,0.00608853032479062,0.004879989662303364,9455
1970-01-01 15:01:00+00:00,0.004429553814743235,0.001900853366073144,4370
1970-01-01 15:02:00+00:00,0.0027931310574325127,0.0011867224770727716,5240
1970-01-01 15:03:00+00:00,0.002065387652412345,0.0008188671276219279,3450
1970-01-01 15:04:00+00:00,0.0017442438376778025,0.0006803963347163607,3807
1970-01-01 15:05:00+00:00,0.006049061477779761,0.0048690954089478135,9446
1970-01-01 15:06:00+00:00,0.004596154465780928,0.0016054868840800266,4124
1970-01-01 15:07:00+00:00,0.0019271108536233488,0.0009969190968968072,5220
1970-01-01 15:08:00+00:00,0.0018408581747347231,0.0010063394299604093,4355
1970-01-01 15:09:00+00:00,0.0017088835882825588,0.0006874851304929692,3952
1970-01-01 15:10:00+00:00,0.005888723028608512,0.0048639242059229475,9417
1970-01-01 15:11:00+00:00,0.0029000745498958713,0.0012327626294637104,5616
1970-01-01 15:12:00+00:00,0.0031477398919456385,0.0013567066571034186,5673
1970-01-01 15:13:00+00:00,0.003189411998503968,0.0012303878279834788,3899
1970-01-01 15:14:00+00:00,0.0015114983869112244,0.0005825519493774247,4455
1970-01-01 15:15:00+00:00,0.006262542080868862,0.004928456731766164,9411
1970-01-01 15:16:00+00:00,0.0035218168978899196,0.0014280447335577985,3808
1970-01-01 15:17:00+00:00,0.003901343180947176,0.0012257571579614426,4654
1970-01-01 15:18:00+00:00,0.0018738044899268289,0.0008850970861897807,4411
1970-01-01 15:19:00+00:00,0.0019833998895123516,0.0007620169249356576,5025
1970-01-01 15:20:00+00:00,0.006135311143672488,0.004940807987219245,9423
1970-01-01 15:21:00+00:00,0.0029411432120702756,0.0015680475591205109,5420
1970-01-01 15:22:00+00:00,0.0015194447684923973,0.0010217188097239992,6227
1970-01-01 15:23:00+00:00,0.001603202031626615,0.0010231638772019067,5278
1970-01-01 15:24:00+00:00,0.0011648631122768976,0.0007107344342296465,4347
1970-01-01 15:25:00+00:00,0.006071449120709656,0.004903328788185234,9431
1970-01-01 15:26:00+00:00,0.003176539420456256,0.0014857464242537183,4408
1970-01-01 15:27:00+00:00,0.0025443146839584127,0.0013080824894373653,3690
1970-01-01 15:28:00+00:00,0.002378659539844198,0.001096343351081019,3212
1970-01-01 15:29:00+00:00,0.0018531118693966124,0.000755721643658605,3966
1970-01-01 15:30:00+00:00,0.006065726596217909,0.0049245382293663115,9449
1970-01-01 15:31:00+00:00,0.003209087287720782,0.0014972120304428372,5864
1970-01-01 15:32:00+00:00,0.0026498114882695734,0.0013320890058682211,4754
1970-01-01 15:33:00+00:00,0.002039494783975446,0.0009426487180988677,3466
1970-01-01 15:34:00+00:00,0.0019457563873985252,0.0008744021077214019,3300
1970-01-01 15:35:00+00:00,0.006196988677882303,0.004893117018389299,9474
1970-01-01 15:36:00+00:00,0.0026611656839313903,0.0015214645769506695,4265
1970-01-01 15:37:00+00:00,0.0028824331416631545,0.0010421215453350267,5677
1970-01-01 15:38:00+00:00,0.0014794678050331516,0.0008790175508833002,4862
1970-01-01 15:39:00+00:00,0.0013971107040551697,0.0007499511023762558,3923
1970-01-01 15:40:00+00:00,0.006378907682826004,0.004957402205746675,9471
1970-01-01 15:41:00+00:00,0.0034213548302764194,0.001519564034138227,5059
1970-01-01 15:42:00+00:00,0.003972312048998946,0.0016268554317838903,4257
1970-01-01 15:43:00+00:00,0.002828866192138088,0.0008727787040115092,3275
1970-01-01 15:44:00+00:00,0.0010957419773291153,0.00044198600232634263,5013
1970-01-01 15:45:00+00:00,0.0062166008241808885,0.004915972696726459,9487
1970-01-01 15:46:00+00:00,0.0034882763240484446,0.001766344574719507,4682
1970-01-01 15:47:00+00:00,0.004672685540479278,0.001592691953309099,5127
1970-01-01 15:48:00+00:00,0.0035728725437435068,0.0011755147758642013,5034
1970-01-01 15:49:00+00:00,0.00214197258560026,0.0006799522363757257,3386
1970-01-01 15:50:00+00:00,0.006069120020718111,0.004834005139154973,9476
1970-01-01 15:51:00+00:00,0.0029298187391455623,0.00161639915578922,6238
1970-01-01 15:52:00+00:00,0.0026263282661932357,0.0013902775408172815,5741
1970-01-01 15:53:00+00:00,0.0016867161502708298,0.0009971651956152366,4886
1970-01-01 15:54:00+00:00,0.0014116348837720854,0.0006611276687581709,4242
1970-01-01 15:55:00+00:00,0.005989121981146019,0.004893836671966382,9423
1970-01-01 15:56:00+00:00,0.002030109651671222,0.001216396364829176,5314
1970-01-01 15:57:00+00:00,0.0020856509827380095,0.0011624246499797796,5517
1970-01-01 15:58:00+00:00,0.0026785706879873562,0.0010915145270244122,4159
1970-01-01 15:59:00+00:00,0.0015031338446561864,0.0007548170040912178,3150
1970-01-01 16:00:00+00:00,0.005976576462138654,0.004877495633064674,9414
1970-01-01 16:01:00+00:00,0.002979732783403609,0.0015531254999705856,5446
1970-01-01 16:02:00+00:00,0.002555015366611659,0.0011816466155530198,5720
1970-01-01 16:03:00+00:00,0.0022948212385834666,0.0012230699267252404,4425
1970-01-01 16:04:00+00:00,0.001581214582640987,0.0007052495726773579,3636
1970-01-01 16:05:00+00:00,0.00594874581511303,0.00486783526107682,9413
1970-01-01 16:06:00+00:00,0.0020124340652617183,0.0016884645040229891,5663
1970-01-01 16:07:00+00:00,0.0021777220343687674,0.0012723434314340192,5335
1970-01-01 16:08:00+00:00,0.002132294899327465,0.0011488508972889017,5134
1970-01-01 16:09:00+00:00,0.001670688583659964,0.0007588421736570472,5538
1970-01-01 16:10:00+00:00,0.006195621034307259,0.004908003542706253,9427
1970-01-01 16:11:00+00:00,0.003914245229092845,0.0019992580045932106,4558
1970-01-01 16:12:00+00:00,0.0031422855349927375,0.0016097342821270672,4233
1970-01-01 16:13:00+00:00,0.002377507363915611,0.0011193832528628858,3418
1970-01-01 16:14:00+00:00,0.002275809067873398,0.0006436849026490947,4583
1970-01-01 16:15:00+00:00,0.0061731662307506,0.004901739921091941,9469
1970-01-01 16:16:00+00:00,0.0028795312163636096,0.001777966063239659,3874
1970-01-01 16:17:00+00:00,0.0026697264824405574,0.0013591698510427366,3090
1970-01-01 16:18:00+00:00,0.0021744528142156757,0.0008368530245143208,5717
1970-01-01 16:19:00+00:00,0.0016900497689869404,0.0005521274057481527,5387
1970-01-01 16:20:00+00:00,0.006180892552322535,0.004801994570145645,9494
1970-01-01 16:21:00+00:00,0.006346112722377701,0.0017905962972279868,6713
1970-01-01 16:22:00+00:00,0.0036873112706926185,0.0012773732813263514,5881
1970-01-01 16:23:00+00:00,0.0029469190862153904,0.0011869700351353797,7012
1970-01-01 16:24:00+00:00,0.0025440914161530413,0.0007744675355610493,5221
1970-01-01 16:25:00+00:00,0.006411878085967747,0.004881701623285056,9478
1970-01-01 16:26:00+00:00,0.0032976465588720866,0.001470541583344449,3571
1970-01-01 16:27:00+00:00,0.0039141833091481,0.001122877650718517,6198
1970-01-01 16:28:00+00:00,0.0021743279006254056,0.0007465264838637537,4679
1970-01-01 16:29:00+00:00,0.0019280945214989514,0.0006986688892612335,2962
1970-01-01 16:30:00+00:00,0.006313131411935553,0.004898476931276804,9462
1970-01-01 16:31:00+00:00,0.0035601781655155654,0.0017301245941707954,3198
1970-01-01 16:32:00+00:00,0.0021554274218423012,0.0011585001950656167,4708
1970-01-01 16:33:00+00:00,0.002320861126367369,0.0010226047351071584,3178
1970-01-01 16:34:00+00:00,0.002147932330309868,0.0009139864451882688,2879
1970-01-01 16:35:00+00:00,0.0061517475025875895,0.004887413140568588,9422
1970-01-01 16:36:00+00:00,0.0034580929305546306,0.0018157735365385988,3145
1970-01-01 16:37:00+00:00,0.003176459067306935,0.0019292121950329985,4635
1970-01-01 16:38:00+00:00,0.0020361264378604676,0.0009296430853042339,4280
1970-01-01 16:39:00+00:00,0.0019841176487631874,0.0009437389970287911,3276
1970-01-01 16:40:00+00:00,0.0064113866832626485,0.004933687212730461,9391
1970-01-01 16:41:00+00:00,0.0030602253261710396,0.0015337002154478085,4334
1970-01-01 16:42:00+00:00,0.002925585861658613,0.001399563062229219,4207
1970-01-01 16:43:00+00:00,0.0026080835866563955,0.0010415643926095168,3931
1970-01-01 16:44:00+00:00,0.0015589568117673445,0.0006315785176705534,4049
1970-01-01 16:45:00+00:00,0.006228909236885481,0.0048733572930531,9391
1970-01-01 16:46:00+00:00,0.0030002875100005543,0.001441707105093424,3018
1970-01-01 16:47:00+00:00,0.0025432613610643037,0.0013927161600028833,4019
1970-01-01 16:48:00+00:00,0.00263304243777187,0.0013925816216703803,4971
1970-01-01 16:49:00+00:00,0.0011448151353199286,0.0005854762794943524,5334
1970-01-01 16:50:00+00:00,0.006129410746032861,0.004779470047745901,9402
1970-01-01 16:51:00+00:00,0.004755557965177129,0.0023034484419104297,4903
1970-01-01 16:52:00+00:00,0.0032013271857770833,0.0015394479194906295,4473
1970-01-01 16:53:00+00:00,0.0020750987006534836,0.0010594353274235686,3773
1970-01-01 16:54:00+00:00,0.0046204210036968,0.0026950906070703226,6704
1970-01-01 16:55:00+00:00,0.006109074010259985,0.0048016172138254385,9419
1970-01-01 16:56:00+00:00,0.003057588120581393,0.0016301807887117634,4896
1970-01-01 16:57:00+00:00,0.0021827960096190945,0.0012574094692584276,4503
1970-01-01 16:58:00+00:00,0.0019676997320366043,0.0010260490895803805,4732
1970-01-01 16:59:00+00:00,0.001137003839440672,0.0004899595036852915,5465
1970-01-01 17:00:00+00:00,0.006178606492520855,0.004705557601694825,9440
1970-01-01 17:01:00+00:00,0.0029905073908039473,0.0014806369416410017,4351
1970-01-01 17:02:00+00:00,0.0019650580068510124,0.0010016518287576561,4899
1970-01-01 17:03:00+00:00,0.002097436864153693,0.0008949024414917079,3254
1970-01-01 17:04:00+00:00,0.0017141871366439902,0.0005516238991151646,4580
1970-01-01 17:05:00+00:00,0.006156029992530608,0.004751318392601861,9462
1970-01-01 17:06:00+00:00,0.003510378753147943,0.0018211776816976408,3350
1970-01-01 17:07:00+00:00,0.00251206269799712,0.0013218252622789407,4879
1970-01-01 17:08:00+00:00,0.0017000151484788026,0.0010345650807511639,4321
1970-01-01 17:09:00+00:00,0.0017195984227507603,0.0006943197016152512,3268
1970-01-01 17:10:00+00:00,0.006302177486647345,0.00488260280911565,9453
1970-01-01 17:11:00+00:00,0.002322944934292038,0.001457008693329206,5550
1970-01-01 17:12:00+00:00,0.0020243328734470666,0.0011466106282633014,5435
1970-01-01 17:13:00+00:00,0.002222528451349503,0.0011148610760691807,3687
1970-01-01 17:14:00+00:00,0.0017208829125269886,0.0008945085436214346,3804
1970-01-01 17:15:00+00:00,0.006288613886568758,0.004936184663893379,9427
1970-01-01 17:16:00+00:00,0.0021573857069951867,0.0009753073657111507,4472
1970-01-01 17:17:00+00:00,0.0036735680838265194,0.0011040984001809162,6775
1970-01-01 17:18:00+00:00,0.0016796613514951997,0.0008510679826699605,5361
1970-01-01 17:19:00+00:00,0.0016580551317571866,0.0008028269149560615,4861
1970-01-01 17:20:00+00:00,0.0062635327416484775,0.004888869347301459,9410
1970-01-01 17:21:00+00:00,0.003279398980751269,0.0019669372774693303,4749
1970-01-01 17:22:00+00:00,0.0016946325517125838,0.0010815304622706539,5316
1970-01-01 17:23:00+00:00,0.0024698199034403063,0.0013944736598915464,6537
1970-01-01 17:24:00+00:00,0.0018768483856912608,0.001022660077144308,6711
1970-01-01 17:25:00+00:00,0.006262509696608373,0.004833477473806088,9411
1970-01-01 17:26:00+00:00,0.0017089981607448172,0.000859310198450024,4463
1970-01-01 17:27:00+00:00,0.0028147458174401776,0.0014698240790379476,5968
1970-01-01 17:28:00+00:00,0.0018892652187698423,0.0009441284242423525,5376
1970-01-01 17:29:00+00:00,0.0016879657359407838,0.0007925764375305536,5501
1970-01-01 17:30:00+00:00,0.006119815030294739,0.004762767955018233,9410
1970-01-01 17:31:00+00:00,0.0028489495508281578,0.0014640449529682465,4529
1970-01-01 17:32:00+00:00,0.00268203611381462,0.001413723585278684,3899
1970-01-01 17:33:00+00:00,0.0019407969618284405,0.0010419938622451372,4788
1970-01-01 17:34:00+00:00,0.0016238225674499816,0.0007691573000852205,4121
1970-01-01 17:35:00+00:00,0.006086591915130396,0.004819044473400665,9416
1970-01-01 17:36:00+00:00,0.00255558537027489,0.0014701215019840672,4076
1970-01-01 17:37:00+00:00,0.0023982256525098824,0.001463217318407874,5427
1970-01-01 17:38:00+00:00,0.0018835887387654382,0.0010026375917101735,4608
1970-01-01 17:39:00+00:00,0.001987834310797669,0.0009245735920517637,4429
1970-01-01 17:40:00+00:00,0.006314359454321998,0.004892315159529626,9436
1970-01-01 17:41:00+00:00,0.002939003716041458,0.0014979066064251278,4948
1970-01-01 17:42:00+00:00,0.0027242090561510825,0.0013575646316697626,4063
1970-01-01 17:43:00+00:00,0.002209560415383568,0.0011539331292137402,4237
1970-01-01 17:44:00+00:00,0.0018448153510896073,0.0007993587824782471,4430
1970-01-01 17:45:00+00:00,0.006255385243329569,0.004826220951955715,9458
1970-01-01 17:46:00+00:00,0.002940427760052718,0.0015712617698061264,4216
1970-01-01 17:47:00+00:00,0.0037218544740544694,0.001709961970290381,5369
1970-01-01 17:48:00+00:00,0.0025545769018514787,0.0012407072040748184,3175
1970-01-01 17:49:00+00:00,0.0019481440657178324,0.0007529483444043485,4128
1970-01-01 17:50:00+00:00,0.006325025923530136,0.00483571623621205,9461
1970-01-01 17:51:00+00:00,0.003391721721914501,0.0017174052285613272,5247
1970-01-01 17:52:00+00:00,0.002940444814488073,0.0013320878486407298,3376
1970-01-01 17:53:00+00:00,0.002818718431708068,0.0011461584061538594,4894
1970-01-01 17:54:00+00:00,0.002724091890502697,0.0007927422720111967,4374
1970-01-01 17:55:00+00:00,0.006263809279149232,0.004701334891734135,9453
1970-01-01 17:56:00+00:00,0.003332422302811652,0.0015904448442554079,5089
1970-01-01 17:57:00+00:00,0.0030675497972540693,0.0014600853311465363,4037
1970-01-01 17:58:00+00:00,0.0023890617638470837,0.000999323415046468,3411
1970-01-01 17:59:00+00:00,0.0020643605961043776,0.0007220265866103097,4005
1970-01-01 18:00:00+00:00,0.00631944640596073,0.004735473580172348,9441
1970-01-01 18:01:00+00:00,0.003278680041570203,0.012949784203584945,7121
1970-01-01 18:02:00+00:00,0.00213720617216714,0.0008801069279954056,7072
1970-01-01 18:03:00+00:00,0.0028707393806558508,0.0009925807146897018,6363
1970-01-01 18:04:00+00:00,0.0029166992545107324,0.0007128630057503696,6513
1970-01-01 18:05:00+00:00,0.0062664753489024855,0.00395742262293792,9441
1970-01-01 18:06:00+00:00,0.003381163504179072,0.001481387999248371,6594
1970-01-01 18:07:00+00:00,0.0036563386514490443,0.0020091080405182688,6893
1970-01-01 18:08:00+00:00,0.003912270545079938,0.001141740213020867,6710
1970-01-01 18:09:00+00:00,0.0028235054175152373,0.0012521129118196353,5812
1970-01-01 18:10:00+00:00,0.006386508649194565,0.00403054522317503,9435
1970-01-01 18:11:00+00:00,0.004366312734355492,0.0014945588399227245,5958
1970-01-01 18:12:00+00:00,0.0063122827214554915,0.0020515113212049322,6753
1970-01-01 18:13:00+00:00,0.008054595662996732,0.0024095157125320374,6436
1970-01-01 18:14:00+00:00,0.004945746900804645,0.0015842821072704677,6120
1970-01-01 18:15:00+00:00,0.0065092987281796695,0.004063765765110199,9441
1970-01-01 18:16:00+00:00,0.004425900478882757,0.0016700182957394252,6198
1970-01-01 18:17:00+00:00,0.002720982493438924,0.0010693285144106736,5265
1970-01-01 18:18:00+00:00,0.0027184923786538486,0.000857335975371214,5121
1970-01-01 18:19:00+00:00,0.0021737151957187794,0.000791231586133826,5517
1970-01-01 18:20:00+00:00,0.006575652724627348,0.004108482542781107,9454
1970-01-01 18:21:00+00:00,0.0029047956272047364,0.0011020450932639019,6347
1970-01-01 18:22:00+00:00,0.004194487524365112,0.0010324795007493213,6327
1970-01-01 18:23:00+00:00,0.004818476735514158,0.0009002762779048216,6410
1970-01-01 18:24:00+00:00,0.0035441768144541174,0.0007262837153759428,5949
1970-01-01 18:25:00+00:00,0.006917398437603771,0.004214106451517471,9455
1970-01-01 18:26:00+00:00,0.0037297452609789043,0.0012592522321384695,5387
1970-01-01 18:27:00+00:00,0.003437129458909659,0.0011730318404354731,5183
1970-01-01 18:28:00+00:00,0.0023971967434124647,0.0008468937122235674,5359
1970-01-01 18:29:00+00:00,0.0027407838596209435,0.0009283950811156775,4648
1970-01-01 18:30:00+00:00,0.006810627103139951,0.004234044367278325,9451
1970-01-01 18:31:00+00:00,0.003939495746106499,0.0015796351728471565,5882
1970-01-01 18:32:00+00:00,0.0033146023310917315,0.0009856039348188092,8681
1970-01-01 18:33:00+00:00,0.002894794481863676,0.001488688277194847,8418
1970-01-01 18:34:00+00:00,0.0019814547751632458,0.0009021530564408674,6877
1970-01-01 18:35:00+00:00,0.006571382717891976,0.004306739958661978,9458
1970-01-01 18:36:00+00:00,0.003591199831527866,0.001788680207879322,6395
1970-01-01 18:37:00+00:00,0.004538549176086208,0.001745110749406277,6831
1970-01-01 18:38:00+00:00,0.0036841656615983456,0.0014540654770667503,7355
1970-01-01 18:39:00+00:00,0.0028744004140439047,0.0014859925729781365,7089
1970-01-01 18:40:00+00:00,0.00680291399492066,0.004425137752847157,9460
1970-01-01 18:41:00+00:00,0.003698161830589687,0.0017297844002775304,5792
1970-01-01 18:42:00+00:00,0.003873943982152102,0.0016957038655994999,4970
1970-01-01 18:43:00+00:00,0.003194249014962822,0.0013522534885189812,5771
1970-01-01 18:44:00+00:00,0.0027448947859253815,0.0010062338149911204,5673
1970-01-01 18:45:00+00:00,0.0066116959404730795,0.004415582315929981,9451
1970-01-01 18:46:00+00:00,0.0031097914008627425,0.001594887719819124,5918
1970-01-01 18:47:00+00:00,0.003128452817668783,0.0012808268670693977,6074
1970-01-01 18:48:00+00:00,0.003240175318299152,0.001201785953039171,5258
1970-01-01 18:49:00+00:00,0.002471593414218213,0.0009784949433599103,5601
1970-01-01 18:50:00+00:00,0.006638081863665232,0.004461771328320403,9444
1970-01-01 18:51:00+00:00,0.005216222842908743,0.0024689618256621597,7568
1970-01-01 18:52:00+00:00,0.002977030595196499,0.002251751252060818,6029
1970-01-01 18:53:00+00:00,0.0028368546121938397,0.0012015466367564954,5659
1970-01-01 18:54:00+00:00,0.0029149809112208394,0.0014502742860230957,4939
1970-01-01 18:55:00+00:00,0.006796431579858107,0.004534695011844838,9450
1970-01-01 18:56:00+00:00,0.0035265452360662324,0.0018746593282223576,6392
1970-01-01 18:57:00+00:00,0.0029647123290526822,0.001671557187266715,8285
1970-01-01 18:58:00+00:00,0.0024192676987758914,0.000997604042082098,6142
1970-01-01 18:59:00+00:00,0.00196081422042563,0.0008795314170610492,7116
1970-01-01 19:00:00+00:00,0.00684999113620227,0.004660795306270272,9450
1970-01-01 19:01:00+00:00,0.004872665416671741,0.0018699430404717123,6213
1970-01-01 19:02:00+00:00,0.004026227950685381,0.0018754463713303126,6161
1970-01-01 19:03:00+00:00,0.004713792483752588,0.0024247591486928712,6275
1970-01-01 19:04:00+00:00,0.002559524132994901,0.0012401182677525533,5158
1970-01-01 19:05:00+00:00,0.006819790838010692,0.004793421900323973,9471
1970-01-01 19:06:00+00:00,0.003940464939035614,0.0017290714011317884,3836
1970-01-01 19:07:00+00:00,0.003461074604468509,0.0017175143341736998,4600
1970-01-01 19:08:00+00:00,0.003030884871400414,0.0015321347106270068,5562
1970-01-01 19:09:00+00:00,0.0024368070532779307,0.000923579293330945,5796
1970-01-01 19:10:00+00:00,0.006717852212690077,0.00469986110121587,9470
1970-01-01 19:11:00+00:00,0.004051958953766729,0.0020848514187030275,5347
1970-01-01 19:12:00+00:00,0.00345507124650602,0.001454102709255744,4999
1970-01-01 19:13:00+00:00,0.0027840142179217245,0.0012355889049643566,5485
1970-01-01 19:14:00+00:00,0.0026953711793574545,0.0012660360807955566,4667
1970-01-01 19:15:00+00:00,0.006633360229448938,0.004682143827779011,9475
1970-01-01 19:16:00+00:00,0.0028651023966944295,0.0014852794854393683,6315
1970-01-01 19:17:00+00:00,0.0051142422710321956,0.0027511784507975433,6329
1970-01-01 19:18:00+00:00,0.0027208392697238557,0.0010374637222139473,5416
1970-01-01 19:19:00+00:00,0.0019164280313577798,0.0006692679089170434,5159
1970-01-01 19:20:00+00:00,0.006593082323326477,0.0046785307367506485,9466
1970-01-01 19:21:00+00:00,0.00369887319939451,0.0016641517109261944,5457
1970-01-01 19:22:00+00:00,0.0030479549160889853,0.0014411576530417747,6833
1970-01-01 19:23:00+00:00,0.003511033236908376,0.00121735707736217,4513
1970-01-01 19:24:00+00:00,0.0033804385610581742,0.001549627072690966,4210
1970-01-01 19:25:00+00:00,0.006595855300683378,0.004697011343637346,9454
1970-01-01 19:26:00+00:00,0.005749236450362598,0.002988663749093009,5481
1970-01-01 19:27:00+00:00,0.0033250120582746442,0.0013850809576111502,5766
1970-01-01 19:28:00+00:00,0.002899987153964313,0.0007749123059276092,4809
1970-01-01 19:29:00+00:00,0.0018441809178832945,0.0005693215048635825,3793
1970-01-01 19:30:00+00:00,0.006735080117225283,0.004730624504847757,9451
1970-01-01 19:31:00+00:00,0.003723260593817597,0.0015893894979212445,5293
1970-01-01 19:32:00+00:00,0.0033364540847085544,0.0015336346485931135,4391
1970-01-01 19:33:00+00:00,0.0021096046797517112,0.001145927994339554,4021
1970-01-01 19:34:00+00:00,0.002150057400230245,0.0009723458607151434,5375
1970-01-01 19:35:00+00:00,0.00682024032355663,0.004797664711117466,9455
1970-01-01 19:36:00+00:00,0.0027339898664398973,0.0014690787823635793,3728
1970-01-01 19:37:00+00:00,0.0032968933056718636,0.0011881226853440797,4862
1970-01-01 19:38:00+00:00,0.003647523107448242,0.0015090418255079734,5733
1970-01-01 19:39:00+00:00,0.0027566882709731295,0.001164446215771919,6624
1970-01-01 19:40:00+00:00,0.006691386437363009,0.004751405461199187,9461
1970-01-01 19:41:00+00:00,0.003340950460255144,0.0015613711152940326,6795
1970-01-01 19:42:00+00:00,0.0029944309149731196,0.0015839482912542145,6334
1970-01-01 19:43:00+00:00,0.002189593132957885,0.0012543709956883298,6548
1970-01-01 19:44:00+00:00,0.002279722686236334,0.0011677457344953534,5811
1970-01-01 19:45:00+00:00,0.006650836136697676,0.004762366926115379,9466
1970-01-01 19:46:00+00:00,0.00314279736463015,0.0016878330913625247,6264
1970-01-01 19:47:00+00:00,0.0033361739875158885,0.001670273729849289,3605
1970-01-01 19:48:00+00:00,0.004497078321680223,0.0026963603365379486,5686
1970-01-01 19:49:00+00:00,0.0020065498464313753,0.0008005100175651599,3682
1970-01-01 19:50:00+00:00,0.006613383342084134,0.004760676428701806,9474
1970-01-01 19:51:00+00:00,0.0040575351682172545,0.0017788342661862891,4835
1970-01-01 19:52:00+00:00,0.002745674659358584,0.0014219320373244624,5508
1970-01-01 19:53:00+00:00,0.0016320916086606718,0.000703127669062101,7572
1970-01-01 19:54:00+00:00,0.002154102157179329,0.001247495394047509,6558
1970-01-01 19:55:00+00:00,0.006692257911405347,0.0047229576768198,9478
1970-01-01 19:56:00+00:00,0.004199699049301935,0.0017685023442750758,4074
1970-01-01 19:57:00+00:00,0.003661844121226112,0.0013227337589803427,3635
1970-01-01 19:58:00+00:00,0.0025396527101596146,0.0012653724600871414,6002
1970-01-01 19:59:00+00:00,0.002178067748126232,0.0007665004001414792,6115
1970-01-01 20:00:00+00:00,0.006721270673416096,0.0047237103732161775,9475
1970-01-01 20:01:00+00:00,0.004547835738888839,0.0023569583921085988,4525
1970-01-01 20:02:00+00:00,0.0040066479712123045,0.0018180325509775323,3521
1970-01-01 20:03:00+00:00,0.002750108478185376,0.0010743195875837104,4508
1970-01-01 20:04:00+00:00,0.0019192316542110683,0.0007193529098892863,5241
1970-01-01 20:05:00+00:00,0.006861807534231874,0.004861778520701998,9471
1970-01-01 20:06:00+00:00,0.0036686419151656666,0.0017364648967173693,4654
1970-01-01 20:07:00+00:00,0.005988548598102285,0.0029798509478306014,5741
1970-01-01 20:08:00+00:00,0.0026436419347999193,0.0009703077971562674,4164
1970-01-01 20:09:00+00:00,0.0012524324853729065,0.0006178517293724089,4586
1970-01-01 20:10:00+00:00,0.0067569082420504065,0.004829122692246703,9467
1970-01-01 20:11:00+00:00,0.0028224416785430258,0.0015339124890665931,3470
1970-01-01 20:12:00+00:00,0.0026626261000789304,0.0013482836817699756,4656
1970-01-01 20:13:00+00:00,0.0036357984636719047,0.0012086544947775405,3572
1970-01-01 20:14:00+00:00,0.002034474508114349,0.0007028524756825951,2730
1970-01-01 20:15:00+00:00,0.006728353045809465,0.004889580555534178,9462
1970-01-01 20:16:00+00:00,0.004554766757461147,0.0017342691851942628,5092
1970-01-01 20:17:00+00:00,0.0029049279806497245,0.001013713475515153,5268
1970-01-01 20:18:00+00:00,0.001384709410342299,0.0012207495849290463,5675
1970-01-01 20:19:00+00:00,0.0013510368703066784,0.0007088425298710965,4795
1970-01-01 20:20:00+00:00,0.006508704104312465,0.004858697831905814,9467
1970-01-01 20:21:00+00:00,0.002679237561720422,0.0016645109392596225,3827
1970-01-01 20:22:00+00:00,0.0017987682828393802,0.001206160379168704,4662
1970-01-01 20:23:00+00:00,0.0020653668171254184,0.0010345972628943163,3747
1970-01-01 20:24:00+00:00,0.002532320467021814,0.0006812763131038645,2963
1970-01-01 20:25:00+00:00,0.006588833478173724,0.004884699136666969,9470
1970-01-01 20:26:00+00:00,0.004948756542391064,0.002094128146035418,3502
1970-01-01 20:27:00+00:00,0.004009240842609084,0.0020199664999889103,3834
1970-01-01 20:28:00+00:00,0.0015763403582067532,0.0009992409471821177,5073
1970-01-01 20:29:00+00:00,0.002015094075560684,0.0011252784095032449,5127
1970-01-01 20:30:00+00:00,0.0067779340847064695,0.004857503108070138,9480
1970-01-01 20:31:00+00:00,0.004600988944229378,0.00231682960763072,4394
1970-01-01 20:32:00+00:00,0.0035486167024616037,0.0016503231122778743,2781
1970-01-01 20:33:00+00:00,0.0023414205471923035,0.0009171714629377321,3259
1970-01-01 20:34:00+00:00,0.0016111386223010642,0.0006136597149163015,2729
1970-01-01 20:35:00+00:00,0.006780625436195666,0.004920013214594508,9480
1970-01-01 20:36:00+00:00,0.005165783931902504,0.002547535897933552,5690
1970-01-01 20:37:00+00:00,0.002113304452331163,0.0011053912075714592,3128
1970-01-01 20:38:00+00:00,0.0022388451203271056,0.0012041776135749353,3766
1970-01-01 20:39:00+00:00,0.002312465070927043,0.0012143584134594427,4088
1970-01-01 20:40:00+00:00,0.006329745353131415,0.004864348805568145,9483
1970-01-01 20:41:00+00:00,0.0031420563958305964,0.0017541360015985922,5179
1970-01-01 20:42:00+00:00,0.002869730171430877,0.0016789994024241587,3523
1970-01-01 20:43:00+00:00,0.0025570163198782897,0.0015028628018893052,4149
1970-01-01 20:44:00+00:00,0.0020954640446346285,0.001133846537792199,4222
1970-01-01 20:45:00+00:00,0.005635591174048848,0.004770518505867866,9475
1970-01-01 20:46:00+00:00,0.005364753842202809,0.0017968369672530001,4254
1970-01-01 20:47:00+00:00,0.0035828308784597424,0.0019681177601128404,3716
1970-01-01 20:48:00+00:00,0.0020015898893061784,0.0012048658698496186,3496
1970-01-01 20:49:00+00:00,0.0017165036802259408,0.0006961853360750919,4507
1970-01-01 20:50:00+00:00,0.005016627319173204,0.0046816852808408875,9473
1970-01-01 20:51:00+00:00,0.0037741135860693605,0.0021356511073074894,5257
1970-01-01 20:52:00+00:00,0.0031806342865106445,0.001708899888204295,5783
1970-01-01 20:53:00+00:00,0.0016856241028728681,0.000893100623053878,5092
1970-01-01 20:54:00+00:00,0.0010057345290802465,0.0004447395407705301,4531
1970-01-01 20:55:00+00:00,0.004928372243514978,0.004652803940483704,9463
1970-01-01 20:56:00+00:00,0.0033652307462268068,0.001435108912242414,4081
1970-01-01 20:57:00+00:00,0.00195805742337956,0.0011750258333630436,4549
1970-01-01 20:58:00+00:00,0.002353487366174684,0.0016525037831249514,6296
1970-01-01 20:59:00+00:00,0.001132212841608607,0.0004760598517739321,4194
1970-01-01 21:00:00+00:00,0.005014794727077699,0.004685794162377899,9464
1970-01-01 21:01:00+00:00,0.004123587171137439,0.001995243585581784,4234
1970-01-01 21:02:00+00:00,0.0023737366352877057,0.001578072469191758,5241
1970-01-01 21:03:00+00:00,0.001786187333302343,0.0009725567578824556,3303
1970-01-01 21:04:00+00:00,0.0018964389677815954,0.001027878496055704,4917
1970-01-01 21:05:00+00:00,0.004879113171523954,0.0045432069014956335,9476
1970-01-01 21:06:00+00:00,0.0022437025462198417,0.0012543519981476918,5610
1970-01-01 21:07:00+00:00,0.0028277386818532507,0.0011596419438666997,4997
1970-01-01 21:08:00+00:00,0.0012736586083151196,0.0010567765058648836,4518
1970-01-01 21:09:00+00:00,0.0009793762941215831,0.000554154378209601,4795
1970-01-01 21:10:00+00:00,0.004866944762151995,0.0044546753350213,9474
1970-01-01 21:11:00+00:00,0.0033441190083336346,0.002021994139184806,4806
1970-01-01 21:12:00+00:00,0.0025188424881171663,0.0016937895581825202,4030
1970-01-01 21:13:00+00:00,0.0021192157111044998,0.001090138132003747,4151
1970-01-01 21:14:00+00:00,0.0011785735614861564,0.0005798941619018609,5086
1970-01-01 21:15:00+00:00,0.004885938659136277,0.00451974712380346,9481
1970-01-01 21:16:00+00:00,0.004349720176447512,0.0019302229481872536,5655
1970-01-01 21:17:00+00:00,0.0020747809056938546,0.0014341820040624938,4864
1970-01-01 21:18:00+00:00,0.0015136426088040507,0.0010745257733554203,3609
1970-01-01 21:19:00+00:00,0.001194674046255885,0.0006887547018433356,4185
1970-01-01 21:20:00+00:00,0.004774368734051499,0.004545910476195918,9482
1970-01-01 21:21:00+00:00,0.003019106995294064,0.002016970388868405,6075
1970-01-01 21:22:00+00:00,0.002036433023676275,0.0015208461276170514,5711
1970-01-01 21:23:00+00:00,0.0016379359068667415,0.0013806680774885586,6707
1970-01-01 21:24:00+00:00,0.0011083103956937446,0.0010905941955111158,6459
1970-01-01 21:25:00+00:00,0.004818635918569443,0.004555347452294077,9489
1970-01-01 21:26:00+00:00,0.00426773656258883,0.001631559811013609,4507
1970-01-01 21:27:00+00:00,0.0022318007079074865,0.0017561989555578803,5192
1970-01-01 21:28:00+00:00,0.0018982960226109043,0.0012317027065762499,4742
1970-01-01 21:29:00+00:00,0.001063001243095155,0.0006180442818683464,4354
1970-01-01 21:30:00+00:00,0.005028426378973308,0.004579446499809062,9485
1970-01-01 21:31:00+00:00,0.003633814794453813,0.0022770454349446256,5436
1970-01-01 21:32:00+00:00,0.0020599306959793585,0.00141565672264466,6426
1970-01-01 21:33:00+00:00,0.002145156972779392,0.001288673168810908,5705
1970-01-01 21:34:00+00:00,0.001309677770367494,0.0007532164107921519,4484
1970-01-01 21:35:00+00:00,0.005103922152225647,0.004633233052263783,9486
1970-01-01 21:36:00+00:00,0.005226507652929476,0.0019573889519829287,5178
1970-01-01 21:37:00+00:00,0.0027604380434779127,0.0015880348577602815,5382
1970-01-01 21:38:00+00:00,0.0019613250676801474,0.0012266577995972642,5649
1970-01-01 21:39:00+00:00,0.0009414803059149128,0.0005238856307606076,4739
1970-01-01 21:40:00+00:00,0.005039872776235922,0.004637533189704736,9482
1970-01-01 21:41:00+00:00,0.004617456104413357,0.002638500450344809,5076
1970-01-01 21:42:00+00:00,0.0029675900453776964,0.002193964919602945,5527
1970-01-01 21:43:00+00:00,0.0020408310048840674,0.0013954772164088461,4686
1970-01-01 21:44:00+00:00,0.0009855334529724254,0.0008650715580139067,4298
1970-01-01 21:45:00+00:00,0.005068814921974952,0.0046024246260412,9486
1970-01-01 21:46:00+00:00,0.004510722243469445,0.0030969095806770777,5804
1970-01-01 21:47:00+00:00,0.006278052107511853,0.001702601833049721,5737
1970-01-01 21:48:00+00:00,0.002357770301127376,0.0012984695581231397,5352
1970-01-01 21:49:00+00:00,0.0010541679851406808,0.000748270869492709,5136
1970-01-01 21:50:00+00:00,0.005279797587288868,0.004566971321926323,9486
1970-01-01 21:51:00+00:00,0.0037712851755277517,0.002679444517098,6441
1970-01-01 21:52:00+00:00,0.0034261594248387478,0.0022133961303744086,5723
1970-01-01 21:53:00+00:00,0.0018885375958574543,0.0011803940991551526,4240
1970-01-01 21:54:00+00:00,0.0009069413799190135,0.0009870093257122346,5396
1970-01-01 21:55:00+00:00,0.00518440181923861,0.004202545654747892,9495
1970-01-01 21:56:00+00:00,0.004490877960183779,0.002408916543717159,7439
1970-01-01 21:57:00+00:00,0.003146314878206506,0.0015768272941048189,8394
1970-01-01 21:58:00+00:00,0.0023519334629105095,0.0010634353623854337,6515
1970-01-01 21:59:00+00:00,0.0020622734176407483,0.0007440042667381995,6707
1970-01-01 22:00:00+00:00,0.006645289729217857,0.0047875525300286334,9489
1970-01-01 22:01:00+00:00,0.003568324958268185,0.0019028198756916173,8123
1970-01-01 22:02:00+00:00,0.0022638386505639922,0.001105757973868018,7966
1970-01-01 22:03:00+00:00,0.0034536101356419675,0.0011741748595607672,7289
1970-01-01 22:04:00+00:00,0.0012110453431213653,0.0007055147098454808,6097
1970-01-01 22:05:00+00:00,0.006638583083945182,0.00479516100969091,9495
1970-01-01 22:06:00+00:00,0.003281828704045582,0.0017241723958310179,7563
1970-01-01 22:07:00+00:00,0.004761841752496251,0.0010027342943327619,7616
1970-01-01 22:08:00+00:00,0.002193876057469297,0.0011052705329260692,6768
1970-01-01 22:09:00+00:00,0.004389591990151477,0.0007730391787085066,7164
1970-01-01 22:10:00+00:00,0.006924970645706125,0.004616447055407614,9497
1970-01-01 22:11:00+00:00,0.0024629401684839944,0.0012384144248576518,7178
1970-01-01 22:12:00+00:00,0.0076653763358766865,0.0010331595092647888,7345
1970-01-01 22:13:00+00:00,0.013251289863358296,0.0013363103283881802,7555
1970-01-01 22:14:00+00:00,0.005594154955415292,0.0009968128417275467,7184
1970-01-01 22:15:00+00:00,0.006305439665096762,0.004418004015968522,9503
1970-01-01 22:16:00+00:00,0.006923889483044553,0.0014029143256906584,7051
1970-01-01 22:17:00+00:00,0.006199532852472088,0.0018566273223229479,7561
1970-01-01 22:18:00+00:00,0.0026302141803864355,0.0012483981694768058,6971
1970-01-01 22:19:00+00:00,0.004687168064531785,0.0015321213578394417,6831
1970-01-01 22:20:00+00:00,0.006104297266188237,0.004616336669105869,9505
1970-01-01 22:21:00+00:00,0.0021802333715549797,0.0013604297268093447,6536
1970-01-01 22:22:00+00:00,0.0025662036705517777,0.0015591292917523831,7497
1970-01-01 22:23:00+00:00,0.0017664896478485717,0.0013532004844846292,7503
1970-01-01 22:24:00+00:00,0.0020605674611014722,0.0011711992045095442,7626
1970-01-01 22:25:00+00:00,0.0060929587466988806,0.004502538489150869,9504
1970-01-01 22:26:00+00:00,0.0030893737573788826,0.0017775786189928285,7145
1970-01-01 22:27:00+00:00,0.003003016034637633,0.0016095050023743418,7140
1970-01-01 22:28:00+00:00,0.0029431690997458295,0.001661853075854801,7277
1970-01-01 22:29:00+00:00,0.0014939441585324555,0.0008309684865387356,6244
1970-01-01 22:30:00+00:00,0.00613359749065231,0.004554065726535413,9500
1970-01-01 22:31:00+00:00,0.0030015064011885773,0.002002800853868081,6885
1970-01-01 22:32:00+00:00,0.0022843936584720716,0.001727680059943339,5848
1970-01-01 22:33:00+00:00,0.001580027244739765,0.0012418290771272847,7280
1970-01-01 22:34:00+00:00,0.0014764912837086019,0.001005761153647928,6796
1970-01-01 22:35:00+00:00,0.006037020460026058,0.004576586063463936,9499
1970-01-01 22:36:00+00:00,0.0042669383449916,0.001962188823558605,6959
1970-01-01 22:37:00+00:00,0.00258963477364624,0.00161768180823578,6688
1970-01-01 22:38:00+00:00,0.0018130142636549548,0.0012323720074974922,7049
1970-01-01 22:39:00+00:00,0.0013203437299347403,0.000964526641417187,7047
1970-01-01 22:40:00+00:00,0.006021237536333052,0.004528470473394961,9499
1970-01-01 22:41:00+00:00,0.0033471515238353176,0.002225727044059075,7335
1970-01-01 22:42:00+00:00,0.002421932494507652,0.0017401798659665217,7596
1970-01-01 22:43:00+00:00,0.0023831665986191884,0.0016232360126736357,7522
1970-01-01 22:44:00+00:00,0.0015863943020353883,0.0012138760271435728,7265
1970-01-01 22:45:00+00:00,0.005954334274956055,0.004477530134218211,9502
1970-01-01 22:46:00+00:00,0.0030327772329011926,0.0015640912440290896,7262
1970-01-01 22:47:00+00:00,0.002214702205761742,0.0013773818331279859,7844
1970-01-01 22:48:00+00:00,0.001375262712121734,0.0011411851780206684,7507
1970-01-01 22:49:00+00:00,0.001527304311510644,0.0009667635973961939,8053
1970-01-01 22:50:00+00:00,0.005546398113721817,0.0043112943732738045,9500
1970-01-01 22:51:00+00:00,0.002214630997198225,0.0018597155645194415,8234
1970-01-01 22:52:00+00:00,0.001493732205087271,0.001291154304344163,8655
1970-01-01 22:53:00+00:00,0.001842081989685264,0.0013371147484871444,7350
1970-01-01 22:54:00+00:00,0.00131179790366412,0.0012308510012584517,7482
1970-01-01 22:55:00+00:00,0.005907057326050253,0.004463233099338283,9507
1970-01-01 22:56:00+00:00,0.0018933542067929277,0.0012435897471130837,7389
1970-01-01 22:57:00+00:00,0.0019190854682982045,0.0012317429623631153,7152
1970-01-01 22:58:00+00:00,0.0024276977358654857,0.0011903675944994513,7155
1970-01-01 22:59:00+00:00,0.0016497888178650083,0.0010091593251450332,8161
1970-01-01 23:00:00+00:00,0.004760180398296699,0.003736849369756982,9516
1970-01-01 23:01:00+00:00,0.0016009414712034094,0.0010933236872896262,8234
1970-01-01 23:02:00+00:00,0.0011989915845031696,0.0009580065162258724,7807
1970-01-01 23:03:00+00:00,0.0019344534512243333,0.0012124934005140959,8219
1970-01-01 23:04:00+00:00,0.0014888814243055226,0.0007611194789653154,6368
1970-01-01 23:05:00+00:00,0.004487746249533776,0.003885237887808793,9517
1970-01-01 23:06:00+00:00,0.002265183644123789,0.0013221331161493005,6569
1970-01-01 23:07:00+00:00,0.0016918624434105445,0.0012767377646405692,6402
1970-01-01 23:08:00+00:00,0.002189527703380394,0.0013248125576214094,6906
1970-01-01 23:09:00+00:00,0.0013802984212116193,0.0012109983833003056,7017
1970-01-01 23:10:00+00:00,0.005813421372126225,0.004540252621841933,9517
1970-01-01 23:11:00+00:00,0.002552304528412965,0.0016192680875978015,7619
1970-01-01 23:12:00+00:00,0.0018574613366080792,0.0010740173059879065,7303
1970-01-01 23:13:00+00:00,0.0019368417570406373,0.0013089961245148292,7241
1970-01-01 23:14:00+00:00,0.0011380441383390262,0.0008952059747403308,6823
1970-01-01 23:15:00+00:00,0.006171640714706378,0.004553246542012029,9514
1970-01-01 23:16:00+00:00,0.0018782791274833963,0.0010568208028636122,6373
1970-01-01 23:17:00+00:00,0.003019993015949438,0.0019099025882988096,6689
1970-01-01 23:18:00+00:00,0.0013997579767580433,0.0010968726392894125,6255
1970-01-01 23:19:00+00:00,0.0012082183097133232,0.0008194760681841544,7950
1970-01-01 23:20:00+00:00,0.0046565819299669966,0.0037534593348400183,9513
1970-01-01 23:21:00+00:00,0.0014386802725271045,0.001187951813734872,7991
1970-01-01 23:22:00+00:00,0.0013341008310760554,0.001052011169869113,7443
1970-01-01 23:23:00+00:00,0.0009919456641023152,0.0009360707859616156,7606
1970-01-01 23:24:00+00:00,0.0010296008192197431,0.000630130725577056,7333
1970-01-01 23:25:00+00:00,0.004324258462463476,0.0038284209852507815,9516
1970-01-01 23:26:00+00:00,0.0018677864319238892,0.0009769035462270604,7937
1970-01-01 23:27:00+00:00,0.0019182895119966635,0.0012830357882958627,7226
1970-01-01 23:28:00+00:00,0.0012156468279221496,0.0011340235962587271,6159
1970-01-01 23:29:00+00:00,0.0013575943696291987,0.0010370121824035084,7098
1970-01-01 23:30:00+00:00,0.005930256921853895,0.004568387672252406,9519
1970-01-01 23:31:00+00:00,0.0023594281652017965,0.0017038708059975655,7044
1970-01-01 23:32:00+00:00,0.0016030982964188735,0.0010399184898807134,6875
1970-01-01 23:33:00+00:00,0.0012810059237580817,0.0008284014674867963,5762
1970-01-01 23:34:00+00:00,0.0014856585159330271,0.0006409390831941163,4377
1970-01-01 23:35:00+00:00,0.0059361479459168,0.004535971345479429,9526
1970-01-01 23:36:00+00:00,0.002292984496395507,0.0016669200303157878,4757
1970-01-01 23:37:00+00:00,0.002814115513917234,0.0015289387057198327,6883
1970-01-01 23:38:00+00:00,0.0029416715952603366,0.0013894208739037898,7531
1970-01-01 23:39:00+00:00,0.002453334495676432,0.0011604048004508246,8227
1970-01-01 23:40:00+00:00,0.005621623341547825,0.004318406415168018,9527
1970-01-01 23:41:00+00:00,0.003682418886155121,0.002326196007229299,7536
1970-01-01 23:42:00+00:00,0.0018930529845604738,0.0015516087728740945,7221
1970-01-01 23:43:00+00:00,0.001583040820918436,0.0013777704426799937,7026
1970-01-01 23:44:00+00:00,0.0011499274068232782,0.0009428436558255497,6909
1970-01-01 23:45:00+00:00,0.006030219225463004,0.004519819280197536,9524
1970-01-01 23:46:00+00:00,0.0027072037289046667,0.0019168729427669695,6612
1970-01-01 23:47:00+00:00,0.0029874751104955947,0.0013960636733433805,6742
1970-01-01 23:48:00+00:00,0.0023354447133310924,0.0011194666411192553,6617
1970-01-01 23:49:00+00:00,0.0012898864677244866,0.0007773008205339219,6032
1970-01-01 23:50:00+00:00,0.006268324635266811,0.004600258184037527,9524
1970-01-01 23:51:00+00:00,0.003011569936343875,0.002003669655626849,7321
1970-01-01 23:52:00+00:00,0.001867050975366232,0.0015098080371360682,6996
1970-01-01 23:53:00+00:00,0.0017068583541661549,0.0014689154496349713,7096
1970-01-01 23:54:00+00:00,0.0009728453208354881,0.000647865387903003,6145
1970-01-01 23:55:00+00:00,0.006095488754288696,0.004591869554024812,9519
1970-01-01 23:56:00+00:00,0.0026538322124768066,0.0018015137226975726,6224
1970-01-01 23:57:00+00:00,0.004688717036393883,0.001971897071599045,7085
1970-01-01 23:58:00+00:00,0.0028745101934805825,0.0013976894692553734,5726
1970-01-01 23:59:00+00:00,0.00200708604083872,0.0008623620624062419,5929
1970-01-02 00:00:00+00:00,0.006431723796311216,0.0046464462618096124,9515
1970-01-02 00:01:00+00:00,0.004947853664990474,0.002642262046318081,6624
1970-01-02 00:02:00+00:00,0.0036462589902657924,0.002134414995970507,5518
1970-01-02 00:03:00+00:00,0.0047308412263307896,0.0030541048868847516,7480
1970-01-02 00:04:00+00:00,0.0015081477357128832,0.0007543494946252988,6898
1970-01-02 00:05:00+00:00,0.00624456416670568,0.004542408860944572,9519
1970-01-02 00:06:00+00:00,0.0042400191739701346,0.002474904715709652,6433
1970-01-02 00:07:00+00:00,0.0032130256952571973,0.0019982961721659964,6059
1970-01-02 00:08:00+00:00,0.0018929651464608638,0.0011023731191643837,6546
1970-01-02 00:09:00+00:00,0.0014142916746923873,0.0006774824994956774,6138
1970-01-02 00:10:00+00:00,0.00584636394816764,0.004268347182440039,9523
1970-01-02 00:11:00+00:00,0.004034687189155829,0.0019121312100867894,7629
1970-01-02 00:12:00+00:00,0.0022787566052934996,0.0014681050581279499,6551
1970-01-02 00:13:00+00:00,0.001839512208222891,0.0011391317948714172,7646
1970-01-02 00:14:00+00:00,0.0008864457377056826,0.0007836553498224643,6683
1970-01-02 00:15:00+00:00,0.006252439005750392,0.004633196742627226,9524
1970-01-02 00:16:00+00:00,0.0024069661068969513,0.0017101170128801949,7046
1970-01-02 00:17:00+00:00,0.004389710980167697,0.0014213850250059984,5918
1970-01-02 00:18:00+00:00,0.002526342455928136,0.0011651396855306543,5670
1970-01-02 00:19:00+00:00,0.001600963672181467,0.0008422813066560098,5457
1970-01-02 00:20:00+00:00,0.006402163723599085,0.004669512674707196,9523
1970-01-02 00:21:00+00:00,0.0033078236471618533,0.002216712288234552,6969
1970-01-02 00:22:00+00:00,0.003072446615055025,0.002096261179799702,5699
1970-01-02 00:23:00+00:00,0.002547766061431903,0.0017505709250417178,6338
1970-01-02 00:24:00+00:00,0.0012647845590476523,0.0009456567499591318,5952
1970-01-02 00:25:00+00:00,0.006182408800919377,0.004609580762003367,9525
1970-01-02 00:26:00+00:00,0.0033274077406490192,0.0022346413716045677,6525
1970-01-02 00:27:00+00:00,0.002836407733564613,0.002030027132340896,6518
1970-01-02 00:28:00+00:00,0.0018132875040305567,0.0016260075367302118,6477
1970-01-02 00:29:00+00:00,0.0012531384092268234,0.0007922941360596229,5782
1970-01-02 00:30:00+00:00,0.006101637768955022,0.0045758261708322675,9524
1970-01-02 00:31:00+00:00,0.003465431803388904,0.002294557356563384,6978
1970-01-02 00:32:00+00:00,0.0020650015610349536,0.001702301930747397,6285
1970-01-02 00:33:00+00:00,0.0020295201440456642,0.0015684022815286348,6645
1970-01-02 00:34:00+00:00,0.0010745387168691473,0.001009401118116201,6274
1970-01-02 00:35:00+00:00,0.0062404979599652,0.004618166003568748,9524
1970-01-02 00:36:00+00:00,0.004541641349481227,0.002533515798753746,5253
1970-01-02 00:37:00+00:00,0.004403443493243532,0.0017481389392284346,6057
1970-01-02 00:38:00+00:00,0.002809385018258927,0.001351616748087064,4933
1970-01-02 00:39:00+00:00,0.00297700980796068,0.0009726516970386421,6362
1970-01-02 00:40:00+00:00,0.006273293546644268,0.00457292071085457,9526
1970-01-02 00:41:00+00:00,0.00434791527200491,0.0024131786610746627,6507
1970-01-02 00:42:00+00:00,0.003164668780046525,0.0017770351783059839,5539
1970-01-02 00:43:00+00:00,0.002708288458881437,0.0014346329446099477,5859
1970-01-02 00:44:00+00:00,0.0027699098044629503,0.0013511334931447093,5812
1970-01-02 00:45:00+00:00,0.006224618158978086,0.004694024296522787,9527
1970-01-02 00:46:00+00:00,0.004170012733957507,0.0018660024120281506,6688
1970-01-02 00:47:00+00:00,0.002749626682496193,0.0017377421959458978,5773
1970-01-02 00:48:00+00:00,0.004070120348324955,0.0018447058267861427,6295
1970-01-02 00:49:00+00:00,0.0018765180333317468,0.0014474863214761716,4318
1970-01-02 00:50:00+00:00,0.005828625717623794,0.004538786379963043,9528
1970-01-02 00:51:00+00:00,0.0025836679023619005,0.0016666326622690206,6705
1970-01-02 00:52:00+00:00,0.0023799168716483743,0.0018568487312304338,6168
1970-01-02 00:53:00+00:00,0.0020044541587330086,0.0016641933204147282,6214
1970-01-02 00:54:00+00:00,0.001001113287330908,0.0005772487729124396,6625
1970-01-02 00:55:00+00:00,0.005777659803634687,0.004379394020303441,9528
1970-01-02 00:56:00+00:00,0.0029813455230164377,0.002002797009647456,7646
1970-01-02 00:57:00+00:00,0.0038809883835109124,0.0013377017267312962,6785
1970-01-02 00:58:00+00:00,0.002185343634268496,0.0014284897859273516,7072
1970-01-02 00:59:00+00:00,0.0018757022720908378,0.0011591570254258063,6863
1970-01-02 01:00:00+00:00,0.006441928467894714,0.004718941129244646,9524
1970-01-02 01:01:00+00:00,0.0036459172808144345,0.002376912857368,6678
1970-01-02 01:02:00+00:00,0.002693702897727009,0.0019078851302309747,6257
1970-01-02 01:03:00+00:00,0.0020381505804819263,0.0014216107634907522,5427
1970-01-02 01:04:00+00:00,0.0013945426077931896,0.000776065153585757,5568
1970-01-02 01:05:00+00:00,0.006232007721345975,0.004632528822673605,9545
1970-01-02 01:06:00+00:00,0.004138719579469717,0.002206949888090793,6670
1970-01-02 01:07:00+00:00,0.004489668046981272,0.0019365090412845583,3312
1970-01-02 01:08:00+00:00,0.0014702638921103653,0.0013282177984570746,4630
1970-01-02 01:09:00+00:00,0.0009025650213423672,0.0010023498930757722,4918
1970-01-02 01:10:00+00:00,0.006175432473376133,0.004583216101267955,9543
1970-01-02 01:11:00+00:00,0.003923885500988742,0.00162692039974309,7773
1970-01-02 01:12:00+00:00,0.0024649590627025346,0.0014638923788326593,7890
1970-01-02 01:13:00+00:00,0.0020417985407312294,0.001350785496291464,7516
1970-01-02 01:14:00+00:00,0.001719763026429768,0.0007799016375575444,7740
1970-01-02 01:15:00+00:00,0.006378451309739057,0.004544902902038023,9619
1970-01-02 01:16:00+00:00,0.002558844952577435,0.0015198892100689412,7094
1970-01-02 01:17:00+00:00,0.0035953807036591123,0.0014429693875749638,6752
1970-01-02 01:18:00+00:00,0.0027832188313770953,0.0017357663705418035,6664
1970-01-02 01:19:00+00:00,0.002263088467077647,0.0007343573122171657,7341
1970-01-02 01:20:00+00:00,0.0063946278123229155,0.004553017898998613,9605
1970-01-02 01:21:00+00:00,0.002965523135381888,0.0018076985922800227,7083
1970-01-02 01:22:00+00:00,0.0014946489505371576,0.0012489291673043687,7682
1970-01-02 01:23:00+00:00,0.0022766150566221584,0.0011545377912323912,7343
1970-01-02 01:24:00+00:00,0.0011771276120297579,0.0007779817658273358,6382
1970-01-02 01:25:00+00:00,0.006181268420860443,0.004647487563312574,9641
1970-01-02 01:26:00+00:00,0.002776888134483419,0.0020215337409085882,6934
1970-01-02 01:27:00+00:00,0.00418715107726817,0.001949118387977709,6672
1970-01-02 01:28:00+00:00,0.0015945282342941759,0.0012280439617272315,6338
1970-01-02 01:29:00+00:00,0.0018680017299894868,0.0011720062656081325,6412
1970-01-02 01:30:00+00:00,0.006304650955152142,0.004790389558249634,9661
1970-01-02 01:31:00+00:00,0.004029327356741289,0.002832297357840219,5899
1970-01-02 01:32:00+00:00,0.00325844738668907,0.0022324860310935202,5379
1970-01-02 01:33:00+00:00,0.00225112128743785,0.001305855394874379,4478
1970-01-02 01:34:00+00:00,0.0017072637177776649,0.0009453532062644,5262
1970-01-02 01:35:00+00:00,0.006436792799483528,0.004829525242444188,9668
1970-01-02 01:36:00+00:00,0.005262229642854116,0.002098709504028247,5698
1970-01-02 01:37:00+00:00,0.0033812069274318838,0.001778631201163226,5258
1970-01-02 01:38:00+00:00,0.0023000957272778424,0.0015236052539100333,4819
1970-01-02 01:39:00+00:00,0.0050260849865671016,0.0028434658545419345,7028
1970-01-02 01:40:00+00:00,0.006464419717209028,0.0047704008234143586,9669
1970-01-02 01:41:00+00:00,0.004215168132348794,0.002412464835833016,5614
1970-01-02 01:42:00+00:00,0.0030742958812835404,0.0022259633706205794,5599
1970-01-02 01:43:00+00:00,0.002019313432358688,0.0015555460195940654,6426
1970-01-02 01:44:00+00:00,0.0011448673944924478,0.0006559697999710563,6053
1970-01-02 01:45:00+00:00,0.006385177274503402,0.0047498498123937,9670
1970-01-02 01:46:00+00:00,0.0044643744908180755,0.002169986756289323,6112
1970-01-02 01:47:00+00:00,0.005116861419086706,0.00222676409232951,5257
1970-01-02 01:48:00+00:00,0.0024154193812975385,0.001607919688503448,5377
1970-01-02 01:49:00+00:00,0.002359909885525449,0.0008827781553482077,6266
1970-01-02 01:50:00+00:00,0.006466332041353278,0.004829803326617468,9671
1970-01-02 01:51:00+00:00,0.0035463134240024,0.002241120924074289,6099
1970-01-02 01:52:00+00:00,0.002790532271180115,0.0018429582602206896,5676
1970-01-02 01:53:00+00:00,0.004242460089790813,0.002658574151003382,6498
1970-01-02 01:54:00+00:00,0.0015683415973872037,0.0008821607382056486,6474
1970-01-02 01:55:00+00:00,0.006587582659364978,0.004777311951136521,9664
1970-01-02 01:56:00+00:00,0.004860837093414628,0.0023111898059978322,6286
1970-01-02 01:57:00+00:00,0.0032550017755112563,0.0019676400192416626,7901
1970-01-02 01:58:00+00:00,0.002588501454890988,0.001642020569192322,7507
1970-01-02 01:59:00+00:00,0.0016653361632588746,0.0010441991134169,7504
1970-01-02 02:00:00+00:00,0.006261093468674869,0.004594089336821834,9660
1970-01-02 02:01:00+00:00,0.003886645490203423,0.00218832695923262,7575
1970-01-02 02:02:00+00:00,0.0025203193874150293,0.0015173870752493498,7463
1970-01-02 02:03:00+00:00,0.002179192644829507,0.0014416854045134614,6819
1970-01-02 02:04:00+00:00,0.001643475783355238,0.0010093137584622266,7011
1970-01-02 02:05:00+00:00,0.00642101403474413,0.004591050005419863,9658
1970-01-02 02:06:00+00:00,0.0059002230060815055,0.0019459590244435383,6609
1970-01-02 02:07:00+00:00,0.005274395931029372,0.0017420753814771832,7008
1970-01-02 02:08:00+00:00,0.004557688059150286,0.0015068075255207372,6628
1970-01-02 02:09:00+00:00,0.0030172231316813684,0.0010508168609963447,6626
1970-01-02 02:10:00+00:00,0.006744530209661834,0.004391076644786698,9658
1970-01-02 02:11:00+00:00,0.005925663308822341,0.0023600417451261177,7377
1970-01-02 02:12:00+00:00,0.0029765613511228304,0.002041999058822995,6958
1970-01-02 02:13:00+00:00,0.004467114634340655,0.0013962543159079868,7187
1970-01-02 02:14:00+00:00,0.005818025402597276,0.0011621284511837526,7210
1970-01-02 02:15:00+00:00,0.007125926343490627,0.004581673068301141,9658
1970-01-02 02:16:00+00:00,0.003853885054373762,0.0019782805597948865,7061
1970-01-02 02:17:00+00:00,0.005443648390326581,0.0019577919342028214,7718
1970-01-02 02:18:00+00:00,0.004081939900704256,0.0017101865392979668,6413
1970-01-02 02:19:00+00:00,0.0037082991863995668,0.001116875469348544,7348
1970-01-02 02:20:00+00:00,0.0067688062502761345,0.0048244715352182815,9661
1970-01-02 02:21:00+00:00,0.0032336010631680394,0.0020027828033126705,6670
1970-01-02 02:22:00+00:00,0.0019944385554367945,0.0013950007355998917,7216
1970-01-02 02:23:00+00:00,0.00404305811587476,0.0016079959145827943,6118
1970-01-02 02:24:00+00:00,0.002176950145140563,0.0009962668515774843,6450
1970-01-02 02:25:00+00:00,0.0068244218164015,0.004935707015089526,9667
1970-01-02 02:26:00+00:00,0.0034553789525270584,0.0017204020953680425,6987
1970-01-02 02:27:00+00:00,0.004174759382403001,0.0017833235207648538,6216
1970-01-02 02:28:00+00:00,0.0018839675592811835,0.001402248879550599,6208
1970-01-02 02:29:00+00:00,0.0012538795885832408,0.0008809827036739103,6428
1970-01-02 02:30:00+00:00,0.006671566039252409,0.004851455645996687,9672
1970-01-02 02:31:00+00:00,0.004800923933197484,0.0024471623135866355,6643
1970-01-02 02:32:00+00:00,0.0024199025387264786,0.0018481096888179535,6591
1970-01-02 02:33:00+00:00,0.002093572852297819,0.00153244309113831,7761
1970-01-02 02:34:00+00:00,0.0016944591686318775,0.0011538702611021989,7194
1970-01-02 02:35:00+00:00,0.006548382966064564,0.004836769441919755,9671
1970-01-02 02:36:00+00:00,0.0027722733243964012,0.0020758823772547134,7247
1970-01-02 02:37:00+00:00,0.0040528479753977375,0.002428721414621648,6073
1970-01-02 02:38:00+00:00,0.002752139319842805,0.0017696873630172684,5992
1970-01-02 02:39:00+00:00,0.0016274018454197254,0.0009072348993267323,6251
1970-01-02 02:40:00+00:00,0.00647516140193412,0.0047903882812861415,9671
1970-01-02 02:41:00+00:00,0.004565202970934618,0.0028009079135519065,6065
1970-01-02 02:42:00+00:00,0.0036520370230835523,0.0020774959616879857,6580
1970-01-02 02:43:00+00:00,0.002938945879583808,0.0019625302713201383,4584
1970-01-02 02:44:00+00:00,0.001965491166331384,0.0011633571545223826,4517
1970-01-02 02:45:00+00:00,0.006244369537066775,0.004715005867437744,9673
1970-01-02 02:46:00+00:00,0.004402091256141647,0.0018472775699905906,6476
1970-01-02 02:47:00+00:00,0.0019230201857471038,0.0013879272802122208,6642
1970-01-02 02:48:00+00:00,0.0013795760316096528,0.001004743969423993,6520
1970-01-02 02:49:00+00:00,0.001815099016215342,0.0007739819502951468,7253
1970-01-02 02:50:00+00:00,0.006048696002635941,0.004633384703667333,9674
1970-01-02 02:51:00+00:00,0.0033800152163253705,0.002239949228762965,6618
1970-01-02 02:52:00+00:00,0.0021160136908959263,0.0015749473182731387,6759
1970-01-02 02:53:00+00:00,0.0015234179645034344,0.0011480498203316285,7573
1970-01-02 02:54:00+00:00,0.00113670426479825,0.0007021323654147725,6435
1970-01-02 02:55:00+00:00,0.0060763624208090405,0.00467477858141584,9673
1970-01-02 02:56:00+00:00,0.003642782508553689,0.0022339607032766337,7240
1970-01-02 02:57:00+00:00,0.0030779160135864314,0.001956143139451228,6696
1970-01-02 02:58:00+00:00,0.002406513172858725,0.0015647760631356561,5140
1970-01-02 02:59:00+00:00,0.002716410084562682,0.0017165244348036656,6787
1970-01-02 03:00:00+00:00,0.006361597095085566,0.004751757698672464,9672
1970-01-02 03:01:00+00:00,0.005257179398654426,0.002671749941446584,7164
1970-01-02 03:02:00+00:00,0.0038577024432168523,0.002326147433457946,5602
1970-01-02 03:03:00+00:00,0.005171681246564744,0.0018760332533261485,6131
1970-01-02 03:04:00+00:00,0.0013529656354025201,0.0009682277022318359,6360
1970-01-02 03:05:00+00:00,0.006615024685912506,0.0048186184158525635,9674
1970-01-02 03:06:00+00:00,0.0038800590035788997,0.002229347008075492,6967
1970-01-02 03:07:00+00:00,0.003987779533297321,0.001987999096202471,6116
1970-01-02 03:08:00+00:00,0.0029714063851053324,0.0014099045950436684,6290
1970-01-02 03:09:00+00:00,0.0017764671786375552,0.0009127888961025416,4967
1970-01-02 03:10:00+00:00,0.006066609499312278,0.004770190517813578,9671
1970-01-02 03:11:00+00:00,0.0032694880543255034,0.0022570437604616357,7299
1970-01-02 03:12:00+00:00,0.002538730106585521,0.0022569351017386243,6355
1970-01-02 03:13:00+00:00,0.0019125681613360666,0.001825055585167866,6361
1970-01-02 03:14:00+00:00,0.0013527894488929953,0.00112329119760801,6208
1970-01-02 03:15:00+00:00,0.005674209750257392,0.004472599109607906,9670
1970-01-02 03:16:00+00:00,0.00215784755468004,0.0015982643831527427,6919
1970-01-02 03:17:00+00:00,0.0022374457060047315,0.0016527429454547796,5935
1970-01-02 03:18:00+00:00,0.001133363918811095,0.0011373195200896193,5199
1970-01-02 03:19:00+00:00,0.0020549870303636715,0.0010510328812019416,6768
1970-01-02 03:20:00+00:00,0.006220480038586169,0.004608090583350278,9668
1970-01-02 03:21:00+00:00,0.00419895057682526,0.0023996356483563523,8000
1970-01-02 03:22:00+00:00,0.0021633711609773745,0.001583367655254277,7623
1970-01-02 03:23:00+00:00,0.001496624248197584,0.0012385949527404037,8094
1970-01-02 03:24:00+00:00,0.0017825143006876135,0.001168724424044722,7073
1970-01-02 03:25:00+00:00,0.0063835290690174955,0.004674135429893061,9668
1970-01-02 03:26:00+00:00,0.004092932687145119,0.0020435272866127733,6872
1970-01-02 03:27:00+00:00,0.002575556427258034,0.001568701105331694,6840
1970-01-02 03:28:00+00:00,0.002791004121313368,0.0017749601632939854,6649
1970-01-02 03:29:00+00:00,0.0011719486553773634,0.0009801183564572622,5931
1970-01-02 03:30:00+00:00,0.006279798767514288,0.004619142943857616,9669
1970-01-02 03:31:00+00:00,0.00357246328939041,0.0021675901623274068,6687
1970-01-02 03:32:00+00:00,0.00291579666259913,0.002123185716536596,6168
1970-01-02 03:33:00+00:00,0.002462328806524157,0.0015991747497603247,6084
1970-01-02 03:34:00+00:00,0.0014513527210537282,0.0010601638345157415,6264
1970-01-02 03:35:00+00:00,0.005870202350247387,0.004676329349760139,9670
1970-01-02 03:36:00+00:00,0.003391890036425634,0.0021213298052264805,6049
1970-01-02 03:37:00+00:00,0.0032178403743717563,0.00200256716142252,7419
1970-01-02 03:38:00+00:00,0.002247532638573395,0.0012286113405138874,6655
1970-01-02 03:39:00+00:00,0.0017051827432251836,0.0009341750654974194,7152
1970-01-02 03:40:00+00:00,0.006139888592144409,0.004735471484234698,9675
1970-01-02 03:41:00+00:00,0.005109071026701549,0.0018712399490599621,6608
1970-01-02 03:42:00+00:00,0.0041878887858970565,0.0023683357915652006,7401
1970-01-02 03:43:00+00:00,0.0025947041399501263,0.001884629613608074,6843
1970-01-02 03:44:00+00:00,0.0018743494921024306,0.0009954912521249635,5585
1970-01-02 03:45:00+00:00,0.00616187692427633,0.004624883242734843,9671
1970-01-02 03:46:00+00:00,0.003727747474008844,0.002657219866964877,6984
1970-01-02 03:47:00+00:00,0.002517484418237019,0.001943710872536313,6907
1970-01-02 03:48:00+00:00,0.002173899138560063,0.001541524842651473,7544
1970-01-02 03:49:00+00:00,0.0014525213851301713,0.0009317862744493736,7662
1970-01-02 03:50:00+00:00,0.006198474305995677,0.004592043405631206,9674
1970-01-02 03:51:00+00:00,0.0034400696672634875,0.002423512566602062,7336
1970-01-02 03:52:00+00:00,0.002127143466145363,0.0018879957831000758,7325
1970-01-02 03:53:00+00:00,0.0013988982742427299,0.0013222463595880317,7050
1970-01-02 03:54:00+00:00,0.001992020834847745,0.0012899932716945884,7248
1970-01-02 03:55:00+00:00,0.006379576820901845,0.004777039414461567,9674
1970-01-02 03:56:00+00:00,0.004651057206296481,0.0019303276349788858,6914
1970-01-02 03:57:00+00:00,0.0029707296057800187,0.0019589822897484307,6155
1970-01-02 03:58:00+00:00,0.0019867739003970883,0.0012394108091650818,6614
1970-01-02 03:59:00+00:00,0.0012241000942559129,0.0008042849337168223,6071
1970-01-02 04:00:00+00:00,0.006435183435947671,0.004754739964135244,9673
1970-01-02 04:01:00+00:00,0.004629313386954613,0.002619673327802837,7178
1970-01-02 04:02:00+00:00,0.003129307091365966,0.0020366714064765055,6129
1970-01-02 04:03:00+00:00,0.0018718346713832354,0.0013623681621195906,6105
1970-01-02 04:04:00+00:00,0.0014406877458165498,0.0008343308723412077,5673
1970-01-02 04:05:00+00:00,0.006518377043881648,0.004719933374550897,9675
1970-01-02 04:06:00+00:00,0.0027067206120335204,0.0018615817727223752,6924
1970-01-02 04:07:00+00:00,0.0037763111992848916,0.002159470275333148,6519
1970-01-02 04:08:00+00:00,0.0017542422133760259,0.0014560982581615489,6636
1970-01-02 04:09:00+00:00,0.0018070215055550848,0.000986163707298286,6903
1970-01-02 04:10:00+00:00,0.006585663195676896,0.004759376084115521,9676
1970-01-02 04:11:00+00:00,0.003753852185128071,0.0024679199274580546,7904
1970-01-02 04:12:00+00:00,0.002879623594938715,0.0021177623915191734,6621
1970-01-02 04:13:00+00:00,0.0019983835222186145,0.0014808678178563444,5615
1970-01-02 04:14:00+00:00,0.0013358856746843162,0.0008217494986502362,5881
1970-01-02 04:15:00+00:00,0.00679086821339066,0.004847843835225176,9675
1970-01-02 04:16:00+00:00,0.003868550817157687,0.002251317844635825,6320
1970-01-02 04:17:00+00:00,0.003751023375971609,0.0018416790844932478,7192
1970-01-02 04:18:00+00:00,0.002757574899631735,0.0015223491038253009,7054
1970-01-02 04:19:00+00:00,0.0018661799478498662,0.001014458388817892,6742
1970-01-02 04:20:00+00:00,0.006871743206874964,0.004803947149374379,9675
1970-01-02 04:21:00+00:00,0.0037226769450092777,0.0019755505147842417,7130
1970-01-02 04:22:00+00:00,0.0031327686531182745,0.001981788984560124,5851
1970-01-02 04:23:00+00:00,0.0028269326412977427,0.0013497342519191325,7078
1970-01-02 04:24:00+00:00,0.002502448402250532,0.0008083160244772293,6440
1970-01-02 04:25:00+00:00,0.006680626920839195,0.004677640739044843,9674
1970-01-02 04:26:00+00:00,0.003732683053878523,0.00206870610981768,6551
1970-01-02 04:27:00+00:00,0.002505854489708221,0.0016913627838630594,7087
1970-01-02 04:28:00+00:00,0.0021911997096900207,0.001466047164917508,6373
1970-01-02 04:29:00+00:00,0.0016013517594693693,0.0010155922070307906,6398
1970-01-02 04:30:00+00:00,0.006721690736620825,0.0047173056279474716,9672
1970-01-02 04:31:00+00:00,0.0034970569228586663,0.0021953968143373203,7329
1970-01-02 04:32:00+00:00,0.0031048651835298914,0.001963485448999047,6203
1970-01-02 04:33:00+00:00,0.002049465341325168,0.0015072762738013775,6972
1970-01-02 04:34:00+00:00,0.0014293307312746141,0.0014145884396177374,6661
1970-01-02 04:35:00+00:00,0.006541290418070935,0.004641697022378584,9672
1970-01-02 04:36:00+00:00,0.0031545721840295737,0.0021626877334629457,6863
1970-01-02 04:37:00+00:00,0.0025716400968237877,0.0017256344221320205,5481
1970-01-02 04:38:00+00:00,0.0018823573269650799,0.0015636477857435634,6281
1970-01-02 04:39:00+00:00,0.0016380116735462298,0.0007584239120692872,5478
1970-01-02 04:40:00+00:00,0.006550983506297693,0.004564005064653806,9673
1970-01-02 04:41:00+00:00,0.0024767158783708023,0.0016972848316229644,7766
1970-01-02 04:42:00+00:00,0.002147325393905392,0.0015382416992909583,6384
1970-01-02 04:43:00+00:00,0.0017383685482954935,0.001250302737096176,6158
1970-01-02 04:44:00+00:00,0.0011039490395403913,0.0007067142401449317,4349
1970-01-02 04:45:00+00:00,0.006721365022888329,0.004740533539051083,9674
1970-01-02 04:46:00+00:00,0.0027134269025825323,0.0017000012420062094,5088
1970-01-02 04:47:00+00:00,0.002190840538476442,0.0014987324283330802,6920
1970-01-02 04:48:00+00:00,0.0023554400383369437,0.0011913212844800853,7439
1970-01-02 04:49:00+00:00,0.0019828494193351483,0.0008650980681392962,6025
1970-01-02 04:50:00+00:00,0.006853815456929354,0.004809254829717441,9676
1970-01-02 04:51:00+00:00,0.0038584033929358647,0.0020351775542608256,6376
1970-01-02 04:52:00+00:00,0.0029323046519701777,0.0017441981908076932,6006
1970-01-02 04:53:00+00:00,0.002599298445997125,0.0013977491745221994,6108
1970-01-02 04:54:00+00:00,0.0019855249300954145,0.0008576516416764696,5783
1970-01-02 04:55:00+00:00,0.006665929106119245,0.004782762135970042,9676
1970-01-02 04:56:00+00:00,0.0027665338955064674,0.001461434819933932,6327
1970-01-02 04:57:00+00:00,0.003441054306159781,0.0017808942265011747,7056
1970-01-02 04:58:00+00:00,0.0019849611082594478,0.0016009239379931584,6302
1970-01-02 04:59:00+00:00,0.0018467400522949756,0.0008979675764321432,5886
1970-01-02 05:00:00+00:00,0.006747944228164667,0.004749468920667214,9675
1970-01-02 05:01:00+00:00,0.004156489372994888,0.002219097255789231,6047
1970-01-02 05:02:00+00:00,0.002832857170727889,0.0017700425126539385,6046
1970-01-02 05:03:00+00:00,0.005035260407778547,0.003408388282021427,7088
1970-01-02 05:04:00+00:00,0.0011458139471043785,0.00048730666838822146,6212
1970-01-02 05:05:00+00:00,0.006802116049563962,0.004748020426627234,9675
1970-01-02 05:06:00+00:00,0.0038318499224392977,0.001719414716608025,6299
1970-01-02 05:07:00+00:00,0.0026271859377267424,0.0015963714945694185,5654
1970-01-02 05:08:00+00:00,0.00137152594050572,0.0006860002074439817,6497
1970-01-02 05:09:00+00:00,0.0015021025080688441,0.0005117919997974211,6210
1970-01-02 05:10:00+00:00,0.006690996764879791,0.004707102811200607,9674
1970-01-02 05:11:00+00:00,0.003192746405135171,0.0017076925508356345,6702
1970-01-02 05:12:00+00:00,0.0025997219618269967,0.001524877531047952,5901
1970-01-02 05:13:00+00:00,0.002021541361840155,0.0011370512117150635,5454
1970-01-02 05:14:00+00:00,0.0028724542970381232,0.0016680541707572002,7046
1970-01-02 05:15:00+00:00,0.006696807340076529,0.0047891819578023305,9674
1970-01-02 05:16:00+00:00,0.0027354096014295414,0.0018720608710963893,5608
1970-01-02 05:17:00+00:00,0.0023412779348867914,0.001612372716267898,5680
1970-01-02 05:18:00+00:00,0.0028467294701757734,0.0011770713841210566,5724
1970-01-02 05:19:00+00:00,0.002307180637795007,0.0012008037086584974,6410
1970-01-02 05:20:00+00:00,0.006775219396621929,0.004776308223176242,9674
1970-01-02 05:21:00+00:00,0.004403065219399972,0.0023934400723381096,6526
1970-01-02 05:22:00+00:00,0.0026852368641832997,0.001642108868285996,7060
1970-01-02 05:23:00+00:00,0.004665983524059886,0.0030112106138908195,7293
1970-01-02 05:24:00+00:00,0.0015665798400999625,0.0007890033156131572,6400
1970-01-02 05:25:00+00:00,0.006667887136152567,0.004648674446875817,9673
1970-01-02 05:26:00+00:00,0.003246720911043299,0.0022481540743616566,6861
1970-01-02 05:27:00+00:00,0.0023843989322249095,0.0016427266748041184,7139
1970-01-02 05:28:00+00:00,0.001566102462481663,0.000995901786962782,6770
1970-01-02 05:29:00+00:00,0.001968099679722701,0.0009653383504275266,7362
1970-01-02 05:30:00+00:00,0.006520768908020075,0.004502733993408707,9674
1970-01-02 05:31:00+00:00,0.0035655696646631784,0.0020368818446475133,6870
1970-01-02 05:32:00+00:00,0.0025976570006011387,0.0014352521892376287,5916
1970-01-02 05:33:00+00:00,0.0018792067306979822,0.0009245005020951161,6221
1970-01-02 05:34:00+00:00,0.001103739611035093,0.0004947486364787724,6048
1970-01-02 05:35:00+00:00,0.006597705588342996,0.004567741110701891,9672
1970-01-02 05:36:00+00:00,0.0031615355530017655,0.0018075748917563666,5943
1970-01-02 05:37:00+00:00,0.0028400388772938695,0.0014478773329798713,6080
1970-01-02 05:38:00+00:00,0.0026584438094271598,0.0010591173475734024,6375
1970-01-02 05:39:00+00:00,0.0016380401832351058,0.0007449055678838176,5920
1970-01-02 05:40:00+00:00,0.00687936608567657,0.004727611095171498,9672
1970-01-02 05:41:00+00:00,0.0031853729548768066,0.0017866753475735322,5447
1970-01-02 05:42:00+00:00,0.002563014372827558,0.0015074477177626103,5573
1970-01-02 05:43:00+00:00,0.002350430809891071,0.0011380248359069097,6036
1970-01-02 05:44:00+00:00,0.0016519871580527251,0.0008243132554396576,5538
1970-01-02 05:45:00+00:00,0.006706539208167808,0.0046837998739341965,9674
1970-01-02 05:46:00+00:00,0.0026207000384863267,0.0018165736438276985,5777
1970-01-02 05:47:00+00:00,0.002735243791783884,0.0016251186815785152,5207
1970-01-02 05:48:00+00:00,0.002271926916345171,0.0012789234059527826,5675
1970-01-02 05:49:00+00:00,0.0015372564154412143,0.000873875889313333,5259
1970-01-02 05:50:00+00:00,0.0067022405374499,0.004654785467878568,9675
1970-01-02 05:51:00+00:00,0.0038301928473870083,0.0024747105655446413,6405
1970-01-02 05:52:00+00:00,0.0031995739239651915,0.0019471020202383384,6460
1970-01-02 05:53:00+00:00,0.0020979910351197812,0.0015259940656352066,5818
1970-01-02 05:54:00+00:00,0.0044400278685584145,0.0026638860260724162,5616
1970-01-02 05:55:00+00:00,0.006726519154343978,0.004803527691452137,9676
1970-01-02 05:56:00+00:00,0.0038566539627988817,0.002372911654343582,5910
1970-01-02 05:57:00+00:00,0.003435084386657837,0.0021902917896056383,5937
1970-01-02 05:58:00+00:00,0.002441168366191555,0.0016578773694617705,5705
1970-01-02 05:59:00+00:00,0.002092866362514995,0.0008101055285663946,6122
1970-01-02 06:00:00+00:00,0.006691366033719366,0.00467779644910106,9677
1970-01-02 06:01:00+00:00,0.003007198394613053,0.0019776595082688694,6037
1970-01-02 06:02:00+00:00,0.002912690998647792,0.0016845833466674546,5842
1970-01-02 06:03:00+00:00,0.0024365295640020055,0.0014236288632309098,6116
1970-01-02 06:04:00+00:00,0.002042573562123896,0.0010750639337726504,4911
1970-01-02 06:05:00+00:00,0.006740973369312406,0.00486418529059257,9677
1970-01-02 06:06:00+00:00,0.004065355576822981,0.0026256962461872497,5039
1970-01-02 06:07:00+00:00,0.003214256831658063,0.002042800426412967,5652
1970-01-02 06:08:00+00:00,0.002912331391427806,0.0014926182632607576,6130
1970-01-02 06:09:00+00:00,0.0028022468771809945,0.001214791357127664,5364
1970-01-02 06:10:00+00:00,0.006690999628939595,0.0047886192612873885,9679
1970-01-02 06:11:00+00:00,0.0034460203926115164,0.0018976874177010965,6321
1970-01-02 06:12:00+00:00,0.0033538204731078532,0.0019294819079887682,5115
1970-01-02 06:13:00+00:00,0.002523012307879362,0.0014935391857449525,6495
1970-01-02 06:14:00+00:00,0.0018825407574177711,0.0010910778884166868,5476
1970-01-02 06:15:00+00:00,0.006546278650123706,0.004717550027124902,9677
1970-01-02 06:16:00+00:00,0.0035718633920790517,0.0019697988500427415,6380
1970-01-02 06:17:00+00:00,0.003347825082322039,0.002080827661210472,5350
1970-01-02 06:18:00+00:00,0.002654997303128092,0.001516900014633477,5722
1970-01-02 06:19:00+00:00,0.0020541376129647793,0.0012524421046317276,5539
1970-01-02 06:20:00+00:00,0.0066040680967509235,0.004740984081762552,9677
1970-01-02 06:21:00+00:00,0.004068451346256189,0.002491892623822021,5228
1970-01-02 06:22:00+00:00,0.003127445392552498,0.0021571595370198696,5844
1970-01-02 06:23:00+00:00,0.0022799709409310255,0.0015439699495105278,5507
1970-01-02 06:24:00+00:00,0.0019157395887105092,0.001145619052788282,5131
1970-01-02 06:25:00+00:00,0.006784094486334966,0.004828708731997902,9677
1970-01-02 06:26:00+00:00,0.0036018573429989075,0.002355203007269096,5201
1970-01-02 06:27:00+00:00,0.004743736600906688,0.0026010081470590573,5551
1970-01-02 06:28:00+00:00,0.0016687069849342648,0.0009609605471088324,5573
1970-01-02 06:29:00+00:00,0.0020561915214135466,0.0010036399571275178,4999
1970-01-02 06:30:00+00:00,0.006647511054314174,0.00477748589422271,9678
1970-01-02 06:31:00+00:00,0.002898650369797971,0.0018104021836315308,5849
1970-01-02 06:32:00+00:00,0.0032735761149774245,0.001888935115321418,5586
1970-01-02 06:33:00+00:00,0.0027192404300034447,0.0017938945509980858,6102
1970-01-02 06:34:00+00:00,0.002674754799371727,0.0012445631980679839,4716
1970-01-02 06:35:00+00:00,0.0065711746556399485,0.004751477455524255,9678
1970-01-02 06:36:00+00:00,0.0035451256273976925,0.0021504763552540433,4918
1970-01-02 06:37:00+00:00,0.0035289468875988965,0.0021673580857878945,4916
1970-01-02 06:38:00+00:00,0.002862679157748342,0.0016351432160582047,6189
1970-01-02 06:39:00+00:00,0.0019585389061520762,0.0009632596806847404,5930
1970-01-02 06:40:00+00:00,0.006472399017058833,0.004689235825377528,9678
1970-01-02 06:41:00+00:00,0.0031992371127171483,0.0019604888039433965,6514
1970-01-02 06:42:00+00:00,0.002897480608982721,0.002120154839116533,7002
1970-01-02 06:43:00+00:00,0.002241491272421162,0.0013325825119257124,6290
1970-01-02 06:44:00+00:00,0.0025914809318341855,0.001223243345573463,5757
1970-01-02 06:45:00+00:00,0.0066337957138762095,0.004763448901005437,9677
1970-01-02 06:46:00+00:00,0.00421995045730834,0.002214855613803963,6041
1970-01-02 06:47:00+00:00,0.004674276162936334,0.002231780912652007,4927
1970-01-02 06:48:00+00:00,0.0024717704674574624,0.0018195982988759019,6694
1970-01-02 06:49:00+00:00,0.003255665286007496,0.0013217656608708556,5706
1970-01-02 06:50:00+00:00,0.006586375543459273,0.004796137039246504,9677
1970-01-02 06:51:00+00:00,0.0031415588708027884,0.0021317606600397884,6261
1970-01-02 06:52:00+00:00,0.0025259236869304073,0.0018787692096169277,6161
1970-01-02 06:53:00+00:00,0.0019283941732589206,0.0014612463634520012,4720
1970-01-02 06:54:00+00:00,0.001668724912125872,0.0011286567841748065,4953
1970-01-02 06:55:00+00:00,0.006619314025897278,0.004820945451562214,9677
1970-01-02 06:56:00+00:00,0.0038564598689642543,0.0025924907965032503,5807
1970-01-02 06:57:00+00:00,0.003708189440783297,0.0019094789714861268,6318
1970-01-02 06:58:00+00:00,0.002799415751685953,0.0017645144115557986,6098
1970-01-02 06:59:00+00:00,0.0021616385762201523,0.0014344819996222023,6027
1970-01-02 07:00:00+00:00,0.006477920889285264,0.004524415859746289,9678
1970-01-02 07:01:00+00:00,0.002943884261997852,0.002024492840200796,7365
1970-01-02 07:02:00+00:00,0.0024540665986851158,0.0016221496815520772,6079
1970-01-02 07:03:00+00:00,0.0018297779253701617,0.0012458753084966527,6165
1970-01-02 07:04:00+00:00,0.0016048384730677967,0.0009171011527154694,4782
1970-01-02 07:05:00+00:00,0.006671360256904295,0.00465219660622961,9677
1970-01-02 07:06:00+00:00,0.0038084677226830513,0.0016501593562752651,4831
1970-01-02 07:07:00+00:00,0.0020918040562677626,0.0014165770343029435,4838
1970-01-02 07:08:00+00:00,0.0023786351832496386,0.000977895917164495,6014
1970-01-02 07:09:00+00:00,0.0014400190004604794,0.0007590857615467512,5421
1970-01-02 07:10:00+00:00,0.006561445814329046,0.004630716637551721,9676
1970-01-02 07:11:00+00:00,0.002514850459051521,0.0018474229953010855,6698
1970-01-02 07:12:00+00:00,0.002567485561839397,0.0016556020866352254,5586
1970-01-02 07:13:00+00:00,0.002979381752542698,0.0020076294526700403,5770
1970-01-02 07:14:00+00:00,0.002641020190891184,0.0018213727692816392,5959
1970-01-02 07:15:00+00:00,0.006307861622037164,0.004585427349249366,9676
1970-01-02 07:16:00+00:00,0.004375531406476226,0.0017411790428729296,5583
1970-01-02 07:17:00+00:00,0.0033727221413461916,0.0017773861478043165,5767
1970-01-02 07:18:00+00:00,0.0028311969977468797,0.0016471652121119642,6391
1970-01-02 07:19:00+00:00,0.0020010119622148933,0.0010803724877211155,6568
1970-01-02 07:20:00+00:00,0.006056843550918497,0.004515114364595908,9676
1970-01-02 07:21:00+00:00,0.0027166718141580924,0.001939299774642524,6723
1970-01-02 07:22:00+00:00,0.0025435147686956395,0.0017469811898011478,6720
1970-01-02 07:23:00+00:00,0.0022217519990690494,0.001827959796470877,6668
1970-01-02 07:24:00+00:00,0.0015365209011052633,0.001186321415788742,6793
1970-01-02 07:25:00+00:00,0.005905034364697907,0.00447060139390778,9676
1970-01-02 07:26:00+00:00,0.0026546863180490834,0.00146885767610775,7562
1970-01-02 07:27:00+00:00,0.0032412225720964576,0.001748399491544519,7068
1970-01-02 07:28:00+00:00,0.002521102752629007,0.0020106256957759102,6484
1970-01-02 07:29:00+00:00,0.00264335540810159,0.0013648790578332628,7537
1970-01-02 07:30:00+00:00,0.005949336871106457,0.004553532171246332,9676
1970-01-02 07:31:00+00:00,0.0028475592978262454,0.0022800209129092974,6896
1970-01-02 07:32:00+00:00,0.002005463927675576,0.0015640404994973903,7213
1970-01-02 07:33:00+00:00,0.001745238320648369,0.0011314383949938992,5809
1970-01-02 07:34:00+00:00,0.0018611014146836659,0.0009589228680987641,5900
1970-01-02 07:35:00+00:00,0.006185611530849338,0.004554021254672535,9677
1970-01-02 07:36:00+00:00,0.00305978060479475,0.0017113852352902221,6774
1970-01-02 07:37:00+00:00,0.0034430728453358084,0.0017811189603425786,7487
1970-01-02 07:38:00+00:00,0.002013380516259076,0.0009359262240961332,6555
1970-01-02 07:39:00+00:00,0.0017591862746079245,0.0008268413142180692,6098
1970-01-02 07:40:00+00:00,0.0065498844353575805,0.004616122132239391,9677
1970-01-02 07:41:00+00:00,0.0033470387084685313,0.0021880847098339463,6698
1970-01-02 07:42:00+00:00,0.00255840236658786,0.001828071968458422,7447
1970-01-02 07:43:00+00:00,0.002057841327729222,0.002000466900350763,6266
1970-01-02 07:44:00+00:00,0.0020033259321446673,0.0011056179858609794,5472
1970-01-02 07:45:00+00:00,0.00674913818546707,0.004669313178582145,9677
1970-01-02 07:46:00+00:00,0.003904049858320709,0.002015438762473346,6422
1970-01-02 07:47:00+00:00,0.004176712100113646,0.0017466227400152426,5664
1970-01-02 07:48:00+00:00,0.0023944208715058445,0.0011874477947732961,5089
1970-01-02 07:49:00+00:00,0.0026349829193469993,0.001243120640847155,5750
1970-01-02 07:50:00+00:00,0.006868555261039298,0.004698049862235779,9677
1970-01-02 07:51:00+00:00,0.0027609529687448783,0.0016884927378511992,7041
1970-01-02 07:52:00+00:00,0.0071637008120289634,0.00444166450712399,7163
1970-01-02 07:53:00+00:00,0.004496719631269022,0.002797320047360613,6121
1970-01-02 07:54:00+00:00,0.0014674870497515449,0.0006923148313076886,4660
1970-01-02 07:55:00+00:00,0.006558468883376674,0.0046038336999067835,9673
1970-01-02 07:56:00+00:00,0.001433840049176646,0.0007898405600805302,5041
1970-01-02 07:57:00+00:00,0.001311983824657568,0.0010802290679241301,6361
1970-01-02 07:58:00+00:00,0.0014135885175153825,0.0011202992242165138,6664
1970-01-02 07:59:00+00:00,0.002849722300310638,0.0009637013746996569,5878
1970-01-02 08:00:00+00:00,0.0060308283436111354,0.004336802093884885,9672
1970-01-02 08:01:00+00:00,0.0030443709180994656,0.0018267822003170623,6447
1970-01-02 08:02:00+00:00,0.0031217185309434636,0.0018972108587769951,5449
1970-01-02 08:03:00+00:00,0.0029390943189575684,0.001363293129339758,6362
1970-01-02 08:04:00+00:00,0.0016127137148965831,0.0007777376768739376,6280
1970-01-02 08:05:00+00:00,0.005973409489827275,0.0042788132229999425,9671
1970-01-02 08:06:00+00:00,0.003308099485337765,0.0018555001629141745,6797
1970-01-02 08:07:00+00:00,0.00253936502237406,0.0014589208067372994,6679
1970-01-02 08:08:00+00:00,0.003366953878136243,0.0016982256818116165,7023
1970-01-02 08:09:00+00:00,0.002137979118809339,0.001132670922460083,6456
1970-01-02 08:10:00+00:00,0.006214409328720819,0.004302948384275542,9671
1970-01-02 08:11:00+00:00,0.0024048435246636062,0.0015158145193722215,7146
1970-01-02 08:12:00+00:00,0.002461544796630743,0.0016159668603541026,6335
1970-01-02 08:13:00+00:00,0.0019432463915245027,0.001051612595104193,4561
1970-01-02 08:14:00+00:00,0.003242259597588445,0.002022368448655255,6301
1970-01-02 08:15:00+00:00,0.0059170665060635464,0.004162721284505134,9673
1970-01-02 08:16:00+00:00,0.0031561181731152455,0.001937729788939392,5550
1970-01-02 08:17:00+00:00,0.005907009543000792,0.004126077413576964,6855
1970-01-02 08:18:00+00:00,0.0016167229153182274,0.0007212241209625467,6193
1970-01-02 08:19:00+00:00,0.001476983598157628,0.0007452749221213338,5882
1970-01-02 08:20:00+00:00,0.005851291746180474,0.004128496117763666,9675
1970-01-02 08:21:00+00:00,0.0027560169424462534,0.0014637034527344543,6713
1970-01-02 08:22:00+00:00,0.0015295751126872556,0.0009392075399995933,6656
1970-01-02 08:23:00+00:00,0.0019804610604203113,0.0011551884329453828,5967
1970-01-02 08:24:00+00:00,0.0010687072856459935,0.0004606919956879983,5133
1970-01-02 08:25:00+00:00,0.00572348128497326,0.003963637100301614,9676
1970-01-02 08:26:00+00:00,0.00201953630256078,0.001289224115633487,5291
1970-01-02 08:27:00+00:00,0.0019225568393308184,0.0012322600452609,5718
1970-01-02 08:28:00+00:00,0.0014504217443417453,0.0010138757506274493,6492
1970-01-02 08:29:00+00:00,0.0018496254749612812,0.0010985183469657816,6417
1970-01-02 08:30:00+00:00,0.0059194861504923025,0.004017882151389881,9676
1970-01-02 08:31:00+00:00,0.004085373642522209,0.002009125741255814,6333
1970-01-02 08:32:00+00:00,0.0028946661650146393,0.0017528816862135187,6886
1970-01-02 08:33:00+00:00,0.0019534899874257138,0.0010310642337503899,5385
1970-01-02 08:34:00+00:00,0.0026511214328410644,0.0014004690148763388,5518
1970-01-02 08:35:00+00:00,0.005864563402163826,0.003982499962666811,9676
1970-01-02 08:36:00+00:00,0.002280120372743566,0.0012566019791064834,6027
1970-01-02 08:37:00+00:00,0.002699446975771513,0.0013461144119895692,6359
1970-01-02 08:38:00+00:00,0.003216753167173272,0.0010132434461281262,6230
1970-01-02 08:39:00+00:00,0.002752839541415186,0.0009357070000458416,6079
1970-01-02 08:40:00+00:00,0.005799766693889225,0.003955118025397119,9676
1970-01-02 08:41:00+00:00,0.0033210455072866024,0.0015587807629118362,6615
1970-01-02 08:42:00+00:00,0.002886025336631951,0.0014792922754235836,5780
1970-01-02 08:43:00+00:00,0.00261057913520245,0.0012391295049270711,6203
1970-01-02 08:44:00+00:00,0.0023527176675736017,0.0009786961423392485,5485
1970-01-02 08:45:00+00:00,0.005715310016903821,0.0039159696359983166,9676
1970-01-02 08:46:00+00:00,0.002792543570404216,0.0014314737009629521,5566
1970-01-02 08:47:00+00:00,0.002840691346901338,0.0015441101232060914,5532
1970-01-02 08:48:00+00:00,0.0018779195430411444,0.0010632399634070248,4745
1970-01-02 08:49:00+00:00,0.0023523804337094454,0.0010089653476211657,6093
1970-01-02 08:50:00+00:00,0.00580500582606893,0.003910926261555579,9676
1970-01-02 08:51:00+00:00,0.0030702832122355924,0.0015177859620605794,6009
1970-01-02 08:52:00+00:00,0.0033666020085726797,0.0017354964470232452,5970
1970-01-02 08:53:00+00:00,0.002630113784083688,0.001547747732736423,6111
1970-01-02 08:54:00+00:00,0.0023858248838310265,0.0011083082543837438,4897
1970-01-02 08:55:00+00:00,0.005697483274405489,0.003931716753003617,9677
1970-01-02 08:56:00+00:00,0.004934076670281531,0.0027998907697516636,6874
1970-01-02 08:57:00+00:00,0.0031763327104172194,0.0018115661444377564,6382
1970-01-02 08:58:00+00:00,0.0030166976714266405,0.0018244563636568426,6556
1970-01-02 08:59:00+00:00,0.0033799843349538745,0.0017542937494965376,5617
1970-01-02 09:00:00+00:00,0.005718686740829371,0.003926219434031716,9676
1970-01-02 09:01:00+00:00,0.004083429577622595,0.0016340906540050692,6330
1970-01-02 09:02:00+00:00,0.0048132981067984595,0.0018421462772260403,5944
1970-01-02 09:03:00+00:00,0.0034045838872492316,0.0017374383325584688,6591
1970-01-02 09:04:00+00:00,0.0034219933183972004,0.001595967629158356,6028
1970-01-02 09:05:00+00:00,0.005833686735394441,0.003958726150626557,9676
1970-01-02 09:06:00+00:00,0.004772920920470081,0.0025023430084513756,6316
1970-01-02 09:07:00+00:00,0.003005268686160926,0.001582437823592486,5868
1970-01-02 09:08:00+00:00,0.00255144229827854,0.0013008326131361814,5823
1970-01-02 09:09:00+00:00,0.002645587851642915,0.0009722892717862687,6637
1970-01-02 09:10:00+00:00,0.005684682593485607,0.0038859891095534564,9676
1970-01-02 09:11:00+00:00,0.0035378471184065647,0.0018448716175519639,6547
1970-01-02 09:12:00+00:00,0.0039809276817623345,0.0021684338263902804,6877
1970-01-02 09:13:00+00:00,0.0038229238118556823,0.0017953990311022608,6670
1970-01-02 09:14:00+00:00,0.0033932920784978137,0.0016782478481506278,6200
1970-01-02 09:15:00+00:00,0.005642459448418696,0.003954179392699729,9676
1970-01-02 09:16:00+00:00,0.0025063437887440946,0.0013380127585165518,4734
1970-01-02 09:17:00+00:00,0.0031417393686201823,0.0014519298790669562,6132
1970-01-02 09:18:00+00:00,0.004374646669557381,0.0014269176832302293,5574
1970-01-02 09:19:00+00:00,0.0023145727683390152,0.0010560015954001825,7698
1970-01-02 09:20:00+00:00,0.005613152484918685,0.003830431346438516,9676
1970-01-02 09:21:00+00:00,0.0034979566372707153,0.0017684212353587469,6796
1970-01-02 09:22:00+00:00,0.0021126150879011703,0.0011988315717704077,6552
1970-01-02 09:23:00+00:00,0.001932288936405464,0.0011605386207353535,5733
1970-01-02 09:24:00+00:00,0.0029440739979626446,0.001269479148625918,6040
1970-01-02 09:25:00+00:00,0.0057609668273150534,0.00388042862137498,9677
1970-01-02 09:26:00+00:00,0.003656241462821669,0.0020830834196301166,5580
1970-01-02 09:27:00+00:00,0.0030637528183074204,0.0017063857582475573,6559
1970-01-02 09:28:00+00:00,0.002925193546300626,0.0017204790277260652,6561
1970-01-02 09:29:00+00:00,0.0028120962099870634,0.001314260904807029,6921
1970-01-02 09:30:00+00:00,0.005913111110753759,0.003925779987921104,9676
1970-01-02 09:31:00+00:00,0.004679143040209959,0.0021596675904653768,7297
1970-01-02 09:32:00+00:00,0.003408972645753496,0.001802472997450498,6138
1970-01-02 09:33:00+00:00,0.0037662701338012053,0.0016852868208480103,6361
1970-01-02 09:34:00+00:00,0.001993056382201517,0.0009329526714961273,6263
1970-01-02 09:35:00+00:00,0.00576259688648741,0.003872187929058881,9674
1970-01-02 09:36:00+00:00,0.0027196427327777733,0.0018380916856219416,7191
1970-01-02 09:37:00+00:00,0.002786753499997858,0.0016267528596603366,6943
1970-01-02 09:38:00+00:00,0.0028431190410613217,0.0016193705708532668,6662
1970-01-02 09:39:00+00:00,0.0023951595888743165,0.0014287987553140587,7562
1970-01-02 09:40:00+00:00,0.005729137715007939,0.0039059880820201554,9676
1970-01-02 09:41:00+00:00,0.003417811505989043,0.0018195496109830568,7379
1970-01-02 09:42:00+00:00,0.0033777531018559606,0.001787161306582976,6766
1970-01-02 09:43:00+00:00,0.0033348489790378816,0.0017446510446487782,6617
1970-01-02 09:44:00+00:00,0.002069017849049777,0.001321783055514486,5911
1970-01-02 09:45:00+00:00,0.005613696533192374,0.003898274906633155,9677
1970-01-02 09:46:00+00:00,0.004163728058564549,0.001584932815578809,6726
1970-01-02 09:47:00+00:00,0.00301084308248394,0.0014867074465150037,7073
1970-01-02 09:48:00+00:00,0.0029908724587982124,0.001838657088896266,7526
1970-01-02 09:49:00+00:00,0.002796327304318177,0.001790674528661623,7010
1970-01-02 09:50:00+00:00,0.005730578882440158,0.0039163426346618905,9672
1970-01-02 09:51:00+00:00,0.003583370065203505,0.002014952214566243,7837
1970-01-02 09:52:00+00:00,0.003777763936807083,0.002267433966828032,6951
1970-01-02 09:53:00+00:00,0.0030286438628354577,0.0017659188797426821,7391
1970-01-02 09:54:00+00:00,0.0031097458715295344,0.001566516150953024,7199
1970-01-02 09:55:00+00:00,0.005681398159616011,0.003959945464798596,9672
1970-01-02 09:56:00+00:00,0.002070258603643767,0.0014517450523857014,6355
1970-01-02 09:57:00+00:00,0.003190826852271653,0.0018155909442838028,6357
1970-01-02 09:58:00+00:00,0.001978930226433281,0.0011394372299494337,7671
1970-01-02 09:59:00+00:00,0.001774515219125761,0.0010229962158733812,7553
1970-01-02 10:00:00+00:00,0.005817952475901587,0.003989511554291297,9670
1970-01-02 10:01:00+00:00,0.0028972257847052142,0.0016126372663686531,7131
1970-01-02 10:02:00+00:00,0.003090472110215483,0.0016337310564748123,4822
1970-01-02 10:03:00+00:00,0.0028111261165529844,0.0016064978636180962,6105
1970-01-02 10:04:00+00:00,0.0031324062369195906,0.001865848990568502,7048
1970-01-02 10:05:00+00:00,0.005782449649173095,0.004007168661034678,9672
1970-01-02 10:06:00+00:00,0.0030552846607484908,0.0016776876597245983,6181
1970-01-02 10:07:00+00:00,0.0031813852534928735,0.003120449442342989,7341
1970-01-02 10:08:00+00:00,0.00207465426210435,0.00107486673913888,7009
1970-01-02 10:09:00+00:00,0.002878294887061732,0.001423411109143178,7156
1970-01-02 10:10:00+00:00,0.0056415320008312364,0.00397094681122363,9674
1970-01-02 10:11:00+00:00,0.0025417204119046236,0.001791948961748835,6902
1970-01-02 10:12:00+00:00,0.0026978276645353494,0.0016943718465075859,5975
1970-01-02 10:13:00+00:00,0.002471000293475028,0.00182156902632074,6257
1970-01-02 10:14:00+00:00,0.0018885090161735523,0.0013948712423440962,7068
1970-01-02 10:15:00+00:00,0.005657707870743433,0.003952105694204487,9674
1970-01-02 10:16:00+00:00,0.00294998907384479,0.0018003575382939535,6664
1970-01-02 10:17:00+00:00,0.002604153141830908,0.0018186109716242054,7510
1970-01-02 10:18:00+00:00,0.002284094825840495,0.0021440064527421627,6578
1970-01-02 10:19:00+00:00,0.002010305559618862,0.0009961359524013915,6587
1970-01-02 10:20:00+00:00,0.00557804936457423,0.003940402360117065,9675
1970-01-02 10:21:00+00:00,0.003210856025368476,0.002156945093236737,6845
1970-01-02 10:22:00+00:00,0.003022683646084947,0.001984736470926231,7346
1970-01-02 10:23:00+00:00,0.002474247828437109,0.0015131431278662415,5891
1970-01-02 10:24:00+00:00,0.0018755125505183856,0.000813741563993148,7857
1970-01-02 10:25:00+00:00,0.00566068910747474,0.004020303775367057,9674
1970-01-02 10:26:00+00:00,0.003236802422461877,0.0022755627089039317,5436
1970-01-02 10:27:00+00:00,0.0033417079256808425,0.0017689433092582048,5571
1970-01-02 10:28:00+00:00,0.002233873007243173,0.0012920366261591995,5574
1970-01-02 10:29:00+00:00,0.001394639110722997,0.0008556904332955,6229
1970-01-02 10:30:00+00:00,0.005444551805300819,0.003945135938824204,9669
1970-01-02 10:31:00+00:00,0.004746655234462016,0.002635056138967905,6340
1970-01-02 10:32:00+00:00,0.0036255837268730413,0.0025355000481575678,6121
1970-01-02 10:33:00+00:00,0.0026941983325985564,0.0014035815933396466,7474
1970-01-02 10:34:00+00:00,0.0018150642045300146,0.000961355319379142,6609
1970-01-02 10:35:00+00:00,0.005594107039542888,0.00402470998535699,9668
1970-01-02 10:36:00+00:00,0.003946660693846918,0.002438921096507896,5920
1970-01-02 10:37:00+00:00,0.0031482598170730737,0.0021132929658997965,6330
1970-01-02 10:38:00+00:00,0.0023297493173402846,0.0012976949406999956,6037
1970-01-02 10:39:00+00:00,0.0016483174764558015,0.0008366264630196858,6600
1970-01-02 10:40:00+00:00,0.005672448081108378,0.004037417887265145,9672
1970-01-02 10:41:00+00:00,0.0049228187866852706,0.0023424449843764,5942
1970-01-02 10:42:00+00:00,0.003622117361159149,0.0019392243934862282,5568
1970-01-02 10:43:00+00:00,0.0020116892872911007,0.001216296248426637,6259
1970-01-02 10:44:00+00:00,0.0011560976229739253,0.0007404316324065368,6066
1970-01-02 10:45:00+00:00,0.0058693571297943935,0.004010086267493536,9671
1970-01-02 10:46:00+00:00,0.002317503982696317,0.0013257896885771506,5178
1970-01-02 10:47:00+00:00,0.001549295868858951,0.0013152131858003748,5323
1970-01-02 10:48:00+00:00,0.0037689772426344604,0.0014248250706840131,7505
1970-01-02 10:49:00+00:00,0.005906027386362157,0.0011080059331563135,5613
1970-01-02 10:50:00+00:00,0.005254554699345651,0.003740531664156421,9670
1970-01-02 10:51:00+00:00,0.004288098289074325,0.0010575142348498653,6881
1970-01-02 10:52:00+00:00,0.0047903522303225496,0.0012421017457935586,6718
1970-01-02 10:53:00+00:00,0.002375016298138055,0.0009776683427846964,5845
1970-01-02 10:54:00+00:00,0.005439229556376397,0.0011662321439805808,6943
1970-01-02 10:55:00+00:00,0.004978416542862433,0.0036039293133780306,9670
1970-01-02 10:56:00+00:00,0.0027364795994591668,0.0013362807133808334,6993
1970-01-02 10:57:00+00:00,0.0018154129844992358,0.0015019779609569718,6542
1970-01-02 10:58:00+00:00,0.0017152991524625294,0.0012763375412048771,6430
1970-01-02 10:59:00+00:00,0.0016998729680295097,0.0007304813898273617,6444
1970-01-02 11:00:00+00:00,0.005717240619990273,0.0040462873021553224,9673
1970-01-02 11:01:00+00:00,0.00403054237894661,0.001739810035177395,5620
1970-01-02 11:02:00+00:00,0.002765658513021593,0.001396746274111644,5529
1970-01-02 11:03:00+00:00,0.0021370598409749253,0.001882046649727641,6014
1970-01-02 11:04:00+00:00,0.0020567853600724673,0.0008326888661140234,5760
1970-01-02 11:05:00+00:00,0.006400225902188308,0.004208604944587364,9672
1970-01-02 11:06:00+00:00,0.0020722692418399086,0.0011373792536283605,5374
1970-01-02 11:07:00+00:00,0.0023476329291958514,0.0013451028098304856,5767
1970-01-02 11:08:00+00:00,0.0026012375164497087,0.0014549957608368572,5339
1970-01-02 11:09:00+00:00,0.002389300313363229,0.001026755430198663,5123
1970-01-02 11:10:00+00:00,0.0063610369941354845,0.004087915280576848,9673
1970-01-02 11:11:00+00:00,0.004400918662715824,0.002028693470543919,6993
1970-01-02 11:12:00+00:00,0.0031044107169377762,0.0016855581705745523,7186
1970-01-02 11:13:00+00:00,0.0031076200154053894,0.001508876175979161,6199
1970-01-02 11:14:00+00:00,0.0022976891561572593,0.0009933519111326233,5209
1970-01-02 11:15:00+00:00,0.006190735231241484,0.004098578928507461,9671
1970-01-02 11:16:00+00:00,0.0033177099231412833,0.002059464479787569,6741
1970-01-02 11:17:00+00:00,0.0030295190754965483,0.0015983343088369294,6339
1970-01-02 11:18:00+00:00,0.0024098975781470383,0.0013272377864462458,6138
1970-01-02 11:19:00+00:00,0.0030068125696717006,0.0007766254359140652,5275
1970-01-02 11:20:00+00:00,0.006115774831006159,0.004053927929582134,9673
1970-01-02 11:21:00+00:00,0.0036480845339357396,0.0017929998339179004,6867
1970-01-02 11:22:00+00:00,0.0021587719697268052,0.0010688376370484897,5941
1970-01-02 11:23:00+00:00,0.0023606140926448315,0.0014240802862705323,6982
1970-01-02 11:24:00+00:00,0.002891973121411688,0.001258806171883244,5899
1970-01-02 11:25:00+00:00,0.005777501121457732,0.004005205976824591,9672
1970-01-02 11:26:00+00:00,0.003906838391475776,0.0020158014260946307,6584
1970-01-02 11:27:00+00:00,0.003710314346299169,0.002273754465199768,6329
1970-01-02 11:28:00+00:00,0.003735706601468835,0.002057596078063772,6421
1970-01-02 11:29:00+00:00,0.004048314914601922,0.0010156620459591422,5884
1970-01-02 11:30:00+00:00,0.006134948218771667,0.0040864362258894935,9669
1970-01-02 11:31:00+00:00,0.0038107758480070025,0.0021296198431211394,6661
1970-01-02 11:32:00+00:00,0.0031405823538019953,0.0015636846951798523,5987
1970-01-02 11:33:00+00:00,0.004682194991616165,0.00210342760824455,6770
1970-01-02 11:34:00+00:00,0.0033613399171071546,0.0015910920837065986,5901
1970-01-02 11:35:00+00:00,0.006177189300150086,0.004067026228365797,9671
1970-01-02 11:36:00+00:00,0.003105868580089321,0.0018478691956822463,6803
1970-01-02 11:37:00+00:00,0.005997186736719092,0.003400879618979548,7692
1970-01-02 11:38:00+00:00,0.0063181783422810375,0.0012908818577175595,7467
1970-01-02 11:39:00+00:00,0.0030397849504993028,0.0008044126810613579,6873
1970-01-02 11:40:00+00:00,0.006099629419351887,0.004037945394282596,9674
1970-01-02 11:41:00+00:00,0.003879579506934516,0.0019927508865025846,7174
1970-01-02 11:42:00+00:00,0.002490451263478531,0.0012949926477147304,7546
1970-01-02 11:43:00+00:00,0.003768786997718163,0.0014938933309966943,6938
1970-01-02 11:44:00+00:00,0.0017979441191812934,0.0007058169053058439,6061
1970-01-02 11:45:00+00:00,0.005987957545075383,0.004128199156108546,9676
1970-01-02 11:46:00+00:00,0.0031924637079578026,0.001751972404686185,7194
1970-01-02 11:47:00+00:00,0.0028621564554874974,0.0016197266373005708,6504
1970-01-02 11:48:00+00:00,0.0024050096422215737,0.0011451059497297115,5799
1970-01-02 11:49:00+00:00,0.002079204702858208,0.0006845626653489268,5711
1970-01-02 11:50:00+00:00,0.006076303525511951,0.00415076104387762,9667
1970-01-02 11:51:00+00:00,0.0034214458614500016,0.0018452891943504998,6806
1970-01-02 11:52:00+00:00,0.0027810632632554624,0.0016704656218856685,5754
1970-01-02 11:53:00+00:00,0.002276797981912076,0.0015162795052582943,5413
1970-01-02 11:54:00+00:00,0.001941504531457527,0.0010160939378272738,5567
1970-01-02 11:55:00+00:00,0.0059810373159511964,0.004176463899478224,9647
1970-01-02 11:56:00+00:00,0.0032533364400544164,0.002013981155557325,4610
1970-01-02 11:57:00+00:00,0.0031890547745636543,0.0020079705991159933,4600
1970-01-02 11:58:00+00:00,0.0027221099525602485,0.0013986995311382675,5455
1970-01-02 11:59:00+00:00,0.0015614833149542758,0.000795188769473386,4938
1970-01-02 12:00:00+00:00,0.005821463551439119,0.004184050378221059,9626
1970-01-02 12:01:00+00:00,0.003261761184357037,0.00209533986865553,4977
1970-01-02 12:02:00+00:00,0.0034641210590890498,0.0022181619489784364,5928
1970-01-02 12:03:00+00:00,0.003400811743147374,0.001498806494816341,4012
1970-01-02 12:04:00+00:00,0.0019755721862448573,0.0008799056151984327,4044
1970-01-02 12:05:00+00:00,0.005668298028377424,0.004128865238184759,9620
1970-01-02 12:06:00+00:00,0.0026416724916328046,0.001478038348558326,3036
1970-01-02 12:07:00+00:00,0.0037549781557062096,0.0023588070316298594,4947
1970-01-02 12:08:00+00:00,0.002891855317549539,0.0018635197195236218,5798
1970-01-02 12:09:00+00:00,0.001235842889440852,0.0008878662580549025,5978
1970-01-02 12:10:00+00:00,0.005684400439044737,0.004080360738263445,9614
1970-01-02 12:11:00+00:00,0.0037430227689272196,0.002573305762005585,5621
1970-01-02 12:12:00+00:00,0.002906486418919905,0.002263917070124431,5873
1970-01-02 12:13:00+00:00,0.0026536090729287385,0.0017435200845604241,5687
1970-01-02 12:14:00+00:00,0.0023462662965441855,0.0014515895575195248,5331
1970-01-02 12:15:00+00:00,0.005747695701899025,0.004141047575902427,9619
1970-01-02 12:16:00+00:00,0.0036877581620130733,0.001628600201149776,5328
1970-01-02 12:17:00+00:00,0.004121880260509209,0.002257791761319449,4449
1970-01-02 12:18:00+00:00,0.0025649265065595017,0.0012528914035792062,5239
1970-01-02 12:19:00+00:00,0.0014505992627283657,0.0007513915764828868,4529
1970-01-02 12:20:00+00:00,0.005798015859542767,0.0040571426352840455,9623
1970-01-02 12:21:00+00:00,0.0042356313741357485,0.0025183797945851527,6547
1970-01-02 12:22:00+00:00,0.003958782337770965,0.0023003769882528973,5384
1970-01-02 12:23:00+00:00,0.0021805642519118493,0.0012944394631840138,4638
1970-01-02 12:24:00+00:00,0.0017066794703318874,0.0008199350170932275,5798
1970-01-02 12:25:00+00:00,0.005914690713567913,0.004127009329082297,9643
1970-01-02 12:26:00+00:00,0.0038785999242849836,0.0023085807715264185,5518
1970-01-02 12:27:00+00:00,0.0028751005172322976,0.0016937589635225175,5577
1970-01-02 12:28:00+00:00,0.002545890003756968,0.0013644250097427431,4226
1970-01-02 12:29:00+00:00,0.0017293610656847246,0.0008625564030280836,4147
1970-01-02 12:30:00+00:00,0.005903399854791837,0.004161487858211192,9655
1970-01-02 12:31:00+00:00,0.002907675925401862,0.0018984358515099504,7527
1970-01-02 12:32:00+00:00,0.002536512204387277,0.0016722699315823732,6742
1970-01-02 12:33:00+00:00,0.0024613996769264047,0.0015329944622513004,5851
1970-01-02 12:34:00+00:00,0.0015213560667946642,0.001125903349358214,5516
1970-01-02 12:35:00+00:00,0.005797135109531553,0.004132793090983042,9655
1970-01-02 12:36:00+00:00,0.0033508684919888124,0.0022854684975578774,6317
1970-01-02 12:37:00+00:00,0.0036942787746080574,0.0019646751698301247,5298
1970-01-02 12:38:00+00:00,0.002994324208502828,0.0019043445310944374,6019
1970-01-02 12:39:00+00:00,0.00233952538603531,0.0012741935343530998,6201
1970-01-02 12:40:00+00:00,0.005834177549131948,0.00415045268922139,9641
1970-01-02 12:41:00+00:00,0.0037842272039578843,0.0022332473296900134,6670
1970-01-02 12:42:00+00:00,0.003000024220716175,0.0018518734550446718,5783
1970-01-02 12:43:00+00:00,0.0026179123472762147,0.0014755705654663953,5410
1970-01-02 12:44:00+00:00,0.0021317177283149786,0.0007970568563053945,5156
1970-01-02 12:45:00+00:00,0.005748872221823813,0.004105103624909841,9627
1970-01-02 12:46:00+00:00,0.004448584895385584,0.0025420470960153775,5269
1970-01-02 12:47:00+00:00,0.003462680061329238,0.0019919062688394046,4570
1970-01-02 12:48:00+00:00,0.0022829630293993712,0.0014619237261959705,5312
1970-01-02 12:49:00+00:00,0.0014318668884762175,0.0009310890700320165,4458
1970-01-02 12:50:00+00:00,0.005850689528373693,0.004135277948814184,9615
1970-01-02 12:51:00+00:00,0.003759631048593171,0.0025225476974654296,5506
1970-01-02 12:52:00+00:00,0.003192353450218658,0.001949903526467439,4932
1970-01-02 12:53:00+00:00,0.00343492224253939,0.001752976610121451,4688
1970-01-02 12:54:00+00:00,0.001345173858374066,0.0007627546650449473,4758
1970-01-02 12:55:00+00:00,0.005809920089577982,0.004183566105443125,9610
1970-01-02 12:56:00+00:00,0.003994900346241813,0.0025458503060749997,4686
1970-01-02 12:57:00+00:00,0.003644295345465934,0.002175233619860218,4834
1970-01-02 12:58:00+00:00,0.002285898020074333,0.0014831429525326897,4341
1970-01-02 12:59:00+00:00,0.0011549231308992233,0.0007732632142770925,5246
1970-01-02 13:00:00+00:00,0.005682820821811666,0.004166186967441096,9623
1970-01-02 13:01:00+00:00,0.004197746702324323,0.0025821495036527408,5829
1970-01-02 13:02:00+00:00,0.003738419676935952,0.0018394448036371277,6872
1970-01-02 13:03:00+00:00,0.0027341344728708623,0.001521750255199251,5462
1970-01-02 13:04:00+00:00,0.002195908101957473,0.0012265453843433951,5594
1970-01-02 13:05:00+00:00,0.0057468966051903905,0.004169355441958202,9640
1970-01-02 13:06:00+00:00,0.0036303303873957958,0.0019874986009274474,6631
1970-01-02 13:07:00+00:00,0.0028943181340135645,0.0017025759150177898,5489
1970-01-02 13:08:00+00:00,0.002466016760552274,0.0017573512889490033,5631
1970-01-02 13:09:00+00:00,0.0014398034843997127,0.0009498068555233548,4324
1970-01-02 13:10:00+00:00,0.0058143675938875745,0.004188240741711773,9693
1970-01-02 13:11:00+00:00,0.003974107583877752,0.0025766915353440064,6625
1970-01-02 13:12:00+00:00,0.003249206550917691,0.002133454549161062,6116
1970-01-02 13:13:00+00:00,0.0031223718852069183,0.0021187485041530233,6037
1970-01-02 13:14:00+00:00,0.0016139867560124035,0.001077528469481303,4718
1970-01-02 13:15:00+00:00,0.005836745250057434,0.0042188608704126045,9686
1970-01-02 13:16:00+00:00,0.0038620762223638707,0.0022885362346690874,5939
1970-01-02 13:17:00+00:00,0.0036231246028320127,0.0021376399607491827,5893
1970-01-02 13:18:00+00:00,0.002857819996352015,0.0016389775542573547,5795
1970-01-02 13:19:00+00:00,0.002138020293513089,0.0011339583923491519,5835
1970-01-02 13:20:00+00:00,0.005670188576614012,0.004142271323417664,9750
1970-01-02 13:21:00+00:00,0.0025940520812290347,0.001609705373790478,4727
1970-01-02 13:22:00+00:00,0.0023886745137379653,0.0017131416128998277,6544
1970-01-02 13:23:00+00:00,0.0018926624069186744,0.0012443017307853502,5673
1970-01-02 13:24:00+00:00,0.001314796858836066,0.0007017477208996375,5344
1970-01-02 13:25:00+00:00,0.005699737183130136,0.0040931997011116415,9722
1970-01-02 13:26:00+00:00,0.0041926259917387425,0.00287941809236311,5345
1970-01-02 13:27:00+00:00,0.003250780262097484,0.002213921794907609,5490
1970-01-02 13:28:00+00:00,0.0020926571734415705,0.0014603206099037002,6817
1970-01-02 13:29:00+00:00,0.0013056171633344803,0.0008782480245703511,5013
1970-01-02 13:30:00+00:00,0.0059042103929226285,0.0041778815416015,9750
1970-01-02 13:31:00+00:00,0.003808484229821479,0.002171223326110392,6337
1970-01-02 13:32:00+00:00,0.0035864532538919585,0.002207070815565625,6073
1970-01-02 13:33:00+00:00,0.002061635185401306,0.0011275090826730924,6168
1970-01-02 13:34:00+00:00,0.0015053465167841511,0.0008213313839807095,5003
1970-01-02 13:35:00+00:00,0.0059552908585367,0.004174159902727492,9743
1970-01-02 13:36:00+00:00,0.0033177612502683514,0.0018651546353849909,5371
1970-01-02 13:37:00+00:00,0.0023299026640115936,0.0014497997660410274,5801
1970-01-02 13:38:00+00:00,0.002460822707911647,0.0016014796890867088,6444
1970-01-02 13:39:00+00:00,0.003322147549685727,0.0017834125962987821,6962
1970-01-02 13:40:00+00:00,0.005876012146974884,0.004050454429468408,9743
1970-01-02 13:41:00+00:00,0.0030598561064814115,0.0018994625019143666,6430
1970-01-02 13:42:00+00:00,0.0026109717121476765,0.0015568437292630861,6781
1970-01-02 13:43:00+00:00,0.0023533996039312687,0.0014150509440779798,6630
1970-01-02 13:44:00+00:00,0.0022782393944965275,0.0010420026695023414,5627
1970-01-02 13:45:00+00:00,0.00564282603518153,0.00405599123969202,9762
1970-01-02 13:46:00+00:00,0.003500435326503933,0.002146512162384151,4937
1970-01-02 13:47:00+00:00,0.0026300728371409696,0.0016513584942879497,4891
1970-01-02 13:48:00+00:00,0.0020805749330857362,0.001449196927956939,5428
1970-01-02 13:49:00+00:00,0.0012157567826396659,0.0007803690328549915,5241
1970-01-02 13:50:00+00:00,0.0059028100899791,0.004149633927100137,9765
1970-01-02 13:51:00+00:00,0.005035258199803139,0.002961961768164296,6906
1970-01-02 13:52:00+00:00,0.0039730905952682595,0.002633713267258124,6788
1970-01-02 13:53:00+00:00,0.0035574202342521966,0.002188469516347476,6337
1970-01-02 13:54:00+00:00,0.002141340230245465,0.0013583010694824353,5859
1970-01-02 13:55:00+00:00,0.006130120029208583,0.004288623405919363,9796
1970-01-02 13:56:00+00:00,0.004547399158368644,0.002728181513715662,5620
1970-01-02 13:57:00+00:00,0.004278520610507244,0.002481077630043248,5551
1970-01-02 13:58:00+00:00,0.0026270234773046242,0.0014865923089883819,4817
1970-01-02 13:59:00+00:00,0.0021189646921384382,0.0009555167646251179,5384
1970-01-02 14:00:00+00:00,0.00596825201405561,0.004270607003270443,9800
1970-01-02 14:01:00+00:00,0.0047874574345956825,0.0028507776452830562,5775
1970-01-02 14:02:00+00:00,0.003878254454330655,0.002102501780203894,6126
1970-01-02 14:03:00+00:00,0.002965367347878038,0.0016750631974905847,6497
1970-01-02 14:04:00+00:00,0.0016292600985330723,0.0008725092373720561,5374
1970-01-02 14:05:00+00:00,0.0059594165870573215,0.00427856354699299,9798
1970-01-02 14:06:00+00:00,0.003548960929712167,0.002313996668010973,5924
1970-01-02 14:07:00+00:00,0.002679192548566174,0.0016528984324255956,5463
1970-01-02 14:08:00+00:00,0.0024188165925529592,0.0014090056103249725,5403
1970-01-02 14:09:00+00:00,0.001547298524910532,0.0008834667274537751,4547
1970-01-02 14:10:00+00:00,0.005995097979215014,0.0043070286162149715,9793
1970-01-02 14:11:00+00:00,0.0036374191771155694,0.002442074982418363,6891
1970-01-02 14:12:00+00:00,0.0038977371034040736,0.0021771604156265115,5667
1970-01-02 14:13:00+00:00,0.002142476351961057,0.0014093926536485986,6215
1970-01-02 14:14:00+00:00,0.001468077519871302,0.0009775003793523497,6829
1970-01-02 14:15:00+00:00,0.005784051453975613,0.004217822690737004,9783
1970-01-02 14:16:00+00:00,0.004922685659218913,0.002646528925841189,5665
1970-01-02 14:17:00+00:00,0.003349301653325589,0.002100354389639269,5939
1970-01-02 14:18:00+00:00,0.0026637313348452127,0.0017356193174198741,6771
1970-01-02 14:19:00+00:00,0.0019627730956981518,0.0011454518196348086,6539
1970-01-02 14:20:00+00:00,0.006036321406253635,0.004278276870602193,9778
1970-01-02 14:21:00+00:00,0.003991556788769724,0.0026371169912403963,6548
1970-01-02 14:22:00+00:00,0.0031617800102619453,0.0018677952829316041,6518
1970-01-02 14:23:00+00:00,0.001679410050618326,0.0010679261880578337,6808
1970-01-02 14:24:00+00:00,0.0021564129126870344,0.0009987212472281235,4946
1970-01-02 14:25:00+00:00,0.006070339981444192,0.004291272810290607,9775
1970-01-02 14:26:00+00:00,0.00416241330383621,0.0024549546088827616,5467
1970-01-02 14:27:00+00:00,0.002905635133318755,0.0017883393253198307,7581
1970-01-02 14:28:00+00:00,0.0028567744819776473,0.0016638150694923471,6870
1970-01-02 14:29:00+00:00,0.001575484594013282,0.0006802186769879326,6449
1970-01-02 14:30:00+00:00,0.0058865476971905395,0.004204439445389736,9765
1970-01-02 14:31:00+00:00,0.003929609190632283,0.002355584756455016,6707
1970-01-02 14:32:00+00:00,0.002371038692692477,0.0017405128579057172,6513
1970-01-02 14:33:00+00:00,0.001958503519064524,0.0011725566319110668,6656
1970-01-02 14:34:00+00:00,0.0017879670328230267,0.0008306329583165846,6613
1970-01-02 14:35:00+00:00,0.005904176551111331,0.004282161413536781,9759
1970-01-02 14:36:00+00:00,0.0031852374668587475,0.0020587916000582517,5857
1970-01-02 14:37:00+00:00,0.003340326032635689,0.0019103637438785321,4640
1970-01-02 14:38:00+00:00,0.0019186164384752237,0.0012911179422869835,5735
1970-01-02 14:39:00+00:00,0.002115411457527772,0.0014502342939747425,5983
1970-01-02 14:40:00+00:00,0.006099111562791481,0.004319095384831778,9776
1970-01-02 14:41:00+00:00,0.005121039687701985,0.002501426356853814,6200
1970-01-02 14:42:00+00:00,0.003789992464129141,0.001978956814851782,6783
1970-01-02 14:43:00+00:00,0.0022557208629953394,0.0015666452410315055,6116
1970-01-02 14:44:00+00:00,0.0020294299975398655,0.0008395705962988176,6898
1970-01-02 14:45:00+00:00,0.006051245842268713,0.004252101473459739,9788
1970-01-02 14:46:00+00:00,0.0025923163987428438,0.001784861040525313,6198
1970-01-02 14:47:00+00:00,0.002828686437187198,0.0015114863977329102,6013
1970-01-02 14:48:00+00:00,0.0025567052356270273,0.0013682667976039986,5012
1970-01-02 14:49:00+00:00,0.0016037022860191728,0.0006202310627169487,4925
1970-01-02 14:50:00+00:00,0.0059203787909089456,0.00430792992639271,9809
1970-01-02 14:51:00+00:00,0.004915871114223579,0.002147463360494562,5900
1970-01-02 14:52:00+00:00,0.004367245580733396,0.002006490959328502,4989
1970-01-02 14:53:00+00:00,0.00266622781363572,0.001213147929964661,4890
1970-01-02 14:54:00+00:00,0.0017338490611231785,0.0008048672916484827,7001
1970-01-02 14:55:00+00:00,0.005961029804823901,0.0042601608680367335,9816
1970-01-02 14:56:00+00:00,0.004150972102428915,0.0022980634918223506,6504
1970-01-02 14:57:00+00:00,0.003086339396946134,0.0016850214454467184,6668
1970-01-02 14:58:00+00:00,0.0024596083422885936,0.0013659672587745895,6513
1970-01-02 14:59:00+00:00,0.001807879335173075,0.0007976266215748461,6316
1970-01-02 15:00:00+00:00,0.006151177687052336,0.004392214985641129,9821
1970-01-02 15:01:00+00:00,0.004495767134543181,0.002706607954556282,5933
1970-01-02 15:02:00+00:00,0.0038849930192153092,0.0023511957365436567,5361
1970-01-02 15:03:00+00:00,0.0029007917293297977,0.0014556371231420207,6018
1970-01-02 15:04:00+00:00,0.0017340919084409166,0.000914646628716864,5372
1970-01-02 15:05:00+00:00,0.006092681806313004,0.004472610572955418,9823
1970-01-02 15:06:00+00:00,0.0034849019449478902,0.0021169817426222822,6418
1970-01-02 15:07:00+00:00,0.0040073749189444285,0.0024552758599940007,5664
1970-01-02 15:08:00+00:00,0.0021221763777948916,0.0013947443659572103,5253
1970-01-02 15:09:00+00:00,0.0015078810042430451,0.0008800165490066383,5012
1970-01-02 15:10:00+00:00,0.005988340713109913,0.0044998354019259255,9799
1970-01-02 15:11:00+00:00,0.004075255971486439,0.0027476044083052055,6526
1970-01-02 15:12:00+00:00,0.0031204146577186323,0.001833453457379398,5818
1970-01-02 15:13:00+00:00,0.003938141505460472,0.0015367205078537342,5624
1970-01-02 15:14:00+00:00,0.0012374648658683113,0.0007168814886909109,5979
1970-01-02 15:15:00+00:00,0.006124226469369142,0.004490008927818945,9756
1970-01-02 15:16:00+00:00,0.004276120764118211,0.0025093281524996825,5284
1970-01-02 15:17:00+00:00,0.002809888561317241,0.0020005528653461568,5720
1970-01-02 15:18:00+00:00,0.0021902849287698625,0.0014450993830268661,5886
1970-01-02 15:19:00+00:00,0.0012298649257587854,0.0007237609006998706,5876
1970-01-02 15:20:00+00:00,0.006274042036926881,0.004477541916653392,9746
1970-01-02 15:21:00+00:00,0.003005364248083532,0.0018047008354448184,7268
1970-01-02 15:22:00+00:00,0.0025160738980989925,0.0018953190147035003,7066
1970-01-02 15:23:00+00:00,0.003723330493916297,0.0021206851087800537,6042
1970-01-02 15:24:00+00:00,0.001451490834620012,0.0009656653768691311,5503
1970-01-02 15:25:00+00:00,0.006306335072821281,0.0044844540987946015,9745
1970-01-02 15:26:00+00:00,0.0037457924750753037,0.002602016807237929,5531
1970-01-02 15:27:00+00:00,0.0039032962684691546,0.0025699624006902473,5494
1970-01-02 15:28:00+00:00,0.003613984482618905,0.0020173790255418904,5008
1970-01-02 15:29:00+00:00,0.002519400898767697,0.001330664019596725,5231
1970-01-02 15:30:00+00:00,0.006327997853743347,0.004498007535443873,9740
1970-01-02 15:31:00+00:00,0.005167179379240621,0.003328760545352703,6863
1970-01-02 15:32:00+00:00,0.004107407047064546,0.002617462379106866,5615
1970-01-02 15:33:00+00:00,0.004217260442512063,0.0025049771378354074,5769
1970-01-02 15:34:00+00:00,0.0024731610531284936,0.0014737033591445902,5996
1970-01-02 15:35:00+00:00,0.006349783439713365,0.004526664767388427,9768
1970-01-02 15:36:00+00:00,0.0038247737246716526,0.0025477796308789164,6114
1970-01-02 15:37:00+00:00,0.0037860858563835815,0.0024400697252134882,6180
1970-01-02 15:38:00+00:00,0.0025715230245179806,0.0015824012122645078,5830
1970-01-02 15:39:00+00:00,0.002680385304524655,0.0016619244794742792,5950
1970-01-02 15:40:00+00:00,0.0062386168128339865,0.004496988360054633,9793
1970-01-02 15:41:00+00:00,0.004284473219099079,0.0028470203343469763,6036
1970-01-02 15:42:00+00:00,0.004157620532905819,0.002783036854491254,5712
1970-01-02 15:43:00+00:00,0.004069077058968286,0.002421491883365985,5532
1970-01-02 15:44:00+00:00,0.0020104163613813733,0.0011672882366653874,4750
1970-01-02 15:45:00+00:00,0.006355656001623127,0.004515998282365141,9805
1970-01-02 15:46:00+00:00,0.005700908485202453,0.0034528060341570766,6909
1970-01-02 15:47:00+00:00,0.005108733565010853,0.0032802855449849413,6474
1970-01-02 15:48:00+00:00,0.0027548618307615103,0.0018522896398474797,5812
1970-01-02 15:49:00+00:00,0.0025314171372396274,0.0015780632538496112,5869
1970-01-02 15:50:00+00:00,0.006258563130517135,0.004502736168115539,9820
1970-01-02 15:51:00+00:00,0.0032208367341259084,0.002759064329217649,7806
1970-01-02 15:52:00+00:00,0.003753354536876699,0.0022028631474318764,5984
1970-01-02 15:53:00+00:00,0.002786472786116689,0.0018111281483171912,4728
1970-01-02 15:54:00+00:00,0.0013042225833119119,0.0010198760667383094,5921
1970-01-02 15:55:00+00:00,0.006172065879900353,0.0045361993670057065,9808
1970-01-02 15:56:00+00:00,0.0028639806204808676,0.0016622021334262312,7051
1970-01-02 15:57:00+00:00,0.0033853809269945895,0.0020631484174767427,5765
1970-01-02 15:58:00+00:00,0.0021811501074372576,0.0013064023801701362,5863
1970-01-02 15:59:00+00:00,0.0013118927327528467,0.0007611240657685889,5421
1970-01-02 16:00:00+00:00,0.006526647714845738,0.0045442029864848936,9793
1970-01-02 16:01:00+00:00,0.004575533044423413,0.0030275129571814287,5956
1970-01-02 16:02:00+00:00,0.0036114334740942693,0.0022943288887415357,5468
1970-01-02 16:03:00+00:00,0.0027359327193130292,0.0015719369527701966,4778
1970-01-02 16:04:00+00:00,0.0014215171855927074,0.0008983755669324131,5277
1970-01-02 16:05:00+00:00,0.0065519194655751,0.0046140401563927146,9781
1970-01-02 16:06:00+00:00,0.004602272245693378,0.002998363627909646,4497
1970-01-02 16:07:00+00:00,0.004070929211295364,0.0024328859502146857,4486
1970-01-02 16:08:00+00:00,0.0019419790888907003,0.00136051652222154,5633
1970-01-02 16:09:00+00:00,0.00126279734441506,0.0009624264403645688,5160
1970-01-02 16:10:00+00:00,0.006557488798000677,0.004591011718140984,9781
1970-01-02 16:11:00+00:00,0.004358661655461004,0.0026680297051498705,6723
1970-01-02 16:12:00+00:00,0.002876899364425997,0.0017118536944776858,6703
1970-01-02 16:13:00+00:00,0.003210848707267597,0.0016294664827185001,5725
1970-01-02 16:14:00+00:00,0.0018082413571468366,0.0009589471988298428,5732
1970-01-02 16:15:00+00:00,0.006402649205754951,0.004445792731885256,9773
1970-01-02 16:16:00+00:00,0.0032275199036965914,0.0018570746222001404,6686
1970-01-02 16:17:00+00:00,0.0031429142186296696,0.00202922570875983,6129
1970-01-02 16:18:00+00:00,0.002194276132306455,0.0012678108710385077,6418
1970-01-02 16:19:00+00:00,0.0014345059395755684,0.0008958701984441533,5759
1970-01-02 16:20:00+00:00,0.005899529164158376,0.0044123465810900295,9776
1970-01-02 16:21:00+00:00,0.003335832753059558,0.002238161934711534,5872
1970-01-02 16:22:00+00:00,0.0032510836138191206,0.001967372311967044,4182
1970-01-02 16:23:00+00:00,0.0021374526700471326,0.00118304533061647,3361
1970-01-02 16:24:00+00:00,0.002004201584393739,0.0009455285182460116,4610
1970-01-02 16:25:00+00:00,0.005730498137049402,0.004215606199697361,9785
1970-01-02 16:26:00+00:00,0.0050918090730737355,0.0011505788497332148,5973
1970-01-02 16:27:00+00:00,0.003448750455760484,0.0017347078077282608,6102
1970-01-02 16:28:00+00:00,0.002534394582711879,0.0011950646853938255,5944
1970-01-02 16:29:00+00:00,0.0021375392310619035,0.0008636315206020822,6416
1970-01-02 16:30:00+00:00,0.005868667115354337,0.004133623462181958,9795
1970-01-02 16:31:00+00:00,0.003637134983865329,0.002568979280287753,7343
1970-01-02 16:32:00+00:00,0.002152995822989837,0.0016136330612515112,7040
1970-01-02 16:33:00+00:00,0.0023959877701869884,0.0014116320986426018,5712
1970-01-02 16:34:00+00:00,0.001277907553067002,0.0009471581203459703,6383
1970-01-02 16:35:00+00:00,0.006329788401343567,0.004548445489868614,9797
1970-01-02 16:36:00+00:00,0.004671518985966105,0.002676222501796832,5795
1970-01-02 16:37:00+00:00,0.003993702774753583,0.002318670536641988,5366
1970-01-02 16:38:00+00:00,0.002716335163889912,0.0015734930935644255,5128
1970-01-02 16:39:00+00:00,0.0013290431242121343,0.0008277103301954306,5459
1970-01-02 16:40:00+00:00,0.006325883985296212,0.004519165209678759,9779
1970-01-02 16:41:00+00:00,0.004227691647913948,0.0026981389568345123,5464
1970-01-02 16:42:00+00:00,0.0038202958076914238,0.002346881468498285,5053
1970-01-02 16:43:00+00:00,0.002434479869595459,0.0015726288885804874,4727
1970-01-02 16:44:00+00:00,0.0012939931070422453,0.0007589225362851226,4947
1970-01-02 16:45:00+00:00,0.00626884462651762,0.004515072999335677,9786
1970-01-02 16:46:00+00:00,0.0048674465138897425,0.002824913230122678,4743
1970-01-02 16:47:00+00:00,0.003717641932871549,0.002379673707704088,5110
1970-01-02 16:48:00+00:00,0.0026482287435800785,0.0017642045455342594,4945
1970-01-02 16:49:00+00:00,0.0016069334516425407,0.0008763864118486309,5388
1970-01-02 16:50:00+00:00,0.006387653230558248,0.004532899433224882,9782
1970-01-02 16:51:00+00:00,0.004937388509951225,0.0031886967725665107,6481
1970-01-02 16:52:00+00:00,0.0044447440682348505,0.0027086292828367472,5475
1970-01-02 16:53:00+00:00,0.002561176709800964,0.0016787939020242787,4903
1970-01-02 16:54:00+00:00,0.0013851165953058788,0.0007742553079784762,5449
1970-01-02 16:55:00+00:00,0.006352322512609033,0.00456096000205243,9783
1970-01-02 16:56:00+00:00,0.0037293788729015815,0.002576922785477284,4975
1970-01-02 16:57:00+00:00,0.0037173064084966368,0.0024466862761399547,4684
1970-01-02 16:58:00+00:00,0.0026638113553104264,0.0019347866568390165,4892
1970-01-02 16:59:00+00:00,0.0012942267713296892,0.000915824067852446,5732
1970-01-02 17:00:00+00:00,0.006177055698909166,0.004472447711422767,9794
1970-01-02 17:01:00+00:00,0.002510399652187464,0.0015175428819356068,7845
1970-01-02 17:02:00+00:00,0.0037386274293739223,0.002657128668227681,5344
1970-01-02 17:03:00+00:00,0.0024781461465083685,0.0017353452913978766,4905
1970-01-02 17:04:00+00:00,0.0021617560184726456,0.0009637535158961119,4425
1970-01-02 17:05:00+00:00,0.006378582801584632,0.0046231346517508305,9794
1970-01-02 17:06:00+00:00,0.004845166921449305,0.0032690333034016044,4784
1970-01-02 17:07:00+00:00,0.0034680885028824143,0.002412461568586096,5424
1970-01-02 17:08:00+00:00,0.00202511069354526,0.0014603998086772112,4895
1970-01-02 17:09:00+00:00,0.0013315824678378342,0.0003052369327428225,7451
1970-01-02 17:10:00+00:00,0.0068862511595062575,0.004812528424699154,9794
1970-01-02 17:11:00+00:00,0.004747526211115041,0.003120261846604743,6817
1970-01-02 17:12:00+00:00,0.003378805414916535,0.00239193028716111,5586
1970-01-02 17:13:00+00:00,0.0027452942275145967,0.0017193338813805401,5575
1970-01-02 17:14:00+00:00,0.0022508497425473405,0.0008797051320889049,4923
1970-01-02 17:15:00+00:00,0.007110253535841878,0.005049194771765964,9796
1970-01-02 17:16:00+00:00,0.0029485780052732496,0.002150223942163646,6662
1970-01-02 17:17:00+00:00,0.0025776770060078015,0.0018964337684088054,7189
1970-01-02 17:18:00+00:00,0.0024645158056774774,0.0014366655762903036,5376
1970-01-02 17:19:00+00:00,0.0017174941594483486,0.0011473483301789416,6111
1970-01-02 17:20:00+00:00,0.007133747984831602,0.004883503575200855,9801
1970-01-02 17:21:00+00:00,0.005573244991730758,0.002398954646578828,7070
1970-01-02 17:22:00+00:00,0.0027675150418351967,0.0016370452340292458,6223
1970-01-02 17:23:00+00:00,0.002794791362977467,0.0012927939425851746,5634
1970-01-02 17:24:00+00:00,0.0015456761869455061,0.0008314313368383496,6911
1970-01-02 17:25:00+00:00,0.006797464221252849,0.004701754132047919,9794
1970-01-02 17:26:00+00:00,0.0038259213863159358,0.0019408960354872766,6464
1970-01-02 17:27:00+00:00,0.002925231046674676,0.0017289375272618716,6562
1970-01-02 17:28:00+00:00,0.0028403710516787277,0.0012991265312127787,6758
1970-01-02 17:29:00+00:00,0.0020192842752222405,0.0008424662850931432,7270
1970-01-02 17:30:00+00:00,0.0069295015061447566,0.00475189260259968,9789
1970-01-02 17:31:00+00:00,0.003969502806250864,0.002343723196207343,8030
1970-01-02 17:32:00+00:00,0.0030649585459018376,0.001764983585274911,7152
1970-01-02 17:33:00+00:00,0.003646960993977652,0.0014579153806354662,7264
1970-01-02 17:34:00+00:00,0.0030822598449903793,0.001046889753052276,7496
1970-01-02 17:35:00+00:00,0.007090854309616069,0.004794909114322928,9791
1970-01-02 17:36:00+00:00,0.003151961619060831,0.0019337184807877471,6544
1970-01-02 17:37:00+00:00,0.002699851265509834,0.0019393226862822821,6214
1970-01-02 17:38:00+00:00,0.005047716584625556,0.0013951380732877938,7466
1970-01-02 17:39:00+00:00,0.0024768091108910376,0.0010744101166448735,6890
1970-01-02 17:40:00+00:00,0.007102181310124086,0.004782080048240037,9787
1970-01-02 17:41:00+00:00,0.003162924833825003,0.00193363213444725,7759
1970-01-02 17:42:00+00:00,0.003035576315368929,0.0018722813485913677,6362
1970-01-02 17:43:00+00:00,0.002703299518881901,0.001441698419104852,5548
1970-01-02 17:44:00+00:00,0.00177890860983952,0.0008276735021297969,5451
1970-01-02 17:45:00+00:00,0.007101458061654034,0.004773326599908207,9787
1970-01-02 17:46:00+00:00,0.002902524971038858,0.0018755160400511922,6308
1970-01-02 17:47:00+00:00,0.003170823821816662,0.0018491819111391584,6080
1970-01-02 17:48:00+00:00,0.0028978131280879373,0.0013543689362923712,5628
1970-01-02 17:49:00+00:00,0.007763555465643976,0.0008823786200436272,4711
1970-01-02 17:50:00+00:00,0.00695039652503795,0.0047754087277289215,9794
1970-01-02 17:51:00+00:00,0.006379619065815188,0.002231429919746696,7302
1970-01-02 17:52:00+00:00,0.004747331068897329,0.0016739139654565864,6158
1970-01-02 17:53:00+00:00,0.0027662212334496317,0.0015563919061748132,5496
1970-01-02 17:54:00+00:00,0.0023799289261123694,0.00103871629759532,5401
1970-01-02 17:55:00+00:00,0.006763084428066941,0.004539152181125777,9796
1970-01-02 17:56:00+00:00,0.0036828555958094912,0.0021821320941892027,5776
1970-01-02 17:57:00+00:00,0.0028436199831219887,0.0019096062836896897,5990
1970-01-02 17:58:00+00:00,0.002710550563967997,0.0015863222362404916,6058
1970-01-02 17:59:00+00:00,0.001580846716999326,0.0008704581576457794,5584
1970-01-02 18:00:00+00:00,0.007097695864825123,0.004722749189795613,9800
1970-01-02 18:01:00+00:00,0.003731682913193557,0.0022715754596435963,6712
1970-01-02 18:02:00+00:00,0.0029996562026904532,0.0018509292237496265,6301
1970-01-02 18:03:00+00:00,0.002023359381122016,0.0011866356858955553,6097
1970-01-02 18:04:00+00:00,0.0018631254346951468,0.0008105828903289824,5317
1970-01-02 18:05:00+00:00,0.007122432323805171,0.004835448069410622,9802
1970-01-02 18:06:00+00:00,0.004106968886525919,0.002509562967002008,5248
1970-01-02 18:07:00+00:00,0.004107862820650431,0.002404988841512569,4939
1970-01-02 18:08:00+00:00,0.0023127747126599103,0.001422177046331766,5398
1970-01-02 18:09:00+00:00,0.0013839747971460688,0.0007553141218677791,5387
1970-01-02 18:10:00+00:00,0.006912911679034715,0.004808889835155038,9796
1970-01-02 18:11:00+00:00,0.003220064219566275,0.0024095930584031714,7489
1970-01-02 18:12:00+00:00,0.0035018190157040507,0.002089911535540814,6417
1970-01-02 18:13:00+00:00,0.0021028716389725937,0.0015087924850942461,6550
1970-01-02 18:14:00+00:00,0.0016816579773443734,0.0007317385678115974,6978
1970-01-02 18:15:00+00:00,0.006893844124528304,0.004814503795274743,9797
1970-01-02 18:16:00+00:00,0.0038833837145820626,0.002057167612975063,6481
1970-01-02 18:17:00+00:00,0.003101790554197333,0.0017875919715116513,6062
1970-01-02 18:18:00+00:00,0.002514466378514823,0.0014797708601012721,6169
1970-01-02 18:19:00+00:00,0.0024475178526253984,0.0010678892844289333,6103
1970-01-02 18:20:00+00:00,0.006942356968919338,0.004809660075953539,9795
1970-01-02 18:21:00+00:00,0.0034493257177798005,0.001815895312109924,7786
1970-01-02 18:22:00+00:00,0.005273218203479106,0.002250009568864395,6416
1970-01-02 18:23:00+00:00,0.003151662592351611,0.0011346441076440462,6628
1970-01-02 18:24:00+00:00,0.0017793135262685878,0.0007366056495222794,6105
1970-01-02 18:25:00+00:00,0.0071626465838074945,0.004894492640043746,9793
1970-01-02 18:26:00+00:00,0.004234137826828871,0.0024760921025322037,5902
1970-01-02 18:27:00+00:00,0.004105638201985319,0.002014146823425216,5567
1970-01-02 18:28:00+00:00,0.0026508407813238613,0.0013456255040484029,5839
1970-01-02 18:29:00+00:00,0.0017767366868893595,0.0010123773721249837,6250
1970-01-02 18:30:00+00:00,0.007077157162915939,0.004874312569423702,9795
1970-01-02 18:31:00+00:00,0.0043662906370835215,0.002456434739279538,7336
1970-01-02 18:32:00+00:00,0.0030669493679236414,0.0016398753159206955,7593
1970-01-02 18:33:00+00:00,0.002846486180886395,0.0011732689622485468,6658
1970-01-02 18:34:00+00:00,0.0014990607909165716,0.0007235553279391569,6187
1970-01-02 18:35:00+00:00,0.007025643537696126,0.004849930260678337,9789
1970-01-02 18:36:00+00:00,0.004667432769276273,0.002400090846780624,6871
1970-01-02 18:37:00+00:00,0.004055134762464863,0.0019400159627603244,6958
1970-01-02 18:38:00+00:00,0.003058549367861299,0.0014632807267236161,6959
1970-01-02 18:39:00+00:00,0.0017009839789748763,0.0008715998442064293,5699
1970-01-02 18:40:00+00:00,0.0068220730960548955,0.004795178309223826,9798
1970-01-02 18:41:00+00:00,0.004673372533677183,0.0025799464034379927,6600
1970-01-02 18:42:00+00:00,0.0036359367247604875,0.002116416602405176,6690
1970-01-02 18:43:00+00:00,0.002802339502021996,0.0016482341447764575,6389
1970-01-02 18:44:00+00:00,0.0020467634231528527,0.0008428645585293102,5284
1970-01-02 18:45:00+00:00,0.00685678656260282,0.004787557861149632,9800
1970-01-02 18:46:00+00:00,0.0035882403350396296,0.00208669338972759,6408
1970-01-02 18:47:00+00:00,0.0034424531660256644,0.0018150436427514843,6353
1970-01-02 18:48:00+00:00,0.0023107245894959027,0.001347501016152524,6559
1970-01-02 18:49:00+00:00,0.002114722088405071,0.000950119263785226,6866
1970-01-02 18:50:00+00:00,0.006740062797997455,0.004732460133370047,9798
1970-01-02 18:51:00+00:00,0.0033284144785142786,0.0022205761259457457,7587
1970-01-02 18:52:00+00:00,0.0031543719216427036,0.002062704962789885,6608
1970-01-02 18:53:00+00:00,0.002919384141470008,0.0015082188459038116,6180
1970-01-02 18:54:00+00:00,0.0022967663889507527,0.00097251404014099,6356
1970-01-02 18:55:00+00:00,0.006901211565791288,0.004727521846974268,9794
1970-01-02 18:56:00+00:00,0.0031097101408536815,0.0017754513109940672,5704
1970-01-02 18:57:00+00:00,0.0025242190673236734,0.0016671906557486184,6298
1970-01-02 18:58:00+00:00,0.002471652272966273,0.0014092506832115814,6369
1970-01-02 18:59:00+00:00,0.001398046532504326,0.0007008184529079736,5441
1970-01-02 19:00:00+00:00,0.0069514611544099734,0.004796534258043786,9797
1970-01-02 19:01:00+00:00,0.0037454274992143855,0.0024055338301047094,6306
1970-01-02 19:02:00+00:00,0.0032001767531491918,0.0017613087130629124,6771
1970-01-02 19:03:00+00:00,0.002395356795701275,0.000988319374844602,7042
1970-01-02 19:04:00+00:00,0.0016914007577455079,0.0009423494283473344,6397
1970-01-02 19:05:00+00:00,0.006966912802603057,0.004733777748442287,9798
1970-01-02 19:06:00+00:00,0.005470312871928254,0.0024795957899692547,5917
1970-01-02 19:07:00+00:00,0.0031015678529047676,0.001546268170558645,5934
1970-01-02 19:08:00+00:00,0.003396421464388386,0.0014124543640946872,6009
1970-01-02 19:09:00+00:00,0.0025101539244848084,0.000929762043788535,6422
1970-01-02 19:10:00+00:00,0.00697187170831439,0.00480622280635986,9795
1970-01-02 19:11:00+00:00,0.005313600941999782,0.0024868951938959777,7374
1970-01-02 19:12:00+00:00,0.004474520757033865,0.002330643821713942,6291
1970-01-02 19:13:00+00:00,0.0031755248233980033,0.001545114462189659,4990
1970-01-02 19:14:00+00:00,0.001810694287275539,0.0006181824707276233,6288
1970-01-02 19:15:00+00:00,0.007019292240816698,0.004833587720779823,9799
1970-01-02 19:16:00+00:00,0.004340137149124687,0.0022783914544132174,6449
1970-01-02 19:17:00+00:00,0.0036404332939506843,0.002057305694135571,6187
1970-01-02 19:18:00+00:00,0.0025686406339534,0.001409778945773483,7115
1970-01-02 19:19:00+00:00,0.002693483563361122,0.0014741004621665627,6923
1970-01-02 19:20:00+00:00,0.006961098729090272,0.004797177810597052,9798
1970-01-02 19:21:00+00:00,0.00440970140735507,0.002767155403085517,6548
1970-01-02 19:22:00+00:00,0.0027865278137654908,0.001655119805495378,6066
1970-01-02 19:23:00+00:00,0.0024373296028016443,0.0012565576628352805,6667
1970-01-02 19:24:00+00:00,0.0021356493429318924,0.0011422676799625621,6652
1970-01-02 19:25:00+00:00,0.006760084218392627,0.004774398589472314,9800
1970-01-02 19:26:00+00:00,0.0034876565546009346,0.0022584814963454596,6488
1970-01-02 19:27:00+00:00,0.003546719411357117,0.001860361371045384,6558
1970-01-02 19:28:00+00:00,0.002150725507186321,0.0012859229592238855,5940
1970-01-02 19:29:00+00:00,0.0019420144143991742,0.0008757244277337847,6197
1970-01-02 19:30:00+00:00,0.006801420855197812,0.0047913166909013365,9800
1970-01-02 19:31:00+00:00,0.003524953772787444,0.0022456118722671337,7030
1970-01-02 19:32:00+00:00,0.003981189671557226,0.0016543081634616988,7863
1970-01-02 19:33:00+00:00,0.002942356633770222,0.0017110561371608084,6077
1970-01-02 19:34:00+00:00,0.0037653782280261563,0.001386575687263474,7330
1970-01-02 19:35:00+00:00,0.006926203820774247,0.004852581047721857,9799
1970-01-02 19:36:00+00:00,0.004154357900627531,0.002157249686519012,7094
1970-01-02 19:37:00+00:00,0.004306308610708788,0.001971632642586796,6481
1970-01-02 19:38:00+00:00,0.0025039384715677964,0.0014865868905679352,7051
1970-01-02 19:39:00+00:00,0.0022280669325377535,0.001062132416786537,6170
1970-01-02 19:40:00+00:00,0.0067993235810812885,0.004807021574354728,9794
1970-01-02 19:41:00+00:00,0.003413596938459872,0.002149671009776005,7477
1970-01-02 19:42:00+00:00,0.0033894341784783052,0.0021266500902913273,6212
1970-01-02 19:43:00+00:00,0.0020145939008374032,0.001165330678634483,6930
1970-01-02 19:44:00+00:00,0.0014892886434645165,0.000840463789922111,6074
1970-01-02 19:45:00+00:00,0.006721350338075504,0.004751708675020821,9797
1970-01-02 19:46:00+00:00,0.0034995865053689262,0.002308315968011687,6522
1970-01-02 19:47:00+00:00,0.0028687297483659673,0.0016760706770799225,6486
1970-01-02 19:48:00+00:00,0.0015469244712933733,0.0010271560927632103,6653
1970-01-02 19:49:00+00:00,0.0019018476113557591,0.0010571768496008458,6442
1970-01-02 19:50:00+00:00,0.00664559553368234,0.004734496295593617,9799
1970-01-02 19:51:00+00:00,0.0032654884228652875,0.002132806300124552,6710
1970-01-02 19:52:00+00:00,0.0033702434645902506,0.001945310499483723,6825
1970-01-02 19:53:00+00:00,0.0037747974053426708,0.0012486110149248313,7758
1970-01-02 19:54:00+00:00,0.0016265783620917286,0.0007015570350315245,5958
1970-01-02 19:55:00+00:00,0.0067829425213434685,0.004793150952669224,9800
1970-01-02 19:56:00+00:00,0.00437775909110815,0.0024302166236716853,6575
1970-01-02 19:57:00+00:00,0.004123254536417197,0.0019992278394419176,7207
1970-01-02 19:58:00+00:00,0.0036671542857595243,0.001630564435043055,6553
1970-01-02 19:59:00+00:00,0.0016517716841216526,0.0010285128070851245,6298
1970-01-02 20:00:00+00:00,0.006760435562022659,0.004808145325713423,9805
1970-01-02 20:01:00+00:00,0.004221744593429479,0.0023918987579019443,7285
1970-01-02 20:02:00+00:00,0.003896140462814894,0.002177762994736447,6764
1970-01-02 20:03:00+00:00,0.00211509850137299,0.0013876600697068032,5760
1970-01-02 20:04:00+00:00,0.0022178962829559716,0.0011595795910890815,6343
1970-01-02 20:05:00+00:00,0.006765960025335839,0.004806007578879515,9807
1970-01-02 20:06:00+00:00,0.004052039748363433,0.0019741331974472373,7047
1970-01-02 20:07:00+00:00,0.001669042072976489,0.0013662212416548202,7324
1970-01-02 20:08:00+00:00,0.0023022196782737044,0.0015861702598869004,4936
1970-01-02 20:09:00+00:00,0.0015176570546439692,0.0010246809253450348,6399
1970-01-02 20:10:00+00:00,0.0070055452684707415,0.004896578271618124,9804
1970-01-02 20:11:00+00:00,0.0031941527860852264,0.002210446741199551,7873
1970-01-02 20:12:00+00:00,0.0020458048856697095,0.0013911979020902717,6759
1970-01-02 20:13:00+00:00,0.0019267318630280083,0.0013492605590163015,6029
1970-01-02 20:14:00+00:00,0.0013736162141069293,0.0009082908465436664,5517
1970-01-02 20:15:00+00:00,0.007055745860093605,0.004932181594569013,9796
1970-01-02 20:16:00+00:00,0.005283489642211905,0.0030225336261441426,6272
1970-01-02 20:17:00+00:00,0.0033933141087525718,0.0019401763909615204,5755
1970-01-02 20:18:00+00:00,0.0018799914172860002,0.0011098680603760117,5036
1970-01-02 20:19:00+00:00,0.0022915678031222406,0.0009309113595422898,4733
1970-01-02 20:20:00+00:00,0.006592656956917316,0.004751406074613151,9802
1970-01-02 20:21:00+00:00,0.003984689344693599,0.0017206316028126464,7272
1970-01-02 20:22:00+00:00,0.0037587592085626315,0.0018189858895414786,6469
1970-01-02 20:23:00+00:00,0.0032995341609293916,0.0014708404007621695,5806
1970-01-02 20:24:00+00:00,0.0030834515761200285,0.0007376523736709656,8241
1970-01-02 20:25:00+00:00,0.006331858104053094,0.004409411830217877,9802
1970-01-02 20:26:00+00:00,0.003255107876928001,0.0018787104978668916,7164
1970-01-02 20:27:00+00:00,0.0036986244301735836,0.0018028092211938333,8401
1970-01-02 20:28:00+00:00,0.0028106501385525753,0.0012110463337173252,7414
1970-01-02 20:29:00+00:00,0.0017352723897231105,0.0007530475251662625,6385
1970-01-02 20:30:00+00:00,0.006647651136380218,0.004567205417477749,9802
1970-01-02 20:31:00+00:00,0.0035505979904272345,0.0023409478470989777,8037
1970-01-02 20:32:00+00:00,0.002297370468383039,0.0015450437183504,7643
1970-01-02 20:33:00+00:00,0.0023053423366395263,0.0014398142207453662,6316
1970-01-02 20:34:00+00:00,0.0024833026581971324,0.0008315668894139348,6559
1970-01-02 20:35:00+00:00,0.007019061630293411,0.004902865244637825,9803
1970-01-02 20:36:00+00:00,0.003415818076265476,0.0022137900887889313,6430
1970-01-02 20:37:00+00:00,0.003486172547824821,0.0021065653057794963,7401
1970-01-02 20:38:00+00:00,0.002368313617390961,0.0018149224998283337,8046
1970-01-02 20:39:00+00:00,0.002039702185661157,0.0013157862282003985,7615
1970-01-02 20:40:00+00:00,0.006995310403445713,0.004880122884480774,9806
1970-01-02 20:41:00+00:00,0.002790765339279661,0.0021359575655977093,7833
1970-01-02 20:42:00+00:00,0.00416202598804865,0.001903708213036676,7541
1970-01-02 20:43:00+00:00,0.0023999816147601124,0.0014847504506239138,6227
1970-01-02 20:44:00+00:00,0.0022067265874860945,0.0008657520340206523,7010
1970-01-02 20:45:00+00:00,0.0068312877395331085,0.004863374563169244,9809
1970-01-02 20:46:00+00:00,0.0035141777760849466,0.002111334387821584,7348
1970-01-02 20:47:00+00:00,0.004205652922660127,0.0020195980817981686,7186
1970-01-02 20:48:00+00:00,0.0031516619599191407,0.001585775948849573,6866
1970-01-02 20:49:00+00:00,0.00196547219903494,0.0010234885408849322,6228
1970-01-02 20:50:00+00:00,0.006819041691808773,0.004914233544585637,9806
1970-01-02 20:51:00+00:00,0.004236880738643339,0.002226259026463582,7611
1970-01-02 20:52:00+00:00,0.0037140634355116845,0.002431664154602515,5316
1970-01-02 20:53:00+00:00,0.0030094574055625854,0.0014365248248200207,5718
1970-01-02 20:54:00+00:00,0.0022416588531947363,0.0009339159626136488,6145
1970-01-02 20:55:00+00:00,0.006583118490515329,0.004879292419075659,9805
1970-01-02 20:56:00+00:00,0.004266421351812595,0.002554439738788434,6066
1970-01-02 20:57:00+00:00,0.002810738834829074,0.0017431347197956254,8176
1970-01-02 20:58:00+00:00,0.005811864966959596,0.0016393272646937844,8213
1970-01-02 20:59:00+00:00,0.008333144679521865,0.0015410482164747886,7546
1970-01-02 21:00:00+00:00,0.008241009517734316,0.0049538113703800155,9808
1970-01-02 21:01:00+00:00,0.011944852431280573,0.003003248439736213,7535
1970-01-02 21:02:00+00:00,0.011203733634844662,0.003082654818763559,7430
1970-01-02 21:03:00+00:00,0.011512886426552096,0.002859017760421649,7243
1970-01-02 21:04:00+00:00,0.011041227681584801,0.0025749912504357533,6820
1970-01-02 21:05:00+00:00,0.007562045744492855,0.0048148149238618895,9806
1970-01-02 21:06:00+00:00,0.006945985068664103,0.0020780222709909416,6711
1970-01-02 21:07:00+00:00,0.009809279412786587,0.0019870014089977727,7071
1970-01-02 21:08:00+00:00,0.005787175383842008,0.0015194610827099595,6785
1970-01-02 21:09:00+00:00,0.010410535627875549,0.0014788796276510212,6878
1970-01-02 21:10:00+00:00,0.007094633072854771,0.004416909906455455,9807
1970-01-02 21:11:00+00:00,0.008026807301024426,0.0025401995379498708,7382
1970-01-02 21:12:00+00:00,0.009252870432276569,0.002122884552674929,6877
1970-01-02 21:13:00+00:00,0.0050289502464128406,0.0020666853642014875,7485
1970-01-02 21:14:00+00:00,0.007444184406045687,0.0016274903385897325,6401
1970-01-02 21:15:00+00:00,0.007149859738073839,0.004319532031435346,9801
1970-01-02 21:16:00+00:00,0.005648319041106464,0.0014643319950353346,6222
1970-01-02 21:17:00+00:00,0.00413242052642717,0.0011401696817537501,6041
1970-01-02 21:18:00+00:00,0.003622680856174574,0.0008383504804620462,6534
1970-01-02 21:19:00+00:00,0.007276714295844011,0.0012910195072620822,6675
1970-01-02 21:20:00+00:00,0.006912363729376467,0.004065059899409341,9803
1970-01-02 21:21:00+00:00,0.004325393684471484,0.0021840040628820665,6223
1970-01-02 21:22:00+00:00,0.0028745703463792624,0.0012044722757262245,5300
1970-01-02 21:23:00+00:00,0.0038027150240694816,0.0014218861580911097,4578
1970-01-02 21:24:00+00:00,0.006059192238053715,0.001062821640513006,6011
1970-01-02 21:25:00+00:00,0.006900547497589173,0.004141241480228119,9806
1970-01-02 21:26:00+00:00,0.004078742216314173,0.0022532328930010095,5028
1970-01-02 21:27:00+00:00,0.010359542242390666,0.0024636703408317307,7227
1970-01-02 21:28:00+00:00,0.005779964796923172,0.0010600943392711695,5630
1970-01-02 21:29:00+00:00,0.002757988768583995,0.0010172523953366852,5774
1970-01-02 21:30:00+00:00,0.007013991185898929,0.004159963930263019,9808
1970-01-02 21:31:00+00:00,0.0074805639218061375,0.002594379327236079,7005
1970-01-02 21:32:00+00:00,0.008576470667652327,0.002244509712031214,5410
1970-01-02 21:33:00+00:00,0.0031738275659152714,0.0014769779387211106,4367
1970-01-02 21:34:00+00:00,0.0023073898092869746,0.0010141321744563995,4477
1970-01-02 21:35:00+00:00,0.0071425330873645144,0.004206773542982222,9808
1970-01-02 21:36:00+00:00,0.00558275889735783,0.0016685516613965323,5282
1970-01-02 21:37:00+00:00,0.005249633855191485,0.0024730830218545052,5160
1970-01-02 21:38:00+00:00,0.006024013807901185,0.0019461922362127755,4598
1970-01-02 21:39:00+00:00,0.006617162692430944,0.003190073689645034,5907
1970-01-02 21:40:00+00:00,0.0070678309001191925,0.004149107162446579,9804
1970-01-02 21:41:00+00:00,0.005162461686084898,0.0019661896345705985,5517
1970-01-02 21:42:00+00:00,0.005779740710156403,0.0015890033398210826,4714
1970-01-02 21:43:00+00:00,0.0038320254303318424,0.0012379554380853434,5515
1970-01-02 21:44:00+00:00,0.0009377529170174235,0.00032832601646917725,5180
1970-01-02 21:45:00+00:00,0.006705615750512403,0.003978524497506658,9805
1970-01-02 21:46:00+00:00,0.004464297925058821,0.002249728649353957,3687
1970-01-02 21:47:00+00:00,0.003457468309470696,0.001620886524694739,5050
1970-01-02 21:48:00+00:00,0.0022821723383603084,0.0011057843733652288,6141
1970-01-02 21:49:00+00:00,0.002142930574448184,0.0007965647048204659,5739
1970-01-02 21:50:00+00:00,0.006342181980810394,0.004019564091101076,9803
1970-01-02 21:51:00+00:00,0.0037526335353280033,0.0016400476378639756,5404
1970-01-02 21:52:00+00:00,0.004205640724798476,0.0017752441696034535,6099
1970-01-02 21:53:00+00:00,0.003358424256006471,0.0016733973253165947,7976
1970-01-02 21:54:00+00:00,0.002215991051944569,0.0007633522030753278,5043
1970-01-02 21:55:00+00:00,0.006070073817114907,0.0040682192016061,9803
1970-01-02 21:56:00+00:00,0.003916031917577758,0.0017954436613670166,4893
1970-01-02 21:57:00+00:00,0.0024782899233341204,0.0012751006232507116,7122
1970-01-02 21:58:00+00:00,0.0037331066834358872,0.0011907226785766844,6318
1970-01-02 21:59:00+00:00,0.003502260215324283,0.0012570755688905112,6775
1970-01-02 22:00:00+00:00,0.005683979828222183,0.003988886269763878,9807
1970-01-02 22:01:00+00:00,0.003361136311937699,0.0019418220337299068,6293
1970-01-02 22:02:00+00:00,0.0030600667193174057,0.001564139167783875,5656
1970-01-02 22:03:00+00:00,0.003939038876655047,0.001958297111013607,6211
1970-01-02 22:04:00+00:00,0.00253384068473309,0.001132898653370431,5211
1970-01-02 22:05:00+00:00,0.005945118651527911,0.004247520939794659,9811
1970-01-02 22:06:00+00:00,0.003780640743709137,0.0023748312060118495,4505
1970-01-02 22:07:00+00:00,0.0029195877461588035,0.002045437862851423,4969
1970-01-02 22:08:00+00:00,0.0031220727341971896,0.0019993619548623297,5509
1970-01-02 22:09:00+00:00,0.0023759393788585752,0.0013770066907373027,6361
1970-01-02 22:10:00+00:00,0.006039988871473271,0.004403492822717215,9817
1970-01-02 22:11:00+00:00,0.003615254543312207,0.002289531549141491,7445
1970-01-02 22:12:00+00:00,0.003765953774748363,0.001911691011315132,8008
1970-01-02 22:13:00+00:00,0.0021527565232375865,0.0013827096233927905,6356
1970-01-02 22:14:00+00:00,0.0023923707721447366,0.001232766818687257,5283
1970-01-02 22:15:00+00:00,0.006156930040444999,0.00439612945592126,9818
1970-01-02 22:16:00+00:00,0.004186297276330675,0.0024970177552318656,6092
1970-01-02 22:17:00+00:00,0.003214279167223674,0.0018867017524840247,5213
1970-01-02 22:18:00+00:00,0.002086212506579091,0.0012778247827569744,6711
1970-01-02 22:19:00+00:00,0.0016764729728710533,0.0008484911536159292,6318
1970-01-02 22:20:00+00:00,0.006615829056260723,0.0045701717147704065,9819
1970-01-02 22:21:00+00:00,0.0037564807105991763,0.002474467977756817,6351
1970-01-02 22:22:00+00:00,0.002943681153583025,0.001943091545385038,5684
1970-01-02 22:23:00+00:00,0.0018728551523808559,0.0012928891950528753,7376
1970-01-02 22:24:00+00:00,0.0016426337986257954,0.0008726096348796186,6400
1970-01-02 22:25:00+00:00,0.0067241116573127065,0.004675601801886745,9818
1970-01-02 22:26:00+00:00,0.0027491673358036707,0.00321704879652839,6562
1970-01-02 22:27:00+00:00,0.0022821140214363796,0.0014475568322646075,7133
1970-01-02 22:28:00+00:00,0.0027640625638961466,0.001112856684469961,7974
1970-01-02 22:29:00+00:00,0.0019926568746029922,0.0010095990578738554,7242
1970-01-02 22:30:00+00:00,0.006862694094333144,0.004774246282959068,9813
1970-01-02 22:31:00+00:00,0.0034264109336006585,0.00183587356511397,7410
1970-01-02 22:32:00+00:00,0.0024299045827544247,0.0012003266262034587,6259
1970-01-02 22:33:00+00:00,0.002076452136208281,0.0012006930499769309,7761
1970-01-02 22:34:00+00:00,0.0025552810335293446,0.0009339265753853435,6951
1970-01-02 22:35:00+00:00,0.006790650699241735,0.0048414796175014815,9814
1970-01-02 22:36:00+00:00,0.003236691315029011,0.0017752804872268153,6715
1970-01-02 22:37:00+00:00,0.0033787819473811054,0.0016774840785871996,6344
1970-01-02 22:38:00+00:00,0.001950791035383016,0.0011836027218558992,6364
1970-01-02 22:39:00+00:00,0.001778159410890299,0.0008075559712928499,6202
1970-01-02 22:40:00+00:00,0.006891295833439749,0.004823682086091957,9810
1970-01-02 22:41:00+00:00,0.0025593782241454936,0.0013145563371140866,7078
1970-01-02 22:42:00+00:00,0.0020230544186243603,0.0012555295126284653,5985
1970-01-02 22:43:00+00:00,0.00238372408963317,0.0011584569059498618,5195
1970-01-02 22:44:00+00:00,0.002203810206769327,0.0009577056142360769,5928
1970-01-02 22:45:00+00:00,0.005878960736551221,0.004208100827161041,9807
1970-01-02 22:46:00+00:00,0.014656625539996911,0.00432776337720276,6617
1970-01-02 22:47:00+00:00,0.005300878661400184,0.00243732801937569,6860
1970-01-02 22:48:00+00:00,0.0028798710262412566,0.0014877661057843535,5793
1970-01-02 22:49:00+00:00,0.0024876390004382196,0.0009867967649283874,5421
1970-01-02 22:50:00+00:00,0.006819645571108804,0.004675250316406795,9811
1970-01-02 22:51:00+00:00,0.01241687123606252,0.003926246220675553,7751
1970-01-02 22:52:00+00:00,0.009444704953548964,0.003194850046951379,6043
1970-01-02 22:53:00+00:00,0.010476482829779967,0.004019642522728569,5629
1970-01-02 22:54:00+00:00,0.007520277342506582,0.0029794885798601787,6436
1970-01-02 22:55:00+00:00,0.006810425937437797,0.004632578864836305,9811
1970-01-02 22:56:00+00:00,0.0075183952122702446,0.0038440084271306896,7601
1970-01-02 22:57:00+00:00,0.00412507853086456,0.0016601234299747018,6597
1970-01-02 22:58:00+00:00,0.008302742302363577,0.002375171862891689,6427
1970-01-02 22:59:00+00:00,0.0029751846134812416,0.0010605586648893943,5654
1970-01-02 23:00:00+00:00,0.0069185368205096735,0.004430488526839215,9815
1970-01-02 23:01:00+00:00,0.003989754568659764,0.0018466989560693297,7873
1970-01-02 23:02:00+00:00,0.00425542175945461,0.0020736304996834855,7148
1970-01-02 23:03:00+00:00,0.005467638546614173,0.002129239959888888,5637
1970-01-02 23:04:00+00:00,0.005853700939678912,0.0019448803283584881,6336
1970-01-02 23:05:00+00:00,0.006841032950028344,0.00452864521131561,9816
1970-01-02 23:06:00+00:00,0.004546767585532014,0.0021198573276992086,5919
1970-01-02 23:07:00+00:00,0.0038119044851220654,0.0019264418151312183,4523
1970-01-02 23:08:00+00:00,0.00643062676612475,0.0021608619903363976,5354
1970-01-02 23:09:00+00:00,0.003119799192791977,0.0008780471770607784,5158
1970-01-02 23:10:00+00:00,0.0069556881344956965,0.004604743900853705,9822
1970-01-02 23:11:00+00:00,0.006616435070122228,0.002770020603703161,5950
1970-01-02 23:12:00+00:00,0.0023915387947974457,0.0009608006945919499,7745
1970-01-02 23:13:00+00:00,0.008578644034176911,0.0027011665151866256,5245
1970-01-02 23:14:00+00:00,0.004037749996325084,0.0012289114861612047,5909
1970-01-02 23:15:00+00:00,0.006959709479884207,0.004516446856127462,9820
1970-01-02 23:16:00+00:00,0.008283765730298893,0.0028531789060722815,5172
1970-01-02 23:17:00+00:00,0.00485463962807367,0.002142837160830008,5675
1970-01-02 23:18:00+00:00,0.004796661049733042,0.0024830344303882353,5541
1970-01-02 23:19:00+00:00,0.0022782805773743885,0.0008567055521194642,5173
1970-01-02 23:20:00+00:00,0.006885092996104292,0.004561439538568743,9819
1970-01-02 23:21:00+00:00,0.004052300262366134,0.0024189549855279015,5619
1970-01-02 23:22:00+00:00,0.002364527116268652,0.001663762922839157,5680
1970-01-02 23:23:00+00:00,0.002013593851598105,0.0011010521347061034,4675
1970-01-02 23:24:00+00:00,0.002699046115542422,0.0008907172679566513,4954
1970-01-02 23:25:00+00:00,0.006913916408079756,0.004536300259729445,9820
1970-01-02 23:26:00+00:00,0.004231567599128192,0.002601417836804574,5705
1970-01-02 23:27:00+00:00,0.002864683099020649,0.0017600487703730528,5481
1970-01-02 23:28:00+00:00,0.0025220519495666605,0.0015433462114509053,4556
1970-01-02 23:29:00+00:00,0.0037461483165982393,0.0017268319151629195,4819
1970-01-02 23:30:00+00:00,0.006778536655353623,0.004511970360374851,9817
1970-01-02 23:31:00+00:00,0.004870973817993388,0.002312534809342123,5436
1970-01-02 23:32:00+00:00,0.0029496570892365566,0.0014083474965155937,6871
1970-01-02 23:33:00+00:00,0.004324561877006869,0.002216501147686167,4518
1970-01-02 23:34:00+00:00,0.0045920177126279466,0.0015655312211453022,5907
1970-01-02 23:35:00+00:00,0.006873052626634783,0.004534804110547488,9819
1970-01-02 23:36:00+00:00,0.0036800701180785913,0.0020891676680164792,5583
1970-01-02 23:37:00+00:00,0.0036655270621338133,0.0023163540685818174,6294
1970-01-02 23:38:00+00:00,0.006909640552805579,0.002169523127576102,5480
1970-01-02 23:39:00+00:00,0.002653139522093229,0.0010993501312546044,5264
1970-01-02 23:40:00+00:00,0.0067710789810141,0.004562129486082142,9820
1970-01-02 23:41:00+00:00,0.0043120174722426985,0.0016932187561628515,5555
1970-01-02 23:42:00+00:00,0.003389399659399895,0.0019078084754283802,5591
1970-01-02 23:43:00+00:00,0.002288509863565614,0.0012903909566499348,5948
1970-01-02 23:44:00+00:00,0.0017215852458886604,0.0008927018161804226,5147
1970-01-02 23:45:00+00:00,0.006773507199524589,0.004532317354882332,9822
1970-01-02 23:46:00+00:00,0.003961796751931731,0.002149082417223846,4914
1970-01-02 23:47:00+00:00,0.002905399992345839,0.0015115691524705934,5330
1970-01-02 23:48:00+00:00,0.0024934876895620567,0.001341090715365202,6416
1970-01-02 23:49:00+00:00,0.003422622380081803,0.0010569872035479956,6848
1970-01-02 23:50:00+00:00,0.006559767405946389,0.00448584845261987,9823
1970-01-02 23:51:00+00:00,0.0040104406581949435,0.0021549779477106935,6145
1970-01-02 23:52:00+00:00,0.007292810615198329,0.0024370669897819395,5495
1970-01-02 23:53:00+00:00,0.006936524672032319,0.0022111782635502284,4978
1970-01-02 23:54:00+00:00,0.007127640112079774,0.0019680327554965392,6177
1970-01-02 23:55:00+00:00,0.006356793252397263,0.0045041696537895855,9829
1970-01-02 23:56:00+00:00,0.004997722667265993,0.0025550696618193538,5538
1970-01-02 23:57:00+00:00,0.0031360457326745222,0.002072325867462522,5161
1970-01-02 23:58:00+00:00,0.002172294613039807,0.0014357661463329644,5098
1970-01-02 23:59:00+00:00,0.0020153885382345853,0.0010351627458859748,7059
1970-01-03 00:00:00+00:00,0.00585603193365086,0.0044720485991334,9828
1970-01-03 00:01:00+00:00,0.004800571776168465,0.0027410134963929593,5609
1970-01-03 00:02:00+00:00,0.003278578687143728,0.0021356182816550987,4899
1970-01-03 00:03:00+00:00,0.002299249665038916,0.0014503132163116962,4731
1970-01-03 00:04:00+00:00,0.0015752371904932518,0.0009930336201625443,5073
1970-01-03 00:05:00+00:00,0.005885076131161185,0.004571413254646736,9829
1970-01-03 00:06:00+00:00,0.004731910700815855,0.00419631045900869,4717
1970-01-03 00:07:00+00:00,0.0030403215556770572,0.002847801640290203,6964
1970-01-03 00:08:00+00:00,0.0026915119258826997,0.0019692149606035303,5826
1970-01-03 00:09:00+00:00,0.002187372213398195,0.0022359568348353136,6580
1970-01-03 00:10:00+00:00,0.005763614271361551,0.004619238907326333,9829
1970-01-03 00:11:00+00:00,0.0032129039386682673,0.0026449417243298023,7156
1970-01-03 00:12:00+00:00,0.0027636950512627116,0.002767306465888678,6862
1970-01-03 00:13:00+00:00,0.001747410067972295,0.0015864551892650258,6774
1970-01-03 00:14:00+00:00,0.0016651336498377624,0.0020080162169998856,6724
1970-01-03 00:15:00+00:00,0.006288041061181827,0.0049360932930427315,9829
1970-01-03 00:16:00+00:00,0.0033434615458395895,0.003337713321877477,5773
1970-01-03 00:17:00+00:00,0.0026169583506147195,0.0029162884106226517,6494
1970-01-03 00:18:00+00:00,0.0019982002615833673,0.0020746626521981225,6716
1970-01-03 00:19:00+00:00,0.0012575528110051418,0.0012266138839933498,5398
1970-01-03 00:20:00+00:00,0.006639958200784547,0.005068825682118384,9828
1970-01-03 00:21:00+00:00,0.003158714289425609,0.002701816234709645,6937
1970-01-03 00:22:00+00:00,0.0028758705912637346,0.002306289545305261,6640
1970-01-03 00:23:00+00:00,0.0019862524059771503,0.0016987733040308365,7428
1970-01-03 00:24:00+00:00,0.001979920813219334,0.0011261861396024686,6625
1970-01-03 00:25:00+00:00,0.006594710366298405,0.005149834954385991,9828
1970-01-03 00:26:00+00:00,0.0036625085647412877,0.0024880461050670604,7197
1970-01-03 00:27:00+00:00,0.0023795843575241398,0.0018723856978591013,6390
1970-01-03 00:28:00+00:00,0.0024028128588560777,0.0017929338177741934,5833
1970-01-03 00:29:00+00:00,0.0021391347568816077,0.0012486356896671046,6234
1970-01-03 00:30:00+00:00,0.0066697485645619585,0.0051248001866007215,9828
1970-01-03 00:31:00+00:00,0.003522020233301021,0.0022465820334444304,6384
1970-01-03 00:32:00+00:00,0.003054582202937558,0.0020139429381423614,5797
1970-01-03 00:33:00+00:00,0.0018871461559322096,0.0010995578972896772,5823
1970-01-03 00:34:00+00:00,0.0016329032871617813,0.000931907109812261,5812
1970-01-03 00:35:00+00:00,0.0062743179907228325,0.0050047599703156136,9830
1970-01-03 00:36:00+00:00,0.0030777418898901214,0.0030512904400311937,6971
1970-01-03 00:37:00+00:00,0.002171169447705858,0.0014825628451375712,8034
1970-01-03 00:38:00+00:00,0.00221907545293901,0.0013653591033420903,6986
1970-01-03 00:39:00+00:00,0.002105549876246022,0.005709568708190992,6720
1970-01-03 00:40:00+00:00,0.006512646606851929,0.004951533613902665,9828
1970-01-03 00:41:00+00:00,0.0028033223775618646,0.0017187866172360998,7220
1970-01-03 00:42:00+00:00,0.002519441432987238,0.001659599969417242,7265
1970-01-03 00:43:00+00:00,0.0018925695889755784,0.00118264930866255,7376
1970-01-03 00:44:00+00:00,0.0019752093093638925,0.0006703025577717528,7071
1970-01-03 00:45:00+00:00,0.006683787484026552,0.005064025963985665,9827
1970-01-03 00:46:00+00:00,0.003116177267224025,0.0019703331324728355,5803
1970-01-03 00:47:00+00:00,0.0026707585765197183,0.001569795321574256,6539
1970-01-03 00:48:00+00:00,0.0020938687581901257,0.0012359774592679638,6768
1970-01-03 00:49:00+00:00,0.0015959364157742326,0.0006083521890413294,5203
1970-01-03 00:50:00+00:00,0.006762162010867531,0.005054451079724575,9829
1970-01-03 00:51:00+00:00,0.0027455419028689044,0.0016236378116179493,6680
1970-01-03 00:52:00+00:00,0.002452802806213655,0.001505058054491434,6421
1970-01-03 00:53:00+00:00,0.0023706852800253367,0.001315958439327371,5115
1970-01-03 00:54:00+00:00,0.0018762010093576033,0.0009422508484854176,6362
1970-01-03 00:55:00+00:00,0.0070556080317697376,0.005218678023522835,9830
1970-01-03 00:56:00+00:00,0.0035527838408326044,0.0020638004323225638,6028
1970-01-03 00:57:00+00:00,0.0027126193902138984,0.0014850353224996164,6930
1970-01-03 00:58:00+00:00,0.0022636797015281687,0.0012221229718685648,6926
1970-01-03 00:59:00+00:00,0.0018833964566975679,0.0007844550865747676,7479
1970-01-03 01:00:00+00:00,0.007099799139780373,0.0051507739385115445,9834
1970-01-03 01:01:00+00:00,0.003454548854941221,0.002066357284112191,6576
1970-01-03 01:02:00+00:00,0.002993734138656472,0.0018337441099870258,6125
1970-01-03 01:03:00+00:00,0.003135105840919064,0.00158239875939027,5718
1970-01-03 01:04:00+00:00,0.0024587966969722487,0.0010537543040474503,6563
1970-01-03 01:05:00+00:00,0.007103266959733616,0.0051195023447629315,9835
1970-01-03 01:06:00+00:00,0.0031108192160809937,0.001685345674305153,6106
1970-01-03 01:07:00+00:00,0.0022935700296555623,0.001594291937431237,5933
1970-01-03 01:08:00+00:00,0.0021448927355714373,0.001249899462657808,5932
1970-01-03 01:09:00+00:00,0.0018432138661084313,0.0008138566007658853,5715
1970-01-03 01:10:00+00:00,0.007088034469917578,0.005167529028753529,9835
1970-01-03 01:11:00+00:00,0.004063399084557211,0.00238556375055598,6097
1970-01-03 01:12:00+00:00,0.0027197528695074974,0.001676135084686239,7303
1970-01-03 01:13:00+00:00,0.0030263302306768863,0.0013788954887406545,6726
1970-01-03 01:14:00+00:00,0.001620843559159429,0.0007031699281672476,6227
1970-01-03 01:15:00+00:00,0.006929086566561122,0.005109692751461268,9837
1970-01-03 01:16:00+00:00,0.0030659734738864323,0.0019350031855587713,5922
1970-01-03 01:17:00+00:00,0.0031809657220641897,0.0018095589793789561,6903
1970-01-03 01:18:00+00:00,0.0027360563831821763,0.0014217891701276768,6700
1970-01-03 01:19:00+00:00,0.002100067111674714,0.0010542964057895364,5927
1970-01-03 01:20:00+00:00,0.006916520302328285,0.0050153849366016065,9836
1970-01-03 01:21:00+00:00,0.004213458939806575,0.0026468956832657116,5851
1970-01-03 01:22:00+00:00,0.002076533326210104,0.0015387311452154714,6813
1970-01-03 01:23:00+00:00,0.0016981008232773757,0.001059870447765854,6355
1970-01-03 01:24:00+00:00,0.0014190811824408558,0.000778742660858981,6146
1970-01-03 01:25:00+00:00,0.006741174242049519,0.004993342160987005,9835
1970-01-03 01:26:00+00:00,0.003256430663045765,0.0021565749912810907,5839
1970-01-03 01:27:00+00:00,0.0028218015647796225,0.0019497280810252754,5587
1970-01-03 01:28:00+00:00,0.002227880379361311,0.0016449240698562567,6763
1970-01-03 01:29:00+00:00,0.0020647023455210188,0.0012005416502989406,5900
1970-01-03 01:30:00+00:00,0.006907481041376804,0.005152037249293037,9835
1970-01-03 01:31:00+00:00,0.004367080287427394,0.002774503728242278,6396
1970-01-03 01:32:00+00:00,0.002584785832934765,0.0017979393227468895,5822
1970-01-03 01:33:00+00:00,0.0018773457379350706,0.0012239893910872953,5893
1970-01-03 01:34:00+00:00,0.001303885988951306,0.0012629134719537223,4952
1970-01-03 01:35:00+00:00,0.006974674441594265,0.005218868733542411,9835
1970-01-03 01:36:00+00:00,0.0032578237381107452,0.002468843736673309,5716
1970-01-03 01:37:00+00:00,0.003023699754406082,0.0021348459234859208,5201
1970-01-03 01:38:00+00:00,0.0023352667242881784,0.001505564074832991,5318
1970-01-03 01:39:00+00:00,0.0015858321893410608,0.0011437188901053904,6437
1970-01-03 01:40:00+00:00,0.007037692714461444,0.005194446342509743,9832
1970-01-03 01:41:00+00:00,0.0027260157781616094,0.0019786446388891203,6230
1970-01-03 01:42:00+00:00,0.002873529951612305,0.002056057235022457,6526
1970-01-03 01:43:00+00:00,0.0024255701671705866,0.0015360014121336201,6035
1970-01-03 01:44:00+00:00,0.0023725515191125486,0.0011662898931541945,6421
1970-01-03 01:45:00+00:00,0.006943801103942639,0.005134865555602081,9833
1970-01-03 01:46:00+00:00,0.002929983809959754,0.0016939006736773538,6343
1970-01-03 01:47:00+00:00,0.002707428688908853,0.0015542291077121505,6582
1970-01-03 01:48:00+00:00,0.002671216292700386,0.0012972226880066573,6503
1970-01-03 01:49:00+00:00,0.0017613499239645626,0.0008879869238011306,6321
1970-01-03 01:50:00+00:00,0.006973459503178686,0.005136920199683611,9834
1970-01-03 01:51:00+00:00,0.003813924435236224,0.0020481737686206727,6172
1970-01-03 01:52:00+00:00,0.0036880499130649367,0.0019968146202065267,5936
1970-01-03 01:53:00+00:00,0.001983934751100816,0.0015119764227813312,6305
1970-01-03 01:54:00+00:00,0.0026283781463810043,0.0011925587722000377,5705
1970-01-03 01:55:00+00:00,0.006699578265800254,0.004897072297996888,9835
1970-01-03 01:56:00+00:00,0.003201292698891004,0.0017695353963209251,7286
1970-01-03 01:57:00+00:00,0.0032472088795255575,0.0019102627773604534,7068
1970-01-03 01:58:00+00:00,0.0023237796175435894,0.0016523785265767665,6599
1970-01-03 01:59:00+00:00,0.0019372663160409866,0.0007091077778853575,5228
1970-01-03 02:00:00+00:00,0.006795960759805409,0.005004003022131508,9834
1970-01-03 02:01:00+00:00,0.002905265647574079,0.001811483114370719,6915
1970-01-03 02:02:00+00:00,0.0023622036523673093,0.001838642974041138,5631
1970-01-03 02:03:00+00:00,0.0018013865790872106,0.0013347725768841933,6428
1970-01-03 02:04:00+00:00,0.002091976189618014,0.0013597520911602982,7121
1970-01-03 02:05:00+00:00,0.006688876809295106,0.004981019676123549,9835
1970-01-03 02:06:00+00:00,0.0027174431469827232,0.0020981679003592235,6991
1970-01-03 02:07:00+00:00,0.0020855673285357194,0.0015439295760234185,6499
1970-01-03 02:08:00+00:00,0.0016399488499247964,0.0013373384896542815,7074
1970-01-03 02:09:00+00:00,0.0011433539040824146,0.0009339225125890828,6696
1970-01-03 02:10:00+00:00,0.006978787933703412,0.005098373713086451,9836
1970-01-03 02:11:00+00:00,0.003821213796139612,0.002264112715912823,6721
1970-01-03 02:12:00+00:00,0.0034056144030336845,0.002282812208110836,6153
1970-01-03 02:13:00+00:00,0.00221526765149418,0.001415034314004111,6687
1970-01-03 02:14:00+00:00,0.0020248942438201266,0.0012427171771571819,5832
1970-01-03 02:15:00+00:00,0.0071381294896907576,0.005193594692422709,9834
1970-01-03 02:16:00+00:00,0.003713002689976235,0.0024594979960448986,4904
1970-01-03 02:17:00+00:00,0.002524494263275914,0.0015531660149821905,6300
1970-01-03 02:18:00+00:00,0.006650894048867753,0.00180538492560886,6275
1970-01-03 02:19:00+00:00,0.0018701199678276804,0.001024563290527116,6841
1970-01-03 02:20:00+00:00,0.007031085176022081,0.0052622198610136825,9834
1970-01-03 02:21:00+00:00,0.0035035113345590566,0.0021327100223601184,6896
1970-01-03 02:22:00+00:00,0.003865012457040467,0.0026163798956325584,5761
1970-01-03 02:23:00+00:00,0.0033011451877396625,0.0020701518118153104,4971
1970-01-03 02:24:00+00:00,0.0014813028332733616,0.0008090884158503943,5408
1970-01-03 02:25:00+00:00,0.006673238704657673,0.005201213399664036,9834
1970-01-03 02:26:00+00:00,0.0037079950861804,0.0024024127566636124,6967
1970-01-03 02:27:00+00:00,0.004050295334039277,0.00257998113818401,5662
1970-01-03 02:28:00+00:00,0.0026835526334479097,0.0012144876429297856,6833
1970-01-03 02:29:00+00:00,0.001983883115619402,0.0009585247571960138,6958
1970-01-03 02:30:00+00:00,0.006726230029844742,0.005146039635612148,9834
1970-01-03 02:31:00+00:00,0.002912267963930294,0.0020360542082849264,6802
1970-01-03 02:32:00+00:00,0.0026777903294191363,0.0021126989041607416,5915
1970-01-03 02:33:00+00:00,0.002033792387429969,0.001188847174800656,6780
1970-01-03 02:34:00+00:00,0.0011258087491506845,0.0007625563349941877,5636
1970-01-03 02:35:00+00:00,0.00664918469005459,0.0051237345582982865,9833
1970-01-03 02:36:00+00:00,0.003240264697393798,0.0022239799292198678,6139
1970-01-03 02:37:00+00:00,0.008365194955090804,0.0015785783684978277,6443
1970-01-03 02:38:00+00:00,0.002608089573764822,0.0014376647952179203,5309
1970-01-03 02:39:00+00:00,0.0014889252106680963,0.0008350995122169974,5329
1970-01-03 02:40:00+00:00,0.0065626712360288015,0.004878697002735884,9833
1970-01-03 02:41:00+00:00,0.006381734990648234,0.0019572330564608417,7044
1970-01-03 02:42:00+00:00,0.0030422058462260294,0.0015204307276665556,6373
1970-01-03 02:43:00+00:00,0.001725842297068977,0.0011435121826726014,6022
1970-01-03 02:44:00+00:00,0.0011146766754196783,0.0007316746691207539,6888
1970-01-03 02:45:00+00:00,0.006569328477454322,0.004835151806619309,9833
1970-01-03 02:46:00+00:00,0.0031676065022329643,0.0018911318305194897,6538
1970-01-03 02:47:00+00:00,0.002510834455726643,0.0016054715074243974,7216
1970-01-03 02:48:00+00:00,0.005702290824512487,0.0014384806264819312,6407
1970-01-03 02:49:00+00:00,0.002048457938156605,0.0011198811572181821,8057
1970-01-03 02:50:00+00:00,0.0067140582231010925,0.004882707173462908,9833
1970-01-03 02:51:00+00:00,0.003443185982808719,0.002328895841673415,6716
1970-01-03 02:52:00+00:00,0.002470648198165748,0.001624732953756568,6683
1970-01-03 02:53:00+00:00,0.0015142536311033967,0.001203535053088024,6026
1970-01-03 02:54:00+00:00,0.0015156583150393761,0.0007358305734435659,6806
1970-01-03 02:55:00+00:00,0.00670934208238857,0.004851470131733826,9835
1970-01-03 02:56:00+00:00,0.002373860244400107,0.001586399966508397,7094
1970-01-03 02:57:00+00:00,0.002339632762982185,0.0015379104329112936,7439
1970-01-03 02:58:00+00:00,0.0026269778452576564,0.0013408192959395728,7596
1970-01-03 02:59:00+00:00,0.002635618064014146,0.0009735113719952799,7398
1970-01-03 03:00:00+00:00,0.006801299042105233,0.004979692470121734,9834
1970-01-03 03:01:00+00:00,0.0033299677402942166,0.002156116714725255,7019
1970-01-03 03:02:00+00:00,0.002204879629335814,0.001350592951286706,6176
1970-01-03 03:03:00+00:00,0.0039276496077893484,0.0014176451827713542,5774
1970-01-03 03:04:00+00:00,0.0019273261058710938,0.0007603121800522325,5178
1970-01-03 03:05:00+00:00,0.007036658766116833,0.005110763443199408,9835
1970-01-03 03:06:00+00:00,0.005716244361019369,0.0023687892912922677,6371
1970-01-03 03:07:00+00:00,0.0030241452098788402,0.0014753588525633315,6194
1970-01-03 03:08:00+00:00,0.00281775634130716,0.0013003896924322909,4410
1970-01-03 03:09:00+00:00,0.002248176423325228,0.0008791828481905492,6405
1970-01-03 03:10:00+00:00,0.006516968595155683,0.005023540018215387,9835
1970-01-03 03:11:00+00:00,0.0038622963677537583,0.002068501109294376,5557
1970-01-03 03:12:00+00:00,0.0022394204683718983,0.0014763274465816058,5575
1970-01-03 03:13:00+00:00,0.0027033703954643796,0.0017003196748076653,5491
1970-01-03 03:14:00+00:00,0.0022206336739209907,0.00101836710299348,5054
1970-01-03 03:15:00+00:00,0.006423001771790538,0.0049271847878545605,9835
1970-01-03 03:16:00+00:00,0.0025532883194499117,0.001888910753556518,6911
1970-01-03 03:17:00+00:00,0.0021478908124247195,0.0016502880748822666,6722
1970-01-03 03:18:00+00:00,0.0018018618932115927,0.0013973204751445297,6001
1970-01-03 03:19:00+00:00,0.0016951242935646477,0.0009200104511412703,5882
1970-01-03 03:20:00+00:00,0.0066178611633243845,0.005013871647921095,9833
1970-01-03 03:21:00+00:00,0.003311505739941194,0.0022229919493514357,6322
1970-01-03 03:22:00+00:00,0.00192250055071166,0.0013744462933910977,7628
1970-01-03 03:23:00+00:00,0.0027311715205443747,0.0015588399439523705,7194
1970-01-03 03:24:00+00:00,0.002751205068546734,0.0016993758823180612,5576
1970-01-03 03:25:00+00:00,0.0064292185234896895,0.004948751293002891,9833
1970-01-03 03:26:00+00:00,0.0037590750412094796,0.002355263588543096,4465
1970-01-03 03:27:00+00:00,0.0033147241133769,0.0019153532073279249,5972
1970-01-03 03:28:00+00:00,0.0025751215757975556,0.0010276556387091474,5752
1970-01-03 03:29:00+00:00,0.0021417397853135778,0.0007612146176915086,5676
1970-01-03 03:30:00+00:00,0.006482245119493155,0.004810022558557329,9833
1970-01-03 03:31:00+00:00,0.0031575344783476766,0.0020241467464073744,5966
1970-01-03 03:32:00+00:00,0.0029250098587259915,0.0017143860904728636,6841
1970-01-03 03:33:00+00:00,0.0021210390905993127,0.001107372029869658,5770
1970-01-03 03:34:00+00:00,0.0018776721320483602,0.0007608703544132654,4315
1970-01-03 03:35:00+00:00,0.006782495585166305,0.005068905428988397,9834
1970-01-03 03:36:00+00:00,0.004347792739956939,0.002443646791845808,4855
1970-01-03 03:37:00+00:00,0.003650059016543847,0.0018440938215956713,4890
1970-01-03 03:38:00+00:00,0.002115038111294529,0.001221878337829356,6635
1970-01-03 03:39:00+00:00,0.0018326830769096595,0.0006702818521639184,5870
1970-01-03 03:40:00+00:00,0.006607311400100048,0.004904812402700059,9835
1970-01-03 03:41:00+00:00,0.0027114295652460245,0.0017332730696060985,6663
1970-01-03 03:42:00+00:00,0.002392303500521338,0.0018383601738406817,5717
1970-01-03 03:43:00+00:00,0.003280520326290295,0.0016219963989304049,6270
1970-01-03 03:44:00+00:00,0.0028418650208774355,0.001118413207487081,6830
1970-01-03 03:45:00+00:00,0.00664641171267945,0.004939180899831385,9835
1970-01-03 03:46:00+00:00,0.00369769430029163,0.002363483395677198,5616
1970-01-03 03:47:00+00:00,0.0032635006243357987,0.0019090200630067942,5569
1970-01-03 03:48:00+00:00,0.004090692342992714,0.0017607660755293323,6777
1970-01-03 03:49:00+00:00,0.003210460809500263,0.0012465288450514175,6524
1970-01-03 03:50:00+00:00,0.006655031469634833,0.0048086598644338984,9835
1970-01-03 03:51:00+00:00,0.0032177913628832497,0.0019478115290442331,6393
1970-01-03 03:52:00+00:00,0.0032459272349016736,0.002080099887855682,5919
1970-01-03 03:53:00+00:00,0.0035147401049367426,0.002015086715263031,5625
1970-01-03 03:54:00+00:00,0.0024748891539978545,0.0012915279746180462,5847
1970-01-03 03:55:00+00:00,0.006876523287552543,0.004987899762894653,9835
1970-01-03 03:56:00+00:00,0.0046775517343473445,0.0029826730239291104,5508
1970-01-03 03:57:00+00:00,0.003477783841410969,0.002044909817027292,5713
1970-01-03 03:58:00+00:00,0.0031502955284680653,0.0018552286448755197,5197
1970-01-03 03:59:00+00:00,0.0024804692764494674,0.001352388910231024,5847
1970-01-03 04:00:00+00:00,0.00677691803313058,0.004877121591247317,9835
1970-01-03 04:01:00+00:00,0.0037114217433410718,0.0020576040181533024,6013
1970-01-03 04:02:00+00:00,0.004678530665926389,0.002665022417566592,6213
1970-01-03 04:03:00+00:00,0.0027635939873667855,0.0015576396124398787,6428
1970-01-03 04:04:00+00:00,0.001919645957870157,0.0008627658782501614,4779
1970-01-03 04:05:00+00:00,0.006866344518841672,0.0049025826564362066,9835
1970-01-03 04:06:00+00:00,0.0032009072547613845,0.0018624379460228636,6803
1970-01-03 04:07:00+00:00,0.0036953990533055755,0.0018893876842128643,6313
1970-01-03 04:08:00+00:00,0.0028043197102141297,0.0016650308057456777,4607
1970-01-03 04:09:00+00:00,0.0017519771593396986,0.0009396133989538421,4690
1970-01-03 04:10:00+00:00,0.006623266109639852,0.004701753911100962,9835
1970-01-03 04:11:00+00:00,0.003979721754055463,0.002326853980783634,5321
1970-01-03 04:12:00+00:00,0.002743872923325767,0.0019808907224226186,5162
1970-01-03 04:13:00+00:00,0.002460739196750369,0.0016125273361006416,6338
1970-01-03 04:14:00+00:00,0.0019602175894209363,0.0010647886738668613,7142
1970-01-03 04:15:00+00:00,0.006580064309046774,0.004746445487885542,9835
1970-01-03 04:16:00+00:00,0.004181514381921819,0.0024890174044953453,5848
1970-01-03 04:17:00+00:00,0.0027054643018522874,0.0018494603787386603,5891
1970-01-03 04:18:00+00:00,0.0023737699411770737,0.0012184948396938946,5507
1970-01-03 04:19:00+00:00,0.0021627726950445205,0.0010100935116143985,7687
1970-01-03 04:20:00+00:00,0.0066512523133663804,0.004773648512405353,9836
1970-01-03 04:21:00+00:00,0.0031654488849847833,0.0023830417605614574,6716
1970-01-03 04:22:00+00:00,0.0030244732180851695,0.0020838113268127597,7267
1970-01-03 04:23:00+00:00,0.0020797745082222923,0.0014007556289670113,5837
1970-01-03 04:24:00+00:00,0.0014593080861831835,0.0008026831274365623,6469
1970-01-03 04:25:00+00:00,0.006517424452266799,0.004762037142406257,9835
1970-01-03 04:26:00+00:00,0.0037126655140841134,0.0022326729880573957,6253
1970-01-03 04:27:00+00:00,0.0027017830035928883,0.0018301465856242498,6132
1970-01-03 04:28:00+00:00,0.0024957618502788395,0.0012760410173458196,6090
1970-01-03 04:29:00+00:00,0.0018359589103421814,0.0008729917863960951,6089
1970-01-03 04:30:00+00:00,0.006535808870697187,0.004711219140017455,9834
1970-01-03 04:31:00+00:00,0.0035116855156616077,0.0021624958912822134,7146
1970-01-03 04:32:00+00:00,0.0022922541366479435,0.0016687308095994704,7806
1970-01-03 04:33:00+00:00,0.001992501943049075,0.0012794056535815393,6936
1970-01-03 04:34:00+00:00,0.0015794505739507867,0.0011103506459399228,7865
1970-01-03 04:35:00+00:00,0.0064402870777591215,0.004766427638543091,9834
1970-01-03 04:36:00+00:00,0.0037699616153582267,0.0023838876279365885,6698
1970-01-03 04:37:00+00:00,0.0036865202462306253,0.00223354786061877,7324
1970-01-03 04:38:00+00:00,0.0027672137088320956,0.0016159954731364307,6883
1970-01-03 04:39:00+00:00,0.0021921533867462614,0.0011383080302585441,7184
1970-01-03 04:40:00+00:00,0.006734729660367538,0.004884807945907046,9832
1970-01-03 04:41:00+00:00,0.0036996800032537787,0.0018817990632862785,5581
1970-01-03 04:42:00+00:00,0.0029572828607263087,0.0017078389511252985,5696
1970-01-03 04:43:00+00:00,0.0024027633468619984,0.0009384748028441867,6521
1970-01-03 04:44:00+00:00,0.001685762819381993,0.000743426538962687,5390
1970-01-03 04:45:00+00:00,0.006587641046002433,0.004834827029742214,9829
1970-01-03 04:46:00+00:00,0.0038314218542699744,0.0020706084554142335,5208
1970-01-03 04:47:00+00:00,0.0034377142131433555,0.00150661273794314,6454
1970-01-03 04:48:00+00:00,0.0027938197811272856,0.0014934833934118047,5551
1970-01-03 04:49:00+00:00,0.002164913101966586,0.0008466853877064416,7420
1970-01-03 04:50:00+00:00,0.006369696983421694,0.004730076580332461,9829
1970-01-03 04:51:00+00:00,0.003124610784259945,0.0020652006398822293,7158
1970-01-03 04:52:00+00:00,0.002465862948797339,0.0016231141414061645,6217
1970-01-03 04:53:00+00:00,0.002029833076791597,0.0014306693034337298,6721
1970-01-03 04:54:00+00:00,0.0013976274416606265,0.0008356727640726503,5125
1970-01-03 04:55:00+00:00,0.006577974768890158,0.00493656311931967,9830
1970-01-03 04:56:00+00:00,0.004384916384457065,0.0024363825054330725,4385
1970-01-03 04:57:00+00:00,0.0031052374491960005,0.0019821232971803148,5237
1970-01-03 04:58:00+00:00,0.0021395990531869954,0.0013355492935482334,4760
1970-01-03 04:59:00+00:00,0.0016379524496570274,0.0009548697862758514,5995
1970-01-03 05:00:00+00:00,0.0063466390288392065,0.004772002869087726,9832
1970-01-03 05:01:00+00:00,0.0035881491657825133,0.0022522204629363265,7033
1970-01-03 05:02:00+00:00,0.0026931380779552905,0.0020733877637517982,7418
1970-01-03 05:03:00+00:00,0.0029422463263060377,0.0012679743564162672,7245
1970-01-03 05:04:00+00:00,0.0018291095071587679,0.001181876027423082,6046
1970-01-03 05:05:00+00:00,0.006470275159665861,0.004775729571508755,9834
1970-01-03 05:06:00+00:00,0.003139620827149356,0.0019001926371671612,7182
1970-01-03 05:07:00+00:00,0.0034744951194059606,0.0018209513500239817,7752
1970-01-03 05:08:00+00:00,0.002590865803665528,0.0014214494420999246,6994
1970-01-03 05:09:00+00:00,0.0019351982435543591,0.0009775722019117318,6624
1970-01-03 05:10:00+00:00,0.006495672346529892,0.004767156869277126,9835
1970-01-03 05:11:00+00:00,0.0037098734240735903,0.002092478898716602,5640
1970-01-03 05:12:00+00:00,0.0032333169740259853,0.0017935158542205472,7000
1970-01-03 05:13:00+00:00,0.002524125364442129,0.0014729773383827924,6407
1970-01-03 05:14:00+00:00,0.002084730889456255,0.0010575369100409605,5726
1970-01-03 05:15:00+00:00,0.006356548212456169,0.004828703391998708,9834
1970-01-03 05:16:00+00:00,0.0028972757834846113,0.0016797006397053086,5831
1970-01-03 05:17:00+00:00,0.002701785010288179,0.0016511845703862118,6772
1970-01-03 05:18:00+00:00,0.002227003858411915,0.001366856188375514,6395
1970-01-03 05:19:00+00:00,0.0023135132600588726,0.0011619856897894798,6578
1970-01-03 05:20:00+00:00,0.006628507070506105,0.004974444117304903,9832
1970-01-03 05:21:00+00:00,0.004375376295587845,0.0025912842970381602,7050
1970-01-03 05:22:00+00:00,0.0024498506214581293,0.0015397858283091642,5685
1970-01-03 05:23:00+00:00,0.0024372188627595904,0.00161079322686392,6033
1970-01-03 05:24:00+00:00,0.0021894931455292955,0.0012093150313575646,6375
1970-01-03 05:25:00+00:00,0.006610620209609279,0.0049861545453564055,9830
1970-01-03 05:26:00+00:00,0.002626270615621181,0.0019272425315489726,5280
1970-01-03 05:27:00+00:00,0.003510101550036633,0.002060536989660691,5446
1970-01-03 05:28:00+00:00,0.001919456752660909,0.001311075424275339,6163
1970-01-03 05:29:00+00:00,0.0017474683290635516,0.0010388431327578939,6501
1970-01-03 05:30:00+00:00,0.006523882147327903,0.0049823850217175294,9831
1970-01-03 05:31:00+00:00,0.0032202255770865215,0.002353121465030259,6403
1970-01-03 05:32:00+00:00,0.0028778375166159816,0.0021957614978586233,5173
1970-01-03 05:33:00+00:00,0.0025515055163808143,0.0016401922877878868,5217
1970-01-03 05:34:00+00:00,0.0012186968617460669,0.0007327244028156076,5818
1970-01-03 05:35:00+00:00,0.0064560687841337654,0.005020276512141013,9830
1970-01-03 05:36:00+00:00,0.002757146541304605,0.0018627045424046199,6377
1970-01-03 05:37:00+00:00,0.002462104562448662,0.0014841449821919564,4943
1970-01-03 05:38:00+00:00,0.0023532714697124834,0.0014718904725359253,5814
1970-01-03 05:39:00+00:00,0.001933389963329227,0.0009954134381375164,6094
1970-01-03 05:40:00+00:00,0.006478486292406388,0.00499748344137423,9829
1970-01-03 05:41:00+00:00,0.0032400764679588454,0.0031859129384956206,5773
1970-01-03 05:42:00+00:00,0.002317539886287612,0.0017451009760991252,5607
1970-01-03 05:43:00+00:00,0.0019627364197569845,0.00118687330480974,5501
1970-01-03 05:44:00+00:00,0.001717700063955439,0.0009983624292664863,6168
1970-01-03 05:45:00+00:00,0.006499448221629422,0.005030764163288491,9831
1970-01-03 05:46:00+00:00,0.0033509629717198754,0.0022038569122488643,6705
1970-01-03 05:47:00+00:00,0.002863210314414327,0.001984084249226079,6105
1970-01-03 05:48:00+00:00,0.002226173091137167,0.0015380652880502366,5736
1970-01-03 05:49:00+00:00,0.001728332287572247,0.0009584284346152305,6130
1970-01-03 05:50:00+00:00,0.006548050811921961,0.005030173715782237,9833
1970-01-03 05:51:00+00:00,0.004383888046322327,0.002426228511235816,6177
1970-01-03 05:52:00+00:00,0.0019949793662975995,0.0016248891051386424,6374
1970-01-03 05:53:00+00:00,0.004125144801326751,0.0025029963770097532,6099
1970-01-03 05:54:00+00:00,0.001937002249796911,0.0011248989468957593,5706
1970-01-03 05:55:00+00:00,0.006585774196236674,0.0049023359218791016,9833
1970-01-03 05:56:00+00:00,0.00334557197870957,0.002613196496885069,5585
1970-01-03 05:57:00+00:00,0.002977825633656349,0.002068224014354606,5766
1970-01-03 05:58:00+00:00,0.0034115526422783767,0.0012397950242967063,5743
1970-01-03 05:59:00+00:00,0.0020369838652547914,0.0011798713559978762,6966
1970-01-03 06:00:00+00:00,0.006739314116172007,0.004968990988884182,9832
1970-01-03 06:01:00+00:00,0.0033150334665334627,0.002074642259809971,6996
1970-01-03 06:02:00+00:00,0.002535393765667374,0.0016056148949613646,6962
1970-01-03 06:03:00+00:00,0.001947787197587815,0.0012823923182314928,6411
1970-01-03 06:04:00+00:00,0.0017881906662122792,0.0010805051439569538,5849
1970-01-03 06:05:00+00:00,0.0066487224426250635,0.004820050603446991,9833
1970-01-03 06:06:00+00:00,0.003578449431507383,0.002469488977325575,6377
1970-01-03 06:07:00+00:00,0.0031834962069119325,0.001957372256687708,6166
1970-01-03 06:08:00+00:00,0.002108980851526366,0.0015166702049044935,6128
1970-01-03 06:09:00+00:00,0.0018505957987175747,0.001113283085442291,5721
1970-01-03 06:10:00+00:00,0.00699432437525206,0.0050392467129889915,9834
1970-01-03 06:11:00+00:00,0.003414564474101279,0.002600482737344686,7053
1970-01-03 06:12:00+00:00,0.004433647537039176,0.0031603529320817655,6056
1970-01-03 06:13:00+00:00,0.0029091212642316554,0.001876383115363221,5588
1970-01-03 06:14:00+00:00,0.0016426268388916566,0.0008834624512270487,5634
1970-01-03 06:15:00+00:00,0.00681068131176541,0.005096118302343514,9834
1970-01-03 06:16:00+00:00,0.0025831998499340745,0.0019168284334833002,5366
1970-01-03 06:17:00+00:00,0.0034924698158464804,0.0013677434676543751,6011
1970-01-03 06:18:00+00:00,0.002459455711697205,0.001381023849491271,5236
1970-01-03 06:19:00+00:00,0.0024837705879465484,0.000986040269050333,6580
1970-01-03 06:20:00+00:00,0.0066477237481819065,0.004857990568549489,9834
1970-01-03 06:21:00+00:00,0.002498328411646134,0.0017738526550920614,6326
1970-01-03 06:22:00+00:00,0.002525829542376654,0.0016747370073339578,5312
1970-01-03 06:23:00+00:00,0.0021540750632142768,0.0014153239980739427,5549
1970-01-03 06:24:00+00:00,0.002129485253334013,0.001004163518271788,6063
1970-01-03 06:25:00+00:00,0.006649432168588285,0.004892018785781122,9834
1970-01-03 06:26:00+00:00,0.0032820317866852585,0.0020332274720089912,6522
1970-01-03 06:27:00+00:00,0.0024796684723903586,0.0019392454656591016,6349
1970-01-03 06:28:00+00:00,0.0018545491825511943,0.0009272166129800969,5670
1970-01-03 06:29:00+00:00,0.001467933408845661,0.0008044218484525871,4881
1970-01-03 06:30:00+00:00,0.006663001456106243,0.004935372122709601,9835
1970-01-03 06:31:00+00:00,0.004988269820840904,0.003606744885088604,7152
1970-01-03 06:32:00+00:00,0.0025180912281606827,0.0014587010047707831,7290
1970-01-03 06:33:00+00:00,0.0016230181489896689,0.0010559286662021681,7226
1970-01-03 06:34:00+00:00,0.0012960683244281823,0.0006528293260362211,6645
1970-01-03 06:35:00+00:00,0.006725553733439344,0.004915074758452137,9834
1970-01-03 06:36:00+00:00,0.0022326733466073697,0.0011746122177795921,6498
1970-01-03 06:37:00+00:00,0.00233360828070417,0.0014969101426213524,5874
1970-01-03 06:38:00+00:00,0.0016289659576076362,0.0010789970699407521,6031
1970-01-03 06:39:00+00:00,0.0022154561008946683,0.0009063527464382091,6528
1970-01-03 06:40:00+00:00,0.006708151639473804,0.004856827555556724,9834
1970-01-03 06:41:00+00:00,0.0029355966750509582,0.0020490923182004818,6393
1970-01-03 06:42:00+00:00,0.002186307965936793,0.0016800686285505504,6713
1970-01-03 06:43:00+00:00,0.0018776344610397383,0.0013660360168021117,4467
1970-01-03 06:44:00+00:00,0.0019034923929933346,0.001016269143333587,5430
1970-01-03 06:45:00+00:00,0.0067065193597198565,0.004934393426260737,9833
1970-01-03 06:46:00+00:00,0.002445955449772074,0.001612994950905317,6902
1970-01-03 06:47:00+00:00,0.002378098080190124,0.0012228869484416272,7037
1970-01-03 06:48:00+00:00,0.0027538580113358794,0.0015445553637746857,6980
1970-01-03 06:49:00+00:00,0.0014950027856621094,0.000716273239539282,6399
1970-01-03 06:50:00+00:00,0.0063724858803693015,0.0046402335337840436,9833
1970-01-03 06:51:00+00:00,0.0028529025529327725,0.0018218894266686376,6900
1970-01-03 06:52:00+00:00,0.0023896310205766217,0.001554660998882097,6559
1970-01-03 06:53:00+00:00,0.0020285960988979095,0.0010484827375224564,6309
1970-01-03 06:54:00+00:00,0.0015697590216643327,0.0008669960900979927,5991
1970-01-03 06:55:00+00:00,0.006766713510838722,0.004858599144603644,9834
1970-01-03 06:56:00+00:00,0.002931473109947628,0.0018390873107045035,6292
1970-01-03 06:57:00+00:00,0.0027022404781855396,0.0015831757757856701,6792
1970-01-03 06:58:00+00:00,0.0023644143103133657,0.0008211844470268707,6885
1970-01-03 06:59:00+00:00,0.0026772206542853565,0.000977717777865843,7071
1970-01-03 07:00:00+00:00,0.00673798122184112,0.004684472349165848,9832
1970-01-03 07:01:00+00:00,0.002418722690138828,0.0011889617623483174,7321
1970-01-03 07:02:00+00:00,0.0026188160289584133,0.001438291289006754,6864
1970-01-03 07:03:00+00:00,0.002343243171305158,0.000917375155263247,6337
1970-01-03 07:04:00+00:00,0.0015703101037153734,0.0007058992743955173,6066
1970-01-03 07:05:00+00:00,0.006574612245611864,0.004476766282309305,9832
1970-01-03 07:06:00+00:00,0.00293748193974779,0.0010350897517818422,7411
1970-01-03 07:07:00+00:00,0.003128244958216776,0.0013333269086337773,8105
1970-01-03 07:08:00+00:00,0.0027738898713813684,0.0007941936888082733,6717
1970-01-03 07:09:00+00:00,0.002736849247455139,0.000703968728782562,6015
1970-01-03 07:10:00+00:00,0.006433201447314136,0.004332063472270127,9833
1970-01-03 07:11:00+00:00,0.0026818161479176777,0.0015923605223175294,7479
1970-01-03 07:12:00+00:00,0.0027198493964366204,0.001389213605568299,6802
1970-01-03 07:13:00+00:00,0.0020260152335801985,0.001149718149897612,6376
1970-01-03 07:14:00+00:00,0.0016682464194315147,0.0007878412551836445,6629
1970-01-03 07:15:00+00:00,0.006178957963166001,0.004284915733907232,9835
1970-01-03 07:16:00+00:00,0.0017794812440688065,0.001197126868619617,7017
1970-01-03 07:17:00+00:00,0.002243074490622625,0.0012153491045350249,6770
1970-01-03 07:18:00+00:00,0.0019541804164256793,0.0010841541316581062,6694
1970-01-03 07:19:00+00:00,0.002421146020878783,0.0012983446626233803,6762
1970-01-03 07:20:00+00:00,0.006190971224419671,0.004336902507435618,9834
1970-01-03 07:21:00+00:00,0.002448629824794193,0.0015630269253032927,7507
1970-01-03 07:22:00+00:00,0.0014841660234345677,0.0010368429885988858,6890
1970-01-03 07:23:00+00:00,0.0014298367748125159,0.0011506396331021117,6441
1970-01-03 07:24:00+00:00,0.0017164034076871987,0.000822711540883256,5999
1970-01-03 07:25:00+00:00,0.006221542143149237,0.004418521684536757,9835
1970-01-03 07:26:00+00:00,0.0015563713509777143,0.0011337678797773993,5975
1970-01-03 07:27:00+00:00,0.0014792579211616876,0.0010075193717897855,5299
1970-01-03 07:28:00+00:00,0.001456181306503011,0.0007186146557815631,7368
1970-01-03 07:29:00+00:00,0.0013919932744086076,0.0007603979656337369,6831
1970-01-03 07:30:00+00:00,0.006086373823593068,0.004264648259189771,9835
1970-01-03 07:31:00+00:00,0.002217668483365824,0.001254055404436731,7731
1970-01-03 07:32:00+00:00,0.0019401537027382823,0.0011832340276949089,6518
1970-01-03 07:33:00+00:00,0.0014188661339956765,0.0009572619767455537,5960
1970-01-03 07:34:00+00:00,0.0017152453036727777,0.0011355616060883921,6081
1970-01-03 07:35:00+00:00,0.005825496814571758,0.004284332843032276,9834
1970-01-03 07:36:00+00:00,0.0017122165168839587,0.0012274149629535698,6709
1970-01-03 07:37:00+00:00,0.003126720154704931,0.003643486908711566,6244
1970-01-03 07:38:00+00:00,0.0025572903625800526,0.0029680356412965037,5695
1970-01-03 07:39:00+00:00,0.003977332031667954,0.001572593620590349,6453
1970-01-03 07:40:00+00:00,0.005701779926892885,0.004267691183132221,9833
1970-01-03 07:41:00+00:00,0.0022585523377800713,0.0012623276499482477,7448
1970-01-03 07:42:00+00:00,0.002727416550323663,0.0014383503922707633,6117
1970-01-03 07:43:00+00:00,0.0026021047475051624,0.001170996781233897,5338
1970-01-03 07:44:00+00:00,0.001683487443141103,0.0006359427878524316,5318
1970-01-03 07:45:00+00:00,0.006227767192705934,0.004250042190552711,9833
1970-01-03 07:46:00+00:00,0.00232048737995309,0.001013627466706922,4841
1970-01-03 07:47:00+00:00,0.0028708055081970597,0.0010085980386953298,3581
1970-01-03 07:48:00+00:00,0.00277645670310698,0.000979849222601963,4991
1970-01-03 07:49:00+00:00,0.001929823755608804,0.0007985648936594637,5538
1970-01-03 07:50:00+00:00,0.006309672458072848,0.004372520009644328,9831
1970-01-03 07:51:00+00:00,0.0022782785931604746,0.001143347429637398,6891
1970-01-03 07:52:00+00:00,0.0022621941354423938,0.001033985032587377,5820
1970-01-03 07:53:00+00:00,0.0020456705424802013,0.0009625186353201333,4389
1970-01-03 07:54:00+00:00,0.0020018867657034347,0.0008077602695368652,3965
1970-01-03 07:55:00+00:00,0.0064147741602591955,0.0045117254189991855,9831
1970-01-03 07:56:00+00:00,0.0021638001028130606,0.0011044653308872,4495
1970-01-03 07:57:00+00:00,0.0017485890047948885,0.0008953034176785051,4719
1970-01-03 07:58:00+00:00,0.0014190512257216698,0.0010229604077383824,6668
1970-01-03 07:59:00+00:00,0.0025299393910572766,0.0008695940675831839,5052
1970-01-03 08:00:00+00:00,0.0065078816885363764,0.004587216419354423,9832
1970-01-03 08:01:00+00:00,0.0019632643828537575,0.001015438802986168,5033
1970-01-03 08:02:00+00:00,0.002603964536225018,0.0015706570705175875,5209
1970-01-03 08:03:00+00:00,0.0018723331887477933,0.0008085162782887747,4376
1970-01-03 08:04:00+00:00,0.0019345221720165526,0.0008907814743178772,4045
1970-01-03 08:05:00+00:00,0.006328955626824885,0.00460400041087758,9832
1970-01-03 08:06:00+00:00,0.0018550878089475444,0.0010078253742000444,4547
1970-01-03 08:07:00+00:00,0.001531665250846604,0.0007990877009560121,4288
1970-01-03 08:08:00+00:00,0.0018250541127501963,0.0010341512100147515,3509
1970-01-03 08:09:00+00:00,0.0018202595274901113,0.0007819632763061622,4345
1970-01-03 08:10:00+00:00,0.006132042321438746,0.0044516745198117345,9832
1970-01-03 08:11:00+00:00,0.002507563893794863,0.0012152849711907277,6723
1970-01-03 08:12:00+00:00,0.001890706884100838,0.001008048260382149,5198
1970-01-03 08:13:00+00:00,0.0014093443439278815,0.0009642363139284603,8378
1970-01-03 08:14:00+00:00,0.0011896768889649108,0.0004924521755682547,7874
1970-01-03 08:15:00+00:00,0.006309304356202481,0.0046191858627393475,9833
1970-01-03 08:16:00+00:00,0.0019356477439943774,0.000998556675192198,4883
1970-01-03 08:17:00+00:00,0.0025294918142229547,0.0011921816496834297,4428
1970-01-03 08:18:00+00:00,0.0019531163636864056,0.000951812552489564,5318
1970-01-03 08:19:00+00:00,0.001965030068263393,0.0009980976791355428,4260
1970-01-03 08:20:00+00:00,0.006255667850552754,0.004602261033494789,9834
1970-01-03 08:21:00+00:00,0.002776796549412777,0.001405196218402445,4420
1970-01-03 08:22:00+00:00,0.0019635266566768264,0.0011791396178876448,3858
1970-01-03 08:23:00+00:00,0.0032777866089913257,0.0019336680693274085,5309
1970-01-03 08:24:00+00:00,0.0029927216005078043,0.0014881430944990058,5225
1970-01-03 08:25:00+00:00,0.006257646364374234,0.004584682234448002,9833
1970-01-03 08:26:00+00:00,0.002247996293963524,0.0014608600296271165,5183
1970-01-03 08:27:00+00:00,0.0025279509177026337,0.0019214258541758776,5201
1970-01-03 08:28:00+00:00,0.0020231250728407176,0.0017111893860808143,5360
1970-01-03 08:29:00+00:00,0.0023171521784371174,0.0015219234760203697,5790
1970-01-03 08:30:00+00:00,0.006068061149538178,0.00458165389392396,9833
1970-01-03 08:31:00+00:00,0.0032814361268430135,0.0016123959786236606,4815
1970-01-03 08:32:00+00:00,0.0024835278425224556,0.0016495276681607108,5498
1970-01-03 08:33:00+00:00,0.002584317450419145,0.001768916923722566,5626
1970-01-03 08:34:00+00:00,0.002425997364487414,0.0015443328634604906,5759
1970-01-03 08:35:00+00:00,0.006126346931138961,0.004555057928061858,9832
1970-01-03 08:36:00+00:00,0.0022291778181858196,0.001069929578662972,5410
1970-01-03 08:37:00+00:00,0.0033921889302231515,0.0014558326046852266,3211
1970-01-03 08:38:00+00:00,0.0036639881390015012,0.002107759038263596,4213
1970-01-03 08:39:00+00:00,0.0028257532656266178,0.0011196917781439474,4764
1970-01-03 08:40:00+00:00,0.006235238698593898,0.004605287597150629,9830
1970-01-03 08:41:00+00:00,0.003048509462850299,0.0011575553894799906,5975
1970-01-03 08:42:00+00:00,0.0030898251347611524,0.001440268132583012,3458
1970-01-03 08:43:00+00:00,0.003362271143106842,0.0015168798210199639,4454
1970-01-03 08:44:00+00:00,0.0025509653164133843,0.0010721801425134603,5889
1970-01-03 08:45:00+00:00,0.006347859037513638,0.004652001086751904,9830
1970-01-03 08:46:00+00:00,0.0024698250921057034,0.0012936012113791266,4551
1970-01-03 08:47:00+00:00,0.002216101291146309,0.0010411723107153009,4308
1970-01-03 08:48:00+00:00,0.0019197691953118522,0.0010299982489111606,4186
1970-01-03 08:49:00+00:00,0.0020890126577478,0.0009287773399427877,4028
1970-01-03 08:50:00+00:00,0.006308796341586707,0.004648995440870881,9829
1970-01-03 08:51:00+00:00,0.003129030887923913,0.0014919168563692733,5812
1970-01-03 08:52:00+00:00,0.00230956900869441,0.0012107708081195464,4438
1970-01-03 08:53:00+00:00,0.0018644512315991522,0.0007653656754078469,4693
1970-01-03 08:54:00+00:00,0.002104334845054713,0.001103299207558415,5503
1970-01-03 08:55:00+00:00,0.006185479787154902,0.004654791107828999,9830
1970-01-03 08:56:00+00:00,0.0025500931066325776,0.0012521705973053826,3429
1970-01-03 08:57:00+00:00,0.002001834258904003,0.0009554419650756928,3534
1970-01-03 08:58:00+00:00,0.0022629180350951213,0.0012142593139991386,3163
1970-01-03 08:59:00+00:00,0.002453308876943658,0.0009554914681308243,5241
1970-01-03 09:00:00+00:00,0.006196921648811862,0.004668685575534216,9831
1970-01-03 09:01:00+00:00,0.0042812185495441895,0.0021104348073833494,4349
1970-01-03 09:02:00+00:00,0.002974669274259314,0.0011780365198621684,3880
1970-01-03 09:03:00+00:00,0.0023328104524321614,0.000905709794780798,4398
1970-01-03 09:04:00+00:00,0.0016225604259054527,0.0007423408340085123,5539
1970-01-03 09:05:00+00:00,0.006165739482100044,0.00464344788994155,9831
1970-01-03 09:06:00+00:00,0.0036786526380041475,0.0015838811700176019,3018
1970-01-03 09:07:00+00:00,0.002849559666753591,0.0014472144888320023,3555
1970-01-03 09:08:00+00:00,0.003278812332445046,0.0015038069788179903,2853
1970-01-03 09:09:00+00:00,0.002732109960722226,0.000999312108543065,4828
1970-01-03 09:10:00+00:00,0.006327968068340661,0.004678633927120742,9831
1970-01-03 09:11:00+00:00,0.0028335465499819295,0.0013282385191899127,3115
1970-01-03 09:12:00+00:00,0.003626812567895455,0.0014467026180077047,2767
1970-01-03 09:13:00+00:00,0.003473471324482354,0.0013981343565574614,3257
1970-01-03 09:14:00+00:00,0.0023620701932931957,0.0010295101814848315,4327
1970-01-03 09:15:00+00:00,0.00606716301384354,0.004676057075629054,9831
1970-01-03 09:16:00+00:00,0.002566800146045801,0.0012244519359337338,3680
1970-01-03 09:17:00+00:00,0.0025699631204804192,0.001140790435553691,2888
1970-01-03 09:18:00+00:00,0.002401359102506519,0.0009069891425887576,4100
1970-01-03 09:19:00+00:00,0.0017127036727399441,0.0006696863365398004,4879
1970-01-03 09:20:00+00:00,0.005782899328339132,0.004568894622637381,9832
1970-01-03 09:21:00+00:00,0.0019903142775606064,0.0007485202572866086,3121
1970-01-03 09:22:00+00:00,0.0017197243821087018,0.0007612863847266902,4725
1970-01-03 09:23:00+00:00,0.002883720240537247,0.001337489239027681,4801
1970-01-03 09:24:00+00:00,0.0019802224334041106,0.0009348072490853204,5593
1970-01-03 09:25:00+00:00,0.005957068409368181,0.004603727672151761,9833
1970-01-03 09:26:00+00:00,0.002524949849460473,0.0011479798835173447,3818
1970-01-03 09:27:00+00:00,0.002418444006337996,0.0008592046115304772,5100
1970-01-03 09:28:00+00:00,0.001619244751993548,0.000639898556285519,4770
1970-01-03 09:29:00+00:00,0.001276270594532131,0.0005379798854638041,5212
1970-01-03 09:30:00+00:00,0.005822078027670345,0.004540896966682617,9833
1970-01-03 09:31:00+00:00,0.003069737273720274,0.0015665165552254017,5373
1970-01-03 09:32:00+00:00,0.002285386102626835,0.0009701415698159324,5017
1970-01-03 09:33:00+00:00,0.0036971244753427096,0.0028466555882881244,5422
1970-01-03 09:34:00+00:00,0.0025744635054211445,0.0022055185934410897,6201
1970-01-03 09:35:00+00:00,0.005280616969548271,0.0044242539844845125,9833
1970-01-03 09:36:00+00:00,0.002768087567259999,0.001229413569766701,4980
1970-01-03 09:37:00+00:00,0.0025059242213348923,0.0009637515462266379,3993
1970-01-03 09:38:00+00:00,0.0016405428634257543,0.00057016925856428,4795
1970-01-03 09:39:00+00:00,0.002192994580514048,0.000669517796442145,6347
1970-01-03 09:40:00+00:00,0.005184550384498692,0.004274738942545087,9832
1970-01-03 09:41:00+00:00,0.0037718618997494876,0.0012892059147985913,6964
1970-01-03 09:42:00+00:00,0.0025018812208310688,0.001074374538950162,4925
1970-01-03 09:43:00+00:00,0.002097372691478195,0.0009677246688791105,4313
1970-01-03 09:44:00+00:00,0.002559817220976489,0.0007968236321697124,5459
1970-01-03 09:45:00+00:00,0.005211276506758645,0.004279359394700129,9830
1970-01-03 09:46:00+00:00,0.0022932608154741406,0.0011399179613350776,6938
1970-01-03 09:47:00+00:00,0.0018196078127615636,0.0009110971393238533,4550
1970-01-03 09:48:00+00:00,0.0013759212102245966,0.000683425703119675,6101
1970-01-03 09:49:00+00:00,0.0018217006890194464,0.0007194285609730047,6517
1970-01-03 09:50:00+00:00,0.005269617211125475,0.004288542164546904,9830
1970-01-03 09:51:00+00:00,0.004086922477444774,0.0020378719875290257,6023
1970-01-03 09:52:00+00:00,0.001497145011249952,0.0006690534415942194,7370
1970-01-03 09:53:00+00:00,0.001443169242280877,0.0009173512102577347,6338
1970-01-03 09:54:00+00:00,0.0016566910360789693,0.0009390887854574507,4642
1970-01-03 09:55:00+00:00,0.00554741857887274,0.004417923655210669,9830
1970-01-03 09:56:00+00:00,0.00233384161847321,0.00133638285886049,5909
1970-01-03 09:57:00+00:00,0.002644326235954678,0.0013118076742280414,7869
1970-01-03 09:58:00+00:00,0.00505726667182433,0.0024553942326951293,7433
1970-01-03 09:59:00+00:00,0.003113800844810667,0.0012118156511721043,5748
1970-01-03 10:00:00+00:00,0.005525818374704974,0.004365826886860581,9831
1970-01-03 10:01:00+00:00,0.002558039525710859,0.0010891727875413859,5736
1970-01-03 10:02:00+00:00,0.002119481528598208,0.0009923634118884808,6706
1970-01-03 10:03:00+00:00,0.0025110252414678453,0.0011022135059679502,7362
1970-01-03 10:04:00+00:00,0.0018265760838606859,0.000696506357859476,7030
1970-01-03 10:05:00+00:00,0.00530312476666387,0.004223871670580375,9831
1970-01-03 10:06:00+00:00,0.002769139970657309,0.0014071948482398495,6769
1970-01-03 10:07:00+00:00,0.0020935632158961704,0.0010433291937713288,7112
1970-01-03 10:08:00+00:00,0.0017148960828243381,0.0010391743427899827,7171
1970-01-03 10:09:00+00:00,0.0018102079587821545,0.0008025948966080199,5813
1970-01-03 10:10:00+00:00,0.005135518657027681,0.00422763571585541,9833
1970-01-03 10:11:00+00:00,0.0024155442321148173,0.0015068656095470923,6934
1970-01-03 10:12:00+00:00,0.0016259927456668045,0.0011053196785267675,7609
1970-01-03 10:13:00+00:00,0.0013633683901056912,0.0007241666361264211,7102
1970-01-03 10:14:00+00:00,0.0011744058190908135,0.000753216533259721,6585
1970-01-03 10:15:00+00:00,0.005206460496894129,0.00422179526062039,9833
1970-01-03 10:16:00+00:00,0.0028434063653287743,0.0016474257190338636,6912
1970-01-03 10:17:00+00:00,0.002427939477227426,0.0014579929942824233,6711
1970-01-03 10:18:00+00:00,0.0017223075023394803,0.0007238834982709545,6959
1970-01-03 10:19:00+00:00,0.0012160552691615819,0.0006002193734855462,4041
1970-01-03 10:20:00+00:00,0.005707965173717766,0.004388498089820568,9833
1970-01-03 10:21:00+00:00,0.0019078064286265095,0.001408802620327366,7076
1970-01-03 10:22:00+00:00,0.0020527205051999336,0.0014110080099696974,6348
1970-01-03 10:23:00+00:00,0.003227716436834051,0.002343764866672475,5301
1970-01-03 10:24:00+00:00,0.002542426024160263,0.0014786043881839302,5367
1970-01-03 10:25:00+00:00,0.005868599547892121,0.0044928381212088545,9832
1970-01-03 10:26:00+00:00,0.004262757906163449,0.002488111117378994,6384
1970-01-03 10:27:00+00:00,0.0028419160463873734,0.001953294620918665,6314
1970-01-03 10:28:00+00:00,0.0011929339586872116,0.0008475649624118456,7304
1970-01-03 10:29:00+00:00,0.0011906258990655805,0.0005141801319676313,6128
1970-01-03 10:30:00+00:00,0.005870216076727463,0.0045295923147333945,9832
1970-01-03 10:31:00+00:00,0.002566746493382368,0.0013557145724096098,6197
1970-01-03 10:32:00+00:00,0.0018052723598274251,0.0009898230633004488,5740
1970-01-03 10:33:00+00:00,0.0014672222283676844,0.0007369230235765537,6901
1970-01-03 10:34:00+00:00,0.0009200242585455117,0.00048465531388656427,6323
1970-01-03 10:35:00+00:00,0.005935783929234265,0.004484246323998213,9832
1970-01-03 10:36:00+00:00,0.002581057296031597,0.001416634808092911,6668
1970-01-03 10:37:00+00:00,0.0023688883915189596,0.0014886699660837796,6271
1970-01-03 10:38:00+00:00,0.001132307058552466,0.0009316846685193265,6428
1970-01-03 10:39:00+00:00,0.0011798847021060933,0.0004536899620182995,6795
1970-01-03 10:40:00+00:00,0.005545618501136132,0.004419754029210308,9831
1970-01-03 10:41:00+00:00,0.001952314166770622,0.0011562615835264934,5634
1970-01-03 10:42:00+00:00,0.0022100068393277254,0.0013490841770871596,6436
1970-01-03 10:43:00+00:00,0.0019795168618156117,0.0013445674088820173,5816
1970-01-03 10:44:00+00:00,0.0011778607678709259,0.0007437924775650456,5467
1970-01-03 10:45:00+00:00,0.005995099290869757,0.004398283031745757,9832
1970-01-03 10:46:00+00:00,0.003085229687703285,0.001890766473708598,6164
1970-01-03 10:47:00+00:00,0.0031420982773922345,0.0020866746776516745,6573
1970-01-03 10:48:00+00:00,0.0018941036750825424,0.0010792497705899948,7996
1970-01-03 10:49:00+00:00,0.0014358929908069265,0.0008753370826073335,8019
1970-01-03 10:50:00+00:00,0.005649414370356852,0.0042083065463412875,9832
1970-01-03 10:51:00+00:00,0.002964242480799429,0.001287636356517624,8058
1970-01-03 10:52:00+00:00,0.0018239794425928527,0.000969932482278591,7952
1970-01-03 10:53:00+00:00,0.003047468729563957,0.001238441762557287,7763
1970-01-03 10:54:00+00:00,0.0017433191738948817,0.0009577241990111489,6562
1970-01-03 10:55:00+00:00,0.0058370358225909086,0.004303717602561964,9832
1970-01-03 10:56:00+00:00,0.00207505793041032,0.0013504740720124697,7504
1970-01-03 10:57:00+00:00,0.004490147817903545,0.0012291043701376245,8009
1970-01-03 10:58:00+00:00,0.002234902360977192,0.001052637849003804,7554
1970-01-03 10:59:00+00:00,0.0019883977250941156,0.0010836864515642755,7094
1970-01-03 11:00:00+00:00,0.005715836015370007,0.004295367112179517,9832
1970-01-03 11:01:00+00:00,0.002583127747713671,0.0015239403772734697,7785
1970-01-03 11:02:00+00:00,0.0018817621590944357,0.0011569738489501842,6738
1970-01-03 11:03:00+00:00,0.001983090442329599,0.001145096320409884,7134
1970-01-03 11:04:00+00:00,0.0012693589671367812,0.0006341773367203999,6434
1970-01-03 11:05:00+00:00,0.005698790094977352,0.004277677437167564,9832
1970-01-03 11:06:00+00:00,0.0032773575006732492,0.0016896251387696053,6105
1970-01-03 11:07:00+00:00,0.0020068029407996394,0.0011642489815189307,5855
1970-01-03 11:08:00+00:00,0.0018527348292071764,0.0013284576796279745,5866
1970-01-03 11:09:00+00:00,0.0017686013884341848,0.0010336567362360873,5672
1970-01-03 11:10:00+00:00,0.0059277294586196055,0.004387087330421888,9833
1970-01-03 11:11:00+00:00,0.0024113644860161167,0.0011867461412023372,6929
1970-01-03 11:12:00+00:00,0.002442582842048984,0.0015640101521974033,6259
1970-01-03 11:13:00+00:00,0.0029190748173872397,0.0012109991510381732,6165
1970-01-03 11:14:00+00:00,0.0014912047019216364,0.0007254091701277514,6370
1970-01-03 11:15:00+00:00,0.0056726012825718255,0.0042477732622578255,9832
1970-01-03 11:16:00+00:00,0.002484941893409976,0.0015989826086419772,6320
1970-01-03 11:17:00+00:00,0.0022858504612743268,0.0013629839152647443,7080
1970-01-03 11:18:00+00:00,0.0023569195372940546,0.0013626571282513626,6985
1970-01-03 11:19:00+00:00,0.0015855995732382711,0.0007632533391552371,6807
1970-01-03 11:20:00+00:00,0.005875906570935605,0.004394865032018849,9832
1970-01-03 11:21:00+00:00,0.0030416091504235814,0.0019978123960186014,6605
1970-01-03 11:22:00+00:00,0.0020736416819328632,0.0011335538133831493,7075
1970-01-03 11:23:00+00:00,0.0016381978552933406,0.000814343585989596,5386
1970-01-03 11:24:00+00:00,0.001562112802384324,0.000996869750577992,6464
1970-01-03 11:25:00+00:00,0.006292006193941296,0.004507308166846373,9832
1970-01-03 11:26:00+00:00,0.0015907813159094185,0.0008669246277250035,6035
1970-01-03 11:27:00+00:00,0.001626647768298561,0.0008699541476657535,5608
1970-01-03 11:28:00+00:00,0.0014548967928890639,0.000758701461856645,4736
1970-01-03 11:29:00+00:00,0.001400301606346852,0.0006346912847368725,5159
1970-01-03 11:30:00+00:00,0.005949880207403868,0.004377554174954311,9832
1970-01-03 11:31:00+00:00,0.003191017928508104,0.0017091320077775103,7767
1970-01-03 11:32:00+00:00,0.002557285693397732,0.0013591628951782216,7143
1970-01-03 11:33:00+00:00,0.0018405291759571714,0.0010036812193001622,6215
1970-01-03 11:34:00+00:00,0.002044017791138962,0.000926598066646377,5781
1970-01-03 11:35:00+00:00,0.005882242730800896,0.004315328653792595,9832
1970-01-03 11:36:00+00:00,0.0024032467906096528,0.0015762144030325098,6030
1970-01-03 11:37:00+00:00,0.004343398020554917,0.002557262185258026,7630
1970-01-03 11:38:00+00:00,0.0023231113653726094,0.0011380901522037791,6851
1970-01-03 11:39:00+00:00,0.0018448808035159358,0.0007937862639234611,6593
1970-01-03 11:40:00+00:00,0.006064112973853623,0.004463900214384255,9832
1970-01-03 11:41:00+00:00,0.004118102298449873,0.0025470959939320774,6745
1970-01-03 11:42:00+00:00,0.002542110100076746,0.0014408631491558029,6673
1970-01-03 11:43:00+00:00,0.003286485448798914,0.0015514078487106667,7148
1970-01-03 11:44:00+00:00,0.0017666533951184193,0.0007993443022564119,7241
1970-01-03 11:45:00+00:00,0.006305160517233951,0.004482515433991489,9788
1970-01-03 11:46:00+00:00,0.0027991924677881665,0.0014437864939338355,7091
1970-01-03 11:47:00+00:00,0.0019486861796283194,0.001009020258904691,7468
1970-01-03 11:48:00+00:00,0.0023174033743816338,0.0012832833849939001,6278
1970-01-03 11:49:00+00:00,0.0029972259521484396,0.0013933358125908452,5576
1970-01-03 11:50:00+00:00,0.006647457440889814,0.004626366348672457,9736
1970-01-03 11:51:00+00:00,0.004376826980521345,0.002722181119657765,5045
1970-01-03 11:52:00+00:00,0.0034416896819076705,0.0022014694769165004,5335
1970-01-03 11:53:00+00:00,0.003171851294331103,0.00172844717852024,5692
1970-01-03 11:54:00+00:00,0.002434199190536447,0.0013211099567452251,5319
1970-01-03 11:55:00+00:00,0.006253335457250801,0.004557364484212939,9815
1970-01-03 11:56:00+00:00,0.0033662776064398883,0.0019326838505468171,6449
1970-01-03 11:57:00+00:00,0.0029161453706377178,0.0017679575110040593,6690
1970-01-03 11:58:00+00:00,0.0027243983939860598,0.001335081587220655,6671
1970-01-03 11:59:00+00:00,0.0014851088699039717,0.0007287008472671463,6232
1970-01-03 12:00:00+00:00,0.006299204697097197,0.0045781333430244845,9756
1970-01-03 12:01:00+00:00,0.003520622067567945,0.001919831726689034,6181
1970-01-03 12:02:00+00:00,0.0033036249970940365,0.0019063425405016975,5776
1970-01-03 12:03:00+00:00,0.003094746124633869,0.0020425622779350473,6440
1970-01-03 12:04:00+00:00,0.003226671177668547,0.001433929541124102,5563
1970-01-03 12:05:00+00:00,0.006336619225479265,0.004597531488366668,9790
1970-01-03 12:06:00+00:00,0.0037937357660345165,0.002105990867169299,5925
1970-01-03 12:07:00+00:00,0.00270149014951778,0.001648849153418924,7028
1970-01-03 12:08:00+00:00,0.0029353088205089158,0.0017568087547936205,6734
1970-01-03 12:09:00+00:00,0.0018093814245165988,0.0010636195799186559,5932
1970-01-03 12:10:00+00:00,0.006084334364902342,0.004346728714181306,9827
1970-01-03 12:11:00+00:00,0.0033976961070205074,0.0019925406568475504,6343
1970-01-03 12:12:00+00:00,0.003948117359488131,0.0022316484560271368,5654
1970-01-03 12:13:00+00:00,0.003267704116309884,0.002451770814433388,6561
1970-01-03 12:14:00+00:00,0.003180648022106757,0.0016573897450739294,6019
1970-01-03 12:15:00+00:00,0.00597834908400146,0.004481646143556142,9638
1970-01-03 12:16:00+00:00,0.003491116451986606,0.0019060349182374466,6673
1970-01-03 12:17:00+00:00,0.0029859192389369636,0.001450717716548097,6151
1970-01-03 12:18:00+00:00,0.0050306943535417085,0.003086452318775809,6663
1970-01-03 12:19:00+00:00,0.0036654353364765414,0.002441778523432268,6727
1970-01-03 12:20:00+00:00,0.006166130096214441,0.004420269431720655,9645
1970-01-03 12:21:00+00:00,0.0036145755734518356,0.001997251356659139,6086
1970-01-03 12:22:00+00:00,0.003346510461017419,0.0021777372682931727,6876
1970-01-03 12:23:00+00:00,0.0027333812213598953,0.0016245558017146783,6353
1970-01-03 12:24:00+00:00,0.0018083242278585012,0.0009609372271902221,6487
1970-01-03 12:25:00+00:00,0.006328847361629003,0.004495101610222202,9720
1970-01-03 12:26:00+00:00,0.003868230515822061,0.0021302557776170083,5885
1970-01-03 12:27:00+00:00,0.0028161588301963505,0.0015361192897150986,5578
1970-01-03 12:28:00+00:00,0.003075129044432802,0.0018396817151346868,5409
1970-01-03 12:29:00+00:00,0.002656271657216076,0.0013844388600883558,5701
1970-01-03 12:30:00+00:00,0.0063279829925565,0.004522878307423908,9714
1970-01-03 12:31:00+00:00,0.004265011287741939,0.002310129491455389,6240
1970-01-03 12:32:00+00:00,0.0032635097694700054,0.0018786193774898232,7078
1970-01-03 12:33:00+00:00,0.003354749408230252,0.002091152164403707,6566
1970-01-03 12:34:00+00:00,0.00214678303062727,0.0013380537470636727,7044
1970-01-03 12:35:00+00:00,0.006056746419369342,0.004450103292660022,9720
1970-01-03 12:36:00+00:00,0.002927804441485651,0.0019973880956091687,6558
1970-01-03 12:37:00+00:00,0.00326686680137561,0.0020335957390789925,5231
1970-01-03 12:38:00+00:00,0.0030276885280938505,0.0018090086179612939,5868
1970-01-03 12:39:00+00:00,0.003047716688378733,0.0016470851211631077,5635
1970-01-03 12:40:00+00:00,0.00632893773820696,0.004550725017060455,9643
1970-01-03 12:41:00+00:00,0.004222372898542545,0.0022552428175886966,5460
1970-01-03 12:42:00+00:00,0.002685828308547286,0.0015175791358313022,5857
1970-01-03 12:43:00+00:00,0.0039471206343019765,0.0020957727289969944,6661
1970-01-03 12:44:00+00:00,0.002723838276488713,0.0013137924495541095,6363
1970-01-03 12:45:00+00:00,0.006825318080877445,0.004685141571161253,9732
1970-01-03 12:46:00+00:00,0.003754918713724705,0.0017674435691896592,5827
1970-01-03 12:47:00+00:00,0.0026107747840117008,0.0014118728579569485,6448
1970-01-03 12:48:00+00:00,0.0027722606175235183,0.001531191270918453,6297
1970-01-03 12:49:00+00:00,0.0031768125921464276,0.0017490639175169016,5910
1970-01-03 12:50:00+00:00,0.006985322195171102,0.004794925897066872,9776
1970-01-03 12:51:00+00:00,0.0028338031824867035,0.001558418658393445,6278
1970-01-03 12:52:00+00:00,0.0019861723236679544,0.0009283327075147417,6297
1970-01-03 12:53:00+00:00,0.002473953822820547,0.0012846517411098293,6971
1970-01-03 12:54:00+00:00,0.0021925363514357305,0.0009952344893502524,6760
1970-01-03 12:55:00+00:00,0.006808188975375043,0.0046646210587175515,9696
1970-01-03 12:56:00+00:00,0.002850394550763336,0.0015121556877877031,6980
1970-01-03 12:57:00+00:00,0.0033818289951867728,0.0015370282246991583,6348
1970-01-03 12:58:00+00:00,0.0031357232353969784,0.0017202896584759915,5213
1970-01-03 12:59:00+00:00,0.0021540163096189727,0.0012254076435071445,5599
1970-01-03 13:00:00+00:00,0.006827162895557253,0.004704008401874331,9681
1970-01-03 13:01:00+00:00,0.0035191673594914996,0.0017846405786562593,5448
1970-01-03 13:02:00+00:00,0.0026234090275775324,0.0012242186698083568,5420
1970-01-03 13:03:00+00:00,0.0029198876072417893,0.0015114696160458164,5011
1970-01-03 13:04:00+00:00,0.0026298909532065052,0.0014049748166940822,6216
1970-01-03 13:05:00+00:00,0.0067241107670498864,0.004650874288642177,9637
1970-01-03 13:06:00+00:00,0.0031739500947469096,0.0015998173745280662,4671
1970-01-03 13:07:00+00:00,0.0035779651034733495,0.002177434968637387,5961
1970-01-03 13:08:00+00:00,0.003567345908167575,0.0020249425286217905,4850
1970-01-03 13:09:00+00:00,0.003744660555753998,0.002053388245232609,4637
1970-01-03 13:10:00+00:00,0.006973808055463133,0.004718408753822977,9665
1970-01-03 13:11:00+00:00,0.004369400394469524,0.0020975627109013012,5111
1970-01-03 13:12:00+00:00,0.004642291874560086,0.0022300843858362065,4944
1970-01-03 13:13:00+00:00,0.003408485842126104,0.0017042645020551278,4640
1970-01-03 13:14:00+00:00,0.0028890271554498775,0.001275591997261572,4232
1970-01-03 13:15:00+00:00,0.007030344626372255,0.004761598877041241,9638
1970-01-03 13:16:00+00:00,0.004838519466187814,0.0025475744302878504,4259
1970-01-03 13:17:00+00:00,0.004282540453366104,0.001701386028139663,5369
1970-01-03 13:18:00+00:00,0.0036295421185600493,0.0014975723154906848,6470
1970-01-03 13:19:00+00:00,0.003334486476169858,0.0016324350541743217,4736
1970-01-03 13:20:00+00:00,0.006976720685051041,0.004791497714398318,9672
1970-01-03 13:21:00+00:00,0.004014571761847385,0.002092596849564673,5065
1970-01-03 13:22:00+00:00,0.002548616968502587,0.0013907070078256702,5478
1970-01-03 13:23:00+00:00,0.0032536613476233374,0.0016729183096996655,4584
1970-01-03 13:24:00+00:00,0.0031752069573570342,0.0018040287587852636,4525
1970-01-03 13:25:00+00:00,0.006650383441394177,0.004741654319101309,9639
1970-01-03 13:26:00+00:00,0.003625668041549538,0.0018196626866990198,3397
1970-01-03 13:27:00+00:00,0.003330484310729616,0.0019437406408344612,5357
1970-01-03 13:28:00+00:00,0.0031648125464625396,0.0019311075308150723,4484
1970-01-03 13:29:00+00:00,0.0023941758440391156,0.0011846474103377723,4300
1970-01-03 13:30:00+00:00,0.006674368262563722,0.004756322039202995,9617
1970-01-03 13:31:00+00:00,0.0038042789944198884,0.0019927710082746426,5066
1970-01-03 13:32:00+00:00,0.002918840598239827,0.0013632104367638817,4589
1970-01-03 13:33:00+00:00,0.003281191801745721,0.0011752453605599184,4787
1970-01-03 13:34:00+00:00,0.003459374492119497,0.0017216272997366737,3468
1970-01-03 13:35:00+00:00,0.006694382385762897,0.004796341591854508,9689
1970-01-03 13:36:00+00:00,0.0034717460437299857,0.001697885483377074,4427
1970-01-03 13:37:00+00:00,0.0032029057866261755,0.0013408417378742462,4108
1970-01-03 13:38:00+00:00,0.0027515912827752917,0.0012882864277089542,4834
1970-01-03 13:39:00+00:00,0.0033960534654485035,0.0016790689709689866,4467
1970-01-03 13:40:00+00:00,0.006791779013875539,0.0047910878460203045,9705
1970-01-03 13:41:00+00:00,0.0030083725471685844,0.0013345519535313862,4532
1970-01-03 13:42:00+00:00,0.003684462479405122,0.001711222405478299,3961
1970-01-03 13:43:00+00:00,0.003589319747272307,0.001995972375476441,5510
1970-01-03 13:44:00+00:00,0.0023680896381248,0.0011946697911106136,5227
1970-01-03 13:45:00+00:00,0.006813319044141265,0.004772637765393996,9634
1970-01-03 13:46:00+00:00,0.004043058691893543,0.0018205753197219465,3589
1970-01-03 13:47:00+00:00,0.00418122939863643,0.002428903454024989,4118
1970-01-03 13:48:00+00:00,0.002762413288348271,0.0012488337511515667,4607
1970-01-03 13:49:00+00:00,0.0019131765359847498,0.0009522480047039136,5021
1970-01-03 13:50:00+00:00,0.0068975466358175514,0.00480998619257046,9656
1970-01-03 13:51:00+00:00,0.004059807089363623,0.002241490362106823,5217
1970-01-03 13:52:00+00:00,0.002907215915039383,0.0014978285380213448,4252
1970-01-03 13:53:00+00:00,0.002603842669338358,0.001478371990169446,4282
1970-01-03 13:54:00+00:00,0.0026913032513550036,0.0014707414268765326,4221
1970-01-03 13:55:00+00:00,0.006929380145546399,0.004862348149155874,9658
1970-01-03 13:56:00+00:00,0.003620549373537074,0.00204434520806546,3844
1970-01-03 13:57:00+00:00,0.002540265807626876,0.001585690501295045,4762
1970-01-03 13:58:00+00:00,0.0029021332748721666,0.001392649447591912,4291
1970-01-03 13:59:00+00:00,0.002905308502947137,0.001210857874646252,4709
1970-01-03 14:00:00+00:00,0.0068723447132455545,0.0048508802726733545,9696
1970-01-03 14:01:00+00:00,0.0022263780886980417,0.0010726996139593045,3930
1970-01-03 14:02:00+00:00,0.003444897990144996,0.001821647118410098,3382
1970-01-03 14:03:00+00:00,0.0025721273570766543,0.001312558157146281,3705
1970-01-03 14:04:00+00:00,0.0023100191425592513,0.001178484235207417,4262
1970-01-03 14:05:00+00:00,0.006919802945551152,0.004888880707450285,9592
1970-01-03 14:06:00+00:00,0.002472813655481468,0.0012228973185078082,4078
1970-01-03 14:07:00+00:00,0.0035908116493004404,0.0018916902716217463,3282
1970-01-03 14:08:00+00:00,0.004055376555835757,0.002049918296409305,2950
1970-01-03 14:09:00+00:00,0.003458639831769057,0.001906956119225386,2778
1970-01-03 14:10:00+00:00,0.0069342248236203465,0.0048870596791472974,9688
1970-01-03 14:11:00+00:00,0.0037118440833730005,0.00199851056627349,5408
1970-01-03 14:12:00+00:00,0.0030804054536211272,0.0014442338091120396,4618
1970-01-03 14:13:00+00:00,0.003372994793305473,0.0016356268471388498,3805
1970-01-03 14:14:00+00:00,0.0032065699856922906,0.0015822027469115036,2917
1970-01-03 14:15:00+00:00,0.006830946106407563,0.0048456575007324205,9669
1970-01-03 14:16:00+00:00,0.003909975872157126,0.0015045870877613092,4864
1970-01-03 14:17:00+00:00,0.004058008019927342,0.0021322552410341722,5099
1970-01-03 14:18:00+00:00,0.0026543644168810026,0.0014753934138533949,4221
1970-01-03 14:19:00+00:00,0.00262997384737776,0.001198558371330583,4388
1970-01-03 14:20:00+00:00,0.006681927729433756,0.0047829263827830915,9740
1970-01-03 14:21:00+00:00,0.004099953615733485,0.0020688063197419246,4531
1970-01-03 14:22:00+00:00,0.0030140544670970754,0.0013924006807268447,4321
1970-01-03 14:23:00+00:00,0.002929935520946489,0.001493064982281648,4805
1970-01-03 14:24:00+00:00,0.0021920945056105954,0.0007663336021011124,5147
1970-01-03 14:25:00+00:00,0.006723400876674576,0.004772757746060734,9735
1970-01-03 14:26:00+00:00,0.00286661321616994,0.001257817335294889,4892
1970-01-03 14:27:00+00:00,0.0034278912170368128,0.0013900600631291669,5053
1970-01-03 14:28:00+00:00,0.0033251203457018118,0.0015774068243843283,4822
1970-01-03 14:29:00+00:00,0.002789337724294912,0.0016477876116908425,5995
1970-01-03 14:30:00+00:00,0.006839356221876041,0.004834724348546345,9706
1970-01-03 14:31:00+00:00,0.005106493968196182,0.0024383677992709813,5322
1970-01-03 14:32:00+00:00,0.003821557363416315,0.0017507180118081095,4779
1970-01-03 14:33:00+00:00,0.003256797850337573,0.0016478118645281347,5291
1970-01-03 14:34:00+00:00,0.0028540689358031368,0.001511718139141899,4643
1970-01-03 14:35:00+00:00,0.00668869596882822,0.004776317339939354,9697
1970-01-03 14:36:00+00:00,0.003137134459353865,0.0017528543097739624,4503
1970-01-03 14:37:00+00:00,0.004317066483864335,0.0023488582955728914,5646
1970-01-03 14:38:00+00:00,0.0024924079591351193,0.0014786366291962354,5531
1970-01-03 14:39:00+00:00,0.0021352737122162387,0.001093760044402495,5550
1970-01-03 14:40:00+00:00,0.006647230991444725,0.004758306546454515,9708
1970-01-03 14:41:00+00:00,0.003745905622236142,0.0021876036791893126,5659
1970-01-03 14:42:00+00:00,0.0023448721836185813,0.0012383389360471919,5462
1970-01-03 14:43:00+00:00,0.0020182349435583858,0.001064909676563931,5669
1970-01-03 14:44:00+00:00,0.002885674041768973,0.0017530989508058765,5392
1970-01-03 14:45:00+00:00,0.006669827725741146,0.004744978548915264,9753
1970-01-03 14:46:00+00:00,0.003693263353852764,0.0022297933559955567,4802
1970-01-03 14:47:00+00:00,0.0026345293156460198,0.0015708880641918403,5613
1970-01-03 14:48:00+00:00,0.002753050741181693,0.001258273975773372,5601
1970-01-03 14:49:00+00:00,0.0033308081711110496,0.001495840972566734,5984
1970-01-03 14:50:00+00:00,0.006698134260015324,0.004702192389869325,9821
1970-01-03 14:51:00+00:00,0.00262594463354079,0.0014786809294710522,5695
1970-01-03 14:52:00+00:00,0.002681460141182378,0.0015344473162209973,5544
1970-01-03 14:53:00+00:00,0.0024112766937563696,0.001175116663074782,6792
1970-01-03 14:54:00+00:00,0.002831027391245641,0.0010134259177502383,5452
1970-01-03 14:55:00+00:00,0.006789890788378145,0.0048000865648064606,9746
1970-01-03 14:56:00+00:00,0.002055490295351449,0.0013025947077065225,6421
1970-01-03 14:57:00+00:00,0.002966945359595602,0.0019305969158327641,5747
1970-01-03 14:58:00+00:00,0.0023491320492617955,0.001224693335038262,6022
1970-01-03 14:59:00+00:00,0.001912290029617359,0.001254045476898579,5352
1970-01-03 15:00:00+00:00,0.0066407516730281925,0.004711867515143334,9826
1970-01-03 15:01:00+00:00,0.0026381749029399555,0.0012692440969538958,5839
1970-01-03 15:02:00+00:00,0.004237109710412921,0.0009402661108474514,4352
1970-01-03 15:03:00+00:00,0.0036368597832711876,0.0014812420193068018,3884
1970-01-03 15:04:00+00:00,0.0025236238823521354,0.001027517161693935,3753
1970-01-03 15:05:00+00:00,0.006512865068051515,0.0046447492704478925,9821
1970-01-03 15:06:00+00:00,0.002627080132732359,0.0007326929921268917,5352
1970-01-03 15:07:00+00:00,0.0026608106515392757,0.0008793056985273322,3927
1970-01-03 15:08:00+00:00,0.003908865236891627,0.0008744610186402648,3221
1970-01-03 15:09:00+00:00,0.0020879050166081807,0.000935037116420286,4958
1970-01-03 15:10:00+00:00,0.006784221566910215,0.004728033880112275,9701
1970-01-03 15:11:00+00:00,0.00504602965822362,0.0016764198704877847,4796
1970-01-03 15:12:00+00:00,0.0044666795553138005,0.0018496667629636595,5484
1970-01-03 15:13:00+00:00,0.00302706530995267,0.0012728107751396938,4894
1970-01-03 15:14:00+00:00,0.0030800272408255456,0.0013769444724054418,5023
1970-01-03 15:15:00+00:00,0.006881706009438065,0.004734080958079143,9705
1970-01-03 15:16:00+00:00,0.00410757051840355,0.001424461727034992,5040
1970-01-03 15:17:00+00:00,0.003918385209241099,0.001639240659010204,3142
1970-01-03 15:18:00+00:00,0.003967491973744401,0.0015666718954547413,3688
1970-01-03 15:19:00+00:00,0.004090011286320964,0.0020671860464350086,3897
1970-01-03 15:20:00+00:00,0.0068771654621899905,0.0047988631245552025,9719
1970-01-03 15:21:00+00:00,0.002866715980881329,0.001203228584533142,5321
1970-01-03 15:22:00+00:00,0.002310795328304436,0.0010585742226307336,5657
1970-01-03 15:23:00+00:00,0.0038461348839723903,0.0021643029511674216,5522
1970-01-03 15:24:00+00:00,0.003003899909910514,0.0012749713253614235,4707
1970-01-03 15:25:00+00:00,0.006727316908161359,0.004674951794518073,9632
1970-01-03 15:26:00+00:00,0.0033814656244770206,0.0014565815631032613,4658
1970-01-03 15:27:00+00:00,0.004274466844133909,0.0018999348202503473,5158
1970-01-03 15:28:00+00:00,0.003955281574626689,0.0019946595584865905,5199
1970-01-03 15:29:00+00:00,0.00355475563463327,0.0013866636673474772,3990
1970-01-03 15:30:00+00:00,0.00678895348208657,0.0047149252538405476,9673
1970-01-03 15:31:00+00:00,0.0046800137241250084,0.0023546291781574454,4300
1970-01-03 15:32:00+00:00,0.0038090791707012742,0.0016203960928971501,4309
1970-01-03 15:33:00+00:00,0.0032029325600505688,0.0012873537111518128,4854
1970-01-03 15:34:00+00:00,0.0037201028666781484,0.0016602135819540871,4792
1970-01-03 15:35:00+00:00,0.006854830937784449,0.004723679831101377,9707
1970-01-03 15:36:00+00:00,0.0035187142058079796,0.0014979315336119887,6042
1970-01-03 15:37:00+00:00,0.0036160194279330924,0.0014754480713387854,4516
1970-01-03 15:38:00+00:00,0.005233142949989029,0.001489017051872036,6013
1970-01-03 15:39:00+00:00,0.003038627564136889,0.0011918564274438887,5361
1970-01-03 15:40:00+00:00,0.006710220383984404,0.004735596392499872,9622
1970-01-03 15:41:00+00:00,0.0041598684930905655,0.0021225464923967444,4671
1970-01-03 15:42:00+00:00,0.0036921868204717032,0.0014095231830414828,3401
1970-01-03 15:43:00+00:00,0.002075227512975021,0.0008296237207370704,4739
1970-01-03 15:44:00+00:00,0.0031022393753032482,0.001280702154021263,4784
1970-01-03 15:45:00+00:00,0.006799771613674221,0.004698024226908647,9711
1970-01-03 15:46:00+00:00,0.002706992708783232,0.0010678785227187506,4045
1970-01-03 15:47:00+00:00,0.002909183756872639,0.0008434954754118172,5475
1970-01-03 15:48:00+00:00,0.002528300326991251,0.000954869510054546,3193
1970-01-03 15:49:00+00:00,0.004210983663333886,0.0019364505013019294,3142
1970-01-03 15:50:00+00:00,0.006912976338601905,0.004755251695594065,9688
1970-01-03 15:51:00+00:00,0.002103559610966242,0.0009584676770348435,6121
1970-01-03 15:52:00+00:00,0.0031848141608246967,0.0015077406917950481,6108
1970-01-03 15:53:00+00:00,0.0023748511914473865,0.001327052194291854,5887
1970-01-03 15:54:00+00:00,0.0037016635061158797,0.0012341903269917826,3973
1970-01-03 15:55:00+00:00,0.006849955266751041,0.004769374181464132,9722
1970-01-03 15:56:00+00:00,0.0031257548573757022,0.001082321243593402,5603
1970-01-03 15:57:00+00:00,0.004677948925980254,0.00139748557648549,2956
1970-01-03 15:58:00+00:00,0.004053840391808846,0.001237956307927062,2576
1970-01-03 15:59:00+00:00,0.0030674713365017384,0.0014967837637888343,3691
1970-01-03 16:00:00+00:00,0.006698732141469457,0.004642924134419358,9758
1970-01-03 16:01:00+00:00,0.0023890610426614283,0.0010631319603267575,6375
1970-01-03 16:02:00+00:00,0.002956001587258438,0.0009630482357072156,6141
1970-01-03 16:03:00+00:00,0.0031419331842447206,0.0012379983281411713,6070
1970-01-03 16:04:00+00:00,0.002884226243917612,0.0010951997756123938,4587
1970-01-03 16:05:00+00:00,0.006644364255612434,0.004711348720467114,9760
1970-01-03 16:06:00+00:00,0.0027619173257078075,0.0014193203095331985,4898
1970-01-03 16:07:00+00:00,0.0023090373618800085,0.0008864229567353644,6117
1970-01-03 16:08:00+00:00,0.0030182827282017534,0.0010550628364026167,4740
1970-01-03 16:09:00+00:00,0.0032741636728433015,0.0008923970111220581,3092
1970-01-03 16:10:00+00:00,0.006619633396191459,0.004664172655601741,9681
1970-01-03 16:11:00+00:00,0.0038498646771528886,0.0015840323672363724,5301
1970-01-03 16:12:00+00:00,0.004387866745084838,0.0020152482480100173,4685
1970-01-03 16:13:00+00:00,0.0037030833523589764,0.0014963862964956004,5583
1970-01-03 16:14:00+00:00,0.0026878191747429525,0.001236684674244011,5391
1970-01-03 16:15:00+00:00,0.006721518247240982,0.004643588366215225,9652
1970-01-03 16:16:00+00:00,0.0036987678666494162,0.0013755604008313686,4813
1970-01-03 16:17:00+00:00,0.003148541438174206,0.0012257922325455458,3769
1970-01-03 16:18:00+00:00,0.0028758600949738778,0.0011204465784666038,5320
1970-01-03 16:19:00+00:00,0.003911014657921925,0.001417669221799363,4802
1970-01-03 16:20:00+00:00,0.006979736669228588,0.004694451092901656,9759
1970-01-03 16:21:00+00:00,0.00487478553935271,0.0018885792566690695,4903
1970-01-03 16:22:00+00:00,0.0034164261124929765,0.0014641708751744408,5386
1970-01-03 16:23:00+00:00,0.002360681903786447,0.0009963725769196932,6280
1970-01-03 16:24:00+00:00,0.0019170523422275178,0.0010358646826166716,6226
1970-01-03 16:25:00+00:00,0.007045366172334952,0.004744676157438234,9691
1970-01-03 16:26:00+00:00,0.004435288535397496,0.001461311223659106,4541
1970-01-03 16:27:00+00:00,0.0039031945920227702,0.0013843157053303283,3839
1970-01-03 16:28:00+00:00,0.004350174547637966,0.0015169126506743025,5857
1970-01-03 16:29:00+00:00,0.0029256170035646843,0.001545076577116359,6279
1970-01-03 16:30:00+00:00,0.00711184147796254,0.0047775573472697164,9689
1970-01-03 16:31:00+00:00,0.003311876762631044,0.0012620420411340145,3717
1970-01-03 16:32:00+00:00,0.002730041490515341,0.0013031022753723872,4266
1970-01-03 16:33:00+00:00,0.004285858819179212,0.0020930330800093366,4134
1970-01-03 16:34:00+00:00,0.002788434124632959,0.00125521425592819,4448
1970-01-03 16:35:00+00:00,0.007091082691592265,0.004824221584622304,9683
1970-01-03 16:36:00+00:00,0.003869939578529116,0.0018055051738646813,3901
1970-01-03 16:37:00+00:00,0.003629723873568316,0.0019000959566055193,4374
1970-01-03 16:38:00+00:00,0.0040803599177546565,0.0023588144953967773,4763
1970-01-03 16:39:00+00:00,0.0022374403921750106,0.0011071170654189599,4492
1970-01-03 16:40:00+00:00,0.006913876527798177,0.004754961313050756,9792
1970-01-03 16:41:00+00:00,0.00336394567212623,0.0014182000104457357,5118
1970-01-03 16:42:00+00:00,0.002922502540988104,0.0012153181151023137,4392
1970-01-03 16:43:00+00:00,0.0035615679785961254,0.000989417532297571,4686
1970-01-03 16:44:00+00:00,0.002396708212659451,0.0010532394156660377,4994
1970-01-03 16:45:00+00:00,0.006773819693054907,0.00477638503977487,9811
1970-01-03 16:46:00+00:00,0.0031807123402535077,0.0012229428188804947,3799
1970-01-03 16:47:00+00:00,0.0024553184005170563,0.001060977126612808,3952
1970-01-03 16:48:00+00:00,0.002724583243961814,0.0013896934176305677,3630
1970-01-03 16:49:00+00:00,0.002582978493508932,0.0012132479026929514,3904
1970-01-03 16:50:00+00:00,0.00678593200626031,0.0047862509025667545,9805
1970-01-03 16:51:00+00:00,0.0023308183471420756,0.0010376699237702733,6105
1970-01-03 16:52:00+00:00,0.0018331833774085683,0.0009042777227800218,5358
1970-01-03 16:53:00+00:00,0.0024194786841104754,0.001399773906813771,4969
1970-01-03 16:54:00+00:00,0.0016908775738382299,0.000622003303265096,5863
1970-01-03 16:55:00+00:00,0.006746110362005272,0.004754540505337521,9791
1970-01-03 16:56:00+00:00,0.002453897567411729,0.0010210429889953847,4731
1970-01-03 16:57:00+00:00,0.002758502288113821,0.0014145752639121562,5758
1970-01-03 16:58:00+00:00,0.0018625475652093444,0.00070852499741774,4456
1970-01-03 16:59:00+00:00,0.0017134037113326632,0.0007129286505562147,5043
1970-01-03 17:00:00+00:00,0.0069657750324954625,0.004751475986647801,9797
1970-01-03 17:01:00+00:00,0.003565237028288276,0.0012692377719760845,5888
1970-01-03 17:02:00+00:00,0.002544531304942771,0.0010700279729629254,6052
1970-01-03 17:03:00+00:00,0.0029443977396823094,0.001164562868197659,4276
1970-01-03 17:04:00+00:00,0.002676749153520254,0.0008338107917929552,3758
1970-01-03 17:05:00+00:00,0.006948358925490929,0.004740136543364245,9794
1970-01-03 17:06:00+00:00,0.002260988408868976,0.0009958270888140164,4130
1970-01-03 17:07:00+00:00,0.0027420444170474755,0.001064345924171595,4084
1970-01-03 17:08:00+00:00,0.001971048823437158,0.0009192342539163791,4270
1970-01-03 17:09:00+00:00,0.002367304126568131,0.0009818374549968557,3353
1970-01-03 17:10:00+00:00,0.00683085172041022,0.0047530780462461675,9798
1970-01-03 17:11:00+00:00,0.0038151197466769603,0.0014382119656834948,5649
1970-01-03 17:12:00+00:00,0.003275544671622919,0.001400571059294875,4266
1970-01-03 17:13:00+00:00,0.0031480844739237485,0.0011657833077652292,4989
1970-01-03 17:14:00+00:00,0.0028466245901275105,0.0010603862413679972,4034
1970-01-03 17:15:00+00:00,0.0067971410102099054,0.004703552408118825,9812
1970-01-03 17:16:00+00:00,0.003876809010154497,0.0013000863113013545,4573
1970-01-03 17:17:00+00:00,0.0025998809801149898,0.0010447477026409727,5984
1970-01-03 17:18:00+00:00,0.002794511752202237,0.0008560846198127635,4969
1970-01-03 17:19:00+00:00,0.0021259317919493097,0.0007193276638523633,6534
1970-01-03 17:20:00+00:00,0.006879831285416737,0.0046612821689473345,9820
1970-01-03 17:21:00+00:00,0.002775867800914134,0.0010766884134522435,5775
1970-01-03 17:22:00+00:00,0.0025730241345058493,0.0010876771536182633,5713
1970-01-03 17:23:00+00:00,0.0025613982490291093,0.0009739015130018618,4662
1970-01-03 17:24:00+00:00,0.0025532596485387496,0.0009778218475250487,5179
1970-01-03 17:25:00+00:00,0.006909651162637308,0.004728317475367982,9816
1970-01-03 17:26:00+00:00,0.0038516846716932,0.0014898827946888038,4794
1970-01-03 17:27:00+00:00,0.0023791994003860856,0.0009823735950787143,5711
1970-01-03 17:28:00+00:00,0.0031495701749222186,0.0008287570837843461,5139
1970-01-03 17:29:00+00:00,0.0021367233340479704,0.0007130081112645256,5344
1970-01-03 17:30:00+00:00,0.006932130934150521,0.0047081595916623606,9811
1970-01-03 17:31:00+00:00,0.0031847001343164104,0.0012117483857041302,5321
1970-01-03 17:32:00+00:00,0.0028895733934235306,0.001207774972323744,5469
1970-01-03 17:33:00+00:00,0.0032803032119552906,0.0010616483812208271,4004
1970-01-03 17:34:00+00:00,0.0024964065511944218,0.0008599477076904845,4287
1970-01-03 17:35:00+00:00,0.006975080170244571,0.004757647865408348,9808
1970-01-03 17:36:00+00:00,0.0027879251070297363,0.0011427625068425422,4893
1970-01-03 17:37:00+00:00,0.0034552325455267773,0.0011504574507128118,4317
1970-01-03 17:38:00+00:00,0.0029409563081338377,0.001074952078123292,4638
1970-01-03 17:39:00+00:00,0.0027497595001216755,0.000836189751804023,3583
1970-01-03 17:40:00+00:00,0.006935471633120803,0.0047129373652371395,9805
1970-01-03 17:41:00+00:00,0.0038210176803654575,0.0012506157298440117,5244
1970-01-03 17:42:00+00:00,0.003148466426031033,0.0012064921606325244,4718
1970-01-03 17:43:00+00:00,0.003129947831748959,0.0010703177600583454,4520
1970-01-03 17:44:00+00:00,0.0024094580698330267,0.0009400207432586598,3559
1970-01-03 17:45:00+00:00,0.006958951632262854,0.004778534272723524,9796
1970-01-03 17:46:00+00:00,0.004318512602106847,0.0011360482252237584,4328
1970-01-03 17:47:00+00:00,0.0026221142528614666,0.0007565148513883327,3969
1970-01-03 17:48:00+00:00,0.0025815623809547364,0.0008455791811875237,5071
1970-01-03 17:49:00+00:00,0.002457424832726355,0.0011095405077392957,5983
1970-01-03 17:50:00+00:00,0.006884936070783621,0.004702962944798879,9802
1970-01-03 17:51:00+00:00,0.004290759028447302,0.0014709930083075062,5174
1970-01-03 17:52:00+00:00,0.0025168768584832627,0.0007973081523718286,5546
1970-01-03 17:53:00+00:00,0.003103061430145262,0.0008318919244167002,5037
1970-01-03 17:54:00+00:00,0.0024419788646463606,0.0010597028829374482,4446
1970-01-03 17:55:00+00:00,0.006991704604621364,0.00474239087422742,9808
1970-01-03 17:56:00+00:00,0.002798408043228821,0.00099976278008847,4640
1970-01-03 17:57:00+00:00,0.0047146218899845145,0.001801870982472188,4949
1970-01-03 17:58:00+00:00,0.003513923855163532,0.0009454117901195694,3901
1970-01-03 17:59:00+00:00,0.0026644988361605266,0.0007991033715744301,3827
1970-01-03 18:00:00+00:00,0.006980024383579413,0.004726819710484726,9815
1970-01-03 18:01:00+00:00,0.0029927427527535887,0.00134843731691092,5946
1970-01-03 18:02:00+00:00,0.002635397002664882,0.0009547551676889074,3826
1970-01-03 18:03:00+00:00,0.0026725538565058383,0.0011357721639215545,4699
1970-01-03 18:04:00+00:00,0.001925392839689246,0.0007462669628402416,4757
1970-01-03 18:05:00+00:00,0.006827231927880536,0.0047440912681711985,9823
1970-01-03 18:06:00+00:00,0.0026298160044762415,0.0010490709018428621,4669
1970-01-03 18:07:00+00:00,0.0035071795442888623,0.0009629433386512359,4959
1970-01-03 18:08:00+00:00,0.0026162324138231164,0.0009575386828164891,3964
1970-01-03 18:09:00+00:00,0.0019949358174319197,0.0004496408367452659,3958
1970-01-03 18:10:00+00:00,0.006968879317055831,0.004725265975857165,9822
1970-01-03 18:11:00+00:00,0.0034522775155350193,0.0014248993149663831,5132
1970-01-03 18:12:00+00:00,0.003548059064268621,0.0014409983908006566,3867
1970-01-03 18:13:00+00:00,0.0036013938323997525,0.0012831462365450155,3805
1970-01-03 18:14:00+00:00,0.0025679749128742282,0.0009315297706430437,4840
1970-01-03 18:15:00+00:00,0.007009029496371581,0.00470019934127041,9811
1970-01-03 18:16:00+00:00,0.0041307042990937825,0.00143969087425871,3184
1970-01-03 18:17:00+00:00,0.003489502904430021,0.0014219485768091704,3064
1970-01-03 18:18:00+00:00,0.0035352553405692305,0.0011675271845802194,3382
1970-01-03 18:19:00+00:00,0.0026624294323743243,0.0009114497339568125,4280
1970-01-03 18:20:00+00:00,0.006902564484733536,0.004734385483481667,9809
1970-01-03 18:21:00+00:00,0.003440470833989762,0.0012048556980476703,5846
1970-01-03 18:22:00+00:00,0.0035207569472062825,0.0011274713660898716,5154
1970-01-03 18:23:00+00:00,0.0030816728900198596,0.0011120327620177213,4022
1970-01-03 18:24:00+00:00,0.0026183747284430447,0.0008395817371860644,4069
1970-01-03 18:25:00+00:00,0.006980860672194126,0.004755489974655178,9803
1970-01-03 18:26:00+00:00,0.0032685732127151093,0.0011789915812348924,3847
1970-01-03 18:27:00+00:00,0.0031377433083642544,0.0011653025016014412,3682
1970-01-03 18:28:00+00:00,0.002843669836376622,0.001072709870671964,4359
1970-01-03 18:29:00+00:00,0.0025490662355433496,0.0010437941208441435,4348
1970-01-03 18:30:00+00:00,0.007009623606781669,0.004727879809787118,9807
1970-01-03 18:31:00+00:00,0.003448826835883789,0.0013123772788426636,5175
1970-01-03 18:32:00+00:00,0.0031191120976987036,0.0014734366267022461,4220
1970-01-03 18:33:00+00:00,0.003341858301430971,0.0010948575433311143,3664
1970-01-03 18:34:00+00:00,0.003541236873888162,0.0009659198114593137,3130
1970-01-03 18:35:00+00:00,0.007106015225495339,0.0047710683521161685,9818
1970-01-03 18:36:00+00:00,0.0031167333215043817,0.0011115291149491025,4333
1970-01-03 18:37:00+00:00,0.004109736318951546,0.0012955510000758933,5054
1970-01-03 18:38:00+00:00,0.0030280669775974343,0.0010531494873524958,4707
1970-01-03 18:39:00+00:00,0.0024883985176853696,0.0007644747437416833,4328
1970-01-03 18:40:00+00:00,0.0070770595692505375,0.004770989891742044,9821
1970-01-03 18:41:00+00:00,0.0038400916835787196,0.0016151334906624188,6151
1970-01-03 18:42:00+00:00,0.0029243457612126425,0.0010463231754605667,5678
1970-01-03 18:43:00+00:00,0.003045632606580012,0.0010413053708198709,4202
1970-01-03 18:44:00+00:00,0.0023515991676444853,0.0006948633405382285,3937
1970-01-03 18:45:00+00:00,0.00681221201135815,0.004636101798462577,9824
1970-01-03 18:46:00+00:00,0.0029923184265443436,0.0007623694338391166,4752
1970-01-03 18:47:00+00:00,0.00252838060485183,0.0009508133655739634,4541
1970-01-03 18:48:00+00:00,0.0023678098232961793,0.0008089888123631669,5122
1970-01-03 18:49:00+00:00,0.002265610080893536,0.0006820384611339676,4490
1970-01-03 18:50:00+00:00,0.006731841583067809,0.00461672783578659,9830
1970-01-03 18:51:00+00:00,0.0031500568507725744,0.0012976677509618623,5340
1970-01-03 18:52:00+00:00,0.0028174311809119894,0.001077931970168228,4365
1970-01-03 18:53:00+00:00,0.002713805958621231,0.0008840237407880325,4417
1970-01-03 18:54:00+00:00,0.002052787923510792,0.0006363999894529056,4388
1970-01-03 18:55:00+00:00,0.006586063981263936,0.0046551100809722485,9817
1970-01-03 18:56:00+00:00,0.00336245667526228,0.0012207141954269749,4026
1970-01-03 18:57:00+00:00,0.0026186124188112233,0.0008382390312345094,5005
1970-01-03 18:58:00+00:00,0.0027600557016153205,0.000875483294505104,5723
1970-01-03 18:59:00+00:00,0.0023969966830421174,0.0006979502728101085,5950
1970-01-03 19:00:00+00:00,0.0065533983476518615,0.004671120874062413,9815
1970-01-03 19:01:00+00:00,0.00324450184207444,0.0012888388226334378,5198
1970-01-03 19:02:00+00:00,0.0027873859516323743,0.0012376030226169568,4084
1970-01-03 19:03:00+00:00,0.0022618179947002876,0.0006198102840702257,5210
1970-01-03 19:04:00+00:00,0.0025840371062672528,0.0006926464799933229,3913
1970-01-03 19:05:00+00:00,0.006479328469876722,0.004714088642812979,9809
1970-01-03 19:06:00+00:00,0.0029157186377242266,0.001006057286804574,3222
1970-01-03 19:07:00+00:00,0.003305537870479465,0.0012940049502278312,3457
1970-01-03 19:08:00+00:00,0.00227167374404514,0.0007974858792075896,3959
1970-01-03 19:09:00+00:00,0.0026729648990616948,0.0009046865600850034,4491
1970-01-03 19:10:00+00:00,0.006556772415494314,0.004754128216811957,9809
1970-01-03 19:11:00+00:00,0.0047633795298799115,0.0020164471038066553,4189
1970-01-03 19:12:00+00:00,0.003525840584532131,0.0014538724315192883,4998
1970-01-03 19:13:00+00:00,0.0034026447864789777,0.0011782066171778442,4934
1970-01-03 19:14:00+00:00,0.002529723800688065,0.0009337653425364751,4113
1970-01-03 19:15:00+00:00,0.006540649337876357,0.004719218913125011,9814
1970-01-03 19:16:00+00:00,0.0037145931243331106,0.0013696408473210383,4334
1970-01-03 19:17:00+00:00,0.0037741130422275205,0.001547150592330218,4363
1970-01-03 19:18:00+00:00,0.0031672296885720645,0.0016579255372464266,4834
1970-01-03 19:19:00+00:00,0.0028149179367922086,0.0014119776697376707,3798
1970-01-03 19:20:00+00:00,0.0064717192221930425,0.004691897748852938,9816
1970-01-03 19:21:00+00:00,0.0039987874814070975,0.0014749028258684623,5351
1970-01-03 19:22:00+00:00,0.0026928213292950376,0.0010838242965548158,5952
1970-01-03 19:23:00+00:00,0.002414279826382709,0.0011137693596624846,6047
1970-01-03 19:24:00+00:00,0.00315652092316149,0.0015974079890387486,7504
1970-01-03 19:25:00+00:00,0.006346609722090527,0.0046241664312270635,9821
1970-01-03 19:26:00+00:00,0.00316346260677577,0.0013571537387838852,5981
1970-01-03 19:27:00+00:00,0.0024506941515935565,0.0012156791927555191,6473
1970-01-03 19:28:00+00:00,0.0028253837671751124,0.0012155290585847366,5323
1970-01-03 19:29:00+00:00,0.0025042844073089915,0.0009969451749798643,4973
1970-01-03 19:30:00+00:00,0.006446284256560788,0.00467225721930111,9821
1970-01-03 19:31:00+00:00,0.003606515471163154,0.0017704092447378738,5933
1970-01-03 19:32:00+00:00,0.002820545006354153,0.0012321609619650134,5105
1970-01-03 19:33:00+00:00,0.002850711169603279,0.0011927059481808937,4321
1970-01-03 19:34:00+00:00,0.002553682776841284,0.0009439700391521392,4643
1970-01-03 19:35:00+00:00,0.006407200833466747,0.004677163441526949,9811
1970-01-03 19:36:00+00:00,0.002941053153835517,0.0013065424761677204,4807
1970-01-03 19:37:00+00:00,0.00335069610391417,0.00115700537373655,5397
1970-01-03 19:38:00+00:00,0.0021498688301007252,0.0007439159883682665,4479
1970-01-03 19:39:00+00:00,0.0021256588487955862,0.0006431618395391335,4534
1970-01-03 19:40:00+00:00,0.006410855056282218,0.004685689720375236,9812
1970-01-03 19:41:00+00:00,0.0038518336460068945,0.001713615775307354,4863
1970-01-03 19:42:00+00:00,0.0032570683623936864,0.0015049798605581348,5076
1970-01-03 19:43:00+00:00,0.0029197795892388547,0.0011944352685286184,5387
1970-01-03 19:44:00+00:00,0.00276439958352541,0.0006589025067133283,3892
1970-01-03 19:45:00+00:00,0.006526938312041605,0.00472779054800552,9808
1970-01-03 19:46:00+00:00,0.0030217704785094044,0.0012145295335926943,4607
1970-01-03 19:47:00+00:00,0.0025264732239873465,0.0017495375814512077,6347
1970-01-03 19:48:00+00:00,0.002959729730731569,0.0009993986261534655,6526
1970-01-03 19:49:00+00:00,0.003208827734853665,0.001548342966087248,5788
1970-01-03 19:50:00+00:00,0.0064721325868870305,0.004693589613638778,9809
1970-01-03 19:51:00+00:00,0.0028787374958727783,0.0013220695487444003,6022
1970-01-03 19:52:00+00:00,0.003028193428741172,0.0013346495627172866,5429
1970-01-03 19:53:00+00:00,0.0023283649038389666,0.0008279893623708067,4798
1970-01-03 19:54:00+00:00,0.001515677262332065,0.0005278225720091132,6989
1970-01-03 19:55:00+00:00,0.006547229907087474,0.004811323076043824,9817
1970-01-03 19:56:00+00:00,0.0031167312860188793,0.0012897235333634482,4054
1970-01-03 19:57:00+00:00,0.0038699130751096017,0.0015691838733564623,5483
1970-01-03 19:58:00+00:00,0.0030425433015442713,0.001424252934461309,5373
1970-01-03 19:59:00+00:00,0.0023746698882281024,0.0007977981102302409,6059
1970-01-03 20:00:00+00:00,0.006568838268898573,0.004808152126329983,9820
1970-01-03 20:01:00+00:00,0.003171753583620466,0.0013106212256939521,3949
1970-01-03 20:02:00+00:00,0.00373128417148843,0.0012891467933628168,3985
1970-01-03 20:03:00+00:00,0.003116168610204133,0.0011165707691354547,5513
1970-01-03 20:04:00+00:00,0.0024449727156221047,0.0006864053736626961,4687
1970-01-03 20:05:00+00:00,0.006736220081701843,0.0048403428560250495,9824
1970-01-03 20:06:00+00:00,0.0024028067387360874,0.0013783485174366729,4929
1970-01-03 20:07:00+00:00,0.003108774408687882,0.001316504158268336,4252
1970-01-03 20:08:00+00:00,0.0037055449052290387,0.0011661235882081086,4279
1970-01-03 20:09:00+00:00,0.0029537066630671853,0.0012919379970470254,4485
1970-01-03 20:10:00+00:00,0.006683456964003236,0.004868025291870505,9822
1970-01-03 20:11:00+00:00,0.0037873264962092795,0.0019970818343689376,5758
1970-01-03 20:12:00+00:00,0.003247103750345637,0.0014166288985692956,4739
1970-01-03 20:13:00+00:00,0.0025284823517419544,0.0014691398908282854,4984
1970-01-03 20:14:00+00:00,0.0025436784750286303,0.0012676345134964005,5545
1970-01-03 20:15:00+00:00,0.006535948976106032,0.004779277191000389,9817
1970-01-03 20:16:00+00:00,0.003994950134587227,0.00153304031789116,5190
1970-01-03 20:17:00+00:00,0.003611701194321877,0.0015320530405673416,4208
1970-01-03 20:18:00+00:00,0.002885159380740751,0.0011327208088470397,5351
1970-01-03 20:19:00+00:00,0.0026673448953845763,0.001043554925320732,5813
1970-01-03 20:20:00+00:00,0.0066990019162201896,0.004767712764410063,9816
1970-01-03 20:21:00+00:00,0.0039558715050139,0.001737241283514653,5487
1970-01-03 20:22:00+00:00,0.0034314027295908574,0.0015830596888210967,5152
1970-01-03 20:23:00+00:00,0.0029903608752305188,0.0011705541727765744,4956
1970-01-03 20:24:00+00:00,0.002297144753287167,0.0010991569506225256,5647
1970-01-03 20:25:00+00:00,0.006672573148434597,0.00477474215656651,9818
1970-01-03 20:26:00+00:00,0.0025474520549961855,0.001067559456962788,7120
1970-01-03 20:27:00+00:00,0.002894563958891172,0.00105264035164988,5786
1970-01-03 20:28:00+00:00,0.0028042862620440215,0.0010564327709817575,5148
1970-01-03 20:29:00+00:00,0.0021936547982994107,0.0008724393837148129,5938
1970-01-03 20:30:00+00:00,0.006515195214314547,0.004745505774349113,9818
1970-01-03 20:31:00+00:00,0.003669480138527886,0.001461267877593353,5807
1970-01-03 20:32:00+00:00,0.0030114860104289275,0.0012113490271712744,5565
1970-01-03 20:33:00+00:00,0.0027777226112485716,0.0009323410634488775,4281
1970-01-03 20:34:00+00:00,0.00231967941281274,0.0007647661998416774,5771
1970-01-03 20:35:00+00:00,0.006492372333147503,0.004698676459542051,9824
1970-01-03 20:36:00+00:00,0.0030942741168357105,0.0014559143896445631,5261
1970-01-03 20:37:00+00:00,0.0028948385795808545,0.001373343421866258,5500
1970-01-03 20:38:00+00:00,0.0028181331482444545,0.0011912505590758293,3835
1970-01-03 20:39:00+00:00,0.0018574772948770294,0.0009148443961004471,5184
1970-01-03 20:40:00+00:00,0.006625367765641093,0.004801854772873457,9824
1970-01-03 20:41:00+00:00,0.004407617127550066,0.0020537205469926185,5488
1970-01-03 20:42:00+00:00,0.0032521443995781997,0.0014550750070785763,5169
1970-01-03 20:43:00+00:00,0.003163129569136901,0.0012088789125216347,6427
1970-01-03 20:44:00+00:00,0.0016981271134510817,0.0006091417310216809,5441
1970-01-03 20:45:00+00:00,0.0066131128158795705,0.00481946533819701,9828
1970-01-03 20:46:00+00:00,0.002407905736911066,0.0012354468783887622,5493
1970-01-03 20:47:00+00:00,0.0031921923104304404,0.001402091140003097,4011
1970-01-03 20:48:00+00:00,0.00248596602891047,0.0009928594042718434,5685
1970-01-03 20:49:00+00:00,0.0016240773135207682,0.0007854646799092686,7011
1970-01-03 20:50:00+00:00,0.006638284719481202,0.0047852452501690864,9826
1970-01-03 20:51:00+00:00,0.0027142510170715573,0.0014309594945014178,6641
1970-01-03 20:52:00+00:00,0.003028720856021546,0.0015162856016105821,6100
1970-01-03 20:53:00+00:00,0.002447775371450582,0.0012289282213668736,5851
1970-01-03 20:54:00+00:00,0.0026083040899300873,0.0009630976776509846,5494
1970-01-03 20:55:00+00:00,0.00673994544498496,0.004865692603355174,9816
1970-01-03 20:56:00+00:00,0.0037404875854058547,0.0014759372046210949,3664
1970-01-03 20:57:00+00:00,0.0032134008973637284,0.0021241748591492074,3445
1970-01-03 20:58:00+00:00,0.0021772178318276722,0.0011052263161679338,4241
1970-01-03 20:59:00+00:00,0.002223693013591457,0.0006843248111247812,5443
1970-01-03 21:00:00+00:00,0.00673520758682205,0.0047935816895744495,9818
1970-01-03 21:01:00+00:00,0.003678458016962339,0.001802787944798228,5761
1970-01-03 21:02:00+00:00,0.0032567738730353503,0.001863977600415489,4911
1970-01-03 21:03:00+00:00,0.002086368873693884,0.001065076275464949,5623
1970-01-03 21:04:00+00:00,0.0022304413396347558,0.0007457702401333881,3707
1970-01-03 21:05:00+00:00,0.006882483510825013,0.004952358645907382,9813
1970-01-03 21:06:00+00:00,0.0033186947351328978,0.001396985035365372,3431
1970-01-03 21:07:00+00:00,0.0038972822529597384,0.0014469915071700981,2940
1970-01-03 21:08:00+00:00,0.0029771331882864475,0.0011273181906850222,4030
1970-01-03 21:09:00+00:00,0.0021395392936926936,0.0008386259030379837,3779
1970-01-03 21:10:00+00:00,0.006771836778186994,0.0049702701285530325,9812
1970-01-03 21:11:00+00:00,0.004359126769866405,0.002048927511604339,6494
1970-01-03 21:12:00+00:00,0.0043879271023336925,0.002057636294466555,4820
1970-01-03 21:13:00+00:00,0.0023248195202745345,0.0012157021702067154,4072
1970-01-03 21:14:00+00:00,0.0021784218639209923,0.0008909329376099566,3554
1970-01-03 21:15:00+00:00,0.006400785477781937,0.00488455702002781,9814
1970-01-03 21:16:00+00:00,0.0034166193360343627,0.0017050043995161927,5980
1970-01-03 21:17:00+00:00,0.0023735250686563636,0.0010679743587953569,6520
1970-01-03 21:18:00+00:00,0.0025963888412313327,0.0011713143681842892,4798
1970-01-03 21:19:00+00:00,0.00229157635709701,0.0011488504628516109,4923
1970-01-03 21:20:00+00:00,0.006004100025386273,0.004822541829335885,9819
1970-01-03 21:21:00+00:00,0.0038119606120847636,0.0018266104030103696,4873
1970-01-03 21:22:00+00:00,0.00243490229056409,0.0012290652437052178,5481
1970-01-03 21:23:00+00:00,0.0021292857756297695,0.0009191724857435459,4935
1970-01-03 21:24:00+00:00,0.00216235319449939,0.0008381320795245836,3247
1970-01-03 21:25:00+00:00,0.005598768180412946,0.004790002779935451,9813
1970-01-03 21:26:00+00:00,0.003953640662016564,0.0018246938297440726,3341
1970-01-03 21:27:00+00:00,0.0025895177220410367,0.001282383265482208,4595
1970-01-03 21:28:00+00:00,0.0017444741757253318,0.0009449498955120405,5665
1970-01-03 21:29:00+00:00,0.001512503368232907,0.0005783846374392123,4324
1970-01-03 21:30:00+00:00,0.005439933030357656,0.004822475228136575,9815
1970-01-03 21:31:00+00:00,0.0033030583027222065,0.002057595650020829,5983
1970-01-03 21:32:00+00:00,0.002537306734726456,0.001199712728077534,6729
1970-01-03 21:33:00+00:00,0.002149378425063974,0.0010840596107069718,4832
1970-01-03 21:34:00+00:00,0.0017719268798828168,0.0008812874933248051,4803
1970-01-03 21:35:00+00:00,0.0053658374374892775,0.004764876858542666,9810
1970-01-03 21:36:00+00:00,0.003274187103113182,0.0017531847192262797,4065
1970-01-03 21:37:00+00:00,0.003948981873126981,0.0012534071574566397,6374
1970-01-03 21:38:00+00:00,0.0028671756298016752,0.0011228684659129312,2831
1970-01-03 21:39:00+00:00,0.002434370871491339,0.0012222284558403847,6342
1970-01-03 21:40:00+00:00,0.005503224905609087,0.004779464620389898,9814
1970-01-03 21:41:00+00:00,0.0035504822279088214,0.0021019887013623484,7509
1970-01-03 21:42:00+00:00,0.003050612260801852,0.0014300168298348596,7608
1970-01-03 21:43:00+00:00,0.0032944035511122943,0.001573464106071915,6026
1970-01-03 21:44:00+00:00,0.003073512099859284,0.0014901184997668522,5823
1970-01-03 21:45:00+00:00,0.005169421884789084,0.004750329612750679,9813
1970-01-03 21:46:00+00:00,0.0023339508409669684,0.0018123059020101536,4142
1970-01-03 21:47:00+00:00,0.0021765731125175255,0.0015137647409578705,4778
1970-01-03 21:48:00+00:00,0.0019652232007252466,0.0013101934846900165,5797
1970-01-03 21:49:00+00:00,0.0021693972546379817,0.0011986347212021222,6923
1970-01-03 21:50:00+00:00,0.005094587622223262,0.004589097278795218,9815
1970-01-03 21:51:00+00:00,0.003464524375492307,0.0017934901411318998,6398
1970-01-03 21:52:00+00:00,0.003046126031842119,0.0018616596280872644,5425
1970-01-03 21:53:00+00:00,0.0020187535451638696,0.0009758648223231076,4608
1970-01-03 21:54:00+00:00,0.002177317482391477,0.001119461706026386,7407
1970-01-03 21:55:00+00:00,0.00526731076004018,0.004652101361848086,9818
1970-01-03 21:56:00+00:00,0.0038563873395835615,0.001928022869435807,6506
1970-01-03 21:57:00+00:00,0.003497123452256147,0.001373621350213419,5803
1970-01-03 21:58:00+00:00,0.0019794662314017953,0.0010293441111159064,5019
1970-01-03 21:59:00+00:00,0.0014733366127645908,0.0007575094135777784,5431
1970-01-03 22:00:00+00:00,0.005501304031866543,0.004720218121476681,9824
1970-01-03 22:01:00+00:00,0.0034853833948897354,0.0019949734081673824,6524
1970-01-03 22:02:00+00:00,0.0023460388588276053,0.0013553752848989313,6111
1970-01-03 22:03:00+00:00,0.0027784415233415086,0.0012017798141328966,6071
1970-01-03 22:04:00+00:00,0.0014453617573824313,0.0006355598067035698,5348
1970-01-03 22:05:00+00:00,0.005297785105095419,0.004718927596338443,9826
1970-01-03 22:06:00+00:00,0.003744050124002866,0.0021672294316391733,4516
1970-01-03 22:07:00+00:00,0.003035023350617383,0.0016221126772895105,4532
1970-01-03 22:08:00+00:00,0.005220925920358673,0.0013263948975366568,4765
1970-01-03 22:09:00+00:00,0.002155632862372026,0.000742340009472675,4706
1970-01-03 22:10:00+00:00,0.005483460100839952,0.004788785889085453,9826
1970-01-03 22:11:00+00:00,0.0033582119945292344,0.0020908180288983706,6014
1970-01-03 22:12:00+00:00,0.002527445142483608,0.0015659507622330785,6434
1970-01-03 22:13:00+00:00,0.002311508224539691,0.0009536667951924947,5732
1970-01-03 22:14:00+00:00,0.00108990595394868,0.0005364816501554851,4881
1970-01-03 22:15:00+00:00,0.005704173554000389,0.004783271278138687,9817
1970-01-03 22:16:00+00:00,0.0037430615665484967,0.0018376372390633798,5379
1970-01-03 22:17:00+00:00,0.0023286335919119262,0.0009004591736289623,6997
1970-01-03 22:18:00+00:00,0.00221490487955744,0.00074629088720985,7833
1970-01-03 22:19:00+00:00,0.0019136091283514269,0.0006296304496349205,3598
1970-01-03 22:20:00+00:00,0.005596822423933477,0.0047269032231521515,9816
1970-01-03 22:21:00+00:00,0.0035448290528350664,0.0018331855712131033,5372
1970-01-03 22:22:00+00:00,0.0024440365101908246,0.0011834359499333612,5392
1970-01-03 22:23:00+00:00,0.003284359368818044,0.00147562562969035,6588
1970-01-03 22:24:00+00:00,0.0015254214850077886,0.0006949880660980509,6196
1970-01-03 22:25:00+00:00,0.0054331081353408755,0.004636825185950237,9813
1970-01-03 22:26:00+00:00,0.003911370267333867,0.0022696106918103816,6394
1970-01-03 22:27:00+00:00,0.002135723671644311,0.0011021401475342395,6319
1970-01-03 22:28:00+00:00,0.0018524073002214444,0.0009621817208537138,5073
1970-01-03 22:29:00+00:00,0.001855233199262496,0.0007679010530549623,7109
1970-01-03 22:30:00+00:00,0.005912735900656341,0.004697392971361742,9813
1970-01-03 22:31:00+00:00,0.0033064491842433093,0.0015601752200647362,7475
1970-01-03 22:32:00+00:00,0.0027726109932274226,0.0014475094489780468,6708
1970-01-03 22:33:00+00:00,0.002836980620412816,0.0015963204798891814,6289
1970-01-03 22:34:00+00:00,0.00216338227672045,0.0009935294747109508,6168
1970-01-03 22:35:00+00:00,0.005888372178743502,0.0047408433081682815,9818
1970-01-03 22:36:00+00:00,0.003348647634036696,0.001559223999291504,5517
1970-01-03 22:37:00+00:00,0.0032221159555157865,0.001468004331742822,6522
1970-01-03 22:38:00+00:00,0.004980579187367828,0.003079137595257291,8452
1970-01-03 22:39:00+00:00,0.0021233332845711347,0.0007695370980467336,7423
1970-01-03 22:40:00+00:00,0.006195731777974479,0.004494067736397252,9827
1970-01-03 22:41:00+00:00,0.0033631836243777774,0.001510728312024854,8128
1970-01-03 22:42:00+00:00,0.003323009984219867,0.0017558740128278951,8491
1970-01-03 22:43:00+00:00,0.003201015220178215,0.0011820295926475738,8653
1970-01-03 22:44:00+00:00,0.0015885112596594714,0.0006076936141304353,7688
1970-01-03 22:45:00+00:00,0.006511017730693525,0.004610755944068835,9827
1970-01-03 22:46:00+00:00,0.004314192314949533,0.002132498134611718,6790
1970-01-03 22:47:00+00:00,0.004536736347490329,0.0018761612442192474,7311
1970-01-03 22:48:00+00:00,0.0025069210742655864,0.001070948741750444,7478
1970-01-03 22:49:00+00:00,0.0017334756439620436,0.0005957446916762797,7215
1970-01-03 22:50:00+00:00,0.0064282218558208174,0.0046477116891787,9829
1970-01-03 22:51:00+00:00,0.002995979826489426,0.001886308387997596,8025
1970-01-03 22:52:00+00:00,0.0020955842177336525,0.0013370662860279362,8172
1970-01-03 22:53:00+00:00,0.0020917758911254943,0.0010435062050405343,7916
1970-01-03 22:54:00+00:00,0.002849586422880845,0.0013391426476417748,8278
1970-01-03 22:55:00+00:00,0.006576630079589161,0.004722925698976777,9818
1970-01-03 22:56:00+00:00,0.0028075142431295596,0.0014290387557000291,6687
1970-01-03 22:57:00+00:00,0.0033748384060299282,0.001345666707343692,7365
1970-01-03 22:58:00+00:00,0.0030288467879239778,0.0012359434792120583,6567
1970-01-03 22:59:00+00:00,0.0018289943739386847,0.0006792693529216673,6841
1970-01-03 23:00:00+00:00,0.006510793447801881,0.004665692129364299,9821
1970-01-03 23:01:00+00:00,0.0035895303086215897,0.0020436626240792036,6971
1970-01-03 23:02:00+00:00,0.003140119097203743,0.0014337638711517055,8549
1970-01-03 23:03:00+00:00,0.0022886389941447717,0.001084579992383138,8087
1970-01-03 23:04:00+00:00,0.0019166151352772915,0.0008895444059720594,7450
1970-01-03 23:05:00+00:00,0.006753463588195062,0.004709914995047046,9820
1970-01-03 23:06:00+00:00,0.003062148651802468,0.001560394576516966,7820
1970-01-03 23:07:00+00:00,0.0030521310922234156,0.0013345459379618364,8022
1970-01-03 23:08:00+00:00,0.0024761553480976617,0.0011673067392341306,7612
1970-01-03 23:09:00+00:00,0.0021042970352887053,0.000994459936777428,7627
1970-01-03 23:10:00+00:00,0.006566387949979799,0.00460000397228907,9819
1970-01-03 23:11:00+00:00,0.003770110466207392,0.0019450206148781796,7590
1970-01-03 23:12:00+00:00,0.00231178081478686,0.0011790768396419812,7635
1970-01-03 23:13:00+00:00,0.002239547037641933,0.0011485862111634084,7837
1970-01-03 23:14:00+00:00,0.0022972417787909434,0.0009461706405034369,7778
1970-01-03 23:15:00+00:00,0.006802050812079636,0.004677724932639013,9824
1970-01-03 23:16:00+00:00,0.002919555776921071,0.0013554567193151104,6938
1970-01-03 23:17:00+00:00,0.0031408231872931407,0.0012722841695015678,6556
1970-01-03 23:18:00+00:00,0.0024203739457918853,0.0010420753218988875,5708
1970-01-03 23:19:00+00:00,0.0020834390588229854,0.000716009238075374,5798
1970-01-03 23:20:00+00:00,0.006709373721066488,0.004533407751012283,9830
1970-01-03 23:21:00+00:00,0.0033228521498229746,0.0017010571725704176,7595
1970-01-03 23:22:00+00:00,0.0021589515691036315,0.0012322484022863791,7241
1970-01-03 23:23:00+00:00,0.0027583070075375025,0.0012402417413119623,6285
1970-01-03 23:24:00+00:00,0.0015317083735329122,0.0006931978879964347,6224
1970-01-03 23:25:00+00:00,0.0067785647799618425,0.004641777012065165,9834
1970-01-03 23:26:00+00:00,0.0020320760072962685,0.0009390811266408268,6827
1970-01-03 23:27:00+00:00,0.002667055541161517,0.0012263470337170504,6686
1970-01-03 23:28:00+00:00,0.0021115113396883672,0.0012057802368141423,6929
1970-01-03 23:29:00+00:00,0.0017846456534954165,0.0009068360117740984,6553
1970-01-03 23:30:00+00:00,0.006677643388626009,0.004629447817198486,9832
1970-01-03 23:31:00+00:00,0.0025608354316078155,0.0014198750964731616,8103
1970-01-03 23:32:00+00:00,0.0027152333937420204,0.0015452947082722633,7545
1970-01-03 23:33:00+00:00,0.0015835906060587238,0.0010756779766472263,6081
1970-01-03 23:34:00+00:00,0.0017503859830397491,0.00106852621306919,6096
1970-01-03 23:35:00+00:00,0.006770269959756338,0.004710661459098764,9832
1970-01-03 23:36:00+00:00,0.002863409399264694,0.0016137950232770005,7443
1970-01-03 23:37:00+00:00,0.003175181469088325,0.0020141948463079902,7069
1970-01-03 23:38:00+00:00,0.00281987860660397,0.0014285081088046554,6671
1970-01-03 23:39:00+00:00,0.002932863019097451,0.0011004787515133015,6746
1970-01-03 23:40:00+00:00,0.006733523613972016,0.0046718220431049735,9832
1970-01-03 23:41:00+00:00,0.0026412780348483416,0.001424874162879702,7848
1970-01-03 23:42:00+00:00,0.002466342154740245,0.0012214513269241762,8083
1970-01-03 23:43:00+00:00,0.002867154647110296,0.0011750552431698653,7898
1970-01-03 23:44:00+00:00,0.001903516259638664,0.0006452206906640409,6092
1970-01-03 23:45:00+00:00,0.006330034643411932,0.004337369829109871,9834
1970-01-03 23:46:00+00:00,0.005251828296307414,0.0023140585322729435,6720
1970-01-03 23:47:00+00:00,0.004420399751097066,0.0018789212104768848,7747
1970-01-03 23:48:00+00:00,0.004797886369656801,0.0012172615880937643,7425
1970-01-03 23:49:00+00:00,0.0029325041358212655,0.001108311964366244,6047
1970-01-03 23:50:00+00:00,0.006591681408431289,0.004425748481961424,9834
1970-01-03 23:51:00+00:00,0.004603946920684405,0.0018841077521479614,6674
1970-01-03 23:52:00+00:00,0.003886071429467034,0.0016034628929290906,6513
1970-01-03 23:53:00+00:00,0.0024583804386968,0.001238400324556115,6477
1970-01-03 23:54:00+00:00,0.0013586206888890067,0.0006975270367605758,6721
1970-01-03 23:55:00+00:00,0.006376085942111276,0.004263134693578504,9834
1970-01-03 23:56:00+00:00,0.002159345001161433,0.0012694391723169975,7518
1970-01-03 23:57:00+00:00,0.0028050999536147272,0.0011685061788615455,7960
1970-01-03 23:58:00+00:00,0.0012951476654396933,0.0006798882945020298,7401
1970-01-03 23:59:00+00:00,0.0018932492989406234,0.0008653970081518471,7172
1970-01-04 00:00:00+00:00,0.006451095439093285,0.004434204689386752,9836
1970-01-04 00:01:00+00:00,0.0034006758151293452,0.0017687431866571575,7986
1970-01-04 00:02:00+00:00,0.0026239194660972274,0.001476608666888092,7191
1970-01-04 00:03:00+00:00,0.002192220235445414,0.0010348572275519566,6666
1970-01-04 00:04:00+00:00,0.0017782196372102506,0.0007252851765915445,6553
1970-01-04 00:05:00+00:00,0.006379570580613785,0.004394148627291012,9834
1970-01-04 00:06:00+00:00,0.0035178016406644075,0.0018374003969354599,7291
1970-01-04 00:07:00+00:00,0.0024974719338531717,0.0016452625260967948,7461
1970-01-04 00:08:00+00:00,0.0014269062458253426,0.0008854573753020124,6790
1970-01-04 00:09:00+00:00,0.0014820768411874564,0.0008070250481854212,7617
1970-01-04 00:10:00+00:00,0.006421691183635207,0.00445891458475415,9836
1970-01-04 00:11:00+00:00,0.00208226023815399,0.001287402635786591,7719
1970-01-04 00:12:00+00:00,0.0027513095328769513,0.001698938168064915,7981
1970-01-04 00:13:00+00:00,0.001961550432659214,0.0010596474042518715,6776
1970-01-04 00:14:00+00:00,0.0012514543353121235,0.0005851247011983391,7488
1970-01-04 00:15:00+00:00,0.00618437463772424,0.004414261133610293,9834
1970-01-04 00:16:00+00:00,0.004082636617984898,0.0021055870727121665,7058
1970-01-04 00:17:00+00:00,0.002846022758824383,0.0014764551922175977,7738
1970-01-04 00:18:00+00:00,0.0017800661574135415,0.0008947608307884352,7289
1970-01-04 00:19:00+00:00,0.0016479840603280053,0.0008344963473411357,6234
1970-01-04 00:20:00+00:00,0.006389155800058784,0.004397870524071311,9835
1970-01-04 00:21:00+00:00,0.0031816632825994954,0.001737007472293638,7342
1970-01-04 00:22:00+00:00,0.0022418943920273307,0.0011600486499539287,6740
1970-01-04 00:23:00+00:00,0.0018383173800456062,0.0009319210895306526,7217
1970-01-04 00:24:00+00:00,0.0012370351662505904,0.0006703899547254351,7099
1970-01-04 00:25:00+00:00,0.00646593354313011,0.004324740411663546,9834
1970-01-04 00:26:00+00:00,0.0019529654359951992,0.0009560661071076962,6972
1970-01-04 00:27:00+00:00,0.0023037176475947975,0.0009699326951931213,6185
1970-01-04 00:28:00+00:00,0.0022983384188403487,0.0012215209915733207,6960
1970-01-04 00:29:00+00:00,0.0024533285366229694,0.000935087009604465,6778
1970-01-04 00:30:00+00:00,0.006524632120695966,0.004371728459662496,9834
1970-01-04 00:31:00+00:00,0.0030763043068878816,0.0016511314855809803,7857
1970-01-04 00:32:00+00:00,0.0024850397392535556,0.0014509681423671016,7118
1970-01-04 00:33:00+00:00,0.002743516036665196,0.0015712540401144404,8018
1970-01-04 00:34:00+00:00,0.0016803864460548288,0.0008518233902298283,6548
1970-01-04 00:35:00+00:00,0.006253256390037408,0.004508435080904653,9833
1970-01-04 00:36:00+00:00,0.002428665065094776,0.0013565085609467656,5903
1970-01-04 00:37:00+00:00,0.0017754021025644707,0.0010415979962601536,5965
1970-01-04 00:38:00+00:00,0.0013984790949480798,0.0007793243811136266,6722
1970-01-04 00:39:00+00:00,0.0009620257908840969,0.00046256519982469364,6598
1970-01-04 00:40:00+00:00,0.005761555274780517,0.004290911266737555,9834
1970-01-04 00:41:00+00:00,0.0030779076012753233,0.0015525376177815738,7712
1970-01-04 00:42:00+00:00,0.0023300703496376076,0.0011818162661789188,7501
1970-01-04 00:43:00+00:00,0.0015023716751776084,0.0009415096084730743,6767
1970-01-04 00:44:00+00:00,0.001735934558089308,0.0008273903398880664,6664
1970-01-04 00:45:00+00:00,0.005935597243476624,0.004390412780273616,9832
1970-01-04 00:46:00+00:00,0.0025966255691753795,0.0015700250786351343,6859
1970-01-04 00:47:00+00:00,0.002540828037596503,0.0018180799813026572,6014
1970-01-04 00:48:00+00:00,0.0020778934763797394,0.0016159419920599462,6935
1970-01-04 00:49:00+00:00,0.0015834399423944798,0.0009924967913750831,7812
1970-01-04 00:50:00+00:00,0.005806048197259322,0.004330837664227867,9834
1970-01-04 00:51:00+00:00,0.0033596149169413028,0.002006491430191113,7252
1970-01-04 00:52:00+00:00,0.003734058169875189,0.0017943727738277914,6719
1970-01-04 00:53:00+00:00,0.0017595789682372887,0.0010264024279392947,6911
1970-01-04 00:54:00+00:00,0.001570938808526255,0.0007223865999840436,7231
1970-01-04 00:55:00+00:00,0.005891781533303399,0.004283734026385041,9833
1970-01-04 00:56:00+00:00,0.0018425901736144259,0.00117972989414275,7517
1970-01-04 00:57:00+00:00,0.0024979736677260165,0.001525917410292603,6799
1970-01-04 00:58:00+00:00,0.001965213558367107,0.0014876805512339278,6488
1970-01-04 00:59:00+00:00,0.0011440209332021591,0.0007169545231428778,6609
1970-01-04 01:00:00+00:00,0.006158403553014766,0.004398461742267928,9815
1970-01-04 01:01:00+00:00,0.0038100498143364345,0.0021282048786387727,6640
1970-01-04 01:02:00+00:00,0.003230376878302714,0.001661903902876839,6180
1970-01-04 01:03:00+00:00,0.0018016401496962432,0.0011259215017900923,5984
1970-01-04 01:04:00+00:00,0.001636783905019911,0.0013116778180770658,6670
1970-01-04 01:05:00+00:00,0.00595658945327749,0.0041522371188804676,9800
1970-01-04 01:06:00+00:00,0.0016816235512438953,0.0009286616401648401,6878
1970-01-04 01:07:00+00:00,0.0019577506069593073,0.0011310858556947705,7498
1970-01-04 01:08:00+00:00,0.0024090170822410138,0.0014853668394715996,6479
1970-01-04 01:09:00+00:00,0.0017618316885287654,0.0009793010455684092,6648
1970-01-04 01:10:00+00:00,0.006443363375385139,0.004414525407583319,9816
1970-01-04 01:11:00+00:00,0.0035077157302586086,0.0019628807661523843,7655
1970-01-04 01:12:00+00:00,0.0021748283828733365,0.001449482451792039,6382
1970-01-04 01:13:00+00:00,0.0018401664519929698,0.0009724301287315788,7163
1970-01-04 01:14:00+00:00,0.0012773311662938114,0.0006500653345134499,5452
1970-01-04 01:15:00+00:00,0.006244551394062833,0.004424134360656174,9823
1970-01-04 01:16:00+00:00,0.0029279191977650736,0.0015524725230367789,6430
1970-01-04 01:17:00+00:00,0.0020154612550721852,0.0010666277352292398,7285
1970-01-04 01:18:00+00:00,0.0019514174185978528,0.0010444507498600427,7113
1970-01-04 01:19:00+00:00,0.001957660657101922,0.0009368540608137869,6667
1970-01-04 01:20:00+00:00,0.006094348233054555,0.004394405768755388,9826
1970-01-04 01:21:00+00:00,0.0034487429426270535,0.001986389933742908,7672
1970-01-04 01:22:00+00:00,0.0022204383466127627,0.0012773182751699623,7537
1970-01-04 01:23:00+00:00,0.0018206323038566256,0.0012230554487903846,7525
1970-01-04 01:24:00+00:00,0.0012199975076135404,0.0008424714242097576,6801
1970-01-04 01:25:00+00:00,0.005958376023486819,0.004355582180584959,9830
1970-01-04 01:26:00+00:00,0.0020958886090626195,0.001420663130901851,5855
1970-01-04 01:27:00+00:00,0.0020839100091161037,0.0015504261013299884,6377
1970-01-04 01:28:00+00:00,0.0017724905179527664,0.0009572271507343669,6259
1970-01-04 01:29:00+00:00,0.0011126875948194992,0.0006995966928198117,6193
1970-01-04 01:30:00+00:00,0.006214622175873666,0.004557935075554034,9834
1970-01-04 01:31:00+00:00,0.0045225734928261655,0.002565278985201168,6723
1970-01-04 01:32:00+00:00,0.0031860578769243204,0.0020874167186602814,5811
1970-01-04 01:33:00+00:00,0.0013731127799915526,0.000958041062989257,5828
1970-01-04 01:34:00+00:00,0.0009558355836053402,0.0005737131244605561,7183
1970-01-04 01:35:00+00:00,0.0066952005952905375,0.004847738180875938,9832
1970-01-04 01:36:00+00:00,0.0031954085442546624,0.002059165832962607,5349
1970-01-04 01:37:00+00:00,0.0047042834571956555,0.002044256842553904,5158
1970-01-04 01:38:00+00:00,0.004525145419871006,0.0022139900272198252,6179
1970-01-04 01:39:00+00:00,0.0016118138274809116,0.0006458230729520988,5409
1970-01-04 01:40:00+00:00,0.006534988337459045,0.00482204577595824,9832
1970-01-04 01:41:00+00:00,0.0031648742176865413,0.00192312670734141,6048
1970-01-04 01:42:00+00:00,0.002338228446572788,0.0013447745862336963,5642
1970-01-04 01:43:00+00:00,0.002060611011487157,0.0011464189052750673,6229
1970-01-04 01:44:00+00:00,0.0018512386897764218,0.0008317210823046192,5717
1970-01-04 01:45:00+00:00,0.006407076293771365,0.004833830605805586,9836
1970-01-04 01:46:00+00:00,0.0035881779872353066,0.001987814331867329,5370
1970-01-04 01:47:00+00:00,0.0035646384218600115,0.0015937209998402096,6059
1970-01-04 01:48:00+00:00,0.002259747255085425,0.0012421148669607444,4982
1970-01-04 01:49:00+00:00,0.001679687250735091,0.0009172233837228348,4493
1970-01-04 01:50:00+00:00,0.006237514119137666,0.004780016937509475,9837
1970-01-04 01:51:00+00:00,0.0024633642864903996,0.0016108331111723477,6231
1970-01-04 01:52:00+00:00,0.0024126533579480465,0.001835108642217897,7202
1970-01-04 01:53:00+00:00,0.0022058140004919025,0.0015407501177589053,5572
1970-01-04 01:54:00+00:00,0.0009885466998802034,0.0010002509054803797,6181
1970-01-04 01:55:00+00:00,0.006199339703315587,0.004649276138126423,9834
1970-01-04 01:56:00+00:00,0.002334507852621319,0.001896779939487233,7037
1970-01-04 01:57:00+00:00,0.0017551892932839482,0.0014785824409281442,7663
1970-01-04 01:58:00+00:00,0.0013742196172176926,0.0011012022986224585,7118
1970-01-04 01:59:00+00:00,0.001255013456236812,0.000863669563942479,7425
1970-01-04 02:00:00+00:00,0.0067143248561042255,0.004970420843173609,9836
1970-01-04 02:01:00+00:00,0.0031140265355029018,0.0016411728188593184,8013
1970-01-04 02:02:00+00:00,0.0025464029421616617,0.0015916264892589392,6235
1970-01-04 02:03:00+00:00,0.001664596654702494,0.0010404752362049069,7570
1970-01-04 02:04:00+00:00,0.0008796477941513944,0.0010381699976759493,7678
1970-01-04 02:05:00+00:00,0.00608823141745963,0.004562575760866115,9838
1970-01-04 02:06:00+00:00,0.00563427429660247,0.0027654060405511217,7506
1970-01-04 02:07:00+00:00,0.003969797320204738,0.0017895417899297026,7785
1970-01-04 02:08:00+00:00,0.0014160124848814383,0.0012349571073677196,7862
1970-01-04 02:09:00+00:00,0.0014526215651330604,0.0010032818792343726,7367
1970-01-04 02:10:00+00:00,0.00618355615537321,0.0046689853321301615,9839
1970-01-04 02:11:00+00:00,0.0027416100533827676,0.0017318631292862802,7992
1970-01-04 02:12:00+00:00,0.002035259095473976,0.001568345439716984,7077
1970-01-04 02:13:00+00:00,0.0015167338348470694,0.001370599999595806,6521
1970-01-04 02:14:00+00:00,0.0012031197239488643,0.0009530247618274388,6793
1970-01-04 02:15:00+00:00,0.006310242785097236,0.0047930630552138545,9840
1970-01-04 02:16:00+00:00,0.0020324770857837343,0.001773658156930675,7051
1970-01-04 02:17:00+00:00,0.001633814176564057,0.0012391512188385057,6996
1970-01-04 02:18:00+00:00,0.0017117977985342148,0.001291719888351259,7312
1970-01-04 02:19:00+00:00,0.0018425749303484392,0.0010006001647942476,6521
1970-01-04 02:20:00+00:00,0.006516948520402433,0.0049294558294215385,9836
1970-01-04 02:21:00+00:00,0.003146168131894491,0.002145564447993381,5746
1970-01-04 02:22:00+00:00,0.0027614113992309444,0.0019498769787774678,5557
1970-01-04 02:23:00+00:00,0.0020514738460218817,0.0011592111004447517,5532
1970-01-04 02:24:00+00:00,0.0014957922174504848,0.0006084010051004981,6364
1970-01-04 02:25:00+00:00,0.006362967503721124,0.004947132376322117,9835
1970-01-04 02:26:00+00:00,0.002105066786993347,0.0012950367743792995,4995
1970-01-04 02:27:00+00:00,0.0035154110299054587,0.001795549174280945,5898
1970-01-04 02:28:00+00:00,0.002354353940218961,0.001294612927913712,5518
1970-01-04 02:29:00+00:00,0.002771453788274866,0.0011793000781506284,6302
1970-01-04 02:30:00+00:00,0.006406587899539476,0.004872573532206707,9836
1970-01-04 02:31:00+00:00,0.005166521663198904,0.0037705867404135888,6954
1970-01-04 02:32:00+00:00,0.002760403646862105,0.00202949153062656,6613
1970-01-04 02:33:00+00:00,0.0014480280440669784,0.0013215930542667786,6386
1970-01-04 02:34:00+00:00,0.0010827055253423243,0.0007177781986082606,5822
1970-01-04 02:35:00+00:00,0.006671128175044664,0.004906170149538357,9836
1970-01-04 02:36:00+00:00,0.002098315818833937,0.0013036792374355169,6218
1970-01-04 02:37:00+00:00,0.0021301221603002413,0.0013315183932964656,5606
1970-01-04 02:38:00+00:00,0.0014012253354225728,0.0008489772876768213,5806
1970-01-04 02:39:00+00:00,0.0011888807331670588,0.0007661622782453096,6229
1970-01-04 02:40:00+00:00,0.006832670727604194,0.004965379075749085,9836
1970-01-04 02:41:00+00:00,0.0033124663309869137,0.001970830483537433,6285
1970-01-04 02:42:00+00:00,0.002770395894085588,0.0018064323236367153,5521
1970-01-04 02:43:00+00:00,0.0018062095407765974,0.0012323206583180683,5879
1970-01-04 02:44:00+00:00,0.0015635547569357198,0.0007896869441992679,6088
1970-01-04 02:45:00+00:00,0.00659800935003929,0.00486034170442542,9836
1970-01-04 02:46:00+00:00,0.0019358684689015782,0.0014094588252720167,4813
1970-01-04 02:47:00+00:00,0.0015056673052954626,0.0011222483634599361,5300
1970-01-04 02:48:00+00:00,0.0016057292520910368,0.0009833852183579012,6050
1970-01-04 02:49:00+00:00,0.0013176271099817293,0.000868793748352604,7795
1970-01-04 02:50:00+00:00,0.0064295568360784455,0.004748286071692449,9839
1970-01-04 02:51:00+00:00,0.0032357901594103787,0.0015495768188334394,6258
1970-01-04 02:52:00+00:00,0.003550633926911532,0.0018772513612902225,6646
1970-01-04 02:53:00+00:00,0.0022182574379277374,0.0013061878879078628,6951
1970-01-04 02:54:00+00:00,0.001420560115385294,0.0007513363314537882,6893
1970-01-04 02:55:00+00:00,0.006489227923979607,0.004685955281934928,9841
1970-01-04 02:56:00+00:00,0.0015634965678499831,0.000976751587982996,7345
1970-01-04 02:57:00+00:00,0.001606958328853098,0.0010731852131478441,7253
1970-01-04 02:58:00+00:00,0.0021610583806484403,0.0009791931602507755,7761
1970-01-04 02:59:00+00:00,0.00196662371920224,0.0007393142640189258,7652
1970-01-04 03:00:00+00:00,0.005961179745194007,0.004254690723839158,9840
1970-01-04 03:01:00+00:00,0.0038227694437703848,0.0015783457005813933,8294
1970-01-04 03:02:00+00:00,0.0054436332967259075,0.00210346204785481,7776
1970-01-04 03:03:00+00:00,0.0030274199983344047,0.0012287222585797711,7847
1970-01-04 03:04:00+00:00,0.002381054586205082,0.0012239432177143833,6770
1970-01-04 03:05:00+00:00,0.00623229945204216,0.004329986269998196,9839
1970-01-04 03:06:00+00:00,0.002735295487219817,0.0015769465995852559,7833
1970-01-04 03:07:00+00:00,0.0020219691095389116,0.0011003430103570522,7521
1970-01-04 03:08:00+00:00,0.0018938226783978076,0.0009945746520636132,7610
1970-01-04 03:09:00+00:00,0.0015685856545794325,0.0008497435001325121,7835
1970-01-04 03:10:00+00:00,0.0058906659922672916,0.004221282389271153,9842
1970-01-04 03:11:00+00:00,0.003201685105050614,0.0017717592842340097,8504
1970-01-04 03:12:00+00:00,0.0024396766843555765,0.0016894069792019076,8333
1970-01-04 03:13:00+00:00,0.002277266204957848,0.0017428437512772663,7602
1970-01-04 03:14:00+00:00,0.0015503912537524133,0.0008001297596286289,7904
1970-01-04 03:15:00+00:00,0.005860440849733476,0.004307136252883127,9842
1970-01-04 03:16:00+00:00,0.0026253661794602375,0.0011414189343108211,7686
1970-01-04 03:17:00+00:00,0.0025824287228344346,0.0013760254062859674,7740
1970-01-04 03:18:00+00:00,0.002087370101954366,0.0008576121556688604,7811
1970-01-04 03:19:00+00:00,0.002879192445667133,0.0010948122441508694,8357
1970-01-04 03:20:00+00:00,0.005773866335344685,0.004198152422054019,9841
1970-01-04 03:21:00+00:00,0.0033474509403377344,0.0016349213771092467,8575
1970-01-04 03:22:00+00:00,0.0023163887183654977,0.0017192412873788293,8031
1970-01-04 03:23:00+00:00,0.0021727460766509735,0.001267348136849065,8088
1970-01-04 03:24:00+00:00,0.001773468684269609,0.0008192021636969906,8461
1970-01-04 03:25:00+00:00,0.005778409936106406,0.004101626666718595,9842
1970-01-04 03:26:00+00:00,0.0022157625914949455,0.000975505666994254,7728
1970-01-04 03:27:00+00:00,0.0020837364442304242,0.0009806152313270808,8014
1970-01-04 03:28:00+00:00,0.001803934518207944,0.0007910213997492625,7315
1970-01-04 03:29:00+00:00,0.0017068490571869863,0.0007127602710332505,7967
1970-01-04 03:30:00+00:00,0.005558928893439458,0.003917242344646891,9841
1970-01-04 03:31:00+00:00,0.0034913003049325455,0.0017109020985761083,7874
1970-01-04 03:32:00+00:00,0.002933225373447001,0.0017097974692408115,7187
1970-01-04 03:33:00+00:00,0.002252387468043675,0.0012911662860190288,7613
1970-01-04 03:34:00+00:00,0.0016086883961532635,0.0007348115953620761,7514
1970-01-04 03:35:00+00:00,0.005996902278073014,0.00409645640164479,9842
1970-01-04 03:36:00+00:00,0.002053819605877523,0.0008837902220846617,7399
1970-01-04 03:37:00+00:00,0.0016070508334802734,0.0007637132110216703,7146
1970-01-04 03:38:00+00:00,0.001500103040582471,0.0008331679798967391,6777
1970-01-04 03:39:00+00:00,0.0016674287328719301,0.0010078997218794477,7573
1970-01-04 03:40:00+00:00,0.005833142801831002,0.003907438205801552,9840
1970-01-04 03:41:00+00:00,0.0025189858599304125,0.0014189052107846318,8391
1970-01-04 03:42:00+00:00,0.0031062776594421395,0.001671695459603964,7211
1970-01-04 03:43:00+00:00,0.0024977568051009636,0.0012960866414267911,7137
1970-01-04 03:44:00+00:00,0.003127170174501491,0.0009770983552365423,7718
1970-01-04 03:45:00+00:00,0.006235379444268846,0.004069075844218496,9840
1970-01-04 03:46:00+00:00,0.004003195946179767,0.0014383006195802443,7892
1970-01-04 03:47:00+00:00,0.002153742683026222,0.000841220941885498,7234
1970-01-04 03:48:00+00:00,0.0012765662004398382,0.0006445767920297802,6866
1970-01-04 03:49:00+00:00,0.003221831344541889,0.0009554117503621603,7258
1970-01-04 03:50:00+00:00,0.005931604287338362,0.003994524124856563,9840
1970-01-04 03:51:00+00:00,0.0020855778137995927,0.000834741459186827,7914
1970-01-04 03:52:00+00:00,0.0011727730542258495,0.000715697407367342,7510
1970-01-04 03:53:00+00:00,0.001719391703298058,0.0007849642497342368,7231
1970-01-04 03:54:00+00:00,0.0020942736260684946,0.0009977084736765161,7927
1970-01-04 03:55:00+00:00,0.005679132759834935,0.0039781383588248734,9842
1970-01-04 03:56:00+00:00,0.003059909106238263,0.0017681870733670094,7880
1970-01-04 03:57:00+00:00,0.0023311527942157643,0.0015908857068411995,7790
1970-01-04 03:58:00+00:00,0.0018885695954700794,0.0011868227590905648,7137
1970-01-04 03:59:00+00:00,0.0017556813665590015,0.000828341994620506,8084
1970-01-04 04:00:00+00:00,0.005805374160004578,0.004067526456130674,9842
1970-01-04 04:01:00+00:00,0.0016236402788849798,0.0008533467313222265,7655
1970-01-04 04:02:00+00:00,0.0014859163842528994,0.0008596596524668757,7672
1970-01-04 04:03:00+00:00,0.0013082155738447761,0.0009182076303837779,7390
1970-01-04 04:04:00+00:00,0.0018208825581112445,0.0009835971738527325,6950
1970-01-04 04:05:00+00:00,0.005832971538456853,0.004152907740709933,9841
1970-01-04 04:06:00+00:00,0.0031380602455927703,0.0015757009147447792,6672
1970-01-04 04:07:00+00:00,0.0033298772103614316,0.0016898543343647071,6926
1970-01-04 04:08:00+00:00,0.001624319729567556,0.0011052820738747871,7431
1970-01-04 04:09:00+00:00,0.0013990217981230074,0.0008875232429595908,6585
1970-01-04 04:10:00+00:00,0.006038037385804289,0.004153672989463033,9842
1970-01-04 04:11:00+00:00,0.002501339043793969,0.0012298221290072563,7504
1970-01-04 04:12:00+00:00,0.0019923785199107784,0.0008087449110625835,8257
1970-01-04 04:13:00+00:00,0.0020560253477571585,0.000824865746614839,7419
1970-01-04 04:14:00+00:00,0.0016400939568271533,0.0005833056563363677,7041
1970-01-04 04:15:00+00:00,0.005747002418854133,0.003928914791955987,9843
1970-01-04 04:16:00+00:00,0.004120436360675151,0.001590389029277929,6780
1970-01-04 04:17:00+00:00,0.003529912699750142,0.0012139504094966188,7027
1970-01-04 04:18:00+00:00,0.0022959235121933694,0.0009320858612587485,6951
1970-01-04 04:19:00+00:00,0.0026096333560149594,0.0009377454165100001,7427
1970-01-04 04:20:00+00:00,0.005904106489011457,0.004055392823724471,9841
1970-01-04 04:21:00+00:00,0.003184054763864938,0.001372378867432106,7865
1970-01-04 04:22:00+00:00,0.002872724110105394,0.001245331401683303,7438
1970-01-04 04:23:00+00:00,0.002471549802788285,0.001028922341116056,7469
1970-01-04 04:24:00+00:00,0.0014932365662883279,0.0007289711743590759,6413
1970-01-04 04:25:00+00:00,0.005516398162217489,0.003981082902514375,9841
1970-01-04 04:26:00+00:00,0.0009482049951298011,0.0008240022511305295,7848
1970-01-04 04:27:00+00:00,0.0020435121735727837,0.0010478330226565977,7443
1970-01-04 04:28:00+00:00,0.001833444403430964,0.0011774634655362859,6699
1970-01-04 04:29:00+00:00,0.001368510851685474,0.0008523512227039424,6359
1970-01-04 04:30:00+00:00,0.00559254119123758,0.004005464308581907,9844
1970-01-04 04:31:00+00:00,0.002580874452487864,0.001348829188523083,7908
1970-01-04 04:32:00+00:00,0.0027701316484059686,0.0017147746931751085,8082
1970-01-04 04:33:00+00:00,0.0025824342819063865,0.001568477786447748,7518
1970-01-04 04:34:00+00:00,0.0015694760248041477,0.0008557566434676482,7389
1970-01-04 04:35:00+00:00,0.006068526082905001,0.004210921347433399,9842
1970-01-04 04:36:00+00:00,0.003254370968675861,0.0014911604189863311,7300
1970-01-04 04:37:00+00:00,0.0028395386065078266,0.0013625727400190181,7446
1970-01-04 04:38:00+00:00,0.0017240711140536589,0.0009380451551561728,6990
1970-01-04 04:39:00+00:00,0.0015402640305006033,0.0005773142039749395,7070
1970-01-04 04:40:00+00:00,0.005826040277951874,0.00403399374932138,9841
1970-01-04 04:41:00+00:00,0.0017560789967432007,0.0010252032340019313,7989
1970-01-04 04:42:00+00:00,0.0019523536711509562,0.001212899858468265,7644
1970-01-04 04:43:00+00:00,0.003075181661131858,0.0015591060265314504,7026
1970-01-04 04:44:00+00:00,0.0021530885582183644,0.0006912581986935413,7702
1970-01-04 04:45:00+00:00,0.005933492165653066,0.004054267881708046,9835
1970-01-04 04:46:00+00:00,0.0038572962349875733,0.0020249762537495764,7566
1970-01-04 04:47:00+00:00,0.003833659757376138,0.001968221526852039,6772
1970-01-04 04:48:00+00:00,0.0029642288599963126,0.0012252213198891081,6798
1970-01-04 04:49:00+00:00,0.0016057891859545246,0.0009850503546683215,6958
1970-01-04 04:50:00+00:00,0.005872913689887419,0.004121192437742832,9831
1970-01-04 04:51:00+00:00,0.001396233516378848,0.0011525129456795172,7319
1970-01-04 04:52:00+00:00,0.002789903962563091,0.0018280562199542675,6475
1970-01-04 04:53:00+00:00,0.0019214307825521058,0.0012537531443867957,6357
1970-01-04 04:54:00+00:00,0.0014449080702299353,0.0006796174883770331,6977
1970-01-04 04:55:00+00:00,0.005941197120887265,0.004140532435624632,9834
1970-01-04 04:56:00+00:00,0.004169634505975576,0.0019977311490919935,6745
1970-01-04 04:57:00+00:00,0.0023406904489991828,0.001020025560461906,7309
1970-01-04 04:58:00+00:00,0.0014984240149124514,0.0006861107527404449,7987
1970-01-04 04:59:00+00:00,0.0012730065808495164,0.0009616795713018137,6986
1970-01-04 05:00:00+00:00,0.005658513752981555,0.0038580012188906936,9835
1970-01-04 05:01:00+00:00,0.0020600345387933525,0.0009686873938780506,8278
1970-01-04 05:02:00+00:00,0.002091851696216508,0.0008737593160813989,7452
1970-01-04 05:03:00+00:00,0.0016923850759429917,0.0007977130771407824,6972
1970-01-04 05:04:00+00:00,0.0017872415079519316,0.0007187996581023262,6641
1970-01-04 05:05:00+00:00,0.005626282126915876,0.004233851745482967,9839
1970-01-04 05:06:00+00:00,0.0023560815251474233,0.001021052358110319,7327
1970-01-04 05:07:00+00:00,0.0025135500213045478,0.0011979613685687777,7289
1970-01-04 05:08:00+00:00,0.0024327525946930286,0.0011557273864746065,6459
1970-01-04 05:09:00+00:00,0.0026794622894418937,0.0008343238138778563,6342
1970-01-04 05:10:00+00:00,0.0059159130604489315,0.00434816649858911,9837
1970-01-04 05:11:00+00:00,0.0031163248678293476,0.0014835858054510543,7975
1970-01-04 05:12:00+00:00,0.002367145769920443,0.0011172058995388922,7275
1970-01-04 05:13:00+00:00,0.0027726594426822886,0.001392765072626941,6933
1970-01-04 05:14:00+00:00,0.0013860656541475394,0.0005344399896382645,7107
1970-01-04 05:15:00+00:00,0.005796198718627366,0.004192722490309213,9838
1970-01-04 05:16:00+00:00,0.0015393561083702338,0.0007518920751547583,7509
1970-01-04 05:17:00+00:00,0.0017554373955423056,0.0008828414293981353,7839
1970-01-04 05:18:00+00:00,0.0013617028496290349,0.0007218209501124916,7090
1970-01-04 05:19:00+00:00,0.001138905804123617,0.0005766683085856877,7171
1970-01-04 05:20:00+00:00,0.00560471870278026,0.004180284996403076,9839
1970-01-04 05:21:00+00:00,0.0020415256606443367,0.00143077036646079,5914
1970-01-04 05:22:00+00:00,0.0022743718540033328,0.0014400625362567894,5648
1970-01-04 05:23:00+00:00,0.0026753532787225504,0.0012517164772396546,5462
1970-01-04 05:24:00+00:00,0.0017192959280031349,0.001327013926098808,5751
1970-01-04 05:25:00+00:00,0.005898475469616968,0.004306510019858136,9836
1970-01-04 05:26:00+00:00,0.00180885717189304,0.0008049837736616499,6460
1970-01-04 05:27:00+00:00,0.0027218016808178095,0.001310007444831027,7558
1970-01-04 05:28:00+00:00,0.002122938189184027,0.0008692580141159275,7604
1970-01-04 05:29:00+00:00,0.0026961526409145977,0.0010018936232331279,6421
1970-01-04 05:30:00+00:00,0.005963084905084386,0.00444647792084976,9836
1970-01-04 05:31:00+00:00,0.004673136988889487,0.0022025777869618514,6754
1970-01-04 05:32:00+00:00,0.003458294318861848,0.001980949010509569,6647
1970-01-04 05:33:00+00:00,0.0032594253339278596,0.0014009803937998888,7371
1970-01-04 05:34:00+00:00,0.0020946551619785386,0.0008044877458875604,7340
1970-01-04 05:35:00+00:00,0.0059713540145100085,0.004338977863151258,9837
1970-01-04 05:36:00+00:00,0.0025754012178476294,0.0010938690055413613,8137
1970-01-04 05:37:00+00:00,0.0019560832561982618,0.0009030139950637868,7245
1970-01-04 05:38:00+00:00,0.0017977774403674849,0.0008722955194856909,7165
1970-01-04 05:39:00+00:00,0.0021328191688902735,0.0009219174829016433,7600
1970-01-04 05:40:00+00:00,0.006005201400018323,0.004412819822567946,9837
1970-01-04 05:41:00+00:00,0.0024679663232740775,0.0023835950551478772,7588
1970-01-04 05:42:00+00:00,0.002066363304156015,0.001433139600880889,7486
1970-01-04 05:43:00+00:00,0.0015737189405282482,0.0011467839073372515,7444
1970-01-04 05:44:00+00:00,0.0012443098375352797,0.0007999527252326589,7323
1970-01-04 05:45:00+00:00,0.005872773773631984,0.004402487121742379,9836
1970-01-04 05:46:00+00:00,0.0034489043836511643,0.002850532419906403,6213
1970-01-04 05:47:00+00:00,0.003466703517165294,0.002117765986750602,7958
1970-01-04 05:48:00+00:00,0.002131618584278829,0.0018649178005779887,7291
1970-01-04 05:49:00+00:00,0.002797177024003123,0.0016404707667767896,7971
1970-01-04 05:50:00+00:00,0.005980449150005249,0.004416348890263793,9835
1970-01-04 05:51:00+00:00,0.0029128904920655,0.002052894330768446,8235
1970-01-04 05:52:00+00:00,0.0019719417820910448,0.0012205327938709185,7922
1970-01-04 05:53:00+00:00,0.0013067164497733976,0.0008533912978563461,7267
1970-01-04 05:54:00+00:00,0.0016490582011599781,0.0007915783311148906,7882
1970-01-04 05:55:00+00:00,0.005738175654420397,0.0042221089416482225,9836
1970-01-04 05:56:00+00:00,0.0028072844003396045,0.0015534980628687013,7914
1970-01-04 05:57:00+00:00,0.0030111263603597865,0.0016093833612089669,7805
1970-01-04 05:58:00+00:00,0.0028398371646890094,0.0013260942117619184,7556
1970-01-04 05:59:00+00:00,0.0022753582370426116,0.0011021139851417343,7121
1970-01-04 06:00:00+00:00,0.005795941367277487,0.004211502872737327,9836
1970-01-04 06:01:00+00:00,0.002118534297352133,0.0010139044932813252,7883
1970-01-04 06:02:00+00:00,0.0021957525391101598,0.0008781940793588854,7810
1970-01-04 06:03:00+00:00,0.0025091744788160726,0.0009923988887716737,7546
1970-01-04 06:04:00+00:00,0.0022847582307597572,0.0008033917061899141,7827
1970-01-04 06:05:00+00:00,0.005651045190027203,0.004065133699421556,9839
1970-01-04 06:06:00+00:00,0.0026864501372215193,0.0010837754863199573,7003
1970-01-04 06:07:00+00:00,0.0034852390803582537,0.001186735147044791,7247
1970-01-04 06:08:00+00:00,0.0037732371775400105,0.0018372908580969606,7124
1970-01-04 06:09:00+00:00,0.002573739149298273,0.0008385913267650763,6564
1970-01-04 06:10:00+00:00,0.005540430065680253,0.003912829823877869,9840
1970-01-04 06:11:00+00:00,0.003438761358675148,0.0017805105710347049,7756
1970-01-04 06:12:00+00:00,0.0024350615508316113,0.0011451347325331445,8280
1970-01-04 06:13:00+00:00,0.0021814058329898516,0.0009088822732792335,8216
1970-01-04 06:14:00+00:00,0.0016718328992731866,0.0007565065943173164,7548
1970-01-04 06:15:00+00:00,0.0058392800722874465,0.004055745786212189,9839
1970-01-04 06:16:00+00:00,0.0023847714272180955,0.0012079455211706028,7505
1970-01-04 06:17:00+00:00,0.0025661421833197934,0.001037608997967877,7684
1970-01-04 06:18:00+00:00,0.0025589485907621203,0.0018100845970918853,7284
1970-01-04 06:19:00+00:00,0.0023527498109431077,0.001735121860534328,7583
1970-01-04 06:20:00+00:00,0.005851123196852929,0.004090973547155075,9840
1970-01-04 06:21:00+00:00,0.0031652304471154213,0.0024621940289090995,7929
1970-01-04 06:22:00+00:00,0.0033151117453838037,0.0016610950006971598,8237
1970-01-04 06:23:00+00:00,0.0025511552472148886,0.0009933512910709082,8078
1970-01-04 06:24:00+00:00,0.002506821092496145,0.0011478387945857071,7587
1970-01-04 06:25:00+00:00,0.005622573340987054,0.003984333865258024,9840
1970-01-04 06:26:00+00:00,0.0025460181840284333,0.0011956347252823872,7408
1970-01-04 06:27:00+00:00,0.002180914380513535,0.0008856630682597268,8019
1970-01-04 06:28:00+00:00,0.002704377020108875,0.0012780510299749545,7653
1970-01-04 06:29:00+00:00,0.0016896986693305206,0.0010118608709035319,6853
1970-01-04 06:30:00+00:00,0.005674888825780426,0.004014095373391576,9838
1970-01-04 06:31:00+00:00,0.0025540815748554156,0.0016379947476675243,7762
1970-01-04 06:32:00+00:00,0.0028285612192565164,0.001673218044865312,6982
1970-01-04 06:33:00+00:00,0.0024681555669288113,0.0016396347506961553,7777
1970-01-04 06:34:00+00:00,0.0018312816275463488,0.0005307372241794354,8260
1970-01-04 06:35:00+00:00,0.00557074530705102,0.00409693221961433,9840
1970-01-04 06:36:00+00:00,0.0025306043077881345,0.0010392458124448031,8113
1970-01-04 06:37:00+00:00,0.002523855272793736,0.0010251101480443507,7153
1970-01-04 06:38:00+00:00,0.0024616135206439083,0.00106675542779234,6936
1970-01-04 06:39:00+00:00,0.0019561602028808117,0.0007751727896618716,6695
1970-01-04 06:40:00+00:00,0.005958998062006568,0.0040740751001678,9839
1970-01-04 06:41:00+00:00,0.002350956247615671,0.0009955880673401395,7511
1970-01-04 06:42:00+00:00,0.002219200850583345,0.0015678618523959386,6644
1970-01-04 06:43:00+00:00,0.002761647167859161,0.0011447616442235831,6829
1970-01-04 06:44:00+00:00,0.0022411490207777697,0.0008104944627999471,7143
1970-01-04 06:45:00+00:00,0.006296666580099537,0.004130488943088571,9839
1970-01-04 06:46:00+00:00,0.0034980623191943226,0.0016511476960928133,7107
1970-01-04 06:47:00+00:00,0.0030417616032765234,0.0016749028942283164,7489
1970-01-04 06:48:00+00:00,0.0014128903463586887,0.0006335501870847275,7768
1970-01-04 06:49:00+00:00,0.0016953818204367681,0.0006055210335833372,7801
1970-01-04 06:50:00+00:00,0.005969896046040538,0.0038846167939561626,9839
1970-01-04 06:51:00+00:00,0.0022013958154826793,0.0008834251048744743,8616
1970-01-04 06:52:00+00:00,0.0013113576656258034,0.0007120609040692168,7478
1970-01-04 06:53:00+00:00,0.002654859909979005,0.0009004467443255619,6856
1970-01-04 06:54:00+00:00,0.00159063561136078,0.000918397521769777,6723
1970-01-04 06:55:00+00:00,0.006672434766032637,0.004264625701027825,9838
1970-01-04 06:56:00+00:00,0.0036666175387045814,0.0016503039564383266,5810
1970-01-04 06:57:00+00:00,0.0024815073573101294,0.0013168442828708309,7587
1970-01-04 06:58:00+00:00,0.0025181467480682733,0.0012718482556024952,6455
1970-01-04 06:59:00+00:00,0.0016214075952533903,0.0008975803383231457,6428
1970-01-04 07:00:00+00:00,0.006531748261963956,0.004131805258992884,9838
1970-01-04 07:01:00+00:00,0.00422304774376045,0.0017745077062984187,6668
1970-01-04 07:02:00+00:00,0.004212190312776399,0.001505554222240288,6279
1970-01-04 07:03:00+00:00,0.003092066530485817,0.0010852795818050308,6658
1970-01-04 07:04:00+00:00,0.0016051738243920155,0.0006637935826999565,6646
1970-01-04 07:05:00+00:00,0.006508836708809363,0.004074330452505057,9840
1970-01-04 07:06:00+00:00,0.00282866341129444,0.00121097173013464,6294
1970-01-04 07:07:00+00:00,0.0019671032367186907,0.0010472549512122776,6146
1970-01-04 07:08:00+00:00,0.0018316845019791489,0.0009697290420777948,6605
1970-01-04 07:09:00+00:00,0.002136177037624468,0.0006687499885567913,6655
1970-01-04 07:10:00+00:00,0.006295054995731752,0.003964640476638344,9842
1970-01-04 07:11:00+00:00,0.0023235105182999624,0.0010441210891932397,7532
1970-01-04 07:12:00+00:00,0.0017743386306643685,0.000758650255617519,7542
1970-01-04 07:13:00+00:00,0.0012717792152786506,0.0006008800862177012,7536
1970-01-04 07:14:00+00:00,0.0018344853239437842,0.0006406093405776252,6063
1970-01-04 07:15:00+00:00,0.006258437538367461,0.003936530462867008,9843
1970-01-04 07:16:00+00:00,0.002584522477928402,0.001169358916116494,7404
1970-01-04 07:17:00+00:00,0.0022338097455303083,0.0011242795113840197,7683
1970-01-04 07:18:00+00:00,0.002218732377979681,0.0008105498865678953,7082
1970-01-04 07:19:00+00:00,0.0014037586167127186,0.0004969908592739752,7620
1970-01-04 07:20:00+00:00,0.006122972900367915,0.003838002862444086,9842
1970-01-04 07:21:00+00:00,0.002176455555944937,0.0009243926022487167,7167
1970-01-04 07:22:00+00:00,0.001906938595085427,0.000885977244841561,7084
1970-01-04 07:23:00+00:00,0.0020900540573483752,0.0006068462328704473,7922
1970-01-04 07:24:00+00:00,0.00222021807531927,0.0011345316290627286,7701
1970-01-04 07:25:00+00:00,0.006139540896461703,0.003973080340929359,9842
1970-01-04 07:26:00+00:00,0.001643507922918446,0.0008555432481644065,6704
1970-01-04 07:27:00+00:00,0.0010809296339362178,0.0005989140967783547,5872
1970-01-04 07:28:00+00:00,0.0009146773835489902,0.0005540719387052907,5592
1970-01-04 07:29:00+00:00,0.0009393005897736309,0.0005268875823271445,7045
1970-01-04 07:30:00+00:00,0.006143616078932904,0.003998743855129005,9842
1970-01-04 07:31:00+00:00,0.0015914930476171516,0.0010068771099660115,6451
1970-01-04 07:32:00+00:00,0.0010171929690671266,0.0006530715465002132,6722
1970-01-04 07:33:00+00:00,0.0010367126843441302,0.0006525210902223734,6899
1970-01-04 07:34:00+00:00,0.001144506598305297,0.0005176011152508849,6966
1970-01-04 07:35:00+00:00,0.006140497365510224,0.004110038542479644,9842
1970-01-04 07:36:00+00:00,0.0014876915305779585,0.0009603933862103531,7192
1970-01-04 07:37:00+00:00,0.001439332544139163,0.0007112612941944922,8070
1970-01-04 07:38:00+00:00,0.0028288628326571686,0.0016269647898086805,8117
1970-01-04 07:39:00+00:00,0.003485618513238015,0.0019863464580775177,6784
1970-01-04 07:40:00+00:00,0.006394427902517392,0.004235787324119688,9842
1970-01-04 07:41:00+00:00,0.0021908657847634896,0.001107881549452461,7589
1970-01-04 07:42:00+00:00,0.002568057999151238,0.0015660774132296154,5628
1970-01-04 07:43:00+00:00,0.001571227596593372,0.001018801845199009,6400
1970-01-04 07:44:00+00:00,0.0011355976805176814,0.0005636944464110354,5750
1970-01-04 07:45:00+00:00,0.006374819504003219,0.004240924429930169,9842
1970-01-04 07:46:00+00:00,0.002666440168139485,0.0009845883315738578,5893
1970-01-04 07:47:00+00:00,0.0019003215188407928,0.0005730773820409458,5578
1970-01-04 07:48:00+00:00,0.0016868686676025433,0.000742302839873267,5439
1970-01-04 07:49:00+00:00,0.001604758712303425,0.0007032782049406599,5309
1970-01-04 07:50:00+00:00,0.006367376250727247,0.004355346974745976,9841
1970-01-04 07:51:00+00:00,0.0022172516282017996,0.0009084283505367603,6004
1970-01-04 07:52:00+00:00,0.001580146382014614,0.0007105592579245647,5866
1970-01-04 07:53:00+00:00,0.0015966531857387952,0.0007555992434446464,5874
1970-01-04 07:54:00+00:00,0.0014582372271205455,0.0005586218153995336,5200
1970-01-04 07:55:00+00:00,0.006347590002724578,0.0043606572349654815,9840
1970-01-04 07:56:00+00:00,0.0021097180277016916,0.0008194243469448111,5282
1970-01-04 07:57:00+00:00,0.002493423429411828,0.0007687879848169194,5583
1970-01-04 07:58:00+00:00,0.0019225939854184467,0.0007575028185037172,5077
1970-01-04 07:59:00+00:00,0.0017348855917458683,0.0006412087244944142,4699
1970-01-04 08:00:00+00:00,0.00653682867700066,0.0044885198373224655,9840
1970-01-04 08:01:00+00:00,0.0020936474683238915,0.00094182735710478,4775
1970-01-04 08:02:00+00:00,0.0019579076788765596,0.0007198234897041704,4963
1970-01-04 08:03:00+00:00,0.0018276419877096455,0.0006482497527799026,4217
1970-01-04 08:04:00+00:00,0.002119502329892696,0.0008987402477047071,5055
1970-01-04 08:05:00+00:00,0.006700009612622282,0.004561312381206843,9841
1970-01-04 08:06:00+00:00,0.0017879754053493238,0.0006873999166062459,4147
1970-01-04 08:07:00+00:00,0.0022497951547320195,0.0007153168740487835,3877
1970-01-04 08:08:00+00:00,0.001552640009063249,0.0005273633483855814,5349
1970-01-04 08:09:00+00:00,0.001644387364489079,0.0005527141434225274,4535
1970-01-04 08:10:00+00:00,0.006634970379082166,0.004622022502930116,9841
1970-01-04 08:11:00+00:00,0.001892597617540693,0.0010264192859010758,4784
1970-01-04 08:12:00+00:00,0.0015493401324313527,0.0007337039294200133,5334
1970-01-04 08:13:00+00:00,0.001643791846197348,0.0008686706023158464,5147
1970-01-04 08:14:00+00:00,0.0020318762549209413,0.0007879664091333627,5051
1970-01-04 08:15:00+00:00,0.006624064358101828,0.004614193344035263,9840
1970-01-04 08:16:00+00:00,0.0035386247287694053,0.0009440274168409001,4705
1970-01-04 08:17:00+00:00,0.002899282914672904,0.0009320715700924316,6370
1970-01-04 08:18:00+00:00,0.0036418618773101357,0.0007999865608862445,6427
1970-01-04 08:19:00+00:00,0.003183303992072789,0.0017153880184442242,5743
1970-01-04 08:20:00+00:00,0.006575299300446538,0.004591265961593495,9840
1970-01-04 08:21:00+00:00,0.00413061395545918,0.0012823911898397916,5605
1970-01-04 08:22:00+00:00,0.0030843537077729485,0.0009356806012201372,5622
1970-01-04 08:23:00+00:00,0.003055638104905211,0.0009637089846939042,5354
1970-01-04 08:24:00+00:00,0.0019024634881609332,0.0007772633192862731,8769
1970-01-04 08:25:00+00:00,0.006733682810143405,0.004661944455195925,9839
1970-01-04 08:26:00+00:00,0.0029649508658333478,0.0014387234186016445,5525
1970-01-04 08:27:00+00:00,0.0034084494124613633,0.001183826762999121,5291
1970-01-04 08:28:00+00:00,0.0018830035865383158,0.0010040486881583261,4876
1970-01-04 08:29:00+00:00,0.0022446117554726828,0.001308767420241469,5550
1970-01-04 08:30:00+00:00,0.006907547806399918,0.004776560737965083,9840
1970-01-04 08:31:00+00:00,0.0026052518026452136,0.0013622553491617966,4369
1970-01-04 08:32:00+00:00,0.0022558626600799013,0.0011817428035266306,4224
1970-01-04 08:33:00+00:00,0.0026916667480398997,0.001466092990388657,4799
1970-01-04 08:34:00+00:00,0.002789842737806774,0.0015960703353919158,5470
1970-01-04 08:35:00+00:00,0.006877990496790218,0.0047846534467197105,9841
1970-01-04 08:36:00+00:00,0.002821575986827288,0.0010183186618307638,3200
1970-01-04 08:37:00+00:00,0.003691247077101005,0.0019890519921120834,5082
1970-01-04 08:38:00+00:00,0.003112202096316552,0.0015291379143794388,4155
1970-01-04 08:39:00+00:00,0.0029319030042996956,0.0010316449095283653,3549
1970-01-04 08:40:00+00:00,0.00690301412318022,0.004788416877952974,9841
1970-01-04 08:41:00+00:00,0.002690135106653829,0.0019039376017058309,5821
1970-01-04 08:42:00+00:00,0.0025705053269606867,0.0017732249506299215,5101
1970-01-04 08:43:00+00:00,0.003744711488152054,0.0011234854229836624,3424
1970-01-04 08:44:00+00:00,0.0022989477900648226,0.0011837394112245024,5411
1970-01-04 08:45:00+00:00,0.0066863330175512955,0.004737747175369403,9840
1970-01-04 08:46:00+00:00,0.002615590931831321,0.001325289408365889,4012
1970-01-04 08:47:00+00:00,0.0029017445536343566,0.0009874741905107072,3909
1970-01-04 08:48:00+00:00,0.002223133404511615,0.001169216631291019,3832
1970-01-04 08:49:00+00:00,0.0022406548950758285,0.0010272544153203031,4011
1970-01-04 08:50:00+00:00,0.006634017890795714,0.004730085468958037,9840
1970-01-04 08:51:00+00:00,0.0032431291726090733,0.0014217682565262142,3970
1970-01-04 08:52:00+00:00,0.002504438954621104,0.0013345129579941846,4150
1970-01-04 08:53:00+00:00,0.0029956189111762866,0.001305030380543082,3334
1970-01-04 08:54:00+00:00,0.002458041868697356,0.001061612816119862,3892
1970-01-04 08:55:00+00:00,0.006599827601494629,0.004713693581415748,9841
1970-01-04 08:56:00+00:00,0.0023578104427284265,0.0015344524004548652,4339
1970-01-04 08:57:00+00:00,0.0030735369514874634,0.0013079929641416407,4411
1970-01-04 08:58:00+00:00,0.0028008703980785233,0.0012035825944763537,3972
1970-01-04 08:59:00+00:00,0.002418306846213144,0.001047812999144779,4059
1970-01-04 09:00:00+00:00,0.0065851488156360195,0.004727463830534233,9838
1970-01-04 09:01:00+00:00,0.003198446706338901,0.0017211936264876903,5215
1970-01-04 09:02:00+00:00,0.0036833650087381895,0.00145189727230357,3632
1970-01-04 09:03:00+00:00,0.0025264738489029744,0.0011303012686316154,4102
1970-01-04 09:04:00+00:00,0.0020109278598763863,0.0009538138297112024,4544
1970-01-04 09:05:00+00:00,0.006520509517279292,0.004705450803919729,9838
1970-01-04 09:06:00+00:00,0.0029435211244514597,0.0017319470281634418,3996
1970-01-04 09:07:00+00:00,0.0023606903751158567,0.0009627554435832247,3714
1970-01-04 09:08:00+00:00,0.0021324179068696798,0.0013075359835171435,5009
1970-01-04 09:09:00+00:00,0.0025170338304736943,0.0009475485433506028,3047
1970-01-04 09:10:00+00:00,0.006545685631411378,0.004688897089856351,9838
1970-01-04 09:11:00+00:00,0.0026910902623579636,0.0014633749968364783,4018
1970-01-04 09:12:00+00:00,0.0024019198464606127,0.0010944257453605285,4283
1970-01-04 09:13:00+00:00,0.0020955857284976794,0.0012207738494558465,5152
1970-01-04 09:14:00+00:00,0.002172322213528793,0.0010806130325224496,3897
1970-01-04 09:15:00+00:00,0.006442539653849895,0.004707662628760908,9839
1970-01-04 09:16:00+00:00,0.0024556412862552688,0.0012506558156398582,4622
1970-01-04 09:17:00+00:00,0.0021049918718369738,0.001173993637943356,5358
1970-01-04 09:18:00+00:00,0.001636695273517646,0.0006699809998661209,3975
1970-01-04 09:19:00+00:00,0.001858305050241738,0.0008886722732971935,4116
1970-01-04 09:20:00+00:00,0.006480725519077991,0.004685600359033474,9840
1970-01-04 09:21:00+00:00,0.002741874328726127,0.0015764892429377605,5729
1970-01-04 09:22:00+00:00,0.0018071586783805313,0.000995178990990388,4561
1970-01-04 09:23:00+00:00,0.0023206700157015485,0.0014852688755362233,4393
1970-01-04 09:24:00+00:00,0.0016424662670461933,0.001000380281429405,4826
1970-01-04 09:25:00+00:00,0.006544650239523201,0.004705550907161389,9844
1970-01-04 09:26:00+00:00,0.0028636426810758745,0.0014107022025245577,3435
1970-01-04 09:27:00+00:00,0.0017192707292227724,0.0010129600952450402,5904
1970-01-04 09:28:00+00:00,0.0026143513721634537,0.0014330482482910144,3860
1970-01-04 09:29:00+00:00,0.002875675713761349,0.0013259881180892991,5778
1970-01-04 09:30:00+00:00,0.006115605289235282,0.00463446440798767,9844
1970-01-04 09:31:00+00:00,0.0029755351310577524,0.0016547426384266304,5452
1970-01-04 09:32:00+00:00,0.0023213256841849396,0.0010303710145296357,4648
1970-01-04 09:33:00+00:00,0.0023377428976645415,0.0009826549924678656,4320
1970-01-04 09:34:00+00:00,0.0022194678558192056,0.0011444906319907709,5540
1970-01-04 09:35:00+00:00,0.005863756438135328,0.004507702698794231,9844
1970-01-04 09:36:00+00:00,0.002030160622450169,0.0008706104415027191,4796
1970-01-04 09:37:00+00:00,0.0019271138593915317,0.0009254622043776115,4137
1970-01-04 09:38:00+00:00,0.0016894157676523127,0.0006136349277816227,4401
1970-01-04 09:39:00+00:00,0.0018899136745466135,0.0006974006378665463,4414
1970-01-04 09:40:00+00:00,0.006062166814464398,0.004412236422693964,9843
1970-01-04 09:41:00+00:00,0.0016573905291174986,0.0007031310480386253,7058
1970-01-04 09:42:00+00:00,0.0020908188501701317,0.0006324170319319795,4447
1970-01-04 09:43:00+00:00,0.0026716413634592586,0.0008854819694127031,4427
1970-01-04 09:44:00+00:00,0.001914384686320478,0.0008176024166635737,4539
1970-01-04 09:45:00+00:00,0.005995833977090238,0.004354319188199145,9842
1970-01-04 09:46:00+00:00,0.0017691753782846087,0.0007652529201411006,7457
1970-01-04 09:47:00+00:00,0.0023915984478997433,0.0008001569767706427,5309
1970-01-04 09:48:00+00:00,0.002308206530436089,0.0008387150522537191,3933
1970-01-04 09:49:00+00:00,0.002388058095418265,0.0007938340817989254,3694
1970-01-04 09:50:00+00:00,0.006193658489779685,0.0043572342655505214,9842
1970-01-04 09:51:00+00:00,0.001739289096551463,0.0008105716830605421,6525
1970-01-04 09:52:00+00:00,0.0012863284971185098,0.0007897421390061681,5126
1970-01-04 09:53:00+00:00,0.0014218801954408538,0.0005882286992075264,5327
1970-01-04 09:54:00+00:00,0.0013186758006406378,0.0004718107580395821,5347
1970-01-04 09:55:00+00:00,0.006488685810973073,0.004363251024594987,9842
1970-01-04 09:56:00+00:00,0.002126565405730239,0.0011394826402997538,5876
1970-01-04 09:57:00+00:00,0.001205118304375051,0.0007265423042913177,6809
1970-01-04 09:58:00+00:00,0.0010312635989363288,0.0006161791868884174,5744
1970-01-04 09:59:00+00:00,0.0011370543933020177,0.0005932400526189063,5835
1970-01-04 10:00:00+00:00,0.006682048703812039,0.004479320710741402,9842
1970-01-04 10:01:00+00:00,0.001646424198863237,0.001177392273875922,6270
1970-01-04 10:02:00+00:00,0.001757784879295421,0.001051126987097801,5782
1970-01-04 10:03:00+00:00,0.0020520097649343277,0.000918599188077579,4452
1970-01-04 10:04:00+00:00,0.0018290478271833818,0.0007768955502269526,5165
1970-01-04 10:05:00+00:00,0.006740208781871284,0.004551037146129255,9841
1970-01-04 10:06:00+00:00,0.002750223861829668,0.0014421613772437846,6477
1970-01-04 10:07:00+00:00,0.001868826013130316,0.0009816891838503486,6964
1970-01-04 10:08:00+00:00,0.0019457079380188651,0.0008343466885579452,5467
1970-01-04 10:09:00+00:00,0.0018101716596465379,0.0007091320880661782,5317
1970-01-04 10:10:00+00:00,0.006818693927154747,0.00464647826714889,9840
1970-01-04 10:11:00+00:00,0.0025384438937310003,0.0013126188539756788,5584
1970-01-04 10:12:00+00:00,0.00216121325459986,0.0010268699581260214,5833
1970-01-04 10:13:00+00:00,0.002191349260242851,0.0009402356768534701,4779
1970-01-04 10:14:00+00:00,0.0021526507644449478,0.0008124150812651043,3948
1970-01-04 10:15:00+00:00,0.006880902369657914,0.004700376555052874,9842
1970-01-04 10:16:00+00:00,0.002608753513455334,0.0010646282300203088,4053
1970-01-04 10:17:00+00:00,0.0026079682467855525,0.0011635773184665175,5298
1970-01-04 10:18:00+00:00,0.0023138032603075387,0.0010760471881992861,4728
1970-01-04 10:19:00+00:00,0.002264306170920629,0.0009378107791694053,4090
1970-01-04 10:20:00+00:00,0.006895231048540616,0.00474403067887881,9842
1970-01-04 10:21:00+00:00,0.0024814886669708323,0.0011064209435849089,4169
1970-01-04 10:22:00+00:00,0.0025828519616399,0.0011585605470724196,3798
1970-01-04 10:23:00+00:00,0.001950474058409661,0.0007984557454820421,4366
1970-01-04 10:24:00+00:00,0.0020397835518872172,0.0007918177105394926,4134
1970-01-04 10:25:00+00:00,0.006944011714462577,0.004743361969246763,9839
1970-01-04 10:26:00+00:00,0.002696669575938952,0.0012057000338372196,4619
1970-01-04 10:27:00+00:00,0.0022418358498387616,0.000898565771966909,4629
1970-01-04 10:28:00+00:00,0.0019741866916764017,0.0008537772480725804,5189
1970-01-04 10:29:00+00:00,0.0018686338741022953,0.0006810793683179805,4369
1970-01-04 10:30:00+00:00,0.0069025183010387675,0.00469539759771342,9839
1970-01-04 10:31:00+00:00,0.002310422319489415,0.0009578667737115958,4853
1970-01-04 10:32:00+00:00,0.0022624615726621242,0.001097173102424856,5399
1970-01-04 10:33:00+00:00,0.0018774945409569539,0.0007577213299311809,4417
1970-01-04 10:34:00+00:00,0.0018343317695354321,0.0007186658150350073,3997
1970-01-04 10:35:00+00:00,0.0066451585473157136,0.0046506219551941015,9839
1970-01-04 10:36:00+00:00,0.002499318181772493,0.0009763366601638191,3885
1970-01-04 10:37:00+00:00,0.002568835999412315,0.000821322363776128,3781
1970-01-04 10:38:00+00:00,0.0018871646987383755,0.000703518202101881,4636
1970-01-04 10:39:00+00:00,0.0018054682598142007,0.0006946449425858756,4787
1970-01-04 10:40:00+00:00,0.006755791702525357,0.004723281166671018,9840
1970-01-04 10:41:00+00:00,0.0037020912619819984,0.0016490092093577127,4377
1970-01-04 10:42:00+00:00,0.0015577051465950817,0.0008511774217203333,8648
1970-01-04 10:43:00+00:00,0.002366435209619492,0.0010534199674560982,6933
1970-01-04 10:44:00+00:00,0.0027725546122028284,0.0014681574908001031,6115
1970-01-04 10:45:00+00:00,0.006786288680127764,0.004842170814723784,9839
1970-01-04 10:46:00+00:00,0.0027128506659402996,0.0012854064873664695,5108
1970-01-04 10:47:00+00:00,0.0023348321621868007,0.0010958328483904576,4554
1970-01-04 10:48:00+00:00,0.002144224902401927,0.0010427565169124678,3926
1970-01-04 10:49:00+00:00,0.0018105230023784018,0.0007013410847476915,3706
1970-01-04 10:50:00+00:00,0.00693037127417363,0.004842709058846416,9839
1970-01-04 10:51:00+00:00,0.0026689780108559167,0.0013404986511035264,4289
1970-01-04 10:52:00+00:00,0.0024403508112291637,0.0011048047496729071,4276
1970-01-04 10:53:00+00:00,0.0020760553990458305,0.000923512919397463,3888
1970-01-04 10:54:00+00:00,0.0023049526404041523,0.0008869290671362867,3246
1970-01-04 10:55:00+00:00,0.007154296550201155,0.004890868648764438,9839
1970-01-04 10:56:00+00:00,0.0026315026621153742,0.001414406781989494,3608
1970-01-04 10:57:00+00:00,0.0029453400303647284,0.0012318761065028922,2850
1970-01-04 10:58:00+00:00,0.002653107255090178,0.0010622528639442285,2846
1970-01-04 10:59:00+00:00,0.002367111572634401,0.0008129744741458693,3280
1970-01-04 11:00:00+00:00,0.007163761050138279,0.004913777435917643,9841
1970-01-04 11:01:00+00:00,0.006180883428015223,0.002567162410277125,4492
1970-01-04 11:02:00+00:00,0.0026297860535338274,0.0013008523346108658,3906
1970-01-04 11:03:00+00:00,0.0025912202284380592,0.0010723249755636595,2779
1970-01-04 11:04:00+00:00,0.007138995196037148,0.0022626877302237645,5946
1970-01-04 11:05:00+00:00,0.007235735950806998,0.0049701944062873985,9841
1970-01-04 11:06:00+00:00,0.002741991132538179,0.0011802166256034724,4132
1970-01-04 11:07:00+00:00,0.003187546019819716,0.0013012577631622267,3145
1970-01-04 11:08:00+00:00,0.002690968364295516,0.0014639852493577546,4193
1970-01-04 11:09:00+00:00,0.0023849217091881565,0.0012849945590486125,5611
1970-01-04 11:10:00+00:00,0.007021862944333972,0.0048978051117024085,9841
1970-01-04 11:11:00+00:00,0.0034228584384529115,0.0015132732253678772,4103
1970-01-04 11:12:00+00:00,0.0029685632515566917,0.001212027141902229,3511
1970-01-04 11:13:00+00:00,0.0031936819653447103,0.0015988480936444038,4617
1970-01-04 11:14:00+00:00,0.0036416198770736633,0.0018670267358950423,4393
1970-01-04 11:15:00+00:00,0.007034798401172988,0.004876158005067363,9841
1970-01-04 11:16:00+00:00,0.0028540678138701064,0.0012517936349657904,5244
1970-01-04 11:17:00+00:00,0.0034546829905046064,0.0013228522001080868,4174
1970-01-04 11:18:00+00:00,0.003805487487822158,0.00203166519734415,4424
1970-01-04 11:19:00+00:00,0.0024918777942408,0.0014535174080925692,5229
1970-01-04 11:20:00+00:00,0.006852140232263275,0.004852830520481151,9841
1970-01-04 11:21:00+00:00,0.0031044530465159513,0.0015598923203485936,3728
1970-01-04 11:22:00+00:00,0.0023529604410584245,0.0012857639112763416,5457
1970-01-04 11:23:00+00:00,0.0024775194208404724,0.0014254990153142557,5150
1970-01-04 11:24:00+00:00,0.0024423683651434132,0.0012124870466141302,5617
1970-01-04 11:25:00+00:00,0.006640895853828816,0.00482773623563029,9841
1970-01-04 11:26:00+00:00,0.0034776734931502747,0.0016771052433894194,4555
1970-01-04 11:27:00+00:00,0.003449466754162555,0.0019480730356308486,4903
1970-01-04 11:28:00+00:00,0.0030442823262278613,0.0017211010912488102,5702
1970-01-04 11:29:00+00:00,0.0035735022108846406,0.0014574688327608656,4867
1970-01-04 11:30:00+00:00,0.006760278084554919,0.004847701309276844,9840
1970-01-04 11:31:00+00:00,0.0038941006963503547,0.0019681878355210618,4556
1970-01-04 11:32:00+00:00,0.0045938666141042365,0.0021393455759455278,4126
1970-01-04 11:33:00+00:00,0.0033277297580997017,0.001730007675562074,4927
1970-01-04 11:34:00+00:00,0.002929016429651676,0.0012784238954226643,4590
1970-01-04 11:35:00+00:00,0.006997525734495471,0.004904941010261693,9841
1970-01-04 11:36:00+00:00,0.005557628466464916,0.0025560775680717887,5967
1970-01-04 11:37:00+00:00,0.004613332204656998,0.0017433012418457908,4126
1970-01-04 11:38:00+00:00,0.003187944644567076,0.0018550653532435845,5715
1970-01-04 11:39:00+00:00,0.0031623879972971836,0.001450443187301605,4350
1970-01-04 11:40:00+00:00,0.007015024641073426,0.004919773363580421,9840
1970-01-04 11:41:00+00:00,0.005887834743591305,0.0028498489373614986,5590
1970-01-04 11:42:00+00:00,0.00535853264464713,0.002126936584424796,4578
1970-01-04 11:43:00+00:00,0.003986777623001206,0.0019783483169354427,4040
1970-01-04 11:44:00+00:00,0.002940834261536773,0.0012096094581525287,3736
1970-01-04 11:45:00+00:00,0.007166182697528467,0.004957410921813244,9840
1970-01-04 11:46:00+00:00,0.0037469073679858703,0.0019767081848062447,4593
1970-01-04 11:47:00+00:00,0.003032340500112612,0.001345512803502302,3464
1970-01-04 11:48:00+00:00,0.003174837596964111,0.001495715019702337,4652
1970-01-04 11:49:00+00:00,0.0025036428602865698,0.0011563313352748543,4517
1970-01-04 11:50:00+00:00,0.007035962023789024,0.0049377196098999016,9842
1970-01-04 11:51:00+00:00,0.003393095124485718,0.0014409881915130461,5149
1970-01-04 11:52:00+00:00,0.002603998314686499,0.0009312300873599227,4313
1970-01-04 11:53:00+00:00,0.0026235409826505245,0.0010077949866748594,2683
1970-01-04 11:54:00+00:00,0.0024969423546499295,0.000995506643533994,3640
1970-01-04 11:55:00+00:00,0.006987360890173757,0.004938920439711927,9841
1970-01-04 11:56:00+00:00,0.0030166263552359736,0.0014411695890151604,3685
1970-01-04 11:57:00+00:00,0.0029456745044198988,0.0016532587772347853,3583
1970-01-04 11:58:00+00:00,0.0026907365725142326,0.0011808570193661693,3051
1970-01-04 11:59:00+00:00,0.002062476305450889,0.0013498495434668431,5311
1970-01-04 12:00:00+00:00,0.007067171329508601,0.004929481072644235,9842
1970-01-04 12:01:00+00:00,0.004781393081381084,0.0019273159012639998,3456
1970-01-04 12:02:00+00:00,0.004252635835594966,0.0021175615471314114,3434
1970-01-04 12:03:00+00:00,0.003461528858616803,0.001594925439289117,3629
1970-01-04 12:04:00+00:00,0.0022222704882934124,0.0012724871155678705,2814
1970-01-04 12:05:00+00:00,0.006931102277480635,0.00494296609269941,9841
1970-01-04 12:06:00+00:00,0.0021410772046955326,0.001216876848831061,4711
1970-01-04 12:07:00+00:00,0.0022595729329948156,0.0008405277385992946,4218
1970-01-04 12:08:00+00:00,0.0026623264175089597,0.0009576414633866161,5389
1970-01-04 12:09:00+00:00,0.00243095435369792,0.001001497478892328,2747
1970-01-04 12:10:00+00:00,0.006850675166302759,0.004956601054692633,9840
1970-01-04 12:11:00+00:00,0.0038835744282392113,0.0014686215000831956,3974
1970-01-04 12:12:00+00:00,0.0038059324128064302,0.001389779169325778,3351
1970-01-04 12:13:00+00:00,0.0035327122510115305,0.0014335346890455047,3281
1970-01-04 12:14:00+00:00,0.004242951444877201,0.0018352929935898982,4040
1970-01-04 12:15:00+00:00,0.006682476615497345,0.004925449745717398,9838
1970-01-04 12:16:00+00:00,0.003692108204245547,0.0016107954409713952,3890
1970-01-04 12:17:00+00:00,0.004457115005923674,0.0019384242337325544,3006
1970-01-04 12:18:00+00:00,0.0036618152904090355,0.0018404520493957384,4174
1970-01-04 12:19:00+00:00,0.0030087792296442564,0.0012988393820733293,3288
1970-01-04 12:20:00+00:00,0.0067507519701467105,0.004983571762553006,9835
1970-01-04 12:21:00+00:00,0.005047243427694318,0.0021275509219329278,3723
1970-01-04 12:22:00+00:00,0.00358447586449655,0.0013914805566748371,3986
1970-01-04 12:23:00+00:00,0.003935410549907854,0.0019063121636197532,3821
1970-01-04 12:24:00+00:00,0.0038923253850307133,0.0018881027749069342,3526
1970-01-04 12:25:00+00:00,0.006777739592956859,0.0049722706957251225,9827
1970-01-04 12:26:00+00:00,0.004339868994320143,0.002222277248606963,4526
1970-01-04 12:27:00+00:00,0.0037092674792095865,0.001537066572022223,2175
1970-01-04 12:28:00+00:00,0.005040064020004695,0.002144761902735025,2761
1970-01-04 12:29:00+00:00,0.0025422355379983953,0.0011781035482042736,4473
1970-01-04 12:30:00+00:00,0.006559297694690494,0.004899390010356692,9824
1970-01-04 12:31:00+00:00,0.0037969141207692594,0.0016295370238516326,3902
1970-01-04 12:32:00+00:00,0.004610957239023977,0.001982887527721739,3952
1970-01-04 12:33:00+00:00,0.002776432872763365,0.0014662967379773311,5031
1970-01-04 12:34:00+00:00,0.0031316929634418273,0.0016667933929764111,3597
1970-01-04 12:35:00+00:00,0.006643293040016713,0.004946943026605672,9823
1970-01-04 12:36:00+00:00,0.005043614769246125,0.0030284881151504037,5540
1970-01-04 12:37:00+00:00,0.004660034198833736,0.0020702735795191606,2837
1970-01-04 12:38:00+00:00,0.004547848695795153,0.0022073178422004386,4544
1970-01-04 12:39:00+00:00,0.003407192534702566,0.0016921952139241903,3645
1970-01-04 12:40:00+00:00,0.006676840527148695,0.004970773384575683,9821
1970-01-04 12:41:00+00:00,0.0052796234582693285,0.002429141572918262,4562
1970-01-04 12:42:00+00:00,0.004736032842410064,0.0022027872175580322,4069
1970-01-04 12:43:00+00:00,0.005719948493239856,0.0016777738019617212,4035
1970-01-04 12:44:00+00:00,0.003551550177516197,0.0014053286060761738,4597
1970-01-04 12:45:00+00:00,0.006280806930702748,0.004931533133452361,9825
1970-01-04 12:46:00+00:00,0.005173089438752041,0.0024006615591296993,4221
1970-01-04 12:47:00+00:00,0.004722804345864584,0.0022713082008624414,4427
1970-01-04 12:48:00+00:00,0.0031622691058456475,0.0017494690869012672,4476
1970-01-04 12:49:00+00:00,0.0038736975075211754,0.002163070121104075,4637
1970-01-04 12:50:00+00:00,0.006329554846312324,0.004911344414664346,9830
1970-01-04 12:51:00+00:00,0.004622569192508386,0.001923580364417089,3763
1970-01-04 12:52:00+00:00,0.004754019077797342,0.002413133568880805,4468
1970-01-04 12:53:00+00:00,0.00317177546627476,0.0017503131715244046,4838
1970-01-04 12:54:00+00:00,0.0029590454184841505,0.0016791245706053034,4893
1970-01-04 12:55:00+00:00,0.00630239766614188,0.004895948033998543,9831
1970-01-04 12:56:00+00:00,0.003840400706569184,0.001457236026825836,2118
1970-01-04 12:57:00+00:00,0.0036641490315317544,0.002778292864821848,5289
1970-01-04 12:58:00+00:00,0.0017434998900630768,0.0007616044596310596,3957
1970-01-04 12:59:00+00:00,0.0027352910842338577,0.0020513385253816546,6416
1970-01-04 13:00:00+00:00,0.0064034642507091915,0.004890956601325365,9830
1970-01-04 13:01:00+00:00,0.004180486782974818,0.002469702867928836,4718
1970-01-04 13:02:00+00:00,0.0033434608349273676,0.0022235450808801072,5695
1970-01-04 13:03:00+00:00,0.002835625867235977,0.0012189212300047535,3401
1970-01-04 13:04:00+00:00,0.005116348599598898,0.0031586463885158312,5519
1970-01-04 13:05:00+00:00,0.0065498428135785216,0.004936634887738137,9824
1970-01-04 13:06:00+00:00,0.002810598065690177,0.0012241144151959335,3586
1970-01-04 13:07:00+00:00,0.004843005407450142,0.001953484753872537,4224
1970-01-04 13:08:00+00:00,0.004111019515348592,0.0017386346843699708,3383
1970-01-04 13:09:00+00:00,0.004644304087221284,0.001982056148053693,4902
1970-01-04 13:10:00+00:00,0.006524918901059796,0.004930719273562206,9826
1970-01-04 13:11:00+00:00,0.004776601455035836,0.0017973126115362462,3421
1970-01-04 13:12:00+00:00,0.0034312398093987234,0.0014125139349966333,3437
1970-01-04 13:13:00+00:00,0.0037821163028470056,0.0016698061723059167,4863
1970-01-04 13:14:00+00:00,0.004556224849744397,0.0020522448600749092,3782
1970-01-04 13:15:00+00:00,0.006503339550722832,0.004914282939965683,9826
1970-01-04 13:16:00+00:00,0.003591007362721411,0.0018482223921278526,5575
1970-01-04 13:17:00+00:00,0.0031831432940372245,0.0014510985107847201,3395
1970-01-04 13:18:00+00:00,0.0037465284853049068,0.001746960392324821,3717
1970-01-04 13:19:00+00:00,0.0031734561825131147,0.0014163570494335799,3988
1970-01-04 13:20:00+00:00,0.006432706252294999,0.00488356866917635,9824
1970-01-04 13:21:00+00:00,0.005076685766224771,0.0023521098766725377,4345
1970-01-04 13:22:00+00:00,0.0026263148297276263,0.0013141022356614384,5387
1970-01-04 13:23:00+00:00,0.003460188229433569,0.0017513836379145248,4640
1970-01-04 13:24:00+00:00,0.003185137029134251,0.001538857543892232,4051
1970-01-04 13:25:00+00:00,0.006361538848251124,0.004859975556120657,9825
1970-01-04 13:26:00+00:00,0.003353136674763784,0.0011947196718474953,4532
1970-01-04 13:27:00+00:00,0.0032591898081688986,0.001367083554827298,4275
1970-01-04 13:28:00+00:00,0.003517429351806638,0.0015257557460239993,2798
1970-01-04 13:29:00+00:00,0.003098385239417061,0.0013189054983823614,3684
1970-01-04 13:30:00+00:00,0.006439919132603252,0.004832388270251631,9827
1970-01-04 13:31:00+00:00,0.005830227577314354,0.002761051214317246,5137
1970-01-04 13:32:00+00:00,0.0037959888737097904,0.001729892219590215,5280
1970-01-04 13:33:00+00:00,0.002977902781834342,0.0014762077888433012,4646
1970-01-04 13:34:00+00:00,0.0028439190152928537,0.001175456161536408,4344
1970-01-04 13:35:00+00:00,0.006349522375200214,0.004840018498546541,9829
1970-01-04 13:36:00+00:00,0.003933315772136665,0.0017959414183638446,4178
1970-01-04 13:37:00+00:00,0.0032999169288473614,0.0013373086962701344,3120
1970-01-04 13:38:00+00:00,0.0039900406406684795,0.0018624704540886887,3313
1970-01-04 13:39:00+00:00,0.005035752388891726,0.0027567114957753073,4376
1970-01-04 13:40:00+00:00,0.006363620238204143,0.004831997477208779,9832
1970-01-04 13:41:00+00:00,0.00444527580762735,0.0019647829864929156,4433
1970-01-04 13:42:00+00:00,0.004353731899100917,0.0018614533356594795,3748
1970-01-04 13:43:00+00:00,0.004464276974851455,0.002009415193037555,4789
1970-01-04 13:44:00+00:00,0.0028360219828201323,0.0012223060187868237,4018
1970-01-04 13:45:00+00:00,0.0061666235798322954,0.004779345177964446,9830
1970-01-04 13:46:00+00:00,0.004258669773273972,0.0019173084829422393,2965
1970-01-04 13:47:00+00:00,0.00460338911848588,0.0022027770759330163,3425
1970-01-04 13:48:00+00:00,0.0027790719189690325,0.0009593785110029217,2656
1970-01-04 13:49:00+00:00,0.0035030998044880465,0.0016169444152005984,2847
1970-01-04 13:50:00+00:00,0.006157012031734278,0.0047853902421225655,9826
1970-01-04 13:51:00+00:00,0.003683008032836194,0.0015350492194676911,5603
1970-01-04 13:52:00+00:00,0.0038921740137437526,0.0015356589767302855,3240
1970-01-04 13:53:00+00:00,0.003608056360716337,0.0015182442235892252,4524
1970-01-04 13:54:00+00:00,0.002411271950050629,0.0008074120415581615,4334
1970-01-04 13:55:00+00:00,0.006222245318556253,0.004835623770318768,9828
1970-01-04 13:56:00+00:00,0.00393389092682211,0.001757563905753862,4554
1970-01-04 13:57:00+00:00,0.006094900509606494,0.0028261933088624316,3642
1970-01-04 13:58:00+00:00,0.002695870677784716,0.0009253237683485455,3273
1970-01-04 13:59:00+00:00,0.0018955366165478232,0.0008171568841912175,5793
1970-01-04 14:00:00+00:00,0.006076011474762547,0.004808063911794366,9826
1970-01-04 14:01:00+00:00,0.003214169221574739,0.0011467392361357031,4726
1970-01-04 14:02:00+00:00,0.0032087844804900506,0.0015950062272929975,5155
1970-01-04 14:03:00+00:00,0.0030768837051830026,0.0012110350460841745,3979
1970-01-04 14:04:00+00:00,0.004044761884868828,0.0018274001151684092,2985
1970-01-04 14:05:00+00:00,0.006032489305016143,0.004839605871686576,9827
1970-01-04 14:06:00+00:00,0.0027580048303019787,0.0012415447462160313,4317
1970-01-04 14:07:00+00:00,0.0027076489226986553,0.0013389709164397929,3156
1970-01-04 14:08:00+00:00,0.0028190337631236128,0.001245097613120455,3103
1970-01-04 14:09:00+00:00,0.0021521708827174964,0.0007429013024049117,3578
1970-01-04 14:10:00+00:00,0.0058200158611831,0.004830330492392429,9828
1970-01-04 14:11:00+00:00,0.003815968707526402,0.0020646244726139694,5573
1970-01-04 14:12:00+00:00,0.0032730519675902335,0.0015174669017761137,4570
1970-01-04 14:13:00+00:00,0.002315962466093573,0.0011062854662435612,4700
1970-01-04 14:14:00+00:00,0.0025730840600283467,0.0011757747600264078,2961
1970-01-04 14:15:00+00:00,0.0058060027760627846,0.004793742178234225,9830
1970-01-04 14:16:00+00:00,0.002486284101237992,0.0009900707609749146,4672
1970-01-04 14:17:00+00:00,0.0023614200178201754,0.0009338936411348504,3003
1970-01-04 14:18:00+00:00,0.0028660483217349247,0.00109988094567336,2955
1970-01-04 14:19:00+00:00,0.002786998390797315,0.0012171343150024266,3497
1970-01-04 14:20:00+00:00,0.005843871383067662,0.004761666614038041,9827
1970-01-04 14:21:00+00:00,0.0035806743091631016,0.0014688989146499987,5475
1970-01-04 14:22:00+00:00,0.0033686679527059876,0.001528541076829936,4280
1970-01-04 14:23:00+00:00,0.003104236868218376,0.00128455070973955,3497
1970-01-04 14:24:00+00:00,0.0028536016155160993,0.0011071412589441813,3183
1970-01-04 14:25:00+00:00,0.006058587801910964,0.004773866099574107,9826
1970-01-04 14:26:00+00:00,0.003832818508416457,0.0013231511279077105,3171
1970-01-04 14:27:00+00:00,0.003260341854408904,0.001412066902536774,3783
1970-01-04 14:28:00+00:00,0.0026811468270132176,0.0011533345728178077,4139
1970-01-04 14:29:00+00:00,0.003440793251859374,0.0013678013521958513,3330
1970-01-04 14:30:00+00:00,0.006325475004348519,0.0047913167434885115,9828
1970-01-04 14:31:00+00:00,0.004626875244631129,0.0016867653441033953,3950
1970-01-04 14:32:00+00:00,0.004053555356759518,0.0015845219414461387,4624
1970-01-04 14:33:00+00:00,0.0032847947621530323,0.0012345367161802595,4047
1970-01-04 14:34:00+00:00,0.0030699482798940358,0.001162747822304318,2963
1970-01-04 14:35:00+00:00,0.006125117016974794,0.004832304907027472,9830
1970-01-04 14:36:00+00:00,0.004027010410186521,0.001640786720715784,3752
1970-01-04 14:37:00+00:00,0.0028891320673980958,0.0014227964273497004,4791
1970-01-04 14:38:00+00:00,0.0025604447241271942,0.0011598550316774137,4564
1970-01-04 14:39:00+00:00,0.002678094858657494,0.0014284613995378015,5450
1970-01-04 14:40:00+00:00,0.005989369128757849,0.004819378900837473,9832
1970-01-04 14:41:00+00:00,0.004178346031826992,0.0018096700854801314,5158
1970-01-04 14:42:00+00:00,0.004036895719419388,0.0016575628758861817,4965
1970-01-04 14:43:00+00:00,0.003247849235866056,0.0013305196379891188,3674
1970-01-04 14:44:00+00:00,0.002525071326517965,0.0010168929580290755,2920
1970-01-04 14:45:00+00:00,0.0059691100068299556,0.004824946839723126,9835
1970-01-04 14:46:00+00:00,0.0037051624270362767,0.0016142993460644287,3404
1970-01-04 14:47:00+00:00,0.0030531264922106054,0.0015218928526963824,4919
1970-01-04 14:48:00+00:00,0.002221827248775566,0.0013047223437042434,4755
1970-01-04 14:49:00+00:00,0.0025083755949806695,0.0010371825421741615,3464
1970-01-04 14:50:00+00:00,0.006059509946075696,0.0048075056148606755,9840
1970-01-04 14:51:00+00:00,0.004858486937888986,0.002439688240788639,4408
1970-01-04 14:52:00+00:00,0.003507362112205889,0.0011872652925877638,4080
1970-01-04 14:53:00+00:00,0.0035430455233848865,0.0015809821874326147,3323
1970-01-04 14:54:00+00:00,0.0025213233491283905,0.0008056287745669673,2888
1970-01-04 14:55:00+00:00,0.005442364314829233,0.00476567076155947,9843
1970-01-04 14:56:00+00:00,0.0026874289517641575,0.0016953287885146178,4767
1970-01-04 14:57:00+00:00,0.002548541485548611,0.0011117548091181739,5627
1970-01-04 14:58:00+00:00,0.00207421831045651,0.0011657308450188778,4850
1970-01-04 14:59:00+00:00,0.0027788095820412586,0.001256206730552735,4283
1970-01-04 15:00:00+00:00,0.005943209263910386,0.004720583379159298,9843
1970-01-04 15:01:00+00:00,0.0034448843421340945,0.0016965662801134613,5028
1970-01-04 15:02:00+00:00,0.002897323200180166,0.0012233359930773344,4905
1970-01-04 15:03:00+00:00,0.0021711584868390785,0.0008942481448733956,3920
1970-01-04 15:04:00+00:00,0.0020486381426393046,0.0008311939162059474,4453
1970-01-04 15:05:00+00:00,0.0058421544498028985,0.004685152855139458,9843
1970-01-04 15:06:00+00:00,0.0020644181451713777,0.0008536153340269088,4991
1970-01-04 15:07:00+00:00,0.0015643261163966647,0.000704903782951231,4661
1970-01-04 15:08:00+00:00,0.002293316537195601,0.0010245621018751217,3310
1970-01-04 15:09:00+00:00,0.003207762008322802,0.0014928817749023503,2645
1970-01-04 15:10:00+00:00,0.006148484735854738,0.004766290302405335,9835
1970-01-04 15:11:00+00:00,0.0031619335378583737,0.0012968809649945999,4480
1970-01-04 15:12:00+00:00,0.0028803583591326515,0.0012576528463378053,4941
1970-01-04 15:13:00+00:00,0.0025334075151985593,0.0010904631468456121,4473
1970-01-04 15:14:00+00:00,0.0023647014056394924,0.0009646738756448962,4585
1970-01-04 15:15:00+00:00,0.006273267775979163,0.004717112615153974,9835
1970-01-04 15:16:00+00:00,0.0029722800578172947,0.0013444572643023613,4062
1970-01-04 15:17:00+00:00,0.0033226964739720023,0.0013690691913774433,3645
1970-01-04 15:18:00+00:00,0.0028543553954121837,0.0011742550852115385,3115
1970-01-04 15:19:00+00:00,0.002065618322810708,0.0008148958298402022,3311
1970-01-04 15:20:00+00:00,0.006398691653132937,0.0047936556255533565,9833
1970-01-04 15:21:00+00:00,0.0037857823691571737,0.0017552971734837563,4402
1970-01-04 15:22:00+00:00,0.0026975490639028813,0.0012491653065061926,4073
1970-01-04 15:23:00+00:00,0.0024192570952145166,0.0010743880898553206,4764
1970-01-04 15:24:00+00:00,0.002152975555638871,0.0009204265235047933,3932
1970-01-04 15:25:00+00:00,0.0062524369661464,0.004751470946303982,9829
1970-01-04 15:26:00+00:00,0.0029174830123953805,0.001001505101177518,3636
1970-01-04 15:27:00+00:00,0.002893877321821688,0.0014747886800422086,4745
1970-01-04 15:28:00+00:00,0.0025348165914130284,0.0011473265046386973,4248
1970-01-04 15:29:00+00:00,0.0023442555589285544,0.001129095941075694,5000
1970-01-04 15:30:00+00:00,0.006197922051294928,0.004761814817599578,9824
1970-01-04 15:31:00+00:00,0.004308075796414589,0.0017760463380609342,4065
1970-01-04 15:32:00+00:00,0.003208859575391787,0.0013095667654940274,3882
1970-01-04 15:33:00+00:00,0.002369242820310359,0.0009203844886603945,3921
1970-01-04 15:34:00+00:00,0.0036498902403249846,0.0014851074255392352,3767
1970-01-04 15:35:00+00:00,0.005936834806187101,0.004782741605381447,9819
1970-01-04 15:36:00+00:00,0.003142399148357931,0.0015287603852311498,4351
1970-01-04 15:37:00+00:00,0.00259663342698968,0.0011891224654629218,3099
1970-01-04 15:38:00+00:00,0.0024239877942973296,0.001073902635417823,3177
1970-01-04 15:39:00+00:00,0.0022195100353531593,0.0008947881454741857,4155
1970-01-04 15:40:00+00:00,0.005165641515385011,0.004703365271258758,9818
1970-01-04 15:41:00+00:00,0.003741797405611325,0.0018979587287546343,3389
1970-01-04 15:42:00+00:00,0.003543343414751712,0.0017496812463017465,3462
1970-01-04 15:43:00+00:00,0.0027886749125944146,0.0010613782631261341,3319
1970-01-04 15:44:00+00:00,0.002185693685559252,0.0008813974745991536,3438
1970-01-04 15:45:00+00:00,0.00477835717160604,0.004703399086950563,9821
1970-01-04 15:46:00+00:00,0.00421961377064995,0.0017691867542845663,3650
1970-01-04 15:47:00+00:00,0.0037999341801768895,0.0018049063635807371,2927
1970-01-04 15:48:00+00:00,0.0030632355154099613,0.001559085139035716,4580
1970-01-04 15:49:00+00:00,0.002643075403725852,0.0013370785029693365,3519
1970-01-04 15:50:00+00:00,0.005557310850508853,0.004721597293417268,9827
1970-01-04 15:51:00+00:00,0.004235473398069267,0.002542830212759575,4962
1970-01-04 15:52:00+00:00,0.0037244626438484025,0.0022141479671283692,4675
1970-01-04 15:53:00+00:00,0.0021852933453372467,0.0011522364122760575,3715
1970-01-04 15:54:00+00:00,0.0030744681338253023,0.0017139906747320863,3378
1970-01-04 15:55:00+00:00,0.006122049051425708,0.004787638549931045,9827
1970-01-04 15:56:00+00:00,0.006120168113166774,0.0030901648109961976,3680
1970-01-04 15:57:00+00:00,0.011023430219909548,0.0032654096196434025,6353
1970-01-04 15:58:00+00:00,0.0052196835897055,0.0021497642445714154,7094
1970-01-04 15:59:00+00:00,0.0016596257067222223,0.0007653937732382476,4974
1970-01-04 16:00:00+00:00,0.006540826302464993,0.004750260358050667,9827
1970-01-04 16:01:00+00:00,0.004249064036965542,0.0020439749258174627,5912
1970-01-04 16:02:00+00:00,0.0023428058084797483,0.000927025382560468,5240
1970-01-04 16:03:00+00:00,0.002901622487240111,0.0015949975459329132,3745
1970-01-04 16:04:00+00:00,0.001757885078964518,0.0007777120566093735,3270
1970-01-04 16:05:00+00:00,0.006576748388311972,0.004868908135404357,9831
1970-01-04 16:06:00+00:00,0.0029362800732789596,0.0012098542335461993,2615
1970-01-04 16:07:00+00:00,0.003089735453033394,0.0014864536185510947,2811
1970-01-04 16:08:00+00:00,0.0024611654038165184,0.0011191574140521972,2352
1970-01-04 16:09:00+00:00,0.0020157525626703122,0.0010843676001998043,4641
1970-01-04 16:10:00+00:00,0.006133972878989769,0.0048108926407784474,9831
1970-01-04 16:11:00+00:00,0.004458460656418728,0.0025008585984344286,4495
1970-01-04 16:12:00+00:00,0.002787591348344117,0.0014448061936446746,6605
1970-01-04 16:13:00+00:00,0.003035201021408917,0.0012877250352286535,4991
1970-01-04 16:14:00+00:00,0.0021212062128548315,0.001171901673351725,4976
1970-01-04 16:15:00+00:00,0.006020736181868627,0.0047806947534041275,9824
1970-01-04 16:16:00+00:00,0.003123818810486688,0.0016092752217597634,4152
1970-01-04 16:17:00+00:00,0.002668826814458491,0.0014860993012586789,4344
1970-01-04 16:18:00+00:00,0.002266722040638827,0.0011124419930370855,3953
1970-01-04 16:19:00+00:00,0.002120837921676708,0.001131273150556813,4748
1970-01-04 16:20:00+00:00,0.00592373711009725,0.0047301168712604895,9822
1970-01-04 16:21:00+00:00,0.0038936931060061775,0.002050713421285508,5047
1970-01-04 16:22:00+00:00,0.003089445211024476,0.00159533205365741,4117
1970-01-04 16:23:00+00:00,0.0024379502896239784,0.0011466001028844737,3516
1970-01-04 16:24:00+00:00,0.0017816485907220176,0.0009237015553921228,4637
1970-01-04 16:25:00+00:00,0.005666304462981811,0.004682650362631984,9822
1970-01-04 16:26:00+00:00,0.0027120276946987717,0.001819175782909511,4364
1970-01-04 16:27:00+00:00,0.0025223281884563997,0.0017555647358801117,4993
1970-01-04 16:28:00+00:00,0.001891489486880049,0.0015794473771738747,5680
1970-01-04 16:29:00+00:00,0.0016702366741023031,0.0012954564543431017,5170
1970-01-04 16:30:00+00:00,0.0065277511151177825,0.004783737660956407,9817
1970-01-04 16:31:00+00:00,0.0036316237546209053,0.0019008867880877358,4595
1970-01-04 16:32:00+00:00,0.002547938361940655,0.001220610877846647,4706
1970-01-04 16:33:00+00:00,0.002584216998219119,0.0013434094371665563,4867
1970-01-04 16:34:00+00:00,0.00256887738739614,0.0014146453949994624,4853
1970-01-04 16:35:00+00:00,0.006651570081202078,0.004823476916389635,9823
1970-01-04 16:36:00+00:00,0.002510133678009008,0.0016570728746724166,5305
1970-01-04 16:37:00+00:00,0.002204458555529081,0.0012055634273147947,5223
1970-01-04 16:38:00+00:00,0.0029940741865757074,0.0016221721316098587,5527
1970-01-04 16:39:00+00:00,0.0018915060469040683,0.0009959230854093984,5309
1970-01-04 16:40:00+00:00,0.006559424613108688,0.00478107358433163,9827
1970-01-04 16:41:00+00:00,0.004865345539604844,0.002600355600655442,4817
1970-01-04 16:42:00+00:00,0.0026003390608162792,0.0012258763806573243,4066
1970-01-04 16:43:00+00:00,0.003588568109373415,0.0016038156115756913,4281
1970-01-04 16:44:00+00:00,0.0016001616038831816,0.0006874193409732827,4486
1970-01-04 16:45:00+00:00,0.006485355871875378,0.004797993879338907,9826
1970-01-04 16:46:00+00:00,0.0028709955061012814,0.002404917313778171,5050
1970-01-04 16:47:00+00:00,0.0022453522901248494,0.0011435311101700783,3128
1970-01-04 16:48:00+00:00,0.002343959592514631,0.0012829666334923846,3565
1970-01-04 16:49:00+00:00,0.0018275214096138495,0.0008766148618958252,4275
1970-01-04 16:50:00+00:00,0.006456206846576496,0.004814512673625207,9826
1970-01-04 16:51:00+00:00,0.003422208731701726,0.0017403753889472199,5083
1970-01-04 16:52:00+00:00,0.0031610752610529117,0.001847893408919389,4397
1970-01-04 16:53:00+00:00,0.0020367351346889705,0.0012128617304278965,4502
1970-01-04 16:54:00+00:00,0.0016922690069718538,0.0010205420211337882,4265
1970-01-04 16:55:00+00:00,0.006473952692674623,0.004806136735471515,9825
1970-01-04 16:56:00+00:00,0.002426172570656199,0.001227430189639655,3863
1970-01-04 16:57:00+00:00,0.002720477282445502,0.0014736246290076723,3175
1970-01-04 16:58:00+00:00,0.0022119977244086553,0.0011235593547298996,4281
1970-01-04 16:59:00+00:00,0.00197673606761602,0.0006994652182536066,3269
1970-01-04 17:00:00+00:00,0.006362776092305605,0.004815745888688274,9809
1970-01-04 17:01:00+00:00,0.004107489738596592,0.0019081953783637732,4688
1970-01-04 17:02:00+00:00,0.0029519449139784625,0.0015181590832203141,4221
1970-01-04 17:03:00+00:00,0.002281151297276497,0.0011780447885298584,4254
1970-01-04 17:04:00+00:00,0.0028194198526278274,0.0015817663174163895,4713
1970-01-04 17:05:00+00:00,0.006596006649642655,0.00488925422605892,9813
1970-01-04 17:06:00+00:00,0.0031680311875436234,0.0017288206480711949,3766
1970-01-04 17:07:00+00:00,0.0026783377017008886,0.0017084797316883355,4655
1970-01-04 17:08:00+00:00,0.002908950889569416,0.002107381933051949,4339
1970-01-04 17:09:00+00:00,0.0016777246221343217,0.0011053260613682057,4094
1970-01-04 17:10:00+00:00,0.006608797474780002,0.004790977116393685,9819
1970-01-04 17:11:00+00:00,0.0028960148449529172,0.0016273799012398458,5607
1970-01-04 17:12:00+00:00,0.002617515451063624,0.0013862848826941643,4975
1970-01-04 17:13:00+00:00,0.002036646691939477,0.001097777155597432,4789
1970-01-04 17:14:00+00:00,0.0017356513709195364,0.0008988396452191344,4705
1970-01-04 17:15:00+00:00,0.006553860642979869,0.004870797341473561,9811
1970-01-04 17:16:00+00:00,0.0032578377703730557,0.0015911070995353654,4472
1970-01-04 17:17:00+00:00,0.0028512134195705944,0.0016003535848399563,4682
1970-01-04 17:18:00+00:00,0.0023868539816452364,0.0012122595267156783,3521
1970-01-04 17:19:00+00:00,0.002025031318229421,0.0010521462282205582,4861
1970-01-04 17:20:00+00:00,0.006432796024187491,0.0048520621572719965,9819
1970-01-04 17:21:00+00:00,0.0037327938998246287,0.0019111855354035534,4559
1970-01-04 17:22:00+00:00,0.0023454105678205593,0.0013264180112223362,5067
1970-01-04 17:23:00+00:00,0.002390756846708077,0.0012336160326410803,3664
1970-01-04 17:24:00+00:00,0.0021742129647236057,0.0010416816585352093,3483
1970-01-04 17:25:00+00:00,0.0063271379162739725,0.004791452548319557,9822
1970-01-04 17:26:00+00:00,0.002625196543507554,0.0013319570958590082,4956
1970-01-04 17:27:00+00:00,0.003213057092388163,0.0015982903472859743,4356
1970-01-04 17:28:00+00:00,0.003948619011260973,0.002130506138601703,4406
1970-01-04 17:29:00+00:00,0.0023194826107445854,0.001093840257455096,4084
1970-01-04 17:30:00+00:00,0.00631387902551234,0.004784849215983209,9825
1970-01-04 17:31:00+00:00,0.004046761931336356,0.002178202634431948,5220
1970-01-04 17:32:00+00:00,0.003247045839503645,0.001891102186824996,4429
1970-01-04 17:33:00+00:00,0.00258147775371527,0.0013872816202397755,4801
1970-01-04 17:34:00+00:00,0.001990514123200748,0.0010386121304430693,4395
1970-01-04 17:35:00+00:00,0.006230998475773865,0.0047512826509566,9818
1970-01-04 17:36:00+00:00,0.002243772714147332,0.001307666200784296,5439
1970-01-04 17:37:00+00:00,0.0018705720911559706,0.001011697634220637,4773
1970-01-04 17:38:00+00:00,0.001651840487819815,0.0010972136442528035,4912
1970-01-04 17:39:00+00:00,0.0014665020619629024,0.0005854152564902478,6346
1970-01-04 17:40:00+00:00,0.006337335980928189,0.0047198663447307635,9818
1970-01-04 17:41:00+00:00,0.0033915842396923727,0.001696756782239729,5196
1970-01-04 17:42:00+00:00,0.0026430911192703204,0.0014514745329008278,5245
1970-01-04 17:43:00+00:00,0.0017249960920996319,0.0007800803587962662,4652
1970-01-04 17:44:00+00:00,0.0020865788980447015,0.0008865958646052057,6308
1970-01-04 17:45:00+00:00,0.006512578812137467,0.004786178254176264,9813
1970-01-04 17:46:00+00:00,0.0038890901571846602,0.00228815860155329,5617
1970-01-04 17:47:00+00:00,0.001654920015137566,0.0010950569048707613,6002
1970-01-04 17:48:00+00:00,0.002252948858651764,0.0013593677536071986,4124
1970-01-04 17:49:00+00:00,0.00160840888807773,0.001030866226511043,5004
1970-01-04 17:50:00+00:00,0.006531500969542824,0.004778330450480602,9814
1970-01-04 17:51:00+00:00,0.003647492218614327,0.0018214760142313798,5327
1970-01-04 17:52:00+00:00,0.003314338098972164,0.0018598418014286848,5319
1970-01-04 17:53:00+00:00,0.0021536780474290004,0.0011575892354229768,5433
1970-01-04 17:54:00+00:00,0.0021324343140013695,0.0012495937007849433,4890
1970-01-04 17:55:00+00:00,0.006702004409282047,0.004872787806289655,9809
1970-01-04 17:56:00+00:00,0.0026839734064739084,0.0014269904027276836,4213
1970-01-04 17:57:00+00:00,0.0023971703954082726,0.0012444289154745736,4618
1970-01-04 17:58:00+00:00,0.002768775723416714,0.0015510774986560799,3901
1970-01-04 17:59:00+00:00,0.0023008719983655967,0.0011113087561460027,3534
1970-01-04 18:00:00+00:00,0.0066230497351366475,0.0048816271351674705,9815
1970-01-04 18:01:00+00:00,0.004330597717714257,0.002177462476455675,4010
1970-01-04 18:02:00+00:00,0.0024760904166831184,0.0012665854719853182,4462
1970-01-04 18:03:00+00:00,0.0015948558074891119,0.0008323579730985248,3744
1970-01-04 18:04:00+00:00,0.0012847871965549645,0.0005276068853556148,2728
1970-01-04 18:05:00+00:00,0.00624777580615372,0.004812463638925479,9820
1970-01-04 18:06:00+00:00,0.004104186814567989,0.0019209811405446091,3966
1970-01-04 18:07:00+00:00,0.0017845258983471806,0.0008531215857660678,3717
1970-01-04 18:08:00+00:00,0.002616575970207175,0.0014547294761929515,3511
1970-01-04 18:09:00+00:00,0.0018728392620274996,0.0010907121712939794,4218
1970-01-04 18:10:00+00:00,0.0065062645746656175,0.004826956023723803,9822
1970-01-04 18:11:00+00:00,0.003245446154659143,0.0017672038355843445,5456
1970-01-04 18:12:00+00:00,0.0033703548708917497,0.0017479111148661418,5852
1970-01-04 18:13:00+00:00,0.0017923556215611006,0.00098751699355462,4954
1970-01-04 18:14:00+00:00,0.0019371901739130728,0.0009252373524645897,4585
1970-01-04 18:15:00+00:00,0.006307149581035843,0.0048127415127250115,9825
1970-01-04 18:16:00+00:00,0.003094165667228617,0.0013478676605552982,4849
1970-01-04 18:17:00+00:00,0.0023793213386000068,0.0010424722298360896,4438
1970-01-04 18:18:00+00:00,0.0019955638200193845,0.0009529167397446913,4292
1970-01-04 18:19:00+00:00,0.0019228399464252131,0.0007759476770977173,3666
1970-01-04 18:20:00+00:00,0.005567838076673644,0.004783637826873741,9826
1970-01-04 18:21:00+00:00,0.0037668439231788343,0.002065540810421289,4789
1970-01-04 18:22:00+00:00,0.003934782927464346,0.0021532618342932166,4400
1970-01-04 18:23:00+00:00,0.003045384591523223,0.0016901373523269777,4258
1970-01-04 18:24:00+00:00,0.0022619422137934875,0.0011526666468641084,4570
1970-01-04 18:25:00+00:00,0.005236325807469504,0.0047695155581635095,9821
1970-01-04 18:26:00+00:00,0.002890705910818187,0.0010827138930329363,4156
1970-01-04 18:27:00+00:00,0.002452039245012756,0.0009090732543052842,3838
1970-01-04 18:28:00+00:00,0.0021331152186244294,0.000862684329404525,6932
1970-01-04 18:29:00+00:00,0.001531409659328863,0.0006083591595544763,6451
1970-01-04 18:30:00+00:00,0.005011402655095158,0.0044815173125511785,9820
1970-01-04 18:31:00+00:00,0.0026640258597736373,0.0012505446023509908,6677
1970-01-04 18:32:00+00:00,0.0028214526095620925,0.0017224405662851165,5672
1970-01-04 18:33:00+00:00,0.002857912505675353,0.0012847759290366392,5987
1970-01-04 18:34:00+00:00,0.0018962450853949326,0.000847358090759762,5497
1970-01-04 18:35:00+00:00,0.005029061551594722,0.004498909534880969,9821
1970-01-04 18:36:00+00:00,0.0031592330133328054,0.0014512340042152952,4920
1970-01-04 18:37:00+00:00,0.0032910967356079767,0.0017508370991764473,5812
1970-01-04 18:38:00+00:00,0.0018407475112330975,0.0007549538182192435,4400
1970-01-04 18:39:00+00:00,0.0015021674765553828,0.0005395687435284171,3969
1970-01-04 18:40:00+00:00,0.004724806622042741,0.004504627895662486,9820
1970-01-04 18:41:00+00:00,0.0030710082172083664,0.0014973894215141023,6135
1970-01-04 18:42:00+00:00,0.0021614134652043655,0.001206129629253657,5924
1970-01-04 18:43:00+00:00,0.0021208726037551047,0.0011115418426442566,4843
1970-01-04 18:44:00+00:00,0.0017383079656501865,0.0007564800619437103,6832
1970-01-04 18:45:00+00:00,0.004504382959298868,0.004458832976781667,9821
1970-01-04 18:46:00+00:00,0.0028337350304734445,0.0013313313709576668,7896
1970-01-04 18:47:00+00:00,0.0025758131328689846,0.001342288056912024,7361
1970-01-04 18:48:00+00:00,0.0018288995182004933,0.0007926670972076023,6048
1970-01-04 18:49:00+00:00,0.002143822069879247,0.0008006746448200797,6250
1970-01-04 18:50:00+00:00,0.004458200631963531,0.0043017092367481965,9820
1970-01-04 18:51:00+00:00,0.002587207180335628,0.0015761973372549916,7250
1970-01-04 18:52:00+00:00,0.0027496500631480174,0.0017055271336757357,7103
1970-01-04 18:53:00+00:00,0.002004280376750732,0.000983730912693252,6798
1970-01-04 18:54:00+00:00,0.0015117516348406774,0.0004927970173463437,6514
1970-01-04 18:55:00+00:00,0.0047676657815460015,0.0044314401901067455,9822
1970-01-04 18:56:00+00:00,0.0025666068671646876,0.0011387400809116433,5637
1970-01-04 18:57:00+00:00,0.0017124206044254128,0.000785949328196131,6274
1970-01-04 18:58:00+00:00,0.0013464124860964588,0.0006822330736442701,6684
1970-01-04 18:59:00+00:00,0.0012038961411334947,0.0006138861886210801,6516
1970-01-04 19:00:00+00:00,0.004745337363642673,0.0043163623556176315,9828
1970-01-04 19:01:00+00:00,0.0019351106700494674,0.0011204546242254653,6051
1970-01-04 19:02:00+00:00,0.002131208857659085,0.0011899812631144993,4301
1970-01-04 19:03:00+00:00,0.0013547903245876352,0.0009796366059970035,4384
1970-01-04 19:04:00+00:00,0.0016670983653822343,0.0008503899146128876,5250
1970-01-04 19:05:00+00:00,0.00459127236360336,0.0043255181925331634,9821
1970-01-04 19:06:00+00:00,0.004196002741132208,0.0023284430288416503,6997
1970-01-04 19:07:00+00:00,0.0035967763445962303,0.0020547393022882295,7010
1970-01-04 19:08:00+00:00,0.0021171988766481064,0.0012410225559394993,5599
1970-01-04 19:09:00+00:00,0.001435462505140836,0.0008282379046367913,5378
1970-01-04 19:10:00+00:00,0.004942192520013488,0.0043567065536350555,9823
1970-01-04 19:11:00+00:00,0.00203482782387216,0.0009406939742789771,7709
1970-01-04 19:12:00+00:00,0.0015608404913970446,0.0009653353060696365,6063
1970-01-04 19:13:00+00:00,0.002541995685748595,0.0012799604817946865,3881
1970-01-04 19:14:00+00:00,0.002403279242309705,0.0006130442886745384,7596
1970-01-04 19:15:00+00:00,0.004597771525403208,0.003994116271340725,9825
1970-01-04 19:16:00+00:00,0.003294874082347193,0.001276060143770511,8154
1970-01-04 19:17:00+00:00,0.0032294645683872227,0.0011787384869343866,7380
1970-01-04 19:18:00+00:00,0.002454195609648371,0.0009331665636959315,7107
1970-01-04 19:19:00+00:00,0.0019225653337430829,0.0006814659191942841,6919
1970-01-04 19:20:00+00:00,0.00492028968623945,0.004091129523280987,9823
1970-01-04 19:21:00+00:00,0.002142349607918947,0.0009452653785529582,7030
1970-01-04 19:22:00+00:00,0.0017145597939614585,0.0008940941176064259,7812
1970-01-04 19:23:00+00:00,0.0016954150851932596,0.0007816828740663469,8038
1970-01-04 19:24:00+00:00,0.0016593410731836785,0.0005995115469332805,7704
1970-01-04 19:25:00+00:00,0.005085616377085754,0.004134138403268097,9819
1970-01-04 19:26:00+00:00,0.002201597596805104,0.0010866181983966896,7324
1970-01-04 19:27:00+00:00,0.0015657324865074385,0.0008164360424397533,7724
1970-01-04 19:28:00+00:00,0.0012631360813414633,0.0007663687887668687,6905
1970-01-04 19:29:00+00:00,0.0009721228572678,0.0005951255177732904,6537
1970-01-04 19:30:00+00:00,0.005008803484555548,0.0042330256857995635,9820
1970-01-04 19:31:00+00:00,0.003258433790288416,0.0017749043815156395,7095
1970-01-04 19:32:00+00:00,0.0020779221720916255,0.0013821462008598222,6359
1970-01-04 19:33:00+00:00,0.0015850388718732533,0.0009051582811588011,6833
1970-01-04 19:34:00+00:00,0.0009379339224670779,0.0005829139305065643,6186
1970-01-04 19:35:00+00:00,0.005331967959577356,0.004469766061044728,9824
1970-01-04 19:36:00+00:00,0.001763906492260132,0.0009449486448318018,6706
1970-01-04 19:37:00+00:00,0.0016360266820599485,0.00111806396130034,6755
1970-01-04 19:38:00+00:00,0.0013074278677927683,0.0008291702030280721,5935
1970-01-04 19:39:00+00:00,0.0012981465482694867,0.0007282275398451992,6564
1970-01-04 19:40:00+00:00,0.005256143540510299,0.004426994111724277,9820
1970-01-04 19:41:00+00:00,0.0029953912098135225,0.0016778631059839685,7936
1970-01-04 19:42:00+00:00,0.0020427536113625114,0.0011272154659286186,7247
1970-01-04 19:43:00+00:00,0.0013863445625628044,0.0011831428292584665,5475
1970-01-04 19:44:00+00:00,0.0010134318033202241,0.0007869221497364312,6366
1970-01-04 19:45:00+00:00,0.005275526340949726,0.00441152666182358,9819
1970-01-04 19:46:00+00:00,0.0029766226001937592,0.0009630603651444349,6138
1970-01-04 19:47:00+00:00,0.002410504327817594,0.0007616758547369998,7239
1970-01-04 19:48:00+00:00,0.003143721605672238,0.0010207494618973165,6518
1970-01-04 19:49:00+00:00,0.0016041343850558816,0.0005511426982777874,6418
1970-01-04 19:50:00+00:00,0.005553042014056338,0.004390898769578528,9821
1970-01-04 19:51:00+00:00,0.003854524505540522,0.00201641511865228,6998
1970-01-04 19:52:00+00:00,0.0022838270449777273,0.0012042430977233017,6918
1970-01-04 19:53:00+00:00,0.002175805134747783,0.001139299587950108,6534
1970-01-04 19:54:00+00:00,0.0014728552952752436,0.0006810080267848214,5647
1970-01-04 19:55:00+00:00,0.005286418946401633,0.004306076232083269,9816
1970-01-04 19:56:00+00:00,0.002071373034417416,0.001066241867414219,5005
1970-01-04 19:57:00+00:00,0.004669973288224087,0.0021221905312299146,8621
1970-01-04 19:58:00+00:00,0.0026937726312747266,0.0011278884629025876,7617
1970-01-04 19:59:00+00:00,0.0015464868233093538,0.0005895966162362616,7812
1970-01-04 20:00:00+00:00,0.00604739883575591,0.004213059188373173,9819
1970-01-04 20:01:00+00:00,0.0037678211386801856,0.0020218668180662204,8563
1970-01-04 20:02:00+00:00,0.0025105558959940396,0.0014059260272918247,7299
1970-01-04 20:03:00+00:00,0.0021140985428819373,0.001068333391722221,7888
1970-01-04 20:04:00+00:00,0.0014267052354163376,0.0007325108871594645,7468
1970-01-04 20:05:00+00:00,0.005963916908450006,0.004129307324094727,9819
1970-01-04 20:06:00+00:00,0.0034768654715178417,0.002275855532579889,6057
1970-01-04 20:07:00+00:00,0.0011161493740093563,0.0008120803538680144,7045
1970-01-04 20:08:00+00:00,0.0008699778286690657,0.0005519417397877914,7837
1970-01-04 20:09:00+00:00,0.0012521582562341578,0.0006099542424662102,7527
1970-01-04 20:10:00+00:00,0.006470864167341588,0.004322799775085773,9817
1970-01-04 20:11:00+00:00,0.004375633180527632,0.00213256674280585,6866
1970-01-04 20:12:00+00:00,0.0033473804707716197,0.001848108150528871,7719
1970-01-04 20:13:00+00:00,0.0017030536917067888,0.0008035814815038916,7572
1970-01-04 20:14:00+00:00,0.0010210195745353704,0.0004325742808704921,6748
1970-01-04 20:15:00+00:00,0.00604302391504391,0.004170100941100889,9820
1970-01-04 20:16:00+00:00,0.004887604564917183,0.0025977899254064755,6722
1970-01-04 20:17:00+00:00,0.004248488277407278,0.0025224239677469886,6680
1970-01-04 20:18:00+00:00,0.0030242611718310163,0.0014841906927181867,7200
1970-01-04 20:19:00+00:00,0.0012842222004322958,0.0007192658632400227,7740
1970-01-04 20:20:00+00:00,0.006112027071674059,0.0042147363417721125,9820
1970-01-04 20:21:00+00:00,0.002711664889246894,0.0014569836269186943,7959
1970-01-04 20:22:00+00:00,0.0022970849473512066,0.0010494582203952763,6825
1970-01-04 20:23:00+00:00,0.0014105531045070026,0.0009470516845445918,7177
1970-01-04 20:24:00+00:00,0.0013420565376929675,0.0007389655287306526,7150
1970-01-04 20:25:00+00:00,0.005864899086363714,0.003915356980932781,9815
1970-01-04 20:26:00+00:00,0.002581757440899411,0.0013394490256920866,6448
1970-01-04 20:27:00+00:00,0.003281371226579282,0.0012126214717474357,8021
1970-01-04 20:28:00+00:00,0.0028097691730736805,0.0012327629169741167,7713
1970-01-04 20:29:00+00:00,0.002382642752443526,0.0009483872902260424,8324
1970-01-04 20:30:00+00:00,0.005958304634354211,0.003890740626858086,9816
1970-01-04 20:31:00+00:00,0.0049951706696507595,0.0018944516947680136,7894
1970-01-04 20:32:00+00:00,0.0022532749033045843,0.0012356184769248596,8054
1970-01-04 20:33:00+00:00,0.0017366413236212398,0.0006732029379208116,7931
1970-01-04 20:34:00+00:00,0.002037381225950815,0.0006437128585942413,7456
1970-01-04 20:35:00+00:00,0.00591104377015299,0.003709860549684624,9820
1970-01-04 20:36:00+00:00,0.0021884953115006763,0.000987785969530569,7384
1970-01-04 20:37:00+00:00,0.001704437758648614,0.0011795036868184519,8003
1970-01-04 20:38:00+00:00,0.0015984065793758393,0.0009178632457325745,8089
1970-01-04 20:39:00+00:00,0.0016187812024819046,0.000561899397100531,7339
1970-01-04 20:40:00+00:00,0.00588477365109339,0.0036069702746609617,9820
1970-01-04 20:41:00+00:00,0.0022490574837574946,0.0010943798277890254,7688
1970-01-04 20:42:00+00:00,0.0012924990410840642,0.0007331432095135294,7454
1970-01-04 20:43:00+00:00,0.002358588761455814,0.000758937956961173,6702
1970-01-04 20:44:00+00:00,0.0015937750690981284,0.0006555889271125118,6780
1970-01-04 20:45:00+00:00,0.00577542931586474,0.0035653976685525407,9820
1970-01-04 20:46:00+00:00,0.002469197544052256,0.000693801893494576,6357
1970-01-04 20:47:00+00:00,0.002118333354875925,0.000882009060510563,7606
1970-01-04 20:48:00+00:00,0.0017733826303080135,0.0010179097336563137,7295
1970-01-04 20:49:00+00:00,0.0008522082888890841,0.00036503784809936024,7196
1970-01-04 20:50:00+00:00,0.006054137883552471,0.0038037235444305074,9819
1970-01-04 20:51:00+00:00,0.002424324668029944,0.0013082875677770905,7523
1970-01-04 20:52:00+00:00,0.001664797795997565,0.0009197972810080776,5823
1970-01-04 20:53:00+00:00,0.0014001018754385226,0.000707523526890638,6195
1970-01-04 20:54:00+00:00,0.0012000208259874787,0.0006359331431922367,7460
1970-01-04 20:55:00+00:00,0.0060532753135060895,0.0038767816868593443,9821
1970-01-04 20:56:00+00:00,0.003882916520866686,0.0023802685968772217,6563
1970-01-04 20:57:00+00:00,0.0029400663157638954,0.0014505308178582037,5737
1970-01-04 20:58:00+00:00,0.001953191336570747,0.0011009179999756013,6132
1970-01-04 20:59:00+00:00,0.0013155375300590356,0.0008179409675832076,7179
1970-01-04 21:00:00+00:00,0.005862053522530733,0.003734180270685226,9823
1970-01-04 21:01:00+00:00,0.0017965338431159162,0.0012231220169994493,8391
1970-01-04 21:02:00+00:00,0.00202061372713757,0.0012523532268074176,8071
1970-01-04 21:03:00+00:00,0.000861145163005471,0.0008543428174183666,6934
1970-01-04 21:04:00+00:00,0.0011215351522736823,0.0010849897613174138,6665
1970-01-04 21:05:00+00:00,0.005923581838335874,0.003968402379852309,9818
1970-01-04 21:06:00+00:00,0.003761599230661814,0.0016012805265271702,7746
1970-01-04 21:07:00+00:00,0.0045146318523143,0.0024540799753202925,7744
1970-01-04 21:08:00+00:00,0.003422628359746786,0.001545977190816678,6317
1970-01-04 21:09:00+00:00,0.002678907095891324,0.0005790815399265086,7087
1970-01-04 21:10:00+00:00,0.005621473804074269,0.0036902908391059927,9817
1970-01-04 21:11:00+00:00,0.0016127749470514214,0.0008666890030427743,7797
1970-01-04 21:12:00+00:00,0.0016148932590800476,0.0007371830028846964,5814
1970-01-04 21:13:00+00:00,0.0013995056259580932,0.0010843382374794263,6779
1970-01-04 21:14:00+00:00,0.001155141363257769,0.0005360902822287236,7140
1970-01-04 21:15:00+00:00,0.005805065837278207,0.0038123767885060176,9816
1970-01-04 21:16:00+00:00,0.0025102071600010536,0.001557644059575079,7176
1970-01-04 21:17:00+00:00,0.0024626801506055745,0.0012980004103188122,7945
1970-01-04 21:18:00+00:00,0.0012244941787429855,0.0007381392000293736,7704
1970-01-04 21:19:00+00:00,0.0010091057593683338,0.0005247046907456924,7538
1970-01-04 21:20:00+00:00,0.005534444747171045,0.003701977863143084,9817
1970-01-04 21:21:00+00:00,0.003013477300201631,0.0015015235532406643,6677
1970-01-04 21:22:00+00:00,0.004078780021779175,0.001664936490729227,6141
1970-01-04 21:23:00+00:00,0.0018239368615958918,0.0010119768950053979,7318
1970-01-04 21:24:00+00:00,0.0010064654462350136,0.0005400649989708705,6673
1970-01-04 21:25:00+00:00,0.005648391454059008,0.003785447445602354,9822
1970-01-04 21:26:00+00:00,0.002461131358367625,0.0013462199147953166,7018
1970-01-04 21:27:00+00:00,0.002528881847802303,0.0009652557398537668,7106
1970-01-04 21:28:00+00:00,0.001313953370759864,0.0007108537257519382,6648
1970-01-04 21:29:00+00:00,0.002154992467980075,0.0007740921653070648,7406
1970-01-04 21:30:00+00:00,0.006087517328386206,0.003884595164619096,9818
1970-01-04 21:31:00+00:00,0.0037885471476068484,0.001690680403425542,8016
1970-01-04 21:32:00+00:00,0.002355218298847362,0.001375735478255903,7159
1970-01-04 21:33:00+00:00,0.0025312102160254795,0.0012585241666232686,7025
1970-01-04 21:34:00+00:00,0.00261978254594743,0.0010069540239586777,7600
1970-01-04 21:35:00+00:00,0.005739678637734136,0.0037702889719173453,9819
1970-01-04 21:36:00+00:00,0.00388537829496719,0.00151044729445255,6578
1970-01-04 21:37:00+00:00,0.004161343629624003,0.0012959557109057066,7057
1970-01-04 21:38:00+00:00,0.002872134754292338,0.0009044739166012483,7219
1970-01-04 21:39:00+00:00,0.001019376673953369,0.00050832263016604,7687
1970-01-04 21:40:00+00:00,0.005611868228281369,0.003717123158402464,9818
1970-01-04 21:41:00+00:00,0.0026175642780779424,0.0013566299459332445,7847
1970-01-04 21:42:00+00:00,0.002304906052472935,0.0014385330975999577,7786
1970-01-04 21:43:00+00:00,0.0013302649945351446,0.0008804204620781121,7644
1970-01-04 21:44:00+00:00,0.001360208685388103,0.0006647566986589223,7514
1970-01-04 21:45:00+00:00,0.005931292620111834,0.003822988857826557,9813
1970-01-04 21:46:00+00:00,0.0023140164632303103,0.0008700884115616882,7675
1970-01-04 21:47:00+00:00,0.0015367126834731361,0.0006695825629837999,6914
1970-01-04 21:48:00+00:00,0.0019640952647900995,0.0009242005314921496,7171
1970-01-04 21:49:00+00:00,0.001143873488295282,0.0005729915160047141,7540
1970-01-04 21:50:00+00:00,0.005816014740650751,0.003772410297303557,9814
1970-01-04 21:51:00+00:00,0.002759746622755893,0.00115665272257729,7964
1970-01-04 21:52:00+00:00,0.0023914864752655183,0.0010323660518715306,7949
1970-01-04 21:53:00+00:00,0.002576814131303262,0.0008220876553357953,6086
1970-01-04 21:54:00+00:00,0.002135778751000388,0.0006634984763382761,7204
1970-01-04 21:55:00+00:00,0.005721832243171751,0.00373561746252415,9814
1970-01-04 21:56:00+00:00,0.0032412765899007497,0.0010367054819117737,7134
1970-01-04 21:57:00+00:00,0.0036329995147065764,0.0016104878115560644,5864
1970-01-04 21:58:00+00:00,0.0017849591021862178,0.0011593175734679302,7836
1970-01-04 21:59:00+00:00,0.00203207517242071,0.00098093649483064,7996
1970-01-04 22:00:00+00:00,0.005620878148621041,0.0037482828378315996,9812
1970-01-04 22:01:00+00:00,0.0025153555872588964,0.0015342866285539896,8198
1970-01-04 22:02:00+00:00,0.0028167140301342463,0.0016785218056637474,8140
1970-01-04 22:03:00+00:00,0.0026455920853579494,0.0014510249426079574,7283
1970-01-04 22:04:00+00:00,0.0019478616718970724,0.0009080567549322921,7871
1970-01-04 22:05:00+00:00,0.005704054249954683,0.003909231838015164,9812
1970-01-04 22:06:00+00:00,0.002538100536594255,0.0013962693323393155,8153
1970-01-04 22:07:00+00:00,0.003942986570012975,0.001625065094179245,8077
1970-01-04 22:08:00+00:00,0.002012130995871308,0.000999272065543231,6986
1970-01-04 22:09:00+00:00,0.0019430560560657947,0.0006385503339736973,6896
1970-01-04 22:10:00+00:00,0.006130229594206715,0.004154261464344943,9813
1970-01-04 22:11:00+00:00,0.0040178091918128215,0.002022547508447032,7416
1970-01-04 22:12:00+00:00,0.0026170701381613352,0.0012517086353753403,7013
1970-01-04 22:13:00+00:00,0.001831779305939639,0.0008003785974763781,6610
1970-01-04 22:14:00+00:00,0.001313897899538851,0.0006013052899046765,6795
1970-01-04 22:15:00+00:00,0.005633395993152262,0.003908733358684699,9810
1970-01-04 22:16:00+00:00,0.0017684339514901426,0.0008578851944146275,7815
1970-01-04 22:17:00+00:00,0.0018902770734206297,0.0009788765423624645,7200
1970-01-04 22:18:00+00:00,0.0013749944597440144,0.0007812482407428287,8077
1970-01-04 22:19:00+00:00,0.0009363001861116105,0.000631316599230303,7460
1970-01-04 22:20:00+00:00,0.0058619029080757635,0.004074342366141671,9816
1970-01-04 22:21:00+00:00,0.003889356954612012,0.002158627585902017,8081
1970-01-04 22:22:00+00:00,0.0029632229601593554,0.002161115466214101,7972
1970-01-04 22:23:00+00:00,0.0019244442728014036,0.0009772613421491717,5884
1970-01-04 22:24:00+00:00,0.0010864164691002092,0.000851358288898651,6793
1970-01-04 22:25:00+00:00,0.005907033368977901,0.0041128392327182016,9816
1970-01-04 22:26:00+00:00,0.001790732219465085,0.000896071280304618,7474
1970-01-04 22:27:00+00:00,0.004628379092020747,0.0011715207916783291,8012
1970-01-04 22:28:00+00:00,0.004435420193825129,0.0013746594306587316,7631
1970-01-04 22:29:00+00:00,0.0010758385128445066,0.0007193253835042287,8040
1970-01-04 22:30:00+00:00,0.005781718020555962,0.003933076383235547,9815
1970-01-04 22:31:00+00:00,0.0033919737868099674,0.0017558543571552234,8477
1970-01-04 22:32:00+00:00,0.0024549675896755447,0.00158898558296343,7806
1970-01-04 22:33:00+00:00,0.002955952831104651,0.001194086411050812,8036
1970-01-04 22:34:00+00:00,0.002090889431569928,0.0011804148507150807,7628
1970-01-04 22:35:00+00:00,0.005722154285166265,0.003918107160495879,9821
1970-01-04 22:36:00+00:00,0.0011361040318446712,0.0006930858722821269,7488
1970-01-04 22:37:00+00:00,0.0019368721386269138,0.001027501112309486,6842
1970-01-04 22:38:00+00:00,0.002858496757749602,0.0011274012532263968,6957
1970-01-04 22:39:00+00:00,0.0017939746061919873,0.0006771813619735071,7733
1970-01-04 22:40:00+00:00,0.005926151293683529,0.003973578164724333,9821
1970-01-04 22:41:00+00:00,0.002291293681566974,0.0012063976475941297,7128
1970-01-04 22:42:00+00:00,0.001929551837480932,0.0012131380377656605,7224
1970-01-04 22:43:00+00:00,0.0018611551208289332,0.0009177840469724944,7495
1970-01-04 22:44:00+00:00,0.0015224726414208673,0.0006567180892567602,7887
1970-01-04 22:45:00+00:00,0.0060566073863238335,0.00396616242066416,9818
1970-01-04 22:46:00+00:00,0.002277762912283881,0.0008087370404306686,6943
1970-01-04 22:47:00+00:00,0.0023886580263423737,0.0008558952114238373,6097
1970-01-04 22:48:00+00:00,0.0024457738708277784,0.0008201492084903165,6368
1970-01-04 22:49:00+00:00,0.001035680337951255,0.0004962328960372918,8276
1970-01-04 22:50:00+00:00,0.005900887813098166,0.0039018430854043406,9819
1970-01-04 22:51:00+00:00,0.004052659139083195,0.002351400445202082,7352
1970-01-04 22:52:00+00:00,0.002762826158841791,0.0017264558917148263,7630
1970-01-04 22:53:00+00:00,0.0007610929813528092,0.0004070279645255766,7960
1970-01-04 22:54:00+00:00,0.0007887332870755507,0.0004242336052871508,6584
1970-01-04 22:55:00+00:00,0.005878017099720644,0.0038751864095953495,9820
1970-01-04 22:56:00+00:00,0.001880344165433726,0.0009418314121490113,7338
1970-01-04 22:57:00+00:00,0.001486509216329407,0.0007682469819536149,7726
1970-01-04 22:58:00+00:00,0.0009311289723240978,0.0007371208959633006,7298
1970-01-04 22:59:00+00:00,0.0022821193588671647,0.0010618493002265618,7557
1970-01-04 23:00:00+00:00,0.006094051005972428,0.003987724911258442,9820
1970-01-04 23:01:00+00:00,0.0025668677160402198,0.0014340821346069566,7698
1970-01-04 23:02:00+00:00,0.0020625229429557927,0.001090575386366753,6840
1970-01-04 23:03:00+00:00,0.0018534572215689192,0.0008438773394027581,6903
1970-01-04 23:04:00+00:00,0.0008398853279866367,0.0006123525077185246,6086
1970-01-04 23:05:00+00:00,0.0059046696148507645,0.003921812965636018,9814
1970-01-04 23:06:00+00:00,0.003125169748227599,0.002177029090514032,7374
1970-01-04 23:07:00+00:00,0.0035960406112468266,0.0022040152891607844,7474
1970-01-04 23:08:00+00:00,0.0015521939286370248,0.0008547778814135532,7247
1970-01-04 23:09:00+00:00,0.0015011440143227672,0.0008053433747939119,7149
1970-01-04 23:10:00+00:00,0.005912650978435877,0.0040869156994158004,9819
1970-01-04 23:11:00+00:00,0.003554111812515301,0.0021040653744496284,7224
1970-01-04 23:12:00+00:00,0.0009999404995791382,0.0008807909038934669,6731
1970-01-04 23:13:00+00:00,0.001423325275844406,0.0008792268340119035,7995
1970-01-04 23:14:00+00:00,0.0008345808048762326,0.0007121701932770737,7359
1970-01-04 23:15:00+00:00,0.005595427576549277,0.003877753746857295,9821
1970-01-04 23:16:00+00:00,0.0021484031636831665,0.0019673431439451283,7644
1970-01-04 23:17:00+00:00,0.0022843246138548653,0.0013114418957215143,6936
1970-01-04 23:18:00+00:00,0.0023605544545388566,0.0012413430073831334,7921
1970-01-04 23:19:00+00:00,0.0010188967232163252,0.0008065725550505765,7985
1970-01-04 23:20:00+00:00,0.005584187816811494,0.0038837720883888207,9820
1970-01-04 23:21:00+00:00,0.0016801595843142082,0.0009353587165540316,8411
1970-01-04 23:22:00+00:00,0.000710696004449079,0.0006811073625622322,8368
1970-01-04 23:23:00+00:00,0.0016624219638785094,0.0013478692491812056,5369
1970-01-04 23:24:00+00:00,0.001976922186890968,0.0008019555794394263,6823
1970-01-04 23:25:00+00:00,0.005366231139198836,0.003814053303803591,9824
1970-01-04 23:26:00+00:00,0.0026896918694277435,0.00167362749964248,7569
1970-01-04 23:27:00+00:00,0.0027531712196092687,0.0018368771518033043,7659
1970-01-04 23:28:00+00:00,0.0017420026123640521,0.0008890657174030106,8305
1970-01-04 23:29:00+00:00,0.0014048673706142146,0.0006217281762353437,8045
1970-01-04 23:30:00+00:00,0.005630649313986312,0.0039457677397166345,9822
1970-01-04 23:31:00+00:00,0.0025796507964956045,0.0011679027953859812,7436
1970-01-04 23:32:00+00:00,0.0013451798248132472,0.0007756972341009522,6687
1970-01-04 23:33:00+00:00,0.00154259607013149,0.0010279053559144073,6268
1970-01-04 23:34:00+00:00,0.00144774352326828,0.0005066501513946343,7086
1970-01-04 23:35:00+00:00,0.005330215534296596,0.003752631276053517,9820
1970-01-04 23:36:00+00:00,0.0035425790241672803,0.002465689276688814,7225
1970-01-04 23:37:00+00:00,0.0045363780488529085,0.002296871116547194,7100
1970-01-04 23:38:00+00:00,0.002430347142403584,0.0013232613597591225,7398
1970-01-04 23:39:00+00:00,0.0021128947274726734,0.0008305434267850136,7196
1970-01-04 23:40:00+00:00,0.005674011139111686,0.0039447761359857215,9821
1970-01-04 23:41:00+00:00,0.002433368262635491,0.001164068835333182,7995
1970-01-04 23:42:00+00:00,0.0025714363834936555,0.001022626965163488,8009
1970-01-04 23:43:00+00:00,0.0012712425520597548,0.0006590818159766064,6908
1970-01-04 23:44:00+00:00,0.0012692625753040945,0.0005281053490142225,6442
1970-01-04 23:45:00+00:00,0.005327658678559565,0.0037004673088917987,9823
1970-01-04 23:46:00+00:00,0.0019329344120190253,0.0012623224062748531,7419
1970-01-04 23:47:00+00:00,0.0029920862338697137,0.0014625316660966756,8194
1970-01-04 23:48:00+00:00,0.00216585347214868,0.0012468422665323233,8265
1970-01-04 23:49:00+00:00,0.001967274232779782,0.0005248718211564258,7623
1970-01-04 23:50:00+00:00,0.005527515733682646,0.003846990910510208,9824
1970-01-04 23:51:00+00:00,0.0023108342866948704,0.001057327226001635,6885
1970-01-04 23:52:00+00:00,0.001219426517664626,0.0007971492857010399,7489
1970-01-04 23:53:00+00:00,0.001451922969084671,0.0009547055100774893,6951
1970-01-04 23:54:00+00:00,0.0012719313810804812,0.0006226065000732734,8407
1970-01-04 23:55:00+00:00,0.0052384122837252365,0.0037532171984673967,9821
1970-01-04 23:56:00+00:00,0.0027110218432406974,0.001734047395773728,7015
1970-01-04 23:57:00+00:00,0.00337971431775634,0.0023305393145727493,7621
1970-01-04 23:58:00+00:00,0.0024533361606226644,0.0015703540809493804,5225
1970-01-04 23:59:00+00:00,0.002004928478550509,0.0009096332769485958,6754
1970-01-05 00:00:00+00:00,0.005382070863885615,0.0038486732684159817,9818
1970-01-05 00:01:00+00:00,0.002372618781686803,0.0011540711882464772,7319
1970-01-05 00:02:00+00:00,0.0016620768466206691,0.000804519516491225,7355
1970-01-05 00:03:00+00:00,0.0018032425788134861,0.000565170637751877,7055
1970-01-05 00:04:00+00:00,0.001938855466797281,0.0007411113030110744,7137
1970-01-05 00:05:00+00:00,0.005183959152769858,0.003739111478784972,9814
1970-01-05 00:06:00+00:00,0.003368447057455971,0.002207267173019389,7679
1970-01-05 00:07:00+00:00,0.003961257854442559,0.0025069993192149216,6611
1970-01-05 00:08:00+00:00,0.0017331729063174456,0.0012801550870681164,6790
1970-01-05 00:09:00+00:00,0.001151086894770504,0.0005368090921634841,7855
1970-01-05 00:10:00+00:00,0.005176208816649808,0.0037509056910387775,9815
1970-01-05 00:11:00+00:00,0.002471647543172311,0.001303088100366359,7184
1970-01-05 00:12:00+00:00,0.0032787211798432614,0.0013756884132513894,7446
1970-01-05 00:13:00+00:00,0.0027550067115432427,0.0013050551168376473,7220
1970-01-05 00:14:00+00:00,0.001682643926044512,0.0008290542636701064,7626
1970-01-05 00:15:00+00:00,0.005035477618495503,0.00372169256295802,9809
1970-01-05 00:16:00+00:00,0.004140504809467305,0.0022612072741752527,6988
1970-01-05 00:17:00+00:00,0.0012192916482676721,0.0006523249767108411,7900
1970-01-05 00:18:00+00:00,0.0021215997998926925,0.0007491300635270537,8533
1970-01-05 00:19:00+00:00,0.0027387167782606985,0.0011400758650233298,8066
1970-01-05 00:20:00+00:00,0.005555276884667084,0.003745835465303389,9813
1970-01-05 00:21:00+00:00,0.0022500649063268525,0.0011031832843733953,8030
1970-01-05 00:22:00+00:00,0.0016888406697098588,0.001179068629040228,7318
1970-01-05 00:23:00+00:00,0.002030059786330109,0.0012885016915938929,8088
1970-01-05 00:24:00+00:00,0.00170046737112775,0.0009673646913755713,7106
1970-01-05 00:25:00+00:00,0.005765435900313848,0.0038526176770415973,9817
1970-01-05 00:26:00+00:00,0.0014140146529949566,0.0011465435722371584,7846
1970-01-05 00:27:00+00:00,0.003128798683467956,0.0016597422569995437,7393
1970-01-05 00:28:00+00:00,0.0016113114640752323,0.0009857155696553063,6020
1970-01-05 00:29:00+00:00,0.0016140803802778274,0.0006644892617540224,6985
1970-01-05 00:30:00+00:00,0.005897437839391393,0.0038516098827535766,9821
1970-01-05 00:31:00+00:00,0.003544821372639511,0.0016497719531908739,7806
1970-01-05 00:32:00+00:00,0.002967287656124422,0.001439398638086401,7108
1970-01-05 00:33:00+00:00,0.0032916936199150148,0.0015756085878539379,6868
1970-01-05 00:34:00+00:00,0.002216954305928781,0.0008497024449171254,7168
1970-01-05 00:35:00+00:00,0.00588036089733176,0.00391217838640106,9827
1970-01-05 00:36:00+00:00,0.0014437103102393192,0.0007741935521810408,6872
1970-01-05 00:37:00+00:00,0.002219524896973429,0.0013192424465091042,7152
1970-01-05 00:38:00+00:00,0.0014436946163634483,0.0008342253266759532,7786
1970-01-05 00:39:00+00:00,0.0012626358247334508,0.0006074852138933884,7376
1970-01-05 00:40:00+00:00,0.005474891100561596,0.0038578014566439355,9828
1970-01-05 00:41:00+00:00,0.0031591193741795994,0.0015351329780257754,7919
1970-01-05 00:42:00+00:00,0.0027898135471255826,0.0012373004965989317,8878
1970-01-05 00:43:00+00:00,0.002824130534260331,0.0011138885091884325,8409
1970-01-05 00:44:00+00:00,0.0030738483315641747,0.0019948402343489048,9419
1970-01-05 00:45:00+00:00,0.005192782062728743,0.0038275371439932915,9826
1970-01-05 00:46:00+00:00,0.001869542319015417,0.0011122741486107163,7957
1970-01-05 00:47:00+00:00,0.0021389726801209685,0.001548086976837378,7995
1970-01-05 00:48:00+00:00,0.0014034393486348899,0.0010371500920929651,7773
1970-01-05 00:49:00+00:00,0.001000615782812884,0.0010372200004027173,7348
1970-01-05 00:50:00+00:00,0.005202636460122917,0.003920736116489722,9827
1970-01-05 00:51:00+00:00,0.0033487623576772055,0.0014230014099538954,7940
1970-01-05 00:52:00+00:00,0.0011530538182901525,0.0009813602716726606,7895
1970-01-05 00:53:00+00:00,0.0010838384547240056,0.0007635257156402778,6373
1970-01-05 00:54:00+00:00,0.0015545298552005298,0.0009630361015258235,7356
1970-01-05 00:55:00+00:00,0.0052762344262851065,0.0038853891004607417,9823
1970-01-05 00:56:00+00:00,0.004220073116776976,0.0021847032929831972,8004
1970-01-05 00:57:00+00:00,0.002901810297187693,0.0017505712318883516,7566
1970-01-05 00:58:00+00:00,0.00276069924343934,0.0016325423629972645,7648
1970-01-05 00:59:00+00:00,0.0013725166809562782,0.0008928472647618994,6299
1970-01-05 01:00:00+00:00,0.005187225685749089,0.0038108567562979132,9822
1970-01-05 01:01:00+00:00,0.0018925712533529816,0.001395688153065466,7647
1970-01-05 01:02:00+00:00,0.0015185669055191044,0.0009284915449095472,7616
1970-01-05 01:03:00+00:00,0.0014613204292828876,0.001129427449132759,7437
1970-01-05 01:04:00+00:00,0.0015181208911695043,0.0011111589900234258,6531
1970-01-05 01:05:00+00:00,0.0052790543329447786,0.003921489768677325,9817
1970-01-05 01:06:00+00:00,0.0016002082264602224,0.0007917728421770457,6163
1970-01-05 01:07:00+00:00,0.0020114952613043695,0.0009086691429617212,7607
1970-01-05 01:08:00+00:00,0.0019450605706483313,0.0007688956368085069,6702
1970-01-05 01:09:00+00:00,0.002586384793388226,0.0008888199342212266,6838
1970-01-05 01:10:00+00:00,0.005379608407373823,0.003743288335891768,9809
1970-01-05 01:11:00+00:00,0.003781989837349038,0.0020031967858709157,7521
1970-01-05 01:12:00+00:00,0.0027893461425916367,0.0019362709265217384,6254
1970-01-05 01:13:00+00:00,0.0020258140189202386,0.0011641236539271125,4860
1970-01-05 01:14:00+00:00,0.003147407732951162,0.0008529143633826554,7410
1970-01-05 01:15:00+00:00,0.005173429927139814,0.0037832622010399238,9814
1970-01-05 01:16:00+00:00,0.0014476546141358724,0.000949610676073533,7307
1970-01-05 01:17:00+00:00,0.0030291873716586874,0.0010634680235910013,8090
1970-01-05 01:18:00+00:00,0.0014234872653655832,0.0007441741802313903,7290
1970-01-05 01:19:00+00:00,0.002623899208711154,0.0008123920636109188,7821
1970-01-05 01:20:00+00:00,0.005380070703614136,0.003896318839341964,9812
1970-01-05 01:21:00+00:00,0.004845532599733599,0.00231322398985929,6353
1970-01-05 01:22:00+00:00,0.0030057755455236987,0.0014404552209847184,7610
1970-01-05 01:23:00+00:00,0.001958271795984189,0.00104573135298635,7450
1970-01-05 01:24:00+00:00,0.0014001489406260208,0.0008326927183985974,6821
1970-01-05 01:25:00+00:00,0.005097116487437549,0.003874541397303955,9815
1970-01-05 01:26:00+00:00,0.003659821546977413,0.0013363119401360011,7517
1970-01-05 01:27:00+00:00,0.0019984373688789817,0.0011458930363923946,7190
1970-01-05 01:28:00+00:00,0.0016902002200858861,0.0012642521618815093,6715
1970-01-05 01:29:00+00:00,0.0030110645902714354,0.0009457000994339047,7240
1970-01-05 01:30:00+00:00,0.005162713123704744,0.003968954074578388,9814
1970-01-05 01:31:00+00:00,0.003708530294745168,0.0019777462679580918,7777
1970-01-05 01:32:00+00:00,0.003467490911210507,0.0016691545155374495,7586
1970-01-05 01:33:00+00:00,0.0024068341366042367,0.0011799119784245639,7848
1970-01-05 01:34:00+00:00,0.0009528604426697947,0.0006510266328560905,8139
1970-01-05 01:35:00+00:00,0.0053970185648797644,0.004089775063232136,9819
1970-01-05 01:36:00+00:00,0.002034328134421423,0.001287238829399382,7547
1970-01-05 01:37:00+00:00,0.002135968379837152,0.0010569400391682163,7714
1970-01-05 01:38:00+00:00,0.0026575437730298537,0.0009415019183754625,7571
1970-01-05 01:39:00+00:00,0.001838655373785742,0.0007767329773168929,7429
1970-01-05 01:40:00+00:00,0.005692718716201338,0.0043334093812607815,9820
1970-01-05 01:41:00+00:00,0.003019415613814517,0.0015265338890612583,7364
1970-01-05 01:42:00+00:00,0.0023145657235674535,0.0010173138193328454,6523
1970-01-05 01:43:00+00:00,0.0018960048593887782,0.0008017137404991818,6693
1970-01-05 01:44:00+00:00,0.0013834360496872457,0.000674476904214278,6887
1970-01-05 01:45:00+00:00,0.005483607046430249,0.004516294427491737,9818
1970-01-05 01:46:00+00:00,0.001759685275346717,0.0011446688537523925,6436
1970-01-05 01:47:00+00:00,0.001383073351627031,0.000843498040028562,6417
1970-01-05 01:48:00+00:00,0.001228461708410767,0.000724432036005248,7247
1970-01-05 01:49:00+00:00,0.001230868012554501,0.0006409103416553746,7342
1970-01-05 01:50:00+00:00,0.005616288435446258,0.0046081554635614115,9821
1970-01-05 01:51:00+00:00,0.002510402631907457,0.001538284738586896,7014
1970-01-05 01:52:00+00:00,0.001677194279633889,0.0013152839822777715,7182
1970-01-05 01:53:00+00:00,0.0018020289463078953,0.0010656657898376976,6658
1970-01-05 01:54:00+00:00,0.0012356503246588688,0.0006251621999318419,6611
1970-01-05 01:55:00+00:00,0.005931644104400659,0.00472684618529888,9820
1970-01-05 01:56:00+00:00,0.0024122462649739315,0.0015981408050351545,6150
1970-01-05 01:57:00+00:00,0.0027301065458590506,0.0019228595690683648,7143
1970-01-05 01:58:00+00:00,0.0017373258437465735,0.0009962435689600006,5766
1970-01-05 01:59:00+00:00,0.0027910638214561794,0.001433826678967918,6710
1970-01-05 02:00:00+00:00,0.005712601872527683,0.004629072603717994,9817
1970-01-05 02:01:00+00:00,0.0019103378712372278,0.0013022341561222284,6791
1970-01-05 02:02:00+00:00,0.001491544008394732,0.001062785282767554,7714
1970-01-05 02:03:00+00:00,0.001424305452758531,0.0008757919307191421,6840
1970-01-05 02:04:00+00:00,0.0012701377798743426,0.0006662661692829609,6100
1970-01-05 02:05:00+00:00,0.005742510895594069,0.004773032647967997,9814
1970-01-05 02:06:00+00:00,0.0030633454606791796,0.0014171759876542137,6655
1970-01-05 02:07:00+00:00,0.0016867002108199385,0.0011680049880832307,6897
1970-01-05 02:08:00+00:00,0.0014468882264209323,0.0010316828581534512,5571
1970-01-05 02:09:00+00:00,0.0013535888881212542,0.0008893052137015189,6142
1970-01-05 02:10:00+00:00,0.005801200674045211,0.00472643148565175,9818
1970-01-05 02:11:00+00:00,0.0022771192361717286,0.0017115321954741761,7841
1970-01-05 02:12:00+00:00,0.0022030314693157215,0.0014869185702375675,6912
1970-01-05 02:13:00+00:00,0.0013124910019958027,0.0007628309615216278,6934
1970-01-05 02:14:00+00:00,0.0012148047586368527,0.0007599513012670523,6884
1970-01-05 02:15:00+00:00,0.005866858413834542,0.00472964790218366,9815
1970-01-05 02:16:00+00:00,0.002731600778044581,0.001916554945687021,6962
1970-01-05 02:17:00+00:00,0.0027659916810369384,0.0018493762457134947,7359
1970-01-05 02:18:00+00:00,0.001998429207258487,0.002551429828796974,8110
1970-01-05 02:19:00+00:00,0.0016568897471564347,0.0010359729763907914,6780
1970-01-05 02:20:00+00:00,0.006007263795389556,0.00484054628590387,9820
1970-01-05 02:21:00+00:00,0.0023271802920337634,0.0015600083576589711,7253
1970-01-05 02:22:00+00:00,0.0020245497882433474,0.0014442000673741946,6062
1970-01-05 02:23:00+00:00,0.0018008409893235518,0.001236364003326427,7143
1970-01-05 02:24:00+00:00,0.0013255529219073894,0.0007332841699917045,7561
1970-01-05 02:25:00+00:00,0.005972293397295158,0.004809161271587156,9826
1970-01-05 02:26:00+00:00,0.002796509432148949,0.0020590921933556533,6263
1970-01-05 02:27:00+00:00,0.0024182168014885387,0.0014588763960272295,6103
1970-01-05 02:28:00+00:00,0.001329375452573893,0.0008304983809278789,7106
1970-01-05 02:29:00+00:00,0.001904630033844888,0.0007384087898937369,6477
1970-01-05 02:30:00+00:00,0.005891601261119691,0.004851891328096289,9829
1970-01-05 02:31:00+00:00,0.002788801548914863,0.0016272827011983464,7517
1970-01-05 02:32:00+00:00,0.0022825158496897657,0.0014038850918552431,7173
1970-01-05 02:33:00+00:00,0.0019686265318461685,0.0010878717835083509,6976
1970-01-05 02:34:00+00:00,0.001191927176160185,0.0007109244617601334,6734
1970-01-05 02:35:00+00:00,0.005752461463671248,0.004840528243101942,9828
1970-01-05 02:36:00+00:00,0.0014363923576931861,0.0011186396442498638,6812
1970-01-05 02:37:00+00:00,0.0020514265450893637,0.0014441427408412432,6508
1970-01-05 02:38:00+00:00,0.0015756777156341903,0.0010732184039742598,5886
1970-01-05 02:39:00+00:00,0.001457404344316775,0.000627843224223262,6320
1970-01-05 02:40:00+00:00,0.005570339676213744,0.004622259011464585,9828
1970-01-05 02:41:00+00:00,0.0018666970842376536,0.0010258308635594173,7396
1970-01-05 02:42:00+00:00,0.0017556905811583878,0.0010719495556409397,7903
1970-01-05 02:43:00+00:00,0.0020219502393160195,0.0009552847065365277,8045
1970-01-05 02:44:00+00:00,0.0015383943660798242,0.00073162266283284,7793
1970-01-05 02:45:00+00:00,0.0054971038171041445,0.004371159612208713,9829
1970-01-05 02:46:00+00:00,0.0018437328645405314,0.0011705886558004608,7969
1970-01-05 02:47:00+00:00,0.0020970647850835277,0.0009908997695185309,7452
1970-01-05 02:48:00+00:00,0.0017251410228166374,0.001103542568592463,7466
1970-01-05 02:49:00+00:00,0.001791942967776024,0.0010041248512385427,6938
1970-01-05 02:50:00+00:00,0.0051736568591202415,0.004183373082862143,9830
1970-01-05 02:51:00+00:00,0.0021441788583431505,0.0010600194823067108,8367
1970-01-05 02:52:00+00:00,0.002490778017204637,0.0013206101604265324,7634
1970-01-05 02:53:00+00:00,0.0020712895065681416,0.0010334268972812181,6266
1970-01-05 02:54:00+00:00,0.0018358210554242438,0.0006819244559484582,6481
1970-01-05 02:55:00+00:00,0.0051627250295192256,0.004010996698023725,9829
1970-01-05 02:56:00+00:00,0.002080776777306043,0.001206881953835042,7875
1970-01-05 02:57:00+00:00,0.0024588006259063937,0.0016234737034281801,7185
1970-01-05 02:58:00+00:00,0.002404212658852564,0.0012899207242479593,6779
1970-01-05 02:59:00+00:00,0.0019073505385356648,0.0008525359066224406,7092
1970-01-05 03:00:00+00:00,0.0052113315379426805,0.004005470250766273,9832
1970-01-05 03:01:00+00:00,0.0019353716875399633,0.0009600517851076697,7160
1970-01-05 03:02:00+00:00,0.0024881550812270725,0.00138678282774928,7833
1970-01-05 03:03:00+00:00,0.0015894997856855833,0.000900254883687446,8022
1970-01-05 03:04:00+00:00,0.0014699067946454267,0.0009135531611787295,6666
1970-01-05 03:05:00+00:00,0.005046996921472446,0.003901454404238708,9826
1970-01-05 03:06:00+00:00,0.0026988031545294214,0.0012799037192840674,5911
1970-01-05 03:07:00+00:00,0.0013487628250403781,0.0005738606435648813,6616
1970-01-05 03:08:00+00:00,0.0012976137103896264,0.0005202571117791617,5759
1970-01-05 03:09:00+00:00,0.0024397374458937676,0.0008684530338065403,6612
1970-01-05 03:10:00+00:00,0.004882208275085015,0.0037208764586168105,9829
1970-01-05 03:11:00+00:00,0.00285045209065779,0.001234711408267667,7358
1970-01-05 03:12:00+00:00,0.0026968242187066747,0.0012631312599781243,7156
1970-01-05 03:13:00+00:00,0.0015515600733313677,0.0008737318263114437,8068
1970-01-05 03:14:00+00:00,0.0011822314477352755,0.0005749207437598547,6978
1970-01-05 03:15:00+00:00,0.005009412287518996,0.0035797879486387852,9827
1970-01-05 03:16:00+00:00,0.00401058109714991,0.0014722715532952879,7197
1970-01-05 03:17:00+00:00,0.004438575016095304,0.001656974388104298,7001
1970-01-05 03:18:00+00:00,0.00579561890477573,0.001532700449759379,7421
1970-01-05 03:19:00+00:00,0.0014281380637947811,0.00047293699901636906,8270
1970-01-05 03:20:00+00:00,0.005214212733625206,0.003584503813521586,9828
1970-01-05 03:21:00+00:00,0.004978028820047613,0.0012248113159966016,7630
1970-01-05 03:22:00+00:00,0.003747856068210187,0.0009962545300615379,7911
1970-01-05 03:23:00+00:00,0.0028424575071554015,0.0011880865717472941,8207
1970-01-05 03:24:00+00:00,0.0018778128869154553,0.0006605169251928507,8227
1970-01-05 03:25:00+00:00,0.00500432468986244,0.003539826820494548,9829
1970-01-05 03:26:00+00:00,0.002218083318304792,0.0010070505096465522,6446
1970-01-05 03:27:00+00:00,0.0014097411522537681,0.0007526305757043632,7238
1970-01-05 03:28:00+00:00,0.001972915787403713,0.0007437957089558524,7144
1970-01-05 03:29:00+00:00,0.002382165692709943,0.0006641182020680324,7691
1970-01-05 03:30:00+00:00,0.005137658341399234,0.0035507125254110594,9828
1970-01-05 03:31:00+00:00,0.0024636409517017105,0.0011594844114317028,7701
1970-01-05 03:32:00+00:00,0.002750489749214541,0.0011793533028051312,7213
1970-01-05 03:33:00+00:00,0.0025203312968714773,0.001295437436161336,6322
1970-01-05 03:34:00+00:00,0.0018863830951623326,0.001382157723474706,6729
1970-01-05 03:35:00+00:00,0.004948644489789458,0.0035771982467457833,9829
1970-01-05 03:36:00+00:00,0.0023431696686584233,0.0011437646543951488,6555
1970-01-05 03:37:00+00:00,0.0013051661635482042,0.0007129255175580946,7494
1970-01-05 03:38:00+00:00,0.0020506753538371593,0.0009533056599727787,6910
1970-01-05 03:39:00+00:00,0.001574601026033402,0.0007110707581747487,5724
1970-01-05 03:40:00+00:00,0.005248307096652783,0.003576195243785434,9828
1970-01-05 03:41:00+00:00,0.002447291318972606,0.0012275387628618438,7808
1970-01-05 03:42:00+00:00,0.002467016683190102,0.0008479849892444567,7928
1970-01-05 03:43:00+00:00,0.0017694861880860272,0.0008593050066320928,7209
1970-01-05 03:44:00+00:00,0.003020871051857972,0.0006979561342784185,7315
1970-01-05 03:45:00+00:00,0.004944652184616039,0.00346751125640224,9829
1970-01-05 03:46:00+00:00,0.002663732423129682,0.0008085105308528359,7250
1970-01-05 03:47:00+00:00,0.0031816305740180973,0.001024485419721041,7880
1970-01-05 03:48:00+00:00,0.0014496026731749302,0.00089991265458967,7019
1970-01-05 03:49:00+00:00,0.002595684024362608,0.0007799359101754288,8026
1970-01-05 03:50:00+00:00,0.004965744611021996,0.003341566742444118,9829
1970-01-05 03:51:00+00:00,0.0024423632363447935,0.0009077850871046366,7894
1970-01-05 03:52:00+00:00,0.0014970096811708327,0.0005864411585879855,7162
1970-01-05 03:53:00+00:00,0.001169675401059328,0.000607645483101098,7875
1970-01-05 03:54:00+00:00,0.0011902326032622586,0.0005037200081582822,6752
1970-01-05 03:55:00+00:00,0.004848638297813709,0.0033224063796503315,9830
1970-01-05 03:56:00+00:00,0.0009457588960269198,0.0005721114967055667,7304
1970-01-05 03:57:00+00:00,0.0018932900041467413,0.0009097382854562369,7961
1970-01-05 03:58:00+00:00,0.0008769549683695239,0.0005847284115439274,7468
1970-01-05 03:59:00+00:00,0.002523722584931647,0.0008384993951608679,7172
1970-01-05 04:00:00+00:00,0.005300393572924245,0.003580885046210166,9832
1970-01-05 04:01:00+00:00,0.0013204361147348311,0.0009438442730167525,7521
1970-01-05 04:02:00+00:00,0.0010390688339537216,0.0010632404305889634,6431
1970-01-05 04:03:00+00:00,0.0018238121589550962,0.0010311968557678952,5620
1970-01-05 04:04:00+00:00,0.001442776955675375,0.0007815343595439869,6096
1970-01-05 04:05:00+00:00,0.005339471727897098,0.0035960419680313676,9830
1970-01-05 04:06:00+00:00,0.0027210175976187393,0.0009492236209892071,6784
1970-01-05 04:07:00+00:00,0.0017644406948387518,0.0008198449919839853,6837
1970-01-05 04:08:00+00:00,0.002765520118904085,0.0009080365364233816,6695
1970-01-05 04:09:00+00:00,0.0015352723380158816,0.0005642457757305559,8267
1970-01-05 04:10:00+00:00,0.005242936350344374,0.0035493753289872767,9832
1970-01-05 04:11:00+00:00,0.0066848984329512,0.0014438461967075644,7774
1970-01-05 04:12:00+00:00,0.006078334242567039,0.001098522544379743,8086
1970-01-05 04:13:00+00:00,0.006240109229918385,0.0010205139231060623,7735
1970-01-05 04:14:00+00:00,0.007914011775371144,0.0011981236499972012,6540
1970-01-05 04:15:00+00:00,0.005500470497447866,0.003663517885664223,9833
1970-01-05 04:16:00+00:00,0.0049584141677678105,0.0013680609226137937,7606
1970-01-05 04:17:00+00:00,0.004898783120207063,0.001691018861893715,7553
1970-01-05 04:18:00+00:00,0.0025790319750720212,0.0012723073776313583,7841
1970-01-05 04:19:00+00:00,0.002516124888230115,0.0011193558993973106,8201
1970-01-05 04:20:00+00:00,0.0053304269692537355,0.0035676044185518926,9831
1970-01-05 04:21:00+00:00,0.004600720262024024,0.0013656399908125853,7458
1970-01-05 04:22:00+00:00,0.004940671469627672,0.0016665128500955024,6921
1970-01-05 04:23:00+00:00,0.0030315838191506397,0.0010724772047481003,7472
1970-01-05 04:24:00+00:00,0.0032081890865211632,0.0009471793746233882,7839
1970-01-05 04:25:00+00:00,0.005414596274148995,0.00367612446860266,9833
1970-01-05 04:26:00+00:00,0.002205503288319925,0.0007123429195406059,7462
1970-01-05 04:27:00+00:00,0.0017686564871605395,0.0008782997376974874,7407
1970-01-05 04:28:00+00:00,0.0009857629214154692,0.000686480577177505,7422
1970-01-05 04:29:00+00:00,0.0014622746174208002,0.0007983431153705053,6909
1970-01-05 04:30:00+00:00,0.005286332690092474,0.003571905708883696,9832
1970-01-05 04:31:00+00:00,0.0016817241051696268,0.0008032571952515996,7339
1970-01-05 04:32:00+00:00,0.0038598270653588057,0.0013576870187052613,7314
1970-01-05 04:33:00+00:00,0.0027605556803769055,0.0012304002462239295,7465
1970-01-05 04:34:00+00:00,0.0022723322708888753,0.0008298091521055254,7286
1970-01-05 04:35:00+00:00,0.005113512078847886,0.003583134223270636,9835
1970-01-05 04:36:00+00:00,0.0024179870917756374,0.0010519503549849894,7172
1970-01-05 04:37:00+00:00,0.0039060421026176294,0.0014377031904408923,4645
1970-01-05 04:38:00+00:00,0.0011306253416553617,0.000633253302695591,6812
1970-01-05 04:39:00+00:00,0.001996427094365367,0.0010590609159216698,7189
1970-01-05 04:40:00+00:00,0.0053701249641730136,0.003753758930205903,9833
1970-01-05 04:41:00+00:00,0.0031188536158743194,0.001504541832607144,6937
1970-01-05 04:42:00+00:00,0.0020635433999092044,0.0009164965159905613,7960
1970-01-05 04:43:00+00:00,0.001185148776915442,0.000666054137191037,7633
1970-01-05 04:44:00+00:00,0.0008881616603473286,0.0006384745527237805,7874
1970-01-05 04:45:00+00:00,0.005283368715953462,0.0037512597944729716,9830
1970-01-05 04:46:00+00:00,0.0029796379897183817,0.001220172284857885,5309
1970-01-05 04:47:00+00:00,0.002817283031369038,0.0010828201041733906,6323
1970-01-05 04:48:00+00:00,0.003306838156806946,0.0014519854639621311,6977
1970-01-05 04:49:00+00:00,0.0019870859347405627,0.0008019270450161687,4925
1970-01-05 04:50:00+00:00,0.0056740435901067405,0.003940227061222187,9832
1970-01-05 04:51:00+00:00,0.0038442920591593684,0.0014043937517992549,6701
1970-01-05 04:52:00+00:00,0.0029052688073534475,0.0010669903073469475,5962
1970-01-05 04:53:00+00:00,0.002756571011869159,0.001337017930194395,5637
1970-01-05 04:54:00+00:00,0.0018816612531666142,0.0036152015037905177,6822
1970-01-05 04:55:00+00:00,0.005726809571714537,0.0038835830472851727,9832
1970-01-05 04:56:00+00:00,0.0023528222206405467,0.0008999926002806123,6080
1970-01-05 04:57:00+00:00,0.009233231692319476,0.004690963001135827,6594
1970-01-05 04:58:00+00:00,0.0013759626566956576,0.0007286236942234984,6253
1970-01-05 04:59:00+00:00,0.004113518013247056,0.001059883900921613,6220
1970-01-05 05:00:00+00:00,0.0057001957209558045,0.003860075025705628,9833
1970-01-05 05:01:00+00:00,0.003998309038594075,0.0011829508872811213,7526
1970-01-05 05:02:00+00:00,0.0033194691949381644,0.0011175134529117186,6636
1970-01-05 05:03:00+00:00,0.002990340102942557,0.001091595348656139,7092
1970-01-05 05:04:00+00:00,0.0012945126325831407,0.0006514048166466319,7325
1970-01-05 05:05:00+00:00,0.005442027337118204,0.003689219252827305,9833
1970-01-05 05:06:00+00:00,0.0013890434478023514,0.0010174750636008886,6669
1970-01-05 05:07:00+00:00,0.0018530942909353555,0.001033964701539118,6587
1970-01-05 05:08:00+00:00,0.0011216931723904734,0.0005197610129208703,7366
1970-01-05 05:09:00+00:00,0.00171498538815505,0.0005533417145570412,7206
1970-01-05 05:10:00+00:00,0.005792221054961658,0.003866234175303578,9835
1970-01-05 05:11:00+00:00,0.0030134871068347438,0.00124490695863012,6502
1970-01-05 05:12:00+00:00,0.0023031414987459303,0.0008659766201238701,5861
1970-01-05 05:13:00+00:00,0.001858262354961491,0.0007882695965999074,5316
1970-01-05 05:14:00+00:00,0.0021515359344231578,0.0010109926515393228,4866
1970-01-05 05:15:00+00:00,0.005693190487290356,0.0038961807218769727,9834
1970-01-05 05:16:00+00:00,0.0018911657389477914,0.000664221009151355,5229
1970-01-05 05:17:00+00:00,0.001452494825278862,0.000700995551718318,6695
1970-01-05 05:18:00+00:00,0.003306962466486631,0.0011069671795781216,5312
1970-01-05 05:19:00+00:00,0.004388086703424317,0.0011333372248056649,5587
1970-01-05 05:20:00+00:00,0.005438759455800024,0.0038307374566595638,9837
1970-01-05 05:21:00+00:00,0.0036967582391624946,0.00141627332508506,6585
1970-01-05 05:22:00+00:00,0.0027728176490228475,0.0011922327046050099,6332
1970-01-05 05:23:00+00:00,0.0023761127277149145,0.0013208497451431072,6778
1970-01-05 05:24:00+00:00,0.002478288917256991,0.0014184330461033568,7460
1970-01-05 05:25:00+00:00,0.005551781207949887,0.0038414278729067843,9835
1970-01-05 05:26:00+00:00,0.0022243456524986783,0.0014215361631295677,6495
1970-01-05 05:27:00+00:00,0.0019983507886859094,0.0012477389117386227,5842
1970-01-05 05:28:00+00:00,0.0018432474316791507,0.0014401307262244371,6898
1970-01-05 05:29:00+00:00,0.0015230446557854805,0.000980689164974019,7399
1970-01-05 05:30:00+00:00,0.005574456557260582,0.00383197013893428,9833
1970-01-05 05:31:00+00:00,0.004103278136295887,0.001681964452678934,6898
1970-01-05 05:32:00+00:00,0.0028885232535241284,0.0016656235495567185,7237
1970-01-05 05:33:00+00:00,0.004390961713877422,0.002478585405400837,7452
1970-01-05 05:34:00+00:00,0.002911776621949083,0.0012896173765258112,6771
1970-01-05 05:35:00+00:00,0.005593974260448394,0.003820578929284499,9834
1970-01-05 05:36:00+00:00,0.0024210695143504577,0.0011168592785320845,5939
1970-01-05 05:37:00+00:00,0.001898913175179537,0.0009508217387742678,5744
1970-01-05 05:38:00+00:00,0.0026294294156020167,0.0010653343540636075,6392
1970-01-05 05:39:00+00:00,0.00505711725196639,0.0012825349429173073,6301
1970-01-05 05:40:00+00:00,0.005799804742991651,0.003836684720357823,9831
1970-01-05 05:41:00+00:00,0.002489532707571911,0.0010276329973089794,7765
1970-01-05 05:42:00+00:00,0.001963921526486594,0.0011763854370312073,7346
1970-01-05 05:43:00+00:00,0.002117812837208066,0.001132322036705917,6001
1970-01-05 05:44:00+00:00,0.002288365909045677,0.0009092134444453067,5482
1970-01-05 05:45:00+00:00,0.005577152751927666,0.003678609579108949,9834
1970-01-05 05:46:00+00:00,0.0015237733517312845,0.0006474629378060574,7482
1970-01-05 05:47:00+00:00,0.0020416468255872095,0.0006804438814631337,7229
1970-01-05 05:48:00+00:00,0.0022652381260511454,0.0007921505767906896,6699
1970-01-05 05:49:00+00:00,0.003248787135695687,0.0009248803154701673,5655
1970-01-05 05:50:00+00:00,0.005805373309553892,0.0037533363203001813,9837
1970-01-05 05:51:00+00:00,0.001801998177921549,0.0009078138223338703,7499
1970-01-05 05:52:00+00:00,0.001937111414547041,0.0009742871785329988,7446
1970-01-05 05:53:00+00:00,0.0018141212848326164,0.0009998899558493252,6936
1970-01-05 05:54:00+00:00,0.0026251438623124176,0.000995657712491181,6437
1970-01-05 05:55:00+00:00,0.005658672466399045,0.003718384347744217,9838
1970-01-05 05:56:00+00:00,0.002027884434988485,0.0010879953607648076,7265
1970-01-05 05:57:00+00:00,0.0017833455140352224,0.0010716278556077805,6845
1970-01-05 05:58:00+00:00,0.002238057053072031,0.0011345762638655793,6380
1970-01-05 05:59:00+00:00,0.0027164220661758495,0.001205538873571731,6244
1970-01-05 06:00:00+00:00,0.005798497725240823,0.0037837662340871408,9838
1970-01-05 06:01:00+00:00,0.002801495440228429,0.0013140074331524222,7040
1970-01-05 06:02:00+00:00,0.002569634276844507,0.0011749962480986221,6631
1970-01-05 06:03:00+00:00,0.0028719336066447563,0.0011146920432507127,6730
1970-01-05 06:04:00+00:00,0.002126294577993993,0.0007046188403035541,6005
1970-01-05 06:05:00+00:00,0.005611488102972931,0.0037709904633330842,9838
1970-01-05 06:06:00+00:00,0.00195089304263356,0.0009176894718268663,6337
1970-01-05 06:07:00+00:00,0.0018746654310100488,0.0009231737983924674,6175
1970-01-05 06:08:00+00:00,0.0021497668166558415,0.0008023386947062782,7018
1970-01-05 06:09:00+00:00,0.0025103769197030723,0.0007768315169971303,7588
1970-01-05 06:10:00+00:00,0.005524699316636287,0.0037351378302301033,9840
1970-01-05 06:11:00+00:00,0.002649260756948943,0.0012409454420223163,7747
1970-01-05 06:12:00+00:00,0.0023904820526510057,0.001040383032643817,7080
1970-01-05 06:13:00+00:00,0.0019278041112772103,0.0008273388489283371,6727
1970-01-05 06:14:00+00:00,0.002324172237025077,0.0009189909781422496,6664
1970-01-05 06:15:00+00:00,0.005218961327549345,0.003693652725230241,9840
1970-01-05 06:16:00+00:00,0.0013135158695432895,0.0009039610785677958,6901
1970-01-05 06:17:00+00:00,0.0024615797357730876,0.0012038296666638578,6948
1970-01-05 06:18:00+00:00,0.0018381561878104944,0.0007638359566057558,7586
1970-01-05 06:19:00+00:00,0.0017097832289905805,0.0008032962199348391,7245
1970-01-05 06:20:00+00:00,0.005382392705391703,0.0037559185201714485,9839
1970-01-05 06:21:00+00:00,0.0020567307253732156,0.0009045580151442715,6938
1970-01-05 06:22:00+00:00,0.003387762841716553,0.0013642463954399696,7636
1970-01-05 06:23:00+00:00,0.002533354770762013,0.0010845516226385924,7126
1970-01-05 06:24:00+00:00,0.002392314702978903,0.0009420014774330273,7376
1970-01-05 06:25:00+00:00,0.005393297946591208,0.003719388222649521,9839
1970-01-05 06:26:00+00:00,0.00319202925901486,0.0018111218785178478,6706
1970-01-05 06:27:00+00:00,0.0027258014444818787,0.0013297394058596212,6362
1970-01-05 06:28:00+00:00,0.001949881363783438,0.0010197159242691246,7402
1970-01-05 06:29:00+00:00,0.002467118851020262,0.0010728633855150499,7162
1970-01-05 06:30:00+00:00,0.005596814497466965,0.0038211944911127264,9838
1970-01-05 06:31:00+00:00,0.002275436319366348,0.0026808950229969975,6963
1970-01-05 06:32:00+00:00,0.002684607282609473,0.0013613738868608735,6979
1970-01-05 06:33:00+00:00,0.0017370277900978534,0.0010015297590031458,5398
1970-01-05 06:34:00+00:00,0.0017401392946908827,0.0007641754828116371,6711
1970-01-05 06:35:00+00:00,0.005486191920252206,0.0037782211853317348,9836
1970-01-05 06:36:00+00:00,0.0015284832600800284,0.0007552251592635984,6974
1970-01-05 06:37:00+00:00,0.0031670137097443637,0.0016067016461204977,6638
1970-01-05 06:38:00+00:00,0.0023603335530407543,0.0010047870466805436,7683
1970-01-05 06:39:00+00:00,0.002491305190724875,0.0008508776310146067,7885
1970-01-05 06:40:00+00:00,0.005242723638905671,0.0036329986572377917,9837
1970-01-05 06:41:00+00:00,0.0032175575671300046,0.001100269149542141,7604
1970-01-05 06:42:00+00:00,0.0026003721926811936,0.0007839958089153191,6980
1970-01-05 06:43:00+00:00,0.002038263383693481,0.0006873337317961888,7694
1970-01-05 06:44:00+00:00,0.002236408777400832,0.0006767746750274966,7947
1970-01-05 06:45:00+00:00,0.00565556984388613,0.0037565785656323296,9838
1970-01-05 06:46:00+00:00,0.0024584340504646136,0.0012850092554438923,7658
1970-01-05 06:47:00+00:00,0.0017167022517109247,0.0008778931216072338,6475
1970-01-05 06:48:00+00:00,0.0018543752804726773,0.0007126302270987327,6333
1970-01-05 06:49:00+00:00,0.0025586274012139878,0.001106947611391535,6383
1970-01-05 06:50:00+00:00,0.005971976192550469,0.003813169715248388,9837
1970-01-05 06:51:00+00:00,0.0028633839773021877,0.0013272294455177194,7109
1970-01-05 06:52:00+00:00,0.0030706967397323326,0.0013196226257032244,7392
1970-01-05 06:53:00+00:00,0.001298958817594503,0.0006146373302825715,4151
1970-01-05 06:54:00+00:00,0.0015615321589524853,0.0005756136034456466,6491
1970-01-05 06:55:00+00:00,0.005821927584403365,0.003815863340415379,9837
1970-01-05 06:56:00+00:00,0.001677411070086579,0.0007611734491774879,6417
1970-01-05 06:57:00+00:00,0.002877103892693742,0.0014430398305486818,6876
1970-01-05 06:58:00+00:00,0.0019467550013530293,0.0009938630241423442,6316
1970-01-05 06:59:00+00:00,0.0022810270579961683,0.0010286144410761495,6817
1970-01-05 07:00:00+00:00,0.005828034292283614,0.0038133207212180864,9836
1970-01-05 07:01:00+00:00,0.00223990789900394,0.0008994311607844384,5855
1970-01-05 07:02:00+00:00,0.0029876951456946424,0.0009245616109932172,5070
1970-01-05 07:03:00+00:00,0.0036232468932020636,0.000951530655072202,5903
1970-01-05 07:04:00+00:00,0.002813090934051443,0.0007935044589358606,7038
1970-01-05 07:05:00+00:00,0.00582413066324796,0.003800873444580844,9836
1970-01-05 07:06:00+00:00,0.0023784914558824975,0.0010093365748294278,5837
1970-01-05 07:07:00+00:00,0.002219644469929898,0.0007739665906747636,4099
1970-01-05 07:08:00+00:00,0.003113534565516334,0.0011236294810696885,6265
1970-01-05 07:09:00+00:00,0.0020760293915506904,0.0007024554090805635,6508
1970-01-05 07:10:00+00:00,0.005522314071773827,0.003628914683066899,9835
1970-01-05 07:11:00+00:00,0.0023205332860493214,0.0008627491342525121,7463
1970-01-05 07:12:00+00:00,0.0017396882391314834,0.0007334333581301215,7363
1970-01-05 07:13:00+00:00,0.0019137125132143926,0.0008115182429619427,6726
1970-01-05 07:14:00+00:00,0.0014401912352620576,0.0006979994156387939,6728
1970-01-05 07:15:00+00:00,0.005390943905584371,0.00369915835477901,9837
1970-01-05 07:16:00+00:00,0.0023765631179948794,0.0009785170192333225,6595
1970-01-05 07:17:00+00:00,0.0017682867213021259,0.0007759909276181891,6194
1970-01-05 07:18:00+00:00,0.0013003078433777625,0.0006622990405735407,6983
1970-01-05 07:19:00+00:00,0.0013719318495291773,0.0005079290559929592,6969
1970-01-05 07:20:00+00:00,0.0054527335591550916,0.003771564711382871,9837
1970-01-05 07:21:00+00:00,0.001678073995353258,0.0006484090814818616,6954
1970-01-05 07:22:00+00:00,0.0017386434007355064,0.0009099981418237327,7566
1970-01-05 07:23:00+00:00,0.0016463408885552245,0.0010431792126421244,8237
1970-01-05 07:24:00+00:00,0.0013654709901408186,0.0005393834380901642,7668
1970-01-05 07:25:00+00:00,0.00555563143602535,0.0040034393831116675,9837
1970-01-05 07:26:00+00:00,0.0016117199679546094,0.0010197343203900261,7265
1970-01-05 07:27:00+00:00,0.0018995067608005114,0.0011045305031349927,6614
1970-01-05 07:28:00+00:00,0.0015815723734080437,0.0007235626710387981,5578
1970-01-05 07:29:00+00:00,0.0018030753596938415,0.0009438601128053066,6221
1970-01-05 07:30:00+00:00,0.0058069887629093,0.0040248601517736664,9839
1970-01-05 07:31:00+00:00,0.0018047445145997724,0.0009136442570959382,7172
1970-01-05 07:32:00+00:00,0.001931887137312407,0.0011078260280315466,7318
1970-01-05 07:33:00+00:00,0.002507237946705045,0.0011080766683796675,7869
1970-01-05 07:34:00+00:00,0.0018135734495276954,0.0009551603637915975,7261
1970-01-05 07:35:00+00:00,0.006016724412451393,0.0040764187777509635,9839
1970-01-05 07:36:00+00:00,0.0022783551483655635,0.0014671704760423642,7628
1970-01-05 07:37:00+00:00,0.0022794978189023467,0.001423315717775197,7002
1970-01-05 07:38:00+00:00,0.0018274880225019362,0.0007888431407707647,6883
1970-01-05 07:39:00+00:00,0.0018124167601448096,0.0010215857113484526,6681
1970-01-05 07:40:00+00:00,0.0061892873950922835,0.004222646122464957,9839
1970-01-05 07:41:00+00:00,0.0023212575075709186,0.0012715213032385114,6885
1970-01-05 07:42:00+00:00,0.0022717197456698065,0.0011190722601671043,6477
1970-01-05 07:43:00+00:00,0.0018803615069409548,0.0010065343740459285,5935
1970-01-05 07:44:00+00:00,0.001629438891253019,0.0008673555900773393,5236
1970-01-05 07:45:00+00:00,0.006062850525278184,0.004301725748081461,9838
1970-01-05 07:46:00+00:00,0.0018876639248310793,0.0008747849656247542,4837
1970-01-05 07:47:00+00:00,0.0023460468782071043,0.0010992176452465472,6143
1970-01-05 07:48:00+00:00,0.0020102069958890085,0.0009365092369566365,6006
1970-01-05 07:49:00+00:00,0.0022039053439193985,0.0010944602983589194,5073
1970-01-05 07:50:00+00:00,0.006135728930665254,0.004399341470775379,9840
1970-01-05 07:51:00+00:00,0.0027184483530424087,0.002371015765969988,7649
1970-01-05 07:52:00+00:00,0.0025041194555885248,0.0012105769742477113,6883
1970-01-05 07:53:00+00:00,0.001765101405978294,0.0008046067020882662,5522
1970-01-05 07:54:00+00:00,0.0018931293764134264,0.000742763637556592,4468
1970-01-05 07:55:00+00:00,0.006143796261553363,0.004365989044168249,9840
1970-01-05 07:56:00+00:00,0.00218246803090662,0.0009819936261420861,5697
1970-01-05 07:57:00+00:00,0.002816406000860243,0.0014157212265553812,4863
1970-01-05 07:58:00+00:00,0.003678383261202505,0.0015650908178612797,5448
1970-01-05 07:59:00+00:00,0.0026993855052579703,0.0011184420437509513,4370
1970-01-05 08:00:00+00:00,0.006323075480050541,0.004522855664311662,9841
1970-01-05 08:01:00+00:00,0.0027521757971688842,0.001223387297265978,6510
1970-01-05 08:02:00+00:00,0.0029393945783411043,0.0013824839601893455,4824
1970-01-05 08:03:00+00:00,0.0024584582305578018,0.0015345058679079044,6077
1970-01-05 08:04:00+00:00,0.002341670019344497,0.0011520886448496738,4380
1970-01-05 08:05:00+00:00,0.006228886022040333,0.004617674319507176,9839
1970-01-05 08:06:00+00:00,0.002426667722013933,0.0014363576183435533,5715
1970-01-05 08:07:00+00:00,0.00300367619931738,0.001263649247878604,4290
1970-01-05 08:08:00+00:00,0.003278744799598643,0.001513152824515511,5178
1970-01-05 08:09:00+00:00,0.002659040714908487,0.0011277717170839834,4960
1970-01-05 08:10:00+00:00,0.0061361385678303584,0.004599349520630445,9838
1970-01-05 08:11:00+00:00,0.0020437854698321647,0.0010145199341332236,5218
1970-01-05 08:12:00+00:00,0.002078651656969421,0.0010951867821897276,5421
1970-01-05 08:13:00+00:00,0.00176840089751038,0.0011310769160329094,5284
1970-01-05 08:14:00+00:00,0.0020337028186407126,0.001229812391221386,5190
1970-01-05 08:15:00+00:00,0.006057677412842679,0.0045418786360813986,9839
1970-01-05 08:16:00+00:00,0.0022758627118575655,0.0012979255631642146,5237
1970-01-05 08:17:00+00:00,0.0022935541307557566,0.001320063844440914,5069
1970-01-05 08:18:00+00:00,0.002475746053084481,0.001330175035301625,5574
1970-01-05 08:19:00+00:00,0.0018531824846540633,0.0011265202046904087,9161
1970-01-05 08:20:00+00:00,0.006177640739562163,0.004499920058890556,9839
1970-01-05 08:21:00+00:00,0.002789430782912631,0.001347781097167256,6004
1970-01-05 08:22:00+00:00,0.0031159618202334046,0.0019482434207410738,5910
1970-01-05 08:23:00+00:00,0.0032301354188349184,0.0024838256791114128,5381
1970-01-05 08:24:00+00:00,0.002394731369079522,0.001703254884474473,5244
1970-01-05 08:25:00+00:00,0.00649568824869467,0.004841403804787623,9840
1970-01-05 08:26:00+00:00,0.002183460485388426,0.0010081800818747724,4541
1970-01-05 08:27:00+00:00,0.0023657224196759834,0.0011093536554032282,4066
1970-01-05 08:28:00+00:00,0.0022652424700301517,0.0018709971143915087,4526
1970-01-05 08:29:00+00:00,0.0019616859558649114,0.0010641411297410723,5057
1970-01-05 08:30:00+00:00,0.006648575763292258,0.004835219125919799,9840
1970-01-05 08:31:00+00:00,0.003002674068925408,0.0014736992414999441,5956
1970-01-05 08:32:00+00:00,0.0034143537136134246,0.001936395520029027,5185
1970-01-05 08:33:00+00:00,0.0037394894395843385,0.0021424938083516145,4389
1970-01-05 08:34:00+00:00,0.0027605283553253945,0.0015118956080129474,5027
1970-01-05 08:35:00+00:00,0.006703007830089288,0.004882753536760786,9842
1970-01-05 08:36:00+00:00,0.0031346817673342884,0.0014430444137720974,3614
1970-01-05 08:37:00+00:00,0.003966945824166479,0.001822806468007862,2779
1970-01-05 08:38:00+00:00,0.00300965495706725,0.0025047723114154413,3983
1970-01-05 08:39:00+00:00,0.0036576231555825994,0.0021358041565142966,4582
1970-01-05 08:40:00+00:00,0.006765458778015457,0.004890079724745874,9842
1970-01-05 08:41:00+00:00,0.004403309697365186,0.0020477526817054533,4371
1970-01-05 08:42:00+00:00,0.0024906682536562745,0.0013464290931402402,5875
1970-01-05 08:43:00+00:00,0.0041064237775493544,0.0017673325853473732,4870
1970-01-05 08:44:00+00:00,0.003556920475507126,0.002036485720618494,5641
1970-01-05 08:45:00+00:00,0.0065667295882115605,0.004852204230368657,9841
1970-01-05 08:46:00+00:00,0.0032844126697570476,0.002213409022679395,6027
1970-01-05 08:47:00+00:00,0.0034705113948950293,0.002236592022399783,6432
1970-01-05 08:48:00+00:00,0.002901329252682453,0.0033517864011812846,7158
1970-01-05 08:49:00+00:00,0.002211014869822579,0.0012167444247548587,4512
1970-01-05 08:50:00+00:00,0.006624365032462992,0.00481381711735658,9841
1970-01-05 08:51:00+00:00,0.004435091309528421,0.002138941770599479,4452
1970-01-05 08:52:00+00:00,0.003972519639684756,0.0019059098388066091,4558
1970-01-05 08:53:00+00:00,0.0034719915321828254,0.0019723162750667745,4970
1970-01-05 08:54:00+00:00,0.003227472270759454,0.0017485100515300077,4555
1970-01-05 08:55:00+00:00,0.006602419860045472,0.004813828641426027,9841
1970-01-05 08:56:00+00:00,0.0031235331666495765,0.0015770418299495058,4462
1970-01-05 08:57:00+00:00,0.0033420822322036566,0.0021644678575034404,5576
1970-01-05 08:58:00+00:00,0.0031369716271028606,0.0020520975109418163,5257
1970-01-05 08:59:00+00:00,0.002822517554847309,0.0021133582943949174,5514
1970-01-05 09:00:00+00:00,0.006583849616501807,0.0048020795937744375,9841
1970-01-05 09:01:00+00:00,0.004718341881323286,0.0018417421971277715,4090
1970-01-05 09:02:00+00:00,0.003837967338011224,0.0018789120762137117,5189
1970-01-05 09:03:00+00:00,0.0028183505988256087,0.0014470342094110376,4793
1970-01-05 09:04:00+00:00,0.0034355171170827904,0.0013668861745001315,3427
1970-01-05 09:05:00+00:00,0.006624178990110743,0.00481006192839516,9840
1970-01-05 09:06:00+00:00,0.0033698566373287697,0.0015402501766157586,3122
1970-01-05 09:07:00+00:00,0.00253561898737364,0.0012609818752172693,3666
1970-01-05 09:08:00+00:00,0.003151176439240757,0.0013900794068832732,3034
1970-01-05 09:09:00+00:00,0.0026639083263887975,0.0013695070144567837,3162
1970-01-05 09:10:00+00:00,0.006522972171488809,0.004811212134884714,9840
1970-01-05 09:11:00+00:00,0.004107190062009884,0.002059561901169841,5847
1970-01-05 09:12:00+00:00,0.0038464599804286497,0.0018819426098009068,4975
1970-01-05 09:13:00+00:00,0.0026432082195501014,0.0016004888264451128,5476
1970-01-05 09:14:00+00:00,0.0029513828496622596,0.0015290663750534726,3816
1970-01-05 09:15:00+00:00,0.006580060101454556,0.004797554932261294,9840
1970-01-05 09:16:00+00:00,0.00372718496098574,0.0018935167605362282,3944
1970-01-05 09:17:00+00:00,0.0028935471680682995,0.0015165494285451857,4577
1970-01-05 09:18:00+00:00,0.0027332690416938562,0.0011775812578771131,2900
1970-01-05 09:19:00+00:00,0.002604024314106292,0.0010992174846048697,3373
1970-01-05 09:20:00+00:00,0.006619368183676158,0.004799618485628196,9822
1970-01-05 09:21:00+00:00,0.003904793230075282,0.0017595857046182873,4826
1970-01-05 09:22:00+00:00,0.0019840421138765754,0.0009829988262236768,4598
1970-01-05 09:23:00+00:00,0.0033301360721645526,0.0014256029164518608,3346
1970-01-05 09:24:00+00:00,0.0018496435355868205,0.0009563741385511888,3333
1970-01-05 09:25:00+00:00,0.0064429277160076735,0.004796662647224547,9806
1970-01-05 09:26:00+00:00,0.003003720716864315,0.0015706310832559584,3778
1970-01-05 09:27:00+00:00,0.003541784603401758,0.0018412623122117308,3616
1970-01-05 09:28:00+00:00,0.0028087950098516544,0.0014374213121408092,3274
1970-01-05 09:29:00+00:00,0.0036815700965173257,0.0020193311434475074,3525
1970-01-05 09:30:00+00:00,0.006465655315019053,0.004749891889701516,9826
1970-01-05 09:31:00+00:00,0.003815324328388997,0.0016907176904977419,4379
1970-01-05 09:32:00+00:00,0.004276179812176699,0.0019683810740891428,3408
1970-01-05 09:33:00+00:00,0.0026543564238539854,0.0013198485786124088,4641
1970-01-05 09:34:00+00:00,0.0031656305519446207,0.0016255502650479852,3666
1970-01-05 09:35:00+00:00,0.006487110204690285,0.004759442740069933,9830
1970-01-05 09:36:00+00:00,0.0031025607045569122,0.0018908597378739485,4303
1970-01-05 09:37:00+00:00,0.003023758134822604,0.004539553984633642,6170
1970-01-05 09:38:00+00:00,0.0023059054105656653,0.0010758007141565566,4791
1970-01-05 09:39:00+00:00,0.0025569901663876162,0.0011886078930465442,3850
1970-01-05 09:40:00+00:00,0.006422591685448927,0.004648751376859946,9838
1970-01-05 09:41:00+00:00,0.0021395741393914515,0.0011667561435391397,7361
1970-01-05 09:42:00+00:00,0.0017512444069098137,0.0007739496416507844,5938
1970-01-05 09:43:00+00:00,0.0016544019060769368,0.0010732763585238041,6105
1970-01-05 09:44:00+00:00,0.0016502523511575102,0.0010387790634302627,5922
1970-01-05 09:45:00+00:00,0.0062284004225482545,0.004583491330778886,9838
1970-01-05 09:46:00+00:00,0.002196653414234776,0.0012846696612385583,6010
1970-01-05 09:47:00+00:00,0.0019075212339710078,0.0010185339063974804,5535
1970-01-05 09:48:00+00:00,0.0025477062175695607,0.0012333456232741713,4636
1970-01-05 09:49:00+00:00,0.0021900576502797216,0.001294664272321278,5350
1970-01-05 09:50:00+00:00,0.006294201838548777,0.004602107579158488,9837
1970-01-05 09:51:00+00:00,0.0023741327732734667,0.0012505056626748669,6336
1970-01-05 09:52:00+00:00,0.0019664698301354593,0.0011198913992817548,6054
1970-01-05 09:53:00+00:00,0.0023380211442003643,0.0012087121280205681,4814
1970-01-05 09:54:00+00:00,0.002834448632572259,0.0012468963003686424,4405
1970-01-05 09:55:00+00:00,0.006217872814228188,0.004621631085882209,9838
1970-01-05 09:56:00+00:00,0.0023853707338591743,0.0011745010309988004,5235
1970-01-05 09:57:00+00:00,0.0019043898641380131,0.0009840783792194419,4867
1970-01-05 09:58:00+00:00,0.0022952732197083275,0.0013023961170597145,5614
1970-01-05 09:59:00+00:00,0.002030094090669041,0.0011544863132446537,4884
1970-01-05 10:00:00+00:00,0.006062781762239549,0.004593717244482496,9840
1970-01-05 10:01:00+00:00,0.002530391552589038,0.0011790181112302735,4829
1970-01-05 10:02:00+00:00,0.0027406637769030553,0.0012070053585088929,5144
1970-01-05 10:03:00+00:00,0.002665141481070842,0.0013534183930135994,5602
1970-01-05 10:04:00+00:00,0.0028948937292665325,0.0014749419923253937,4472
1970-01-05 10:05:00+00:00,0.006077709659777787,0.0045738597857553015,9839
1970-01-05 10:06:00+00:00,0.002785959359249105,0.001472326922412109,5172
1970-01-05 10:07:00+00:00,0.0033972680885682905,0.0017339585863499693,4473
1970-01-05 10:08:00+00:00,0.0032815307542369615,0.0016672369425264875,4986
1970-01-05 10:09:00+00:00,0.0024988137479269494,0.0011126699973739783,4418
1970-01-05 10:10:00+00:00,0.006098180386830964,0.004554592309334561,9838
1970-01-05 10:11:00+00:00,0.0024491552736965114,0.0012377765460452397,5646
1970-01-05 10:12:00+00:00,0.0024187252937210393,0.00143422633726771,5845
1970-01-05 10:13:00+00:00,0.001896421264524869,0.001207001571044465,5724
1970-01-05 10:14:00+00:00,0.0020732248791234006,0.0011685460061410542,5952
1970-01-05 10:15:00+00:00,0.005863000206053211,0.004519385932965728,9838
1970-01-05 10:16:00+00:00,0.0021601164222497114,0.001171251884637371,5250
1970-01-05 10:17:00+00:00,0.002598434264293221,0.0011013220563000797,4251
1970-01-05 10:18:00+00:00,0.0023635290206579715,0.0010051683782071965,4097
1970-01-05 10:19:00+00:00,0.0015577351088334676,0.0007237167083202787,5524
1970-01-05 10:20:00+00:00,0.0060422809392800935,0.0045463689658183475,9840
1970-01-05 10:21:00+00:00,0.002287643187599369,0.0010882917521043362,4819
1970-01-05 10:22:00+00:00,0.002097773179023433,0.0010390746581044696,4645
1970-01-05 10:23:00+00:00,0.002108316496115078,0.0010662767293480886,4458
1970-01-05 10:24:00+00:00,0.0020320049763057732,0.0012822498105523445,3752
1970-01-05 10:25:00+00:00,0.006170062828028247,0.004548186509008301,9835
1970-01-05 10:26:00+00:00,0.0023752259909590656,0.0010247219731554646,3618
1970-01-05 10:27:00+00:00,0.002249164994047616,0.0010707274147324594,3150
1970-01-05 10:28:00+00:00,0.0019549908518767755,0.0007831676664913834,4216
1970-01-05 10:29:00+00:00,0.001947558993706361,0.0008499563519586481,4391
1970-01-05 10:30:00+00:00,0.006683432475494124,0.004531337903683466,9831
1970-01-05 10:31:00+00:00,0.0028168591518769664,0.0011232693647560412,4764
1970-01-05 10:32:00+00:00,0.002996279819902172,0.000978105441633483,3779
1970-01-05 10:33:00+00:00,0.002917013960656114,0.0012320733836410312,3437
1970-01-05 10:34:00+00:00,0.0031085016880709445,0.0012049651643274795,3483
1970-01-05 10:35:00+00:00,0.0069692099360739385,0.004567552352170896,9826
1970-01-05 10:36:00+00:00,0.002819475788804078,0.001307219915340243,4126
1970-01-05 10:37:00+00:00,0.0031357521060517775,0.0013054374904367132,4065
1970-01-05 10:38:00+00:00,0.0028730593088621015,0.0011671914348982326,3943
1970-01-05 10:39:00+00:00,0.002378231761030942,0.0010046788841097996,4207
1970-01-05 10:40:00+00:00,0.006896728388115641,0.004571709827898559,9827
1970-01-05 10:41:00+00:00,0.003837475462999633,0.001735908673794066,4963
1970-01-05 10:42:00+00:00,0.00398964174368126,0.0018006527601132855,4508
1970-01-05 10:43:00+00:00,0.002936696582020097,0.0012794777186654047,4706
1970-01-05 10:44:00+00:00,0.0028582504603339733,0.001215723788191281,5081
1970-01-05 10:45:00+00:00,0.0067337681256408885,0.004596862925431325,9830
1970-01-05 10:46:00+00:00,0.003213395020725778,0.0012967304159864823,4570
1970-01-05 10:47:00+00:00,0.0027914122306810143,0.0010993102950416997,4325
1970-01-05 10:48:00+00:00,0.0024629063356827723,0.0011129755018644252,5150
1970-01-05 10:49:00+00:00,0.0023491147074117366,0.0010055199342514647,4546
1970-01-05 10:50:00+00:00,0.0067163491193377054,0.004623226271097981,9831
1970-01-05 10:51:00+00:00,0.0023818536187550465,0.0010678858759806788,4966
1970-01-05 10:52:00+00:00,0.0020598570533177708,0.0008614053316844633,4256
1970-01-05 10:53:00+00:00,0.001971404622909996,0.0008650285545355526,4597
1970-01-05 10:54:00+00:00,0.0017716265944059902,0.0006494208848348734,3902
1970-01-05 10:55:00+00:00,0.0068879817855940365,0.004651364618037025,9830
1970-01-05 10:56:00+00:00,0.002339323460838439,0.0008954599236071354,3241
1970-01-05 10:57:00+00:00,0.002127513923044287,0.0007785255514730608,3990
1970-01-05 10:58:00+00:00,0.00182165678176736,0.0007196196060302856,3901
1970-01-05 10:59:00+00:00,0.0020434634126757644,0.0007114448354607065,3316
1970-01-05 11:00:00+00:00,0.006972781511545419,0.004745422582938669,9830
1970-01-05 11:01:00+00:00,0.0025130279882095417,0.0010133029905107654,3314
1970-01-05 11:02:00+00:00,0.0022516199655674214,0.0009403146985726945,3511
1970-01-05 11:03:00+00:00,0.0020247967518626986,0.0009285109992144418,4651
1970-01-05 11:04:00+00:00,0.00215653868738465,0.0008700191590811096,4306
1970-01-05 11:05:00+00:00,0.006898038253329193,0.004783340037823262,9832
1970-01-05 11:06:00+00:00,0.002893326178800533,0.0015316366661076246,4992
1970-01-05 11:07:00+00:00,0.0025317593256803045,0.0011645770002607103,4770
1970-01-05 11:08:00+00:00,0.0013316738227501395,0.0008021171308589471,7708
1970-01-05 11:09:00+00:00,0.0018872509764140837,0.000986074072132319,5795
1970-01-05 11:10:00+00:00,0.006941922773945555,0.004868196464059523,9829
1970-01-05 11:11:00+00:00,0.002961692849873607,0.0014684944722815332,3587
1970-01-05 11:12:00+00:00,0.002729160143420266,0.001349476526215175,3914
1970-01-05 11:13:00+00:00,0.002884016980270209,0.0013320407952818463,3171
1970-01-05 11:14:00+00:00,0.003058861407555777,0.0013583351840717169,4175
1970-01-05 11:15:00+00:00,0.006856308233158321,0.0048390437784669345,9828
1970-01-05 11:16:00+00:00,0.003550772820767284,0.0013871109844165832,3826
1970-01-05 11:17:00+00:00,0.0036246540804266507,0.0016915376464955035,3396
1970-01-05 11:18:00+00:00,0.0032999846606743626,0.0013035195450706925,4090
1970-01-05 11:19:00+00:00,0.002420174142199944,0.0010868418668156861,4737
1970-01-05 11:20:00+00:00,0.006898126119402811,0.004854656907884357,9830
1970-01-05 11:21:00+00:00,0.004085191514348178,0.0016758137417201722,4135
1970-01-05 11:22:00+00:00,0.003062822389744401,0.0014843405424190272,4613
1970-01-05 11:23:00+00:00,0.002243244478258556,0.0011618253707462334,4871
1970-01-05 11:24:00+00:00,0.0027259003281431063,0.0014790933070520976,5690
1970-01-05 11:25:00+00:00,0.006782789774938694,0.004774250147028726,9830
1970-01-05 11:26:00+00:00,0.003891385195650852,0.001954749069533056,5247
1970-01-05 11:27:00+00:00,0.003654827275837531,0.002041167006736824,6655
1970-01-05 11:28:00+00:00,0.002998059984976364,0.0016953709299532636,6299
1970-01-05 11:29:00+00:00,0.0030328577564028058,0.0013052845303547893,4442
1970-01-05 11:30:00+00:00,0.006952260045981883,0.004839648407170496,9832
1970-01-05 11:31:00+00:00,0.003550681830803451,0.0016501289772782608,4418
1970-01-05 11:32:00+00:00,0.003304547284199966,0.0018746928354109584,5501
1970-01-05 11:33:00+00:00,0.0033060900033053437,0.0017906657734409756,5610
1970-01-05 11:34:00+00:00,0.0025992541378922376,0.0013879860494362807,4797
1970-01-05 11:35:00+00:00,0.006893838428892456,0.004852919217376845,9831
1970-01-05 11:36:00+00:00,0.003822623340247292,0.002308135654994749,6458
1970-01-05 11:37:00+00:00,0.004019876767427271,0.0022607266019164514,6581
1970-01-05 11:38:00+00:00,0.003756587619338951,0.0019586971059485443,3734
1970-01-05 11:39:00+00:00,0.003369711672784816,0.0017734022308186573,5550
1970-01-05 11:40:00+00:00,0.006730714130522435,0.004803116166354688,9830
1970-01-05 11:41:00+00:00,0.0031411251574296997,0.001812264203623607,5172
1970-01-05 11:42:00+00:00,0.003434246276045451,0.0022183032257312566,5857
1970-01-05 11:43:00+00:00,0.0032008673691013884,0.002123213969641612,5811
1970-01-05 11:44:00+00:00,0.002759043966182712,0.0013762756897262697,4116
1970-01-05 11:45:00+00:00,0.0066366900146771655,0.00478880337558291,9831
1970-01-05 11:46:00+00:00,0.003659484334623596,0.0021950695431854675,5763
1970-01-05 11:47:00+00:00,0.0025995780447043014,0.0015008579692607812,5622
1970-01-05 11:48:00+00:00,0.003363702664395631,0.0020230655505174464,5541
1970-01-05 11:49:00+00:00,0.0062868770333223654,0.0022395951027093905,5941
1970-01-05 11:50:00+00:00,0.006755754295213481,0.004785593768912691,9831
1970-01-05 11:51:00+00:00,0.005629357198874171,0.0023228824520722313,6362
1970-01-05 11:52:00+00:00,0.006259188395410003,0.0023732986103298455,5595
1970-01-05 11:53:00+00:00,0.003631740035268997,0.0016508793684114507,3676
1970-01-05 11:54:00+00:00,0.0036201468725957217,0.0015037658075895083,5434
1970-01-05 11:55:00+00:00,0.006904831539422772,0.004801722409952097,9830
1970-01-05 11:56:00+00:00,0.0037496214176836054,0.0017456439784956244,5798
1970-01-05 11:57:00+00:00,0.0038188825544600573,0.0017086682225206072,5254
1970-01-05 11:58:00+00:00,0.003723348488783909,0.0015823735998814036,3570
1970-01-05 11:59:00+00:00,0.003267378191240172,0.0013753272891473955,4300
1970-01-05 12:00:00+00:00,0.006872678537205466,0.004830545896250881,9830
1970-01-05 12:01:00+00:00,0.004291198444075926,0.0018302891185116605,5279
1970-01-05 12:02:00+00:00,0.004147044731598908,0.00152991023644078,4598
1970-01-05 12:03:00+00:00,0.003297976563092726,0.001405605466584248,4791
1970-01-05 12:04:00+00:00,0.005432977858025273,0.001534082184994102,5841
1970-01-05 12:05:00+00:00,0.007052426933015398,0.004865612153765659,9830
1970-01-05 12:06:00+00:00,0.0033370722895083205,0.0014886690359093807,3758
1970-01-05 12:07:00+00:00,0.00322369527456099,0.0015567617170035226,4085
1970-01-05 12:08:00+00:00,0.00313499953729193,0.001379918230665429,4073
1970-01-05 12:09:00+00:00,0.002340220956096392,0.0009768549225659118,4036
1970-01-05 12:10:00+00:00,0.006978767411406655,0.00482399693933422,9832
1970-01-05 12:11:00+00:00,0.0033165508947467347,0.0017492839178393285,4585
1970-01-05 12:12:00+00:00,0.0028283889514940205,0.0015575326444961283,3476
1970-01-05 12:13:00+00:00,0.003643453494990457,0.0017766731875373137,4706
1970-01-05 12:14:00+00:00,0.0034221431479423115,0.0013373654357138793,5151
1970-01-05 12:15:00+00:00,0.006970882693629965,0.004811763102124472,9832
1970-01-05 12:16:00+00:00,0.0035821558129533163,0.0017110097470124104,4248
1970-01-05 12:17:00+00:00,0.004323304955579991,0.0021750021312697096,4301
1970-01-05 12:18:00+00:00,0.003148900680611586,0.001662950589295218,4587
1970-01-05 12:19:00+00:00,0.0032206133907948923,0.0015530987255452135,6118
1970-01-05 12:20:00+00:00,0.006997717830569053,0.004828291430754626,9832
1970-01-05 12:21:00+00:00,0.004191395052228196,0.002262466402932675,4801
1970-01-05 12:22:00+00:00,0.0036964777892740104,0.0019283904836556191,4619
1970-01-05 12:23:00+00:00,0.0030272898399242836,0.0015478956345040013,5601
1970-01-05 12:24:00+00:00,0.0027886121656587708,0.001267474163202649,4667
1970-01-05 12:25:00+00:00,0.006996389860431616,0.004826907222396188,9833
1970-01-05 12:26:00+00:00,0.0032660521479344765,0.0016816052857621308,3701
1970-01-05 12:27:00+00:00,0.0034383278547014564,0.0018541476004464244,5444
1970-01-05 12:28:00+00:00,0.0026411866378766263,0.00147509636781966,4673
1970-01-05 12:29:00+00:00,0.002389013312778859,0.001020582633517236,4496
1970-01-05 12:30:00+00:00,0.006999124270618773,0.004845258223664922,9831
1970-01-05 12:31:00+00:00,0.003252384056942072,0.0016455929215737292,3931
1970-01-05 12:32:00+00:00,0.003217360414230973,0.0015436434749624367,4154
1970-01-05 12:33:00+00:00,0.0032005002245663505,0.0014674929059641994,3477
1970-01-05 12:34:00+00:00,0.0033145615755362005,0.0014557694534014331,3832
1970-01-05 12:35:00+00:00,0.007040416098149034,0.00485005114651199,9829
1970-01-05 12:36:00+00:00,0.003557764270755675,0.0018634216185802214,5043
1970-01-05 12:37:00+00:00,0.0037613091039809233,0.0017468446329263036,3750
1970-01-05 12:38:00+00:00,0.003774071571491384,0.0016951127924132864,3977
1970-01-05 12:39:00+00:00,0.003159028426002574,0.0014232319342411474,4290
1970-01-05 12:40:00+00:00,0.006830247678309346,0.004849851803891739,9828
1970-01-05 12:41:00+00:00,0.00403695713579877,0.0019036975623372596,4746
1970-01-05 12:42:00+00:00,0.003546347843816002,0.0017174209522782438,3963
1970-01-05 12:43:00+00:00,0.0030392538950390615,0.0014988789101194318,4084
1970-01-05 12:44:00+00:00,0.0029131734246266284,0.0013431806306306588,3780
1970-01-05 12:45:00+00:00,0.006754246610115602,0.004804636747391134,9826
1970-01-05 12:46:00+00:00,0.0029739898267988982,0.001266856522675929,3847
1970-01-05 12:47:00+00:00,0.0034264068452683825,0.001449191384267342,3082
1970-01-05 12:48:00+00:00,0.003020628457936426,0.001396570471430963,3883
1970-01-05 12:49:00+00:00,0.003358441761779547,0.0012529761426317127,4131
1970-01-05 12:50:00+00:00,0.006884201645302814,0.0048164745686644,9822
1970-01-05 12:51:00+00:00,0.005418772533751009,0.0015455706392092923,4739
1970-01-05 12:52:00+00:00,0.008083513332593575,0.0016414297291822927,4718
1970-01-05 12:53:00+00:00,0.003997878425406334,0.0014087277755250372,4614
1970-01-05 12:54:00+00:00,0.0037721602848020176,0.0013795916809217319,4567
1970-01-05 12:55:00+00:00,0.007035178619756822,0.004822680855920462,9823
1970-01-05 12:56:00+00:00,0.0027465521173358444,0.0011320069645380576,3601
1970-01-05 12:57:00+00:00,0.0031661235857302797,0.00159716348126465,4492
1970-01-05 12:58:00+00:00,0.0030368536262818896,0.0011241379504185504,3437
1970-01-05 12:59:00+00:00,0.0021774536813633895,0.0012616807095065284,5510
1970-01-05 13:00:00+00:00,0.0069815293422139145,0.004799050667672902,9823
1970-01-05 13:01:00+00:00,0.0032445053104339927,0.001474903990505472,3803
1970-01-05 13:02:00+00:00,0.002568402212968073,0.0012795175854924698,4663
1970-01-05 13:03:00+00:00,0.002558968528378989,0.001167040019371227,4247
1970-01-05 13:04:00+00:00,0.002452573256495765,0.000869713067450935,3315
1970-01-05 13:05:00+00:00,0.006987368793803953,0.004787427351953597,9825
1970-01-05 13:06:00+00:00,0.0029356905392238127,0.0012960909644719972,3543
1970-01-05 13:07:00+00:00,0.0026131045294670407,0.0011525677156078674,3834
1970-01-05 13:08:00+00:00,0.0024389443879592222,0.0010437617405396709,4627
1970-01-05 13:09:00+00:00,0.0024226651085590147,0.0009698451416968758,3957
1970-01-05 13:10:00+00:00,0.006795341510013325,0.004762563055582146,9825
1970-01-05 13:11:00+00:00,0.0029979393253815965,0.001277128474336794,4827
1970-01-05 13:12:00+00:00,0.002640401173183349,0.0013383161564596547,4476
1970-01-05 13:13:00+00:00,0.002503341028636286,0.0009372144887357902,4315
1970-01-05 13:14:00+00:00,0.002593047141583783,0.001314533240762868,3420
1970-01-05 13:15:00+00:00,0.0068266921145241745,0.004742356069330521,9826
1970-01-05 13:16:00+00:00,0.0029300370509593317,0.001330002906064315,4311
1970-01-05 13:17:00+00:00,0.002374995134421556,0.0010759056244200572,5170
1970-01-05 13:18:00+00:00,0.0021405079657825237,0.0009060799623295473,5042
1970-01-05 13:19:00+00:00,0.002237186924679885,0.0011091003761933098,5772
1970-01-05 13:20:00+00:00,0.006831276732180445,0.004757287614050572,9825
1970-01-05 13:21:00+00:00,0.0036181882192582115,0.0018873653006399958,5311
1970-01-05 13:22:00+00:00,0.0023040965616551315,0.0010941508572502414,5044
1970-01-05 13:23:00+00:00,0.0021038419783209884,0.0011393606596480455,5994
1970-01-05 13:24:00+00:00,0.002041601337686257,0.0008108004890583749,4565
1970-01-05 13:25:00+00:00,0.006751700900750811,0.004734255638487487,9823
1970-01-05 13:26:00+00:00,0.002706951085247996,0.0012266725075307592,4518
1970-01-05 13:27:00+00:00,0.0030157637471110044,0.001828265305884161,5977
1970-01-05 13:28:00+00:00,0.0027548434164533066,0.0015909429147674082,5216
1970-01-05 13:29:00+00:00,0.0027083615419441092,0.0011570977960459934,3469
1970-01-05 13:30:00+00:00,0.006796079465377431,0.00480233111414151,9821
1970-01-05 13:31:00+00:00,0.003234008897398173,0.0014244339264645424,3742
1970-01-05 13:32:00+00:00,0.002786891100258877,0.0016886758237777736,5327
1970-01-05 13:33:00+00:00,0.003445272599159274,0.0017005880907082372,4004
1970-01-05 13:34:00+00:00,0.0027816951916566864,0.0010281421255168815,3842
1970-01-05 13:35:00+00:00,0.006853678232055085,0.004772113442337588,9821
1970-01-05 13:36:00+00:00,0.002906952143632255,0.0011321689503030257,4593
1970-01-05 13:37:00+00:00,0.002575599231812427,0.0013254980558805307,4877
1970-01-05 13:38:00+00:00,0.002984559963621026,0.0016625196357197035,4545
1970-01-05 13:39:00+00:00,0.003373711273506042,0.001674339797219907,5356
1970-01-05 13:40:00+00:00,0.006753853072475442,0.004696843168806036,9822
1970-01-05 13:41:00+00:00,0.003824338855014921,0.0019074792249335168,5434
1970-01-05 13:42:00+00:00,0.003181283558752168,0.0018700781776344831,5007
1970-01-05 13:43:00+00:00,0.002536271702159541,0.0011155534132816008,4679
1970-01-05 13:44:00+00:00,0.002599762028253004,0.0011653284683348873,4715
1970-01-05 13:45:00+00:00,0.006695316459721139,0.004701011283244491,9822
1970-01-05 13:46:00+00:00,0.0028049099132514328,0.0013818585483789745,6012
1970-01-05 13:47:00+00:00,0.002714340105045807,0.0014744707032109678,5962
1970-01-05 13:48:00+00:00,0.002291224495554293,0.0013153870589118965,4923
1970-01-05 13:49:00+00:00,0.002419682221313225,0.000978363878815581,3933
1970-01-05 13:50:00+00:00,0.007062146380954446,0.004756583243447687,9825
1970-01-05 13:51:00+00:00,0.0033044866135561028,0.0017920961970327703,6343
1970-01-05 13:52:00+00:00,0.0026993777565306825,0.0011794570922009848,4049
1970-01-05 13:53:00+00:00,0.0033672128072178304,0.0017566967286525357,4990
1970-01-05 13:54:00+00:00,0.002842603893877999,0.0015027940082747908,4781
1970-01-05 13:55:00+00:00,0.007094947409258976,0.004762097626662309,9827
1970-01-05 13:56:00+00:00,0.0023606090908206276,0.001083292578447295,5455
1970-01-05 13:57:00+00:00,0.002495487493444973,0.001123165602923041,5148
1970-01-05 13:58:00+00:00,0.0028599575598828755,0.001287505910517851,2904
1970-01-05 13:59:00+00:00,0.0023513782020204233,0.0009265664833873952,3374
1970-01-05 14:00:00+00:00,0.006854628006211113,0.004779002300921379,9827
1970-01-05 14:01:00+00:00,0.0036328445155371044,0.0015303014864225754,5685
1970-01-05 14:02:00+00:00,0.0026211651550838433,0.0010004865430767894,4574
1970-01-05 14:03:00+00:00,0.0029341984384127573,0.0011188842851459085,3270
1970-01-05 14:04:00+00:00,0.002640666063320761,0.001182391929736023,4121
1970-01-05 14:05:00+00:00,0.006856612392641209,0.00480284918127539,9825
1970-01-05 14:06:00+00:00,0.002793792241935583,0.0012198343837383603,5274
1970-01-05 14:07:00+00:00,0.002653264380120598,0.0011605806605464227,4758
1970-01-05 14:08:00+00:00,0.0028595368178744177,0.001316023316183596,4004
1970-01-05 14:09:00+00:00,0.0026235280002237693,0.0009906000836717018,3941
1970-01-05 14:10:00+00:00,0.006716235909498466,0.004791874261021764,9822
1970-01-05 14:11:00+00:00,0.002867598606945843,0.001125693195851395,4668
1970-01-05 14:12:00+00:00,0.00253910326994771,0.0010160196209522945,4335
1970-01-05 14:13:00+00:00,0.003323081548893312,0.0014596677661247459,3341
1970-01-05 14:14:00+00:00,0.003540100998618976,0.0015870230335767663,3697
1970-01-05 14:15:00+00:00,0.006762316614143681,0.004775448354642182,9822
1970-01-05 14:16:00+00:00,0.002898708120730128,0.001257670883139874,5146
1970-01-05 14:17:00+00:00,0.0024055267821238894,0.001035044627067215,4882
1970-01-05 14:18:00+00:00,0.00281646093050798,0.001299842922254582,4545
1970-01-05 14:19:00+00:00,0.0031646785338633457,0.001219984143163783,3431
1970-01-05 14:20:00+00:00,0.006688910495844683,0.004769741850077543,9825
1970-01-05 14:21:00+00:00,0.003317935254373403,0.0014800272005403492,4110
1970-01-05 14:22:00+00:00,0.0034243531555203134,0.0015751241562606555,4611
1970-01-05 14:23:00+00:00,0.0028614538324114418,0.0012261370120340252,4999
1970-01-05 14:24:00+00:00,0.0027971387351546557,0.0012293083558713215,4020
1970-01-05 14:25:00+00:00,0.006692945736619693,0.0047852722516840435,9825
1970-01-05 14:26:00+00:00,0.0037854261416454776,0.0015577818743115776,3287
1970-01-05 14:27:00+00:00,0.0030263192910965665,0.001344621832904921,4860
1970-01-05 14:28:00+00:00,0.002853237394713752,0.0015546599081667886,6263
1970-01-05 14:29:00+00:00,0.002899266035433942,0.001244577918470546,3958
1970-01-05 14:30:00+00:00,0.0067893885366754,0.004776505154967909,9830
1970-01-05 14:31:00+00:00,0.0036510928454773664,0.0017839175682616579,4354
1970-01-05 14:32:00+00:00,0.003605120445750913,0.0016581141921790366,3962
1970-01-05 14:33:00+00:00,0.004680318199524328,0.0017641928551792945,5625
1970-01-05 14:34:00+00:00,0.00360637092415024,0.0013509290183291714,4694
1970-01-05 14:35:00+00:00,0.006822948571541419,0.00477820915414112,9829
1970-01-05 14:36:00+00:00,0.0029068694211674692,0.0015427132374298549,3928
1970-01-05 14:37:00+00:00,0.0035018765069300705,0.0015336388305992646,4350
1970-01-05 14:38:00+00:00,0.003518118569793162,0.0013158802926465118,3711
1970-01-05 14:39:00+00:00,0.002844261719799542,0.001267630887601519,3925
1970-01-05 14:40:00+00:00,0.006698109978327434,0.00476621875116856,9830
1970-01-05 14:41:00+00:00,0.004048094616135037,0.0019194094694203103,4818
1970-01-05 14:42:00+00:00,0.003957113203756397,0.001553368763086512,6586
1970-01-05 14:43:00+00:00,0.003074638515220015,0.0010301055024598336,5221
1970-01-05 14:44:00+00:00,0.004999014547541157,0.0013819422933640428,4644
1970-01-05 14:45:00+00:00,0.006718557196169223,0.004695787546400301,9831
1970-01-05 14:46:00+00:00,0.0035097756658078604,0.001582475471656033,5870
1970-01-05 14:47:00+00:00,0.0027855611501299655,0.0016512868887915905,4732
1970-01-05 14:48:00+00:00,0.001860217494008261,0.0007882951542400354,4743
1970-01-05 14:49:00+00:00,0.002898995182227354,0.0013239886638631644,4585
1970-01-05 14:50:00+00:00,0.00640921623354246,0.004637227158336808,9832
1970-01-05 14:51:00+00:00,0.004003501273066745,0.0017939841082062632,5375
1970-01-05 14:52:00+00:00,0.002759817714745667,0.0013391355210214456,5862
1970-01-05 14:53:00+00:00,0.0037665580284927,0.0017388583003549159,5535
1970-01-05 14:54:00+00:00,0.003013549801907789,0.0009818711789279172,4084
1970-01-05 14:55:00+00:00,0.006194751498964988,0.004619941857818215,9830
1970-01-05 14:56:00+00:00,0.002644561143558754,0.0014839385144337863,4535
1970-01-05 14:57:00+00:00,0.002666473815875723,0.0011709324019140471,5766
1970-01-05 14:58:00+00:00,0.0021260281046755407,0.0012585082088208586,5930
1970-01-05 14:59:00+00:00,0.0020771554261165663,0.0011763800109951077,4842
1970-01-05 15:00:00+00:00,0.005751252489944917,0.004535241936780223,9829
1970-01-05 15:01:00+00:00,0.0029379438723505184,0.0013541696892191905,4041
1970-01-05 15:02:00+00:00,0.002403644580481866,0.0012297690930280724,4361
1970-01-05 15:03:00+00:00,0.0027670008404988167,0.00106275450460857,4907
1970-01-05 15:04:00+00:00,0.0020880888844224304,0.0010468138652501417,3422
1970-01-05 15:05:00+00:00,0.0066491968126481974,0.00461083212235595,9828
1970-01-05 15:06:00+00:00,0.00197019375526441,0.0008217307282598272,4090
1970-01-05 15:07:00+00:00,0.0036971203492868186,0.0016251061091141863,3686
1970-01-05 15:08:00+00:00,0.0027262122617248076,0.0012825774174544293,3160
1970-01-05 15:09:00+00:00,0.0029663860714497837,0.0011734587082225518,2266
1970-01-05 15:10:00+00:00,0.006834320047208999,0.0047049573656848314,9827
1970-01-05 15:11:00+00:00,0.0036485884426894367,0.0016344525802756966,4147
1970-01-05 15:12:00+00:00,0.002262201338495358,0.0009530212435540517,4397
1970-01-05 15:13:00+00:00,0.002214661569622209,0.000981698057773876,3008
1970-01-05 15:14:00+00:00,0.00228839619430281,0.001122475866829391,3910
1970-01-05 15:15:00+00:00,0.00662628134239506,0.004601704513893178,9828
1970-01-05 15:16:00+00:00,0.002938161919305511,0.0011900056892150377,4261
1970-01-05 15:17:00+00:00,0.0029326398535461664,0.0012549941399255782,3287
1970-01-05 15:18:00+00:00,0.002827637184610771,0.00139597409107161,4425
1970-01-05 15:19:00+00:00,0.0025644616467769862,0.001227182575407158,4719
1970-01-05 15:20:00+00:00,0.006541649103804713,0.004604269750738738,9824
1970-01-05 15:21:00+00:00,0.002711135206870646,0.001420406792597037,5625
1970-01-05 15:22:00+00:00,0.0021682864141806205,0.0011045212839799305,5012
1970-01-05 15:23:00+00:00,0.0026693218555905946,0.001238261289869742,5548
1970-01-05 15:24:00+00:00,0.0019347781369721654,0.0008292125288635406,4994
1970-01-05 15:25:00+00:00,0.006490824473421365,0.004531872782010307,9829
1970-01-05 15:26:00+00:00,0.0026311069656707923,0.001279230096418703,5832
1970-01-05 15:27:00+00:00,0.002672919634665436,0.0015083601911315698,6344
1970-01-05 15:28:00+00:00,0.002900456549220312,0.0015017401312639059,5378
1970-01-05 15:29:00+00:00,0.003026445562981367,0.0012604631283598337,5890
1970-01-05 15:30:00+00:00,0.006516355374259891,0.004582939180553201,9834
1970-01-05 15:31:00+00:00,0.0033439250792394477,0.001558168835392542,4939
1970-01-05 15:32:00+00:00,0.0034165234559193867,0.0014848688175321788,4474
1970-01-05 15:33:00+00:00,0.0033932291757496993,0.0015557622349966218,4968
1970-01-05 15:34:00+00:00,0.0030078243270234687,0.0013622012001232471,5616
1970-01-05 15:35:00+00:00,0.006487919632821995,0.004596270997369413,9830
1970-01-05 15:36:00+00:00,0.0031479326552935243,0.0013454293071172398,5178
1970-01-05 15:37:00+00:00,0.002643247007798517,0.001478843398699532,6213
1970-01-05 15:38:00+00:00,0.0029283464570884123,0.0013897229842907421,5291
1970-01-05 15:39:00+00:00,0.0029218475655822455,0.0014493008213025363,4926
1970-01-05 15:40:00+00:00,0.0065239529003601315,0.004657794288877358,9830
1970-01-05 15:41:00+00:00,0.003361511837789154,0.0015179926242543714,4593
1970-01-05 15:42:00+00:00,0.003060425348527997,0.0015407152031347933,6118
1970-01-05 15:43:00+00:00,0.0031133759036829603,0.001242417558901183,5509
1970-01-05 15:44:00+00:00,0.0033535281610646743,0.0012796104770817153,3974
1970-01-05 15:45:00+00:00,0.006595711318845166,0.0047009675494318875,9828
1970-01-05 15:46:00+00:00,0.0035183783553803497,0.0015524767119461152,3424
1970-01-05 15:47:00+00:00,0.002729075180909378,0.0012909141187470588,5198
1970-01-05 15:48:00+00:00,0.0027739012854920476,0.0012483478296550145,4649
1970-01-05 15:49:00+00:00,0.00284775338575429,0.0012348033118288113,4458
1970-01-05 15:50:00+00:00,0.006531115619912849,0.004631590770256947,9825
1970-01-05 15:51:00+00:00,0.002636295346657688,0.0011499626320476137,4649
1970-01-05 15:52:00+00:00,0.0024030355487887423,0.0009408005832755667,3784
1970-01-05 15:53:00+00:00,0.0024653929721152245,0.00099508773935526,3024
1970-01-05 15:54:00+00:00,0.0018330613376927969,0.0006708516038740585,3245
1970-01-05 15:55:00+00:00,0.006477751991425673,0.004657408563374157,9828
1970-01-05 15:56:00+00:00,0.003167841604363292,0.0014326450840794927,3567
1970-01-05 15:57:00+00:00,0.003137731073377397,0.0013429442919260183,3482
1970-01-05 15:58:00+00:00,0.002251652921607701,0.0008292405720406132,3094
1970-01-05 15:59:00+00:00,0.003480866542616466,0.0016005969868974593,4727
1970-01-05 16:00:00+00:00,0.0063141052991161515,0.004603694082215111,9829
1970-01-05 16:01:00+00:00,0.0025727125951925858,0.0011466179852494646,5543
1970-01-05 16:02:00+00:00,0.0025261525074155994,0.001161221620388795,3910
1970-01-05 16:03:00+00:00,0.0031748878010738465,0.0013539028024294381,4093
1970-01-05 16:04:00+00:00,0.002782532750845328,0.0008722558139175054,4388
1970-01-05 16:05:00+00:00,0.00639968254685121,0.004611935058358951,9831
1970-01-05 16:06:00+00:00,0.004553784984109214,0.0014767979496085506,4724
1970-01-05 16:07:00+00:00,0.003802022144831198,0.001375420295575944,4377
1970-01-05 16:08:00+00:00,0.002801255962020966,0.001456810880434965,4246
1970-01-05 16:09:00+00:00,0.004017311693026867,0.0022640527763629842,4405
1970-01-05 16:10:00+00:00,0.006263698444507957,0.004643753858903279,9830
1970-01-05 16:11:00+00:00,0.0031461694334038526,0.0015708234937723672,4689
1970-01-05 16:12:00+00:00,0.0056771568798037,0.0020237312121872903,3512
1970-01-05 16:13:00+00:00,0.0033058679454384893,0.0015841359774544368,4085
1970-01-05 16:14:00+00:00,0.0036945400064416186,0.0020190043629223432,3951
1970-01-05 16:15:00+00:00,0.005939714796584812,0.0045971814086775845,9829
1970-01-05 16:16:00+00:00,0.002764421959185428,0.0012203820323777104,5818
1970-01-05 16:17:00+00:00,0.0025116223991659887,0.00127667648521328,4492
1970-01-05 16:18:00+00:00,0.002691176890024347,0.0012976909340066702,4460
1970-01-05 16:19:00+00:00,0.0027180167417892817,0.0011848729063983609,4714
1970-01-05 16:20:00+00:00,0.00618675608864002,0.004620059114279589,9829
1970-01-05 16:21:00+00:00,0.003569717890263787,0.0016037189353643976,5365
1970-01-05 16:22:00+00:00,0.0038914397917309434,0.0017882730255023693,3797
1970-01-05 16:23:00+00:00,0.0029382369574583985,0.0013605500518234473,4022
1970-01-05 16:24:00+00:00,0.0034036540336205836,0.0015432756941699832,4038
1970-01-05 16:25:00+00:00,0.0062359943209972105,0.00461756113656723,9826
1970-01-05 16:26:00+00:00,0.002937676340226987,0.0013443381489005558,4796
1970-01-05 16:27:00+00:00,0.0032436535110203,0.0014835927668388506,4790
1970-01-05 16:28:00+00:00,0.0031995107985679566,0.0014926574217197306,4188
1970-01-05 16:29:00+00:00,0.0030041040661846425,0.0012370761355883135,3407
1970-01-05 16:30:00+00:00,0.006115055214466177,0.004575795050006018,9825
1970-01-05 16:31:00+00:00,0.004041937950904955,0.0016548047829455827,4943
1970-01-05 16:32:00+00:00,0.00368599650797088,0.0015617981053268162,3586
1970-01-05 16:33:00+00:00,0.002536378309072802,0.0012030422526228394,3909
1970-01-05 16:34:00+00:00,0.0024730968649900893,0.001214333412102282,4059
1970-01-05 16:35:00+00:00,0.00633587558175,0.004615495200606893,9821
1970-01-05 16:36:00+00:00,0.0032816278480658507,0.0014953957262718823,3794
1970-01-05 16:37:00+00:00,0.004583246201416691,0.002016116685710606,3401
1970-01-05 16:38:00+00:00,0.003041895672871605,0.0013070152072574104,3788
1970-01-05 16:39:00+00:00,0.004870093502328853,0.002301146141203702,4110
1970-01-05 16:40:00+00:00,0.006495406216970323,0.004632853246307768,9824
1970-01-05 16:41:00+00:00,0.004093330289882179,0.0019890440247989144,5357
1970-01-05 16:42:00+00:00,0.004543283457009333,0.0017549178350318299,6028
1970-01-05 16:43:00+00:00,0.0028089399323238244,0.001243064341780009,5068
1970-01-05 16:44:00+00:00,0.003028336152542718,0.001075134037356446,3995
1970-01-05 16:45:00+00:00,0.006467411938159427,0.004650893398434514,9829
1970-01-05 16:46:00+00:00,0.0029928926701731653,0.001363128707310584,4610
1970-01-05 16:47:00+00:00,0.0029693053211011407,0.0011569574114057228,4528
1970-01-05 16:48:00+00:00,0.0023069604166539286,0.0008932522847743365,4134
1970-01-05 16:49:00+00:00,0.0029321171942382025,0.0008266633679164136,2938
1970-01-05 16:50:00+00:00,0.00626397996082328,0.004628183802321008,9827
1970-01-05 16:51:00+00:00,0.0035849100103025246,0.0013640228290581792,3249
1970-01-05 16:52:00+00:00,0.0028813267835272466,0.0010459301958734878,3264
1970-01-05 16:53:00+00:00,0.0024778037549170965,0.0009971016984844736,2829
1970-01-05 16:54:00+00:00,0.0023207534090370595,0.0006869920062460801,2956
1970-01-05 16:55:00+00:00,0.006024627184002372,0.004562756639739976,9827
1970-01-05 16:56:00+00:00,0.00317429714801023,0.0014965972694915538,4082
1970-01-05 16:57:00+00:00,0.0033220421803181167,0.0014113212647701738,3347
1970-01-05 16:58:00+00:00,0.0031506148129617655,0.0011328010027042794,3138
1970-01-05 16:59:00+00:00,0.0024612356499848797,0.000976368987182687,2866
1970-01-05 17:00:00+00:00,0.006099867230935305,0.004615270427485745,9827
1970-01-05 17:01:00+00:00,0.003533512415841031,0.0016199470601173408,3326
1970-01-05 17:02:00+00:00,0.002846547487394126,0.001283172159267659,3063
1970-01-05 17:03:00+00:00,0.002386984787433163,0.0011151651124767371,3123
1970-01-05 17:04:00+00:00,0.00306132636996524,0.0011337811131046916,3969
1970-01-05 17:05:00+00:00,0.006113571877294383,0.004608741999511217,9824
1970-01-05 17:06:00+00:00,0.0033283256103505037,0.001540948233235074,5274
1970-01-05 17:07:00+00:00,0.003296257926098752,0.0012583510654419908,4765
1970-01-05 17:08:00+00:00,0.0030046388996523097,0.0010631639993089813,4216
1970-01-05 17:09:00+00:00,0.0034446547229893994,0.0013004872773733954,3246
1970-01-05 17:10:00+00:00,0.006146895537576945,0.004676521461335486,9818
1970-01-05 17:11:00+00:00,0.003632253381048552,0.0014643932885816916,3723
1970-01-05 17:12:00+00:00,0.003343127133077563,0.001690639931932005,4318
1970-01-05 17:13:00+00:00,0.0026256365292783405,0.00123361042788911,3543
1970-01-05 17:14:00+00:00,0.0025444985282825727,0.0012271813078009533,4031
1970-01-05 17:15:00+00:00,0.006085127078724151,0.0045897850218820455,9818
1970-01-05 17:16:00+00:00,0.00351557837679515,0.00149059605951954,4350
1970-01-05 17:17:00+00:00,0.003071722358368058,0.0012587566397532525,4217
1970-01-05 17:18:00+00:00,0.0031153526617065906,0.0012846230643539973,3784
1970-01-05 17:19:00+00:00,0.0031064371130251948,0.001233355085881245,4531
1970-01-05 17:20:00+00:00,0.006205235025538899,0.0046169117931000965,9819
1970-01-05 17:21:00+00:00,0.002866283412951255,0.0013133553036174873,4048
1970-01-05 17:22:00+00:00,0.0025364289663096793,0.0013504907484961604,5361
1970-01-05 17:23:00+00:00,0.0022841024010836646,0.0012745435909580782,5771
1970-01-05 17:24:00+00:00,0.00222826786002056,0.0009512466111702179,4626
1970-01-05 17:25:00+00:00,0.006172444286455637,0.004594888368684523,9818
1970-01-05 17:26:00+00:00,0.0037720119976376353,0.001952360705133565,6114
1970-01-05 17:27:00+00:00,0.0032303105905125856,0.0015261173575924155,4651
1970-01-05 17:28:00+00:00,0.0028158584377390274,0.0013002098306249827,4301
1970-01-05 17:29:00+00:00,0.0026409581309985186,0.0010214013247124391,4305
1970-01-05 17:30:00+00:00,0.006093593892331474,0.004557625221305508,9818
1970-01-05 17:31:00+00:00,0.004219674930004595,0.0016125970727824913,4985
1970-01-05 17:32:00+00:00,0.003159380886477803,0.0013618344491286016,5872
1970-01-05 17:33:00+00:00,0.003006239979706374,0.0013308525888475725,5271
1970-01-05 17:34:00+00:00,0.0024435341211426964,0.001145260375107086,6259
1970-01-05 17:35:00+00:00,0.005949696048026166,0.004515503112879613,9828
1970-01-05 17:36:00+00:00,0.003192709094528431,0.0014833163779002186,5228
1970-01-05 17:37:00+00:00,0.0026138740796241224,0.001139342466815699,5261
1970-01-05 17:38:00+00:00,0.002803368313647903,0.0011806868707216155,4918
1970-01-05 17:39:00+00:00,0.0019941361503336107,0.0008198549550559416,5096
1970-01-05 17:40:00+00:00,0.006098136848514761,0.004574772827530676,9832
1970-01-05 17:41:00+00:00,0.0029399079093354228,0.0013229921969451083,5009
1970-01-05 17:42:00+00:00,0.0019480377747517225,0.0008080666731647675,4520
1970-01-05 17:43:00+00:00,0.003026730757123099,0.0010328727194248762,3911
1970-01-05 17:44:00+00:00,0.003389268772565296,0.0013960893218943114,4368
1970-01-05 17:45:00+00:00,0.0060427117115446505,0.004576849140364774,9837
1970-01-05 17:46:00+00:00,0.00352392489193406,0.001398311217138364,4201
1970-01-05 17:47:00+00:00,0.00331170401702056,0.001360817316416147,3812
1970-01-05 17:48:00+00:00,0.0032416976042810557,0.0011786854206608027,2832
1970-01-05 17:49:00+00:00,0.002883431502955053,0.0009437556878580662,2638
1970-01-05 17:50:00+00:00,0.006262670542931496,0.0046674104995423375,9838
1970-01-05 17:51:00+00:00,0.003810895506001444,0.0014094703327113406,4571
1970-01-05 17:52:00+00:00,0.004182403409492237,0.0017425958649021159,3639
1970-01-05 17:53:00+00:00,0.002862422100612856,0.0012507835442099886,4132
1970-01-05 17:54:00+00:00,0.002903135140252978,0.0009913221475921646,2818
1970-01-05 17:55:00+00:00,0.006121068829947161,0.004685139507400692,9837
1970-01-05 17:56:00+00:00,0.0035120950678527493,0.0018468071086581875,4818
1970-01-05 17:57:00+00:00,0.003729535060840279,0.001598036720580586,3417
1970-01-05 17:58:00+00:00,0.002722892463468138,0.0012463499235626826,3626
1970-01-05 17:59:00+00:00,0.003237473835531531,0.0014029456630947168,4716
1970-01-05 18:00:00+00:00,0.006055987696015305,0.00465042675222203,9839
1970-01-05 18:01:00+00:00,0.00392645038135263,0.0019169225615422718,4810
1970-01-05 18:02:00+00:00,0.0035345217535606667,0.0016648503755203404,4671
1970-01-05 18:03:00+00:00,0.0024234230239880135,0.0013107498296572018,4165
1970-01-05 18:04:00+00:00,0.0027851719666592166,0.0013046290825122655,4545
1970-01-05 18:05:00+00:00,0.006107622088986287,0.004660194184966499,9840
1970-01-05 18:06:00+00:00,0.0040744052059805275,0.002053140219699775,4272
1970-01-05 18:07:00+00:00,0.003510996612191891,0.0015549364857699178,4463
1970-01-05 18:08:00+00:00,0.0022304494989183795,0.0009655781392109156,4429
1970-01-05 18:09:00+00:00,0.0032391719968744926,0.0013493747254585346,4331
1970-01-05 18:10:00+00:00,0.006165497827697238,0.004639995207854134,9839
1970-01-05 18:11:00+00:00,0.0031334726938431184,0.001384152732410735,4653
1970-01-05 18:12:00+00:00,0.0027559193109840474,0.0013094714727190733,3639
1970-01-05 18:13:00+00:00,0.0028265039470059755,0.0012277696292256864,3592
1970-01-05 18:14:00+00:00,0.002380226216834078,0.0011933330789899712,3920
1970-01-05 18:15:00+00:00,0.006220706236919824,0.004617420450777882,9838
1970-01-05 18:16:00+00:00,0.0033443674611005536,0.0012548141981743924,6689
1970-01-05 18:17:00+00:00,0.003392400446626328,0.001345179174988465,5452
1970-01-05 18:18:00+00:00,0.003089277307464361,0.0015051747594468745,5343
1970-01-05 18:19:00+00:00,0.0026676709571205755,0.0010950088418482263,4761
1970-01-05 18:20:00+00:00,0.006286649577441603,0.004657886786821966,9838
1970-01-05 18:21:00+00:00,0.0028199358872803663,0.0014057305773471388,5485
1970-01-05 18:22:00+00:00,0.002783657190154793,0.0014625080814660574,5371
1970-01-05 18:23:00+00:00,0.0029596217915914035,0.0012725778638157273,4161
1970-01-05 18:24:00+00:00,0.0029797981728000187,0.0011070421598647314,4246
1970-01-05 18:25:00+00:00,0.006363024402201464,0.004661413479618736,9838
1970-01-05 18:26:00+00:00,0.0038529176191930913,0.00238740503160066,6353
1970-01-05 18:27:00+00:00,0.003137365461950175,0.0011369521235613282,5784
1970-01-05 18:28:00+00:00,0.002989796237026344,0.0010513456074931415,4723
1970-01-05 18:29:00+00:00,0.0027842740668517015,0.0011429964066787914,5145
1970-01-05 18:30:00+00:00,0.006324916007043484,0.004639597564051623,9823
1970-01-05 18:31:00+00:00,0.0031720580083852493,0.0013204207100390591,4288
1970-01-05 18:32:00+00:00,0.002452455116615732,0.000961444613667104,4528
1970-01-05 18:33:00+00:00,0.0023026665471415513,0.0011681337069922829,5370
1970-01-05 18:34:00+00:00,0.0024486052279766336,0.0011569211419600362,5028
1970-01-05 18:35:00+00:00,0.00621365001996102,0.004528569138964822,9819
1970-01-05 18:36:00+00:00,0.003371972960091954,0.0014255824173752495,4518
1970-01-05 18:37:00+00:00,0.0027513710274546977,0.0013525589801888518,5715
1970-01-05 18:38:00+00:00,0.0024498040557857374,0.0010218253573180194,5511
1970-01-05 18:39:00+00:00,0.002569776588429771,0.001006627995453435,4660
1970-01-05 18:40:00+00:00,0.006318674135748424,0.004574234033447264,9817
1970-01-05 18:41:00+00:00,0.0035297867547299084,0.0017971327769734375,4894
1970-01-05 18:42:00+00:00,0.0025237196157268846,0.001142603856665935,4147
1970-01-05 18:43:00+00:00,0.003471263141459621,0.00137085530399616,5230
1970-01-05 18:44:00+00:00,0.0025106765628632064,0.0011676853717838458,4204
1970-01-05 18:45:00+00:00,0.006225491187280265,0.004547495689042511,9812
1970-01-05 18:46:00+00:00,0.0029421344682688416,0.0015241340345917727,5279
1970-01-05 18:47:00+00:00,0.002705778906239691,0.0013439107406549029,5454
1970-01-05 18:48:00+00:00,0.0025264278659408467,0.0011724541603539563,5381
1970-01-05 18:49:00+00:00,0.0021729563127110313,0.0009866888107928455,5668
1970-01-05 18:50:00+00:00,0.006259337375743054,0.004552809054573329,9815
1970-01-05 18:51:00+00:00,0.002195349865369643,0.001069985707423839,5242
1970-01-05 18:52:00+00:00,0.0022657682986255037,0.000915227895317746,4707
1970-01-05 18:53:00+00:00,0.001939960070308481,0.0008653875539394163,4949
1970-01-05 18:54:00+00:00,0.0023032527338720087,0.0008854829800887448,4338
1970-01-05 18:55:00+00:00,0.006014594291303537,0.004513833415280214,9828
1970-01-05 18:56:00+00:00,0.0021852866652373065,0.0009096358441066379,4583
1970-01-05 18:57:00+00:00,0.0021885264895863277,0.0008512026478126044,4288
1970-01-05 18:58:00+00:00,0.002574959338370722,0.0008872145979827233,2957
1970-01-05 18:59:00+00:00,0.002488610407372774,0.0011617057252365974,4280
1970-01-05 19:00:00+00:00,0.0057467527985104365,0.004451828914507854,9832
1970-01-05 19:01:00+00:00,0.00394473292073511,0.0020437091909146603,4561
1970-01-05 19:02:00+00:00,0.004082675282883258,0.0015136996994465123,3259
1970-01-05 19:03:00+00:00,0.003120019614318899,0.0012995079791751974,3199
1970-01-05 19:04:00+00:00,0.002054724331421687,0.0005809880398900129,4318
1970-01-05 19:05:00+00:00,0.005069647665766873,0.004531627065342275,9834
1970-01-05 19:06:00+00:00,0.003879931815459764,0.0013455167896123063,3096
1970-01-05 19:07:00+00:00,0.0028103461149415272,0.0013194769758233219,3963
1970-01-05 19:08:00+00:00,0.00222973393982755,0.0011437430478773315,4889
1970-01-05 19:09:00+00:00,0.0018163375883077358,0.0006634405047256015,3962
1970-01-05 19:10:00+00:00,0.004718771290702257,0.00452044994963595,9830
1970-01-05 19:11:00+00:00,0.004690304529811782,0.0020730573183071477,4360
1970-01-05 19:12:00+00:00,0.003926200185277946,0.0017351915218796188,4482
1970-01-05 19:13:00+00:00,0.002403494691105741,0.0012067286494016455,5163
1970-01-05 19:14:00+00:00,0.0017142589363509345,0.000749897147842986,5567
1970-01-05 19:15:00+00:00,0.00472039935758855,0.004332848235037502,9820
1970-01-05 19:16:00+00:00,0.001837830232673369,0.0007037161668118523,4816
1970-01-05 19:17:00+00:00,0.0017009511158283812,0.0008152082803300979,5327
1970-01-05 19:18:00+00:00,0.002823618623801633,0.0007340110799519028,7445
1970-01-05 19:19:00+00:00,0.002042157527570048,0.0007149127732009074,7813
1970-01-05 19:20:00+00:00,0.005036177961048452,0.00420943106443692,9813
1970-01-05 19:21:00+00:00,0.001722996824070469,0.0010068878121573938,6464
1970-01-05 19:22:00+00:00,0.0010751984181853911,0.0007740639803702359,6507
1970-01-05 19:23:00+00:00,0.0022462635383120933,0.0008949012622557358,7430
1970-01-05 19:24:00+00:00,0.0024409024461206547,0.0008475992228303127,7632
1970-01-05 19:25:00+00:00,0.004807030515033274,0.004183881350864283,9806
1970-01-05 19:26:00+00:00,0.004675336620093075,0.0020265561495723793,5863
1970-01-05 19:27:00+00:00,0.003187401143069931,0.0015197743604027827,5860
1970-01-05 19:28:00+00:00,0.0029485638959584346,0.0014145560570170343,5600
1970-01-05 19:29:00+00:00,0.002767197230078028,0.0008130139326058688,3655
1970-01-05 19:30:00+00:00,0.005087964989534552,0.004387468024159908,9806
1970-01-05 19:31:00+00:00,0.002399321738275797,0.0009655829856307028,5294
1970-01-05 19:32:00+00:00,0.0025701119638814663,0.001134256281103396,4947
1970-01-05 19:33:00+00:00,0.002480321075453158,0.0013680617324031547,5540
1970-01-05 19:34:00+00:00,0.002229692250817193,0.0008186536959541399,5612
1970-01-05 19:35:00+00:00,0.005039765794063988,0.004333873952859841,9803
1970-01-05 19:36:00+00:00,0.005124157945071529,0.0020751886926769253,6858
1970-01-05 19:37:00+00:00,0.0028833047744343445,0.000986115775993178,4754
1970-01-05 19:38:00+00:00,0.00144045957799002,0.0007185057292196134,5324
1970-01-05 19:39:00+00:00,0.001313321063350938,0.0005854571880771045,5804
1970-01-05 19:40:00+00:00,0.004400043342932172,0.004106448092773381,9805
1970-01-05 19:41:00+00:00,0.002413810705841006,0.0012127161094997144,6861
1970-01-05 19:42:00+00:00,0.0030941349683283772,0.0014525444404329053,6952
1970-01-05 19:43:00+00:00,0.002435323584838747,0.0010763025462404222,6490
1970-01-05 19:44:00+00:00,0.001513028309755503,0.0008005551823295908,5553
1970-01-05 19:45:00+00:00,0.004893557221550644,0.004340614655760882,9803
1970-01-05 19:46:00+00:00,0.0020197790730870995,0.0007410231800841174,4414
1970-01-05 19:47:00+00:00,0.002656114392832376,0.0013397387480655176,6440
1970-01-05 19:48:00+00:00,0.0014645787528277732,0.0006802009845059881,6066
1970-01-05 19:49:00+00:00,0.0014224935650895146,0.0005343729595494236,6413
1970-01-05 19:50:00+00:00,0.004733802776977563,0.004222017100209444,9810
1970-01-05 19:51:00+00:00,0.004445630557167636,0.0021054729504202093,6111
1970-01-05 19:52:00+00:00,0.00286373902264939,0.0016090171184541036,6019
1970-01-05 19:53:00+00:00,0.0022452883327789995,0.0010089906168181922,5198
1970-01-05 19:54:00+00:00,0.0015089196333701322,0.0006376487750386314,5352
1970-01-05 19:55:00+00:00,0.004939132104465217,0.004347754631400122,9814
1970-01-05 19:56:00+00:00,0.0023371615124979186,0.0011319329660443662,5206
1970-01-05 19:57:00+00:00,0.0016404282119294972,0.0007103832187718286,4825
1970-01-05 19:58:00+00:00,0.0011733180035944375,0.0005835309656350602,4848
1970-01-05 19:59:00+00:00,0.001795849225315839,0.0005682553727809047,7004
1970-01-05 20:00:00+00:00,0.004796071624136484,0.004254013866368487,9803
1970-01-05 20:01:00+00:00,0.005422927612644646,0.002719033173332099,5267
1970-01-05 20:02:00+00:00,0.0038295517585475165,0.0022702919153765595,4593
1970-01-05 20:03:00+00:00,0.0021756633404561173,0.0009975879361549549,5892
1970-01-05 20:04:00+00:00,0.0019659690762275934,0.0007011465162556445,5062
1970-01-05 20:05:00+00:00,0.004578669113095937,0.0041732819730399716,9794
1970-01-05 20:06:00+00:00,0.0023376723357036557,0.0013150109284125952,6085
1970-01-05 20:07:00+00:00,0.0039016586709215485,0.0021287681327100327,6503
1970-01-05 20:08:00+00:00,0.0024568804608466415,0.0017152325418506578,5944
1970-01-05 20:09:00+00:00,0.0021235456105630412,0.000796868899813632,5444
1970-01-05 20:10:00+00:00,0.004731588238859512,0.004050458559118255,9795
1970-01-05 20:11:00+00:00,0.0017009854304373875,0.0009808824271838612,7646
1970-01-05 20:12:00+00:00,0.0016015570536645541,0.0009549251944509571,7182
1970-01-05 20:13:00+00:00,0.0015354227738272905,0.0009150493191895944,7422
1970-01-05 20:14:00+00:00,0.0012129786132984174,0.0005764131805219744,7206
1970-01-05 20:15:00+00:00,0.004436042080407291,0.0038851390404219667,9791
1970-01-05 20:16:00+00:00,0.0018516047050004824,0.0009156296690560875,7467
1970-01-05 20:17:00+00:00,0.0026110895828899226,0.0010653828509628138,7460
1970-01-05 20:18:00+00:00,0.001992012995708694,0.0009236124260447247,7074
1970-01-05 20:19:00+00:00,0.0013431394885695944,0.000600138369606482,6636
1970-01-05 20:20:00+00:00,0.004551454481821559,0.0038766769724408374,9788
1970-01-05 20:21:00+00:00,0.003069427915272559,0.0016786775500951547,7012
1970-01-05 20:22:00+00:00,0.00138979330329482,0.0009127462723293088,6368
1970-01-05 20:23:00+00:00,0.002196815107817502,0.0007979264839566085,6795
1970-01-05 20:24:00+00:00,0.0011710715344569462,0.0005352562110055393,6837
1970-01-05 20:25:00+00:00,0.004348310119400002,0.003717321104488565,9788
1970-01-05 20:26:00+00:00,0.0036448359911284687,0.0009677086121833353,7253
1970-01-05 20:27:00+00:00,0.0021946236778283825,0.000805368263766578,7143
1970-01-05 20:28:00+00:00,0.002477417469024654,0.0010541474268986664,5648
1970-01-05 20:29:00+00:00,0.001361911120669414,0.000641927956520563,6068
1970-01-05 20:30:00+00:00,0.004566240998864628,0.003862540347677268,9790
1970-01-05 20:31:00+00:00,0.0023524898407441637,0.0011064355754404817,6546
1970-01-05 20:32:00+00:00,0.001150972078725963,0.0006993866350083669,6247
1970-01-05 20:33:00+00:00,0.0020957631048918943,0.0009275794716816438,7048
1970-01-05 20:34:00+00:00,0.0011476548315328622,0.0005763168413940162,4821
1970-01-05 20:35:00+00:00,0.004428006719217622,0.003819024081879255,9788
1970-01-05 20:36:00+00:00,0.001446313628599445,0.0006478267962020741,5622
1970-01-05 20:37:00+00:00,0.0032906379515061043,0.0009710492798709703,5167
1970-01-05 20:38:00+00:00,0.002732146624658371,0.0010509556700582729,7575
1970-01-05 20:39:00+00:00,0.0011749736257747842,0.0008228153305444919,5885
1970-01-05 20:40:00+00:00,0.0048747715998889865,0.0039008656164605288,9785
1970-01-05 20:41:00+00:00,0.004999173907783057,0.0020212413422570565,7278
1970-01-05 20:42:00+00:00,0.0020252623287537468,0.0008504281926397469,8474
1970-01-05 20:43:00+00:00,0.0016851956309261375,0.0006985311167353764,8098
1970-01-05 20:44:00+00:00,0.0017865890796104574,0.0007661878676291328,6775
1970-01-05 20:45:00+00:00,0.004506608314167204,0.003738878471866686,9780
1970-01-05 20:46:00+00:00,0.00412855241141004,0.0019875458934488634,5650
1970-01-05 20:47:00+00:00,0.00604705495469115,0.0028154023130875774,6951
1970-01-05 20:48:00+00:00,0.004622455266360368,0.0020222899968022263,8637
1970-01-05 20:49:00+00:00,0.0018764959975734684,0.0006577815881391005,5863
1970-01-05 20:50:00+00:00,0.005086914590688948,0.003650721081179516,9780
1970-01-05 20:51:00+00:00,0.002898815095701059,0.0012174210881896593,7423
1970-01-05 20:52:00+00:00,0.002550191889237705,0.0011589039663369963,7193
1970-01-05 20:53:00+00:00,0.001835444126775038,0.0009061527977174291,6846
1970-01-05 20:54:00+00:00,0.0015623920402339617,0.0006468734776870672,6624
1970-01-05 20:55:00+00:00,0.005074639249994397,0.003578803862870179,9780
1970-01-05 20:56:00+00:00,0.0034073033855532052,0.0017132097258626274,6251
1970-01-05 20:57:00+00:00,0.0031149341334345145,0.0016314513859057784,7151
1970-01-05 20:58:00+00:00,0.0011231536192486632,0.0007267550343423873,6949
1970-01-05 20:59:00+00:00,0.001558818828806362,0.0007359695943705748,7402
1970-01-05 21:00:00+00:00,0.005357025110887555,0.003536004606601011,9778
1970-01-05 21:01:00+00:00,0.0025153054214585384,0.0014183752550409833,7747
1970-01-05 21:02:00+00:00,0.0024070309027307574,0.000994389095323673,7980
1970-01-05 21:03:00+00:00,0.001876245875559608,0.000816907340438565,7719
1970-01-05 21:04:00+00:00,0.0013921244483938522,0.0006398028968140843,6955
1970-01-05 21:05:00+00:00,0.0052923020400338005,0.0035135560676298272,9787
1970-01-05 21:06:00+00:00,0.0012245357272794297,0.0008489118121836583,7511
1970-01-05 21:07:00+00:00,0.002768139134930112,0.0017323895329070232,6770
1970-01-05 21:08:00+00:00,0.0015628213745157128,0.0012077765875956772,6297
1970-01-05 21:09:00+00:00,0.002338095589827211,0.0006779803073492561,7250
1970-01-05 21:10:00+00:00,0.00524696005323188,0.003523614366217954,9789
1970-01-05 21:11:00+00:00,0.002800766888579383,0.000950112910808496,6813
1970-01-05 21:12:00+00:00,0.0014548264607033572,0.0008647801976895174,8088
1970-01-05 21:13:00+00:00,0.0008840799374605307,0.0006594968499087849,7394
1970-01-05 21:14:00+00:00,0.001618252598962113,0.0006363377770712208,6781
1970-01-05 21:15:00+00:00,0.005209397299890928,0.003520502549794405,9789
1970-01-05 21:16:00+00:00,0.002821977520143496,0.0015663178429444233,7721
1970-01-05 21:17:00+00:00,0.003461703437775485,0.0017670925988725664,6598
1970-01-05 21:18:00+00:00,0.002210319417892565,0.001068547729393644,6587
1970-01-05 21:19:00+00:00,0.0014685109025315574,0.000751241405316385,7967
1970-01-05 21:20:00+00:00,0.005324255714713238,0.0035306010127628567,9792
1970-01-05 21:21:00+00:00,0.004143381977736462,0.0019724828042765744,7350
1970-01-05 21:22:00+00:00,0.0028005910420547263,0.0013753679920148823,6505
1970-01-05 21:23:00+00:00,0.0016969427462394323,0.0015064195490152108,7184
1970-01-05 21:24:00+00:00,0.001464682115313509,0.0011738563131035008,7404
1970-01-05 21:25:00+00:00,0.004989467562673982,0.003370219107026283,9793
1970-01-05 21:26:00+00:00,0.0022464241839004226,0.0013695857052606693,7691
1970-01-05 21:27:00+00:00,0.003142138980377009,0.0018049959430604563,8150
1970-01-05 21:28:00+00:00,0.0008670931286651612,0.000594294461205838,7364
1970-01-05 21:29:00+00:00,0.0012753971169294645,0.0006952288086065401,7741
1970-01-05 21:30:00+00:00,0.005073561973520389,0.0034771724403203086,9791
1970-01-05 21:31:00+00:00,0.0013368126570247882,0.0006777383251438473,7585
1970-01-05 21:32:00+00:00,0.0021122987974671577,0.00110499265309559,7238
1970-01-05 21:33:00+00:00,0.0035372107321161492,0.0013891973885083917,6624
1970-01-05 21:34:00+00:00,0.0023732197262120273,0.0011248338983352985,7348
1970-01-05 21:35:00+00:00,0.00501098048094787,0.0034720017514312126,9791
1970-01-05 21:36:00+00:00,0.004274498587006587,0.0023557991528611873,6630
1970-01-05 21:37:00+00:00,0.002276938259855418,0.0011889785819352518,7011
1970-01-05 21:38:00+00:00,0.0014406337553690095,0.0008763435691307041,7702
1970-01-05 21:39:00+00:00,0.0015862685869351975,0.0012512891020447286,8369
1970-01-05 21:40:00+00:00,0.00505539494818193,0.003555911769685894,9791
1970-01-05 21:41:00+00:00,0.0037833923156901953,0.0018348222652205997,6696
1970-01-05 21:42:00+00:00,0.002266954112851424,0.0011276474059712053,7245
1970-01-05 21:43:00+00:00,0.0021267845984365686,0.0010301220423496048,7214
1970-01-05 21:44:00+00:00,0.000978814363371331,0.000799712481599637,6099
1970-01-05 21:45:00+00:00,0.005116775215022422,0.0035938793871530214,9791
1970-01-05 21:46:00+00:00,0.0029826803122088917,0.0018470100534825858,5264
1970-01-05 21:47:00+00:00,0.0027211698989978187,0.001374413387918631,7404
1970-01-05 21:48:00+00:00,0.0007023538989385985,0.0008721982792896135,6569
1970-01-05 21:49:00+00:00,0.0007589196897170563,0.0005156982471840403,6652
1970-01-05 21:50:00+00:00,0.004997072044082706,0.003598788194395539,9793
1970-01-05 21:51:00+00:00,0.0026225894801346484,0.0015347024058365581,6153
1970-01-05 21:52:00+00:00,0.0017092403377318474,0.0014801204234065743,7461
1970-01-05 21:53:00+00:00,0.0017554870337036725,0.0012189230200959488,6128
1970-01-05 21:54:00+00:00,0.0021476533468122033,0.0010708129074638963,6446
1970-01-05 21:55:00+00:00,0.005081969815235941,0.003611241906698016,9800
1970-01-05 21:56:00+00:00,0.0037762529179132644,0.002318982536149491,6466
1970-01-05 21:57:00+00:00,0.00256165980710506,0.001356590553122666,6433
1970-01-05 21:58:00+00:00,0.0013064516301301682,0.0010546212848951866,6477
1970-01-05 21:59:00+00:00,0.002270470354798385,0.0011002097769418765,7196
1970-01-05 22:00:00+00:00,0.005117433686176784,0.0035932930380917255,9810
1970-01-05 22:01:00+00:00,0.004212402297540925,0.001948259637543305,7968
1970-01-05 22:02:00+00:00,0.0037177879812650577,0.0019054468759113245,7313
1970-01-05 22:03:00+00:00,0.0020550513136426015,0.0012305749334124625,6118
1970-01-05 22:04:00+00:00,0.0014496285046320758,0.0008217010892771138,6829
1970-01-05 22:05:00+00:00,0.005268853372138611,0.0037285287291852287,9807
1970-01-05 22:06:00+00:00,0.003084203356921228,0.002009178171715155,7191
1970-01-05 22:07:00+00:00,0.0014758782700066526,0.001163080356556461,8437
1970-01-05 22:08:00+00:00,0.0014837196097725895,0.00082336192822638,7013
1970-01-05 22:09:00+00:00,0.0010640479607976281,0.000602906936710364,5663
1970-01-05 22:10:00+00:00,0.005532189306832272,0.003807363253723131,9813
1970-01-05 22:11:00+00:00,0.0019369253508120061,0.0011466715760588971,7091
1970-01-05 22:12:00+00:00,0.00220576869187438,0.0009954193778107915,7781
1970-01-05 22:13:00+00:00,0.0022908582336611492,0.0010017359692700482,7899
1970-01-05 22:14:00+00:00,0.002023886723034525,0.0006743920590828768,7465
1970-01-05 22:15:00+00:00,0.0055170585830158405,0.0037812602497252885,9809
1970-01-05 22:16:00+00:00,0.0025992854885020004,0.0014083321123835144,6571
1970-01-05 22:17:00+00:00,0.0016440308666382075,0.0007846141503581593,6395
1970-01-05 22:18:00+00:00,0.0027484101154265283,0.0010348863787722749,7369
1970-01-05 22:19:00+00:00,0.001368652317626374,0.000762512947128719,7272
1970-01-05 22:20:00+00:00,0.005267530198541811,0.0037390617542704886,9808
1970-01-05 22:21:00+00:00,0.0016730630188058007,0.0010200284242070346,7710
1970-01-05 22:22:00+00:00,0.0016495661305152298,0.0012974528723795537,7361
1970-01-05 22:23:00+00:00,0.0016844129443240507,0.0011734587180580547,8010
1970-01-05 22:24:00+00:00,0.0015455334580602382,0.0009546750864838289,7043
1970-01-05 22:25:00+00:00,0.005405842314881482,0.003831825648215067,9791
1970-01-05 22:26:00+00:00,0.00170393873030469,0.0009958093746868684,6801
1970-01-05 22:27:00+00:00,0.0013778342387219867,0.0007349436359840207,7514
1970-01-05 22:28:00+00:00,0.002296322985049982,0.0012172382857420312,6288
1970-01-05 22:29:00+00:00,0.0011022682389315833,0.0005445869334483386,7108
1970-01-05 22:30:00+00:00,0.005081080292390783,0.0035761133769560576,9800
1970-01-05 22:31:00+00:00,0.0017674163496521579,0.00112881727314637,6808
1970-01-05 22:32:00+00:00,0.0030074489959860513,0.0016066063506808609,6065
1970-01-05 22:33:00+00:00,0.0018981485066033414,0.001201435940163918,5177
1970-01-05 22:34:00+00:00,0.002020068027781053,0.0006759747240306263,5231
1970-01-05 22:35:00+00:00,0.005386364683516228,0.0037591592735357567,9795
1970-01-05 22:36:00+00:00,0.002566086732987804,0.001702453190867952,6560
1970-01-05 22:37:00+00:00,0.002568715696107622,0.0015598627727856985,6568
1970-01-05 22:38:00+00:00,0.0015080549295314384,0.0008059659421075445,7241
1970-01-05 22:39:00+00:00,0.0032974740116579497,0.0010384313153730615,6901
1970-01-05 22:40:00+00:00,0.005479720949329436,0.003878963728172354,9800
1970-01-05 22:41:00+00:00,0.0033089113251285837,0.002081149969010219,7577
1970-01-05 22:42:00+00:00,0.002939645278665725,0.0016662534848766516,7235
1970-01-05 22:43:00+00:00,0.0020408269287542687,0.0012407380768818708,7505
1970-01-05 22:44:00+00:00,0.0020010316307969337,0.000832187463425222,6617
1970-01-05 22:45:00+00:00,0.006045373540234114,0.004147966796412281,9800
1970-01-05 22:46:00+00:00,0.0034537626088795605,0.0015426226071124957,6623
1970-01-05 22:47:00+00:00,0.002491176138442774,0.001318463215723096,6954
1970-01-05 22:48:00+00:00,0.0023617364165092036,0.0008571264975458418,7422
1970-01-05 22:49:00+00:00,0.0014726114718303968,0.0005635794703735329,7467
1970-01-05 22:50:00+00:00,0.0061387319504945925,0.00403012699528337,9818
1970-01-05 22:51:00+00:00,0.0019952029000334377,0.001013275855494009,7214
1970-01-05 22:52:00+00:00,0.0014890175837372216,0.0007372884642035024,7782
1970-01-05 22:53:00+00:00,0.0011347361561132344,0.0007129240066927361,6660
1970-01-05 22:54:00+00:00,0.0012610873720757727,0.0008081124792352116,6235
1970-01-05 22:55:00+00:00,0.00572863879390308,0.0040135293150719035,9814
1970-01-05 22:56:00+00:00,0.001215477122778263,0.0012741561796525882,7229
1970-01-05 22:57:00+00:00,0.001751718462916596,0.001399173866978786,5520
1970-01-05 22:58:00+00:00,0.0029725926920447115,0.0012385951234729956,5568
1970-01-05 22:59:00+00:00,0.0021255790233510284,0.0008969200529827345,6193
1970-01-05 23:00:00+00:00,0.005318628073305642,0.003865862603663146,9811
1970-01-05 23:01:00+00:00,0.002138769893503887,0.0010079781510936672,6810
1970-01-05 23:02:00+00:00,0.0017633853872633181,0.0010093085398521688,6971
1970-01-05 23:03:00+00:00,0.0015639153496065912,0.0011970986934000968,6002
1970-01-05 23:04:00+00:00,0.00136386258297997,0.0009048357725545819,6166
1970-01-05 23:05:00+00:00,0.0056825429334385336,0.003988403347237786,9808
1970-01-05 23:06:00+00:00,0.0033482872058155267,0.002040839709024754,6782
1970-01-05 23:07:00+00:00,0.003398810029248177,0.0017720825966184238,6961
1970-01-05 23:08:00+00:00,0.0023944704588774756,0.0008758855765990124,5332
1970-01-05 23:09:00+00:00,0.001513349686449332,0.0007635175987034452,6435
1970-01-05 23:10:00+00:00,0.006074949512658814,0.004139482749037211,9797
1970-01-05 23:11:00+00:00,0.003415961641706959,0.0019622808691919175,7402
1970-01-05 23:12:00+00:00,0.002294427068468642,0.0012220680195240076,6024
1970-01-05 23:13:00+00:00,0.0009845086139980024,0.0007834971942174011,6008
1970-01-05 23:14:00+00:00,0.0010148989546455184,0.0007622067651055027,6522
1970-01-05 23:15:00+00:00,0.005557331289207815,0.003977508770340884,9797
1970-01-05 23:16:00+00:00,0.002250557248627921,0.0014287383176965133,4415
1970-01-05 23:17:00+00:00,0.0023191883709314976,0.0011925834673736373,6088
1970-01-05 23:18:00+00:00,0.0019881080684929046,0.0008872210867502698,7577
1970-01-05 23:19:00+00:00,0.0017259885976270933,0.0005787621601723073,7389
1970-01-05 23:20:00+00:00,0.005041289873269896,0.0036570977051993627,9798
1970-01-05 23:21:00+00:00,0.0015829490261004082,0.0009067990808632707,7920
1970-01-05 23:22:00+00:00,0.002703798525398271,0.0011819939499505907,7486
1970-01-05 23:23:00+00:00,0.002032002637457145,0.0009643730410667906,6723
1970-01-05 23:24:00+00:00,0.0008530516304540485,0.0004905558871768663,7305
1970-01-05 23:25:00+00:00,0.005481316280195201,0.003731035751344695,9799
1970-01-05 23:26:00+00:00,0.001985326991535761,0.001013083769009446,8278
1970-01-05 23:27:00+00:00,0.002483824421353945,0.0010530413935607183,7931
1970-01-05 23:28:00+00:00,0.0017035311756120161,0.0006714446382962211,7201
1970-01-05 23:29:00+00:00,0.0016434757983476247,0.0006416625358922183,7300
1970-01-05 23:30:00+00:00,0.0054191121903572675,0.0037821181565564316,9805
1970-01-05 23:31:00+00:00,0.0019022963711399813,0.0013214195039305562,7799
1970-01-05 23:32:00+00:00,0.0027629959551685093,0.0015871943203691092,7420
1970-01-05 23:33:00+00:00,0.0011880679001076582,0.0006469711816719474,7032
1970-01-05 23:34:00+00:00,0.0008153713265926751,0.0004869845021893561,7095
1970-01-05 23:35:00+00:00,0.0057013666282689284,0.0038669899200350047,9823
1970-01-05 23:36:00+00:00,0.002430322748608278,0.0016207058736542879,7720
1970-01-05 23:37:00+00:00,0.002323997849134924,0.001467664051966045,7442
1970-01-05 23:38:00+00:00,0.0020110682200548237,0.000980715143088431,7571
1970-01-05 23:39:00+00:00,0.0012824220033078905,0.0006190866086024742,8001
1970-01-05 23:40:00+00:00,0.005724690507125418,0.0038012865555187916,9817
1970-01-05 23:41:00+00:00,0.0021071342334350353,0.0010022063890012577,8783
1970-01-05 23:42:00+00:00,0.0028825546562059267,0.0010682359260059116,8068
1970-01-05 23:43:00+00:00,0.0018067491471288417,0.0006784106152855457,8334
1970-01-05 23:44:00+00:00,0.0017106495103889061,0.0005249917210823024,7337
1970-01-05 23:45:00+00:00,0.005442848977484085,0.003637913360037178,9812
1970-01-05 23:46:00+00:00,0.0035706625993515745,0.0015021312881289268,7083
1970-01-05 23:47:00+00:00,0.0027695380005182016,0.0012630226260459255,7762
1970-01-05 23:48:00+00:00,0.002012976709515442,0.0008268658524523084,7830
1970-01-05 23:49:00+00:00,0.0017064652481257243,0.0005887821297402031,7455
1970-01-05 23:50:00+00:00,0.00553498369432696,0.003716763790466297,9821
1970-01-05 23:51:00+00:00,0.0020339452862460183,0.0009074510733183887,6955
1970-01-05 23:52:00+00:00,0.0018444812349313975,0.0009108833585246906,7276
1970-01-05 23:53:00+00:00,0.0010707546492595402,0.0006781608730844738,7667
1970-01-05 23:54:00+00:00,0.0012055049902746633,0.0006073346020513322,7601
1970-01-05 23:55:00+00:00,0.005492051158440463,0.0037588639987243713,9817
1970-01-05 23:56:00+00:00,0.0027474299466454994,0.0019900378761716336,6566
1970-01-05 23:57:00+00:00,0.003177128914871236,0.0016770069783239579,7349
1970-01-05 23:58:00+00:00,0.0015518024416957996,0.0008560352519078893,8014
1970-01-05 23:59:00+00:00,0.0005917708463574681,0.00038822050765392307,7501
1970-01-06 00:00:00+00:00,0.005503133702261782,0.003874313091655899,9820
1970-01-06 00:01:00+00:00,0.002386324859234985,0.001263016891512269,7414
1970-01-06 00:02:00+00:00,0.002405306634223501,0.0014034406598609711,7829
1970-01-06 00:03:00+00:00,0.0010343417288611024,0.0008143730036179413,7915
1970-01-06 00:04:00+00:00,0.001422373477306123,0.0009109723564181015,6988
1970-01-06 00:05:00+00:00,0.005750954266547749,0.003987411065269585,9817
1970-01-06 00:06:00+00:00,0.0031823421101267535,0.0017905228872276233,8111
1970-01-06 00:07:00+00:00,0.0024725365740425045,0.0014837559842541014,7862
1970-01-06 00:08:00+00:00,0.002247380968620242,0.0009042223458524528,7285
1970-01-06 00:09:00+00:00,0.0017486359094528185,0.0006547727635908051,7389
1970-01-06 00:10:00+00:00,0.005346966007477412,0.003861422481325694,9810
1970-01-06 00:11:00+00:00,0.002205503789697252,0.0013871162001543081,7634
1970-01-06 00:12:00+00:00,0.002059935175908734,0.0012083508614862011,7637
1970-01-06 00:13:00+00:00,0.001262995927712271,0.0009551451211899828,7394
1970-01-06 00:14:00+00:00,0.0014265175534227564,0.0007959724951843597,6310
1970-01-06 00:15:00+00:00,0.0050868634162380055,0.0037762948245822475,9808
1970-01-06 00:16:00+00:00,0.0016321747760459017,0.0010970151786603996,7603
1970-01-06 00:17:00+00:00,0.0018282198736591397,0.0012488157955728072,7341
1970-01-06 00:18:00+00:00,0.001542897857362079,0.0011689787881647875,7485
1970-01-06 00:19:00+00:00,0.001084859354966349,0.0006387083361285549,7563
1970-01-06 00:20:00+00:00,0.005337240547028455,0.003813120362161872,9813
1970-01-06 00:21:00+00:00,0.0029871813733046092,0.0016730682405035914,7182
1970-01-06 00:22:00+00:00,0.0019233619061247774,0.0010759209951110783,7083
1970-01-06 00:23:00+00:00,0.002343396082343715,0.0008768171128455671,7355
1970-01-06 00:24:00+00:00,0.0013198669203681292,0.0007157036938314139,7487
1970-01-06 00:25:00+00:00,0.005417114006011149,0.003810605529938176,9802
1970-01-06 00:26:00+00:00,0.0018226535804163192,0.0012976276448294472,6553
1970-01-06 00:27:00+00:00,0.002563427748371666,0.0015740830662640253,5868
1970-01-06 00:28:00+00:00,0.0015678515111100773,0.0009683587472440173,7460
1970-01-06 00:29:00+00:00,0.001762746963801043,0.000816302993071779,6779
1970-01-06 00:30:00+00:00,0.005301931458573596,0.0038254810224427906,9801
1970-01-06 00:31:00+00:00,0.0021680693605266835,0.0011732645115910077,7243
1970-01-06 00:32:00+00:00,0.0024406198453167612,0.0013107140888277634,6985
1970-01-06 00:33:00+00:00,0.0018669667240494676,0.0011306875584864917,6798
1970-01-06 00:34:00+00:00,0.0017517917298802018,0.0009692662083544592,6466
1970-01-06 00:35:00+00:00,0.0055358006258949795,0.00393141537851898,9797
1970-01-06 00:36:00+00:00,0.003928952355197993,0.0017922412150966297,8022
1970-01-06 00:37:00+00:00,0.0035334508699437516,0.001307577434492356,7984
1970-01-06 00:38:00+00:00,0.00247297208681677,0.001126324991222005,8031
1970-01-06 00:39:00+00:00,0.0030212021004053916,0.0007560296528515306,7176
1970-01-06 00:40:00+00:00,0.005142921293948208,0.0037204290830560203,9797
1970-01-06 00:41:00+00:00,0.002496873969393971,0.0014213971481349475,6661
1970-01-06 00:42:00+00:00,0.0031907407128664135,0.0015941554418692117,6108
1970-01-06 00:43:00+00:00,0.0014380871044378915,0.000713998797903599,7811
1970-01-06 00:44:00+00:00,0.0009014607371429706,0.0004005386353812822,7448
1970-01-06 00:45:00+00:00,0.005078743707352876,0.0037308789891862923,9791
1970-01-06 00:46:00+00:00,0.0020688047210515323,0.0011024454476115664,6829
1970-01-06 00:47:00+00:00,0.0025612781801679268,0.001462893246767067,5879
1970-01-06 00:48:00+00:00,0.0018790144613296598,0.001127604258736746,6729
1970-01-06 00:49:00+00:00,0.0014220171135541626,0.0008474249877072032,7056
1970-01-06 00:50:00+00:00,0.005334011864223384,0.003926698902833527,9790
1970-01-06 00:51:00+00:00,0.0031449653732944587,0.001742471544887417,7221
1970-01-06 00:52:00+00:00,0.0024284949864291487,0.0014432728678371897,6644
1970-01-06 00:53:00+00:00,0.0025014331673193745,0.0011631003750683282,6184
1970-01-06 00:54:00+00:00,0.001256055434588558,0.0005286805098833709,6274
1970-01-06 00:55:00+00:00,0.005202595572362351,0.0039494516061325795,9786
1970-01-06 00:56:00+00:00,0.002054171739073873,0.00112887990066687,6473
1970-01-06 00:57:00+00:00,0.00294916220336895,0.001380675776479176,5659
1970-01-06 00:58:00+00:00,0.003072136644021385,0.0012184461997869858,6101
1970-01-06 00:59:00+00:00,0.0022052955507611523,0.0008926503300089071,6004
1970-01-06 01:00:00+00:00,0.005554730278852892,0.00403430458044763,9786
1970-01-06 01:01:00+00:00,0.003651684503706671,0.0015969807382613876,6470
1970-01-06 01:02:00+00:00,0.002264462941895214,0.0011286571027598411,7007
1970-01-06 01:03:00+00:00,0.0017155177539573097,0.0007918633359071046,6579
1970-01-06 01:04:00+00:00,0.0017212685165630107,0.0007538927467102397,6605
1970-01-06 01:05:00+00:00,0.005521885440325151,0.003970138827594658,9782
1970-01-06 01:06:00+00:00,0.004864314348002243,0.002278299211854667,5920
1970-01-06 01:07:00+00:00,0.0037560481472577382,0.0016732604480777802,6589
1970-01-06 01:08:00+00:00,0.0023210207114986517,0.0012880764460449729,6247
1970-01-06 01:09:00+00:00,0.0016051549683847414,0.0008107005745195676,7744
1970-01-06 01:10:00+00:00,0.005456869772081308,0.0038853843274637935,9780
1970-01-06 01:11:00+00:00,0.002737143507220858,0.0011143616861551758,7137
1970-01-06 01:12:00+00:00,0.0024121010907687907,0.0010645032214739705,7540
1970-01-06 01:13:00+00:00,0.0022303270500158537,0.0010083868222209526,7094
1970-01-06 01:14:00+00:00,0.0013499924575746825,0.0005608699556526542,7461
1970-01-06 01:15:00+00:00,0.005222717346085687,0.0037864636785464216,9781
1970-01-06 01:16:00+00:00,0.0027768672327086485,0.001044132475626295,7678
1970-01-06 01:17:00+00:00,0.0028508009208465593,0.001080801113181388,7227
1970-01-06 01:18:00+00:00,0.002092146926045263,0.000814102224947862,7334
1970-01-06 01:19:00+00:00,0.0020827911245847285,0.0006800184317714466,7081
1970-01-06 01:20:00+00:00,0.005373674814149603,0.003911156421304668,9735
1970-01-06 01:21:00+00:00,0.0024842328442793134,0.001192366995974416,6876
1970-01-06 01:22:00+00:00,0.001998142976738164,0.0010118743297178473,7608
1970-01-06 01:23:00+00:00,0.0017797099573050137,0.0008298344173950271,7608
1970-01-06 01:24:00+00:00,0.0016766779619930125,0.0007227978719665835,7747
1970-01-06 01:25:00+00:00,0.0051822038868988545,0.003808320846346059,9687
1970-01-06 01:26:00+00:00,0.002118461517958893,0.0012105777762124535,6646
1970-01-06 01:27:00+00:00,0.0021004265011308736,0.0013650841795640224,6911
1970-01-06 01:28:00+00:00,0.0019539787490596497,0.001307387819496053,6082
1970-01-06 01:29:00+00:00,0.002575135775352718,0.0010571695353886875,6837
1970-01-06 01:30:00+00:00,0.005382601790735509,0.003964202352889543,9707
1970-01-06 01:31:00+00:00,0.0023607155160215586,0.0010800653857594344,7278
1970-01-06 01:32:00+00:00,0.001922120507802373,0.0009641139389425723,7264
1970-01-06 01:33:00+00:00,0.002175642003847212,0.001128608706712202,6931
1970-01-06 01:34:00+00:00,0.001886832170479222,0.000797266477573886,6889
1970-01-06 01:35:00+00:00,0.005333887647442869,0.004064312336330309,9651
1970-01-06 01:36:00+00:00,0.0024792198532886823,0.0013449692201676453,6487
1970-01-06 01:37:00+00:00,0.0023920984283255383,0.0011525116927235334,6896
1970-01-06 01:38:00+00:00,0.0018139613294440745,0.0011479987003333032,6539
1970-01-06 01:39:00+00:00,0.001255246896040086,0.0007331369502328755,6394
1970-01-06 01:40:00+00:00,0.005178328565688385,0.00420774312248573,9674
1970-01-06 01:41:00+00:00,0.0023174718261268104,0.0014361681918051647,6473
1970-01-06 01:42:00+00:00,0.0019566769413709544,0.0012526510149646617,6720
1970-01-06 01:43:00+00:00,0.0012194065137907655,0.0007889801103628355,6351
1970-01-06 01:44:00+00:00,0.0010001510255300478,0.0005701907046545343,5915
1970-01-06 01:45:00+00:00,0.005405440918929254,0.004275662473598989,9748
1970-01-06 01:46:00+00:00,0.0024133272842849158,0.0014020133433630913,6156
1970-01-06 01:47:00+00:00,0.0017480819425473952,0.0010033298592868247,6001
1970-01-06 01:48:00+00:00,0.0013480476404002547,0.0007255616174947827,6268
1970-01-06 01:49:00+00:00,0.0011734330768020421,0.0005282053851405413,5937
1970-01-06 01:50:00+00:00,0.005600920403284345,0.004392879592688483,9759
1970-01-06 01:51:00+00:00,0.0025915094621613705,0.0016867523181682618,7555
1970-01-06 01:52:00+00:00,0.0013485354716298507,0.0007624732752091885,6124
1970-01-06 01:53:00+00:00,0.0012137013326910665,0.0007709785253684651,6806
1970-01-06 01:54:00+00:00,0.0010116818624797985,0.0004734841505886774,6434
1970-01-06 01:55:00+00:00,0.005644465507682993,0.0043098617330963405,9775
1970-01-06 01:56:00+00:00,0.0020977234100773364,0.001437700534388961,6807
1970-01-06 01:57:00+00:00,0.0020068833513825594,0.001163621957561478,5724
1970-01-06 01:58:00+00:00,0.0014957846828472735,0.0007691299013972353,5760
1970-01-06 01:59:00+00:00,0.0011700637550726175,0.00047943497754290463,5555
1970-01-06 02:00:00+00:00,0.005594307568151673,0.0043193015541743264,9791
1970-01-06 02:01:00+00:00,0.001480871493973232,0.0009150552319273609,6848
1970-01-06 02:02:00+00:00,0.0013617402540314033,0.0008085486100402839,6888
1970-01-06 02:03:00+00:00,0.001326118574531264,0.000844064003970235,6390
1970-01-06 02:04:00+00:00,0.0011046875087017541,0.0005666953851136135,5204
1970-01-06 02:05:00+00:00,0.005718727639377754,0.004487751386349034,9793
1970-01-06 02:06:00+00:00,0.0020817083918489463,0.0013166373017739804,5262
1970-01-06 02:07:00+00:00,0.002081775135878665,0.0012442556579983202,5480
1970-01-06 02:08:00+00:00,0.001559876685514537,0.000913047310051285,5617
1970-01-06 02:09:00+00:00,0.001082334648921212,0.000703313954403553,5426
1970-01-06 02:10:00+00:00,0.005676392260552491,0.0044546700687288195,9802
1970-01-06 02:11:00+00:00,0.001480601824818037,0.0009589733527503848,6742
1970-01-06 02:12:00+00:00,0.0016018743773911531,0.001140692895075242,6278
1970-01-06 02:13:00+00:00,0.0013812065187887236,0.0009897292642628845,5519
1970-01-06 02:14:00+00:00,0.0011760737399154418,0.0006166562024824728,4960
1970-01-06 02:15:00+00:00,0.005667701597222867,0.004489647970944583,9805
1970-01-06 02:16:00+00:00,0.0017376945932531048,0.000967916483045851,5338
1970-01-06 02:17:00+00:00,0.005462066856036964,0.0036404678051189794,7073
1970-01-06 02:18:00+00:00,0.0014239338332696935,0.0008707827033247294,6049
1970-01-06 02:19:00+00:00,0.0011461140483659295,0.0005316726164616816,6387
1970-01-06 02:20:00+00:00,0.0053657914335727575,0.0042849257363221805,9812
1970-01-06 02:21:00+00:00,0.001671109411997288,0.0012791519524563472,7106
1970-01-06 02:22:00+00:00,0.0013474601849214809,0.0011531523168818746,7006
1970-01-06 02:23:00+00:00,0.0013810749310546183,0.0009318074979925638,7025
1970-01-06 02:24:00+00:00,0.0014129639608493005,0.0006184476639262424,6434
1970-01-06 02:25:00+00:00,0.005527686116961197,0.0044476744699474815,9811
1970-01-06 02:26:00+00:00,0.0015737015130996195,0.0010004638961323797,6817
1970-01-06 02:27:00+00:00,0.0020119149800530774,0.0012087672675719437,7185
1970-01-06 02:28:00+00:00,0.0019569307523464147,0.0010143789430284815,6316
1970-01-06 02:29:00+00:00,0.0016075451215992905,0.000664231268980002,5490
1970-01-06 02:30:00+00:00,0.005359017454806015,0.004468501351664231,9812
1970-01-06 02:31:00+00:00,0.001998143192532352,0.0012027083174633785,6738
1970-01-06 02:32:00+00:00,0.0016622470472009516,0.0009141833855733643,6998
1970-01-06 02:33:00+00:00,0.0014821265014742814,0.001031608780699568,6777
1970-01-06 02:34:00+00:00,0.0010895062529841179,0.0007722924026671329,6512
1970-01-06 02:35:00+00:00,0.005337488937957106,0.0043376025819527346,9815
1970-01-06 02:36:00+00:00,0.001905397923580338,0.0014384753540983375,6496
1970-01-06 02:37:00+00:00,0.0017504832285102666,0.0010330649491718416,6927
1970-01-06 02:38:00+00:00,0.001178776171523926,0.0007623205144986921,7301
1970-01-06 02:39:00+00:00,0.0012389081828096415,0.0006755259067549741,5210
1970-01-06 02:40:00+00:00,0.0053981375613634365,0.004391266675278053,9818
1970-01-06 02:41:00+00:00,0.001586414313900416,0.0010618255136980376,7268
1970-01-06 02:42:00+00:00,0.0015179399434083222,0.0008686250330132146,7234
1970-01-06 02:43:00+00:00,0.0017835297370469656,0.0008211919424896041,6047
1970-01-06 02:44:00+00:00,0.0009692522997778905,0.0006319920424980295,5114
1970-01-06 02:45:00+00:00,0.005257499788922828,0.00440779331684423,9821
1970-01-06 02:46:00+00:00,0.002294256955312349,0.0016787292613376873,5566
1970-01-06 02:47:00+00:00,0.002194807271649217,0.0017552150607024644,5646
1970-01-06 02:48:00+00:00,0.001522381528449054,0.0008809716199411054,6760
1970-01-06 02:49:00+00:00,0.0009047908316297863,0.0011066882724344001,6002
1970-01-06 02:50:00+00:00,0.005282509267191153,0.004292918917310928,9824
1970-01-06 02:51:00+00:00,0.0013469603822620687,0.001201571381365564,6968
1970-01-06 02:52:00+00:00,0.001390394534723454,0.0013754749379578874,6406
1970-01-06 02:53:00+00:00,0.0010777760447279734,0.0007036332681909652,7265
1970-01-06 02:54:00+00:00,0.0009244389114340226,0.0005454259382271791,6970
1970-01-06 02:55:00+00:00,0.0058291476616171446,0.00439273635820214,9827
1970-01-06 02:56:00+00:00,0.0021777619892249856,0.0013239824050589827,6222
1970-01-06 02:57:00+00:00,0.0013371241839904907,0.0008468646486550751,6175
1970-01-06 02:58:00+00:00,0.0011839914016672603,0.0006487547662249754,5851
1970-01-06 02:59:00+00:00,0.0008366552502445205,0.0005525587209662542,5658
1970-01-06 03:00:00+00:00,0.005561790651750288,0.0043233296518071715,9829
1970-01-06 03:01:00+00:00,0.002389219121440514,0.00126726740248518,6924
1970-01-06 03:02:00+00:00,0.0014373494436848338,0.00088215455907663,6270
1970-01-06 03:03:00+00:00,0.002149505864560987,0.001115656296259373,6877
1970-01-06 03:04:00+00:00,0.0016687282325739163,0.0006594927535376034,7533
1970-01-06 03:05:00+00:00,0.00524669748443588,0.0040564586817832165,9828
1970-01-06 03:06:00+00:00,0.002002894059750582,0.0009103672312189833,8171
1970-01-06 03:07:00+00:00,0.0018975203325263296,0.001013898263311383,7178
1970-01-06 03:08:00+00:00,0.002090992146353661,0.0009110797047928438,6784
1970-01-06 03:09:00+00:00,0.0018546386517069853,0.0007378166605222284,7487
1970-01-06 03:10:00+00:00,0.00509372925439065,0.0039590526249518145,9822
1970-01-06 03:11:00+00:00,0.0026276901989550055,0.001169186823573692,7542
1970-01-06 03:12:00+00:00,0.0023739875219018266,0.0011183004040187152,7031
1970-01-06 03:13:00+00:00,0.001338490684875688,0.000789779656746221,7360
1970-01-06 03:14:00+00:00,0.0011365634621154689,0.0006235478982380253,6882
1970-01-06 03:15:00+00:00,0.005207769692669916,0.003954227572133368,9823
1970-01-06 03:16:00+00:00,0.0020721820636290375,0.0011957242631113949,6842
1970-01-06 03:17:00+00:00,0.0019811348923589544,0.0009799635935649812,7867
1970-01-06 03:18:00+00:00,0.002091299299607114,0.0009304532543844983,7992
1970-01-06 03:19:00+00:00,0.0019699639005565208,0.000889662995155105,7126
1970-01-06 03:20:00+00:00,0.0053043944426019165,0.003967334955967537,9823
1970-01-06 03:21:00+00:00,0.0023622707230105825,0.0012105221696866067,7342
1970-01-06 03:22:00+00:00,0.0018096924295304712,0.0009753074217942721,7994
1970-01-06 03:23:00+00:00,0.0023851993350044566,0.0023723392935678747,8633
1970-01-06 03:24:00+00:00,0.001502912286052491,0.0006307724525760271,7983
1970-01-06 03:25:00+00:00,0.005392559664026195,0.0038444800000423007,9826
1970-01-06 03:26:00+00:00,0.0023416084903244796,0.0011597643945131814,6524
1970-01-06 03:27:00+00:00,0.0021087806159434492,0.0010086219769690208,7355
1970-01-06 03:28:00+00:00,0.00241096352739339,0.0009184855128308086,7684
1970-01-06 03:29:00+00:00,0.0025352255735410674,0.001105946910828318,7251
1970-01-06 03:30:00+00:00,0.005454917649832079,0.003899608634078975,9826
1970-01-06 03:31:00+00:00,0.003455217994800617,0.002104641964385041,7119
1970-01-06 03:32:00+00:00,0.002072984102508083,0.0017770296031080672,7026
1970-01-06 03:33:00+00:00,0.0018547087946245773,0.0008907353185838232,6978
1970-01-06 03:34:00+00:00,0.0015568589024362658,0.0007089817658567168,7141
1970-01-06 03:35:00+00:00,0.005531908489026439,0.003865026120467212,9827
1970-01-06 03:36:00+00:00,0.003848485341178239,0.001494731585939826,6804
1970-01-06 03:37:00+00:00,0.003754513593096495,0.0011638163343856223,6766
1970-01-06 03:38:00+00:00,0.0041945802675846505,0.0012534267239720938,7529
1970-01-06 03:39:00+00:00,0.0021681580790292527,0.0012304583860107052,7951
1970-01-06 03:40:00+00:00,0.005398712484912002,0.003809826671802943,9828
1970-01-06 03:41:00+00:00,0.0045294962900019565,0.001828026808186168,7748
1970-01-06 03:42:00+00:00,0.0035037097046554033,0.0018740994869615244,7452
1970-01-06 03:43:00+00:00,0.0026507413785252973,0.0010681855179328883,7684
1970-01-06 03:44:00+00:00,0.0013545045597419781,0.000822321187163986,7317
1970-01-06 03:45:00+00:00,0.005683698089995629,0.0038302581744809666,9828
1970-01-06 03:46:00+00:00,0.003288523925940065,0.0018197516459148816,6240
1970-01-06 03:47:00+00:00,0.0040337874649664625,0.0013988399428732576,7250
1970-01-06 03:48:00+00:00,0.0029311715086348684,0.0015870514193734562,7317
1970-01-06 03:49:00+00:00,0.0035846146266283623,0.0008362252705025377,7469
1970-01-06 03:50:00+00:00,0.005485833000214049,0.0037129433731452398,9828
1970-01-06 03:51:00+00:00,0.003223086555061708,0.0013501718739425048,6918
1970-01-06 03:52:00+00:00,0.0028012021089276018,0.0014100278243733574,6816
1970-01-06 03:53:00+00:00,0.0025715956528936357,0.0012073773632476348,7894
1970-01-06 03:54:00+00:00,0.0017269769861600014,0.0006750355200985467,7105
1970-01-06 03:55:00+00:00,0.005564957017705794,0.003813201576857382,9828
1970-01-06 03:56:00+00:00,0.0030104685816609786,0.0012685884622087615,7704
1970-01-06 03:57:00+00:00,0.002323152760186568,0.0011557107857401592,7624
1970-01-06 03:58:00+00:00,0.0024966099350196445,0.0009868215743495327,7063
1970-01-06 03:59:00+00:00,0.003268533530576776,0.0007669281980104721,6994
1970-01-06 04:00:00+00:00,0.005676249559225328,0.003775321315753302,9831
1970-01-06 04:01:00+00:00,0.0027114954651895526,0.0012575064813357593,8070
1970-01-06 04:02:00+00:00,0.0024809936495846677,0.0013859574606906334,6797
1970-01-06 04:03:00+00:00,0.002372862169019312,0.001111717716641624,7555
1970-01-06 04:04:00+00:00,0.001768497661407124,0.0007141864482123597,7967
1970-01-06 04:05:00+00:00,0.005471930374075625,0.0035667820544636737,9830
1970-01-06 04:06:00+00:00,0.002079461005939202,0.0010980750447855318,6775
1970-01-06 04:07:00+00:00,0.001956771010001284,0.000948548169885163,7361
1970-01-06 04:08:00+00:00,0.0024190603166180692,0.0010046451838178973,7174
1970-01-06 04:09:00+00:00,0.003714158653524518,0.0011051839913372701,7095
1970-01-06 04:10:00+00:00,0.005704295996583183,0.003716907836366768,9828
1970-01-06 04:11:00+00:00,0.0022273245485430844,0.0009423160338214181,7816
1970-01-06 04:12:00+00:00,0.002528760481943792,0.0011983739871192177,7365
1970-01-06 04:13:00+00:00,0.002772623430860804,0.0012351645019569924,6599
1970-01-06 04:14:00+00:00,0.0023630832048660605,0.0008929633967143325,6847
1970-01-06 04:15:00+00:00,0.005525385995735499,0.0036718989978682982,9829
1970-01-06 04:16:00+00:00,0.0021570575625311844,0.0011461806115373712,6012
1970-01-06 04:17:00+00:00,0.0023478384756339937,0.0011384037094781796,7503
1970-01-06 04:18:00+00:00,0.0015334788856030811,0.0009720453869557977,7257
1970-01-06 04:19:00+00:00,0.002337317680483999,0.0009611692977769537,7451
1970-01-06 04:20:00+00:00,0.005535777065470869,0.0037154866272899904,9831
1970-01-06 04:21:00+00:00,0.002794666959502517,0.0015302206812197767,7908
1970-01-06 04:22:00+00:00,0.0027539324214296097,0.0014264949760385576,7237
1970-01-06 04:23:00+00:00,0.00276320175602649,0.0012554568307121068,7550
1970-01-06 04:24:00+00:00,0.001917199218079521,0.0008892119063163053,7449
1970-01-06 04:25:00+00:00,0.005796844122550638,0.0037664637387958876,9828
1970-01-06 04:26:00+00:00,0.0021758227324489626,0.0014783967523647108,7166
1970-01-06 04:27:00+00:00,0.002972490758182199,0.0015307294487046255,7185
1970-01-06 04:28:00+00:00,0.00232797245120622,0.0013260647451883143,7021
1970-01-06 04:29:00+00:00,0.0023740361465529134,0.0008165299273241083,7309
1970-01-06 04:30:00+00:00,0.005820641572341376,0.0037731736217615957,9827
1970-01-06 04:31:00+00:00,0.0027404299088949835,0.0013082649065296085,7199
1970-01-06 04:32:00+00:00,0.0028148169517051166,0.0012865313824393526,6912
1970-01-06 04:33:00+00:00,0.002717123330821638,0.0011753777326163608,6292
1970-01-06 04:34:00+00:00,0.0016900605194039137,0.0008992039091692881,7064
1970-01-06 04:35:00+00:00,0.0056845405262395425,0.0038009038001942303,9825
1970-01-06 04:36:00+00:00,0.002233868467746914,0.000951687402291749,6128
1970-01-06 04:37:00+00:00,0.0043517517621821334,0.0013436941677001256,6973
1970-01-06 04:38:00+00:00,0.0037238535210588177,0.0014658145772956561,6614
1970-01-06 04:39:00+00:00,0.003409545202639327,0.0008278818358768076,6835
1970-01-06 04:40:00+00:00,0.005503181083599185,0.003571956417832812,9823
1970-01-06 04:41:00+00:00,0.002484967079450673,0.0010293894004835614,8012
1970-01-06 04:42:00+00:00,0.0024939824572177997,0.000988114439757497,7162
1970-01-06 04:43:00+00:00,0.002483310939523392,0.0009853529720628004,7173
1970-01-06 04:44:00+00:00,0.0019319814358972887,0.000724600848288927,6917
1970-01-06 04:45:00+00:00,0.005413996882962031,0.0037346905766716303,9824
1970-01-06 04:46:00+00:00,0.002607904234375238,0.001150410352816194,6475
1970-01-06 04:47:00+00:00,0.0027421218202671924,0.0011182319648784936,6474
1970-01-06 04:48:00+00:00,0.0021166491715440433,0.0009265504301460516,6752
1970-01-06 04:49:00+00:00,0.001299041753083642,0.0006981064344698621,6649
1970-01-06 04:50:00+00:00,0.005232792356375001,0.0036770776460171768,9825
1970-01-06 04:51:00+00:00,0.0021142602753119167,0.0011587480431822304,6098
1970-01-06 04:52:00+00:00,0.0020098336308980082,0.001195019519850237,7361
1970-01-06 04:53:00+00:00,0.0018777755178453108,0.0008297216511019975,7261
1970-01-06 04:54:00+00:00,0.0013482141379216872,0.0010590388747183516,7029
1970-01-06 04:55:00+00:00,0.00556312827509216,0.003801381653767543,9825
1970-01-06 04:56:00+00:00,0.0017822868167485385,0.001072573859951186,6961
1970-01-06 04:57:00+00:00,0.002374434516345541,0.0012158838430713392,6016
1970-01-06 04:58:00+00:00,0.001889892408520003,0.0011808868821002966,7095
1970-01-06 04:59:00+00:00,0.001306720966372252,0.0008907718221669881,6641
1970-01-06 05:00:00+00:00,0.0057471360919894715,0.003935658689532081,9827
1970-01-06 05:01:00+00:00,0.005573260054883088,0.0029387885412553495,7585
1970-01-06 05:02:00+00:00,0.002918485908693809,0.0016530707948062204,6413
1970-01-06 05:03:00+00:00,0.0029923065372631313,0.0012545782026888272,5879
1970-01-06 05:04:00+00:00,0.002458064952367159,0.0007445062904247398,7202
1970-01-06 05:05:00+00:00,0.005696587472506658,0.0038166157343998783,9832
1970-01-06 05:06:00+00:00,0.0024244041375549538,0.0011475411312272545,7053
1970-01-06 05:07:00+00:00,0.0030957973049878305,0.0012963097090726993,7566
1970-01-06 05:08:00+00:00,0.0025709895304972673,0.001191519046389364,6641
1970-01-06 05:09:00+00:00,0.002475980267748452,0.0008831321523029083,6692
1970-01-06 05:10:00+00:00,0.005730052654361187,0.003823486199373469,9832
1970-01-06 05:11:00+00:00,0.0021430003869717983,0.0009161202703195411,8050
1970-01-06 05:12:00+00:00,0.0023517957601570825,0.0009378503607057989,7576
1970-01-06 05:13:00+00:00,0.002386506282560563,0.0010201167745558682,6897
1970-01-06 05:14:00+00:00,0.0017759229851670312,0.0007105026337614829,7570
1970-01-06 05:15:00+00:00,0.005807026044190888,0.003854650725168156,9826
1970-01-06 05:16:00+00:00,0.0022992721957570458,0.0011174951700024791,6471
1970-01-06 05:17:00+00:00,0.0023591073850790646,0.0011222286948135935,5599
1970-01-06 05:18:00+00:00,0.0019245213154573599,0.0008774818636448485,7334
1970-01-06 05:19:00+00:00,0.0020637098738430565,0.0007199034908308211,8075
1970-01-06 05:20:00+00:00,0.00549529650652336,0.003719059568710391,9829
1970-01-06 05:21:00+00:00,0.002623813308822955,0.0011108251361419534,8084
1970-01-06 05:22:00+00:00,0.002520916933080674,0.0012266727104633226,8192
1970-01-06 05:23:00+00:00,0.0021212326933964455,0.0010270434202420214,7581
1970-01-06 05:24:00+00:00,0.001631516951119575,0.0007833850081785645,7806
1970-01-06 05:25:00+00:00,0.0056268248562100455,0.003809880809084485,9829
1970-01-06 05:26:00+00:00,0.002776790063028471,0.001107911965767749,6957
1970-01-06 05:27:00+00:00,0.0024582577297063584,0.0012400533729754683,7459
1970-01-06 05:28:00+00:00,0.00215067022992566,0.0012849469841108266,7422
1970-01-06 05:29:00+00:00,0.001953791343160225,0.000755991044119656,7607
1970-01-06 05:30:00+00:00,0.005443906718947687,0.003805635914411425,9830
1970-01-06 05:31:00+00:00,0.002666065871550662,0.0012475493685201902,7371
1970-01-06 05:32:00+00:00,0.0020453768690897336,0.0012938690076850533,7022
1970-01-06 05:33:00+00:00,0.0022476759632457173,0.0011337609624553237,7195
1970-01-06 05:34:00+00:00,0.001740632547928199,0.0008236779444202912,6616
1970-01-06 05:35:00+00:00,0.005360503760043586,0.003699647367873733,9829
1970-01-06 05:36:00+00:00,0.0016073621679688105,0.0009376263164321266,7216
1970-01-06 05:37:00+00:00,0.0024107301348989018,0.0010855584584580182,7512
1970-01-06 05:38:00+00:00,0.0014155043138908753,0.0011966769731922167,6866
1970-01-06 05:39:00+00:00,0.002478995611285443,0.0010635071578544285,6648
1970-01-06 05:40:00+00:00,0.005679790470090681,0.00391984098844193,9832
1970-01-06 05:41:00+00:00,0.004416327867786489,0.0020618111102405144,6798
1970-01-06 05:42:00+00:00,0.0027029000043827123,0.0014128776488129488,7828
1970-01-06 05:43:00+00:00,0.003559124863733947,0.0012069580280930504,7698
1970-01-06 05:44:00+00:00,0.00191330295587772,0.0006571908517315502,7321
1970-01-06 05:45:00+00:00,0.005752060670403553,0.0038828511986844735,9835
1970-01-06 05:46:00+00:00,0.00247511307670698,0.0010333810210610866,7229
1970-01-06 05:47:00+00:00,0.002387963270166,0.0008429994771831231,7592
1970-01-06 05:48:00+00:00,0.002146266825174324,0.000892137911465013,7085
1970-01-06 05:49:00+00:00,0.0016273886534318627,0.0008416777094493,7368
1970-01-06 05:50:00+00:00,0.00564065670803618,0.0038437236510996016,9834
1970-01-06 05:51:00+00:00,0.0021857524077744436,0.001108202944904636,6982
1970-01-06 05:52:00+00:00,0.003515199858350801,0.001538897958170472,7017
1970-01-06 05:53:00+00:00,0.002160079144437511,0.0011754618024990538,6531
1970-01-06 05:54:00+00:00,0.0016004914644902534,0.0006678035548743155,6368
1970-01-06 05:55:00+00:00,0.005828631032664872,0.0039042626488601175,9831
1970-01-06 05:56:00+00:00,0.002127182695957886,0.0011773360833250998,6183
1970-01-06 05:57:00+00:00,0.002637131082141359,0.001371781712709135,6911
1970-01-06 05:58:00+00:00,0.0024255270056271106,0.0010378992751137043,6370
1970-01-06 05:59:00+00:00,0.0020574403906938174,0.0005808948766805226,6791
1970-01-06 06:00:00+00:00,0.0057387934541755815,0.0038288545284947554,9830
1970-01-06 06:01:00+00:00,0.00292624679718229,0.0012212605436862508,7500
1970-01-06 06:02:00+00:00,0.0025206110696214955,0.0009470722604774928,7719
1970-01-06 06:03:00+00:00,0.002023916193203374,0.0008747839172372336,7259
1970-01-06 06:04:00+00:00,0.0017213608287527133,0.0008005701734768711,7013
1970-01-06 06:05:00+00:00,0.005607985898620727,0.003820676687640072,9832
1970-01-06 06:06:00+00:00,0.0021443971595760942,0.001056279161066668,7468
1970-01-06 06:07:00+00:00,0.002015347064398886,0.0009819667408720828,7115
1970-01-06 06:08:00+00:00,0.0019223148867985277,0.0009057152687647326,6837
1970-01-06 06:09:00+00:00,0.0019436544349420676,0.00095594370528258,7301
1970-01-06 06:10:00+00:00,0.0057118245125479215,0.0038868594271459305,9832
1970-01-06 06:11:00+00:00,0.0029520317102669407,0.0015018864816036827,7315
1970-01-06 06:12:00+00:00,0.0026619690059524106,0.0011528822480703711,6734
1970-01-06 06:13:00+00:00,0.0018350069145700312,0.0008498612449679306,5753
1970-01-06 06:14:00+00:00,0.0014964352428239209,0.0008015122044115427,7016
1970-01-06 06:15:00+00:00,0.005596516967117508,0.003849244132515535,9832
1970-01-06 06:16:00+00:00,0.0026501627380351046,0.0011642344100248243,5946
1970-01-06 06:17:00+00:00,0.003364087265704584,0.0012069925735891307,7168
1970-01-06 06:18:00+00:00,0.0022169181867819844,0.0011155188055992204,6660
1970-01-06 06:19:00+00:00,0.0018189293967249018,0.0007491716121960565,6684
1970-01-06 06:20:00+00:00,0.005516074874079353,0.0037070269961116563,9832
1970-01-06 06:21:00+00:00,0.0020571413979025843,0.0009469469534283004,7121
1970-01-06 06:22:00+00:00,0.002522852278181153,0.0007876434904658644,8141
1970-01-06 06:23:00+00:00,0.0015425163755750392,0.0006197490776987261,8134
1970-01-06 06:24:00+00:00,0.0015011219653209107,0.0007945299787859722,8028
1970-01-06 06:25:00+00:00,0.005758058621749361,0.0037965978536897743,9831
1970-01-06 06:26:00+00:00,0.0021258079396753917,0.0012886222384284748,7711
1970-01-06 06:27:00+00:00,0.0016173350182368713,0.0012162262413748838,7404
1970-01-06 06:28:00+00:00,0.0021168918098437607,0.0008172586543769998,7595
1970-01-06 06:29:00+00:00,0.0013756389102366087,0.0007830124649438898,7852
1970-01-06 06:30:00+00:00,0.005741052842231564,0.0038325753734950686,9833
1970-01-06 06:31:00+00:00,0.0027183163014744527,0.0016795200821520125,7793
1970-01-06 06:32:00+00:00,0.0028247002024274484,0.0018127524211889914,7028
1970-01-06 06:33:00+00:00,0.003171158891103313,0.00151824440757455,6690
1970-01-06 06:34:00+00:00,0.001967895280869499,0.001095305283212845,6600
1970-01-06 06:35:00+00:00,0.005880918819136066,0.003948731114820966,9832
1970-01-06 06:36:00+00:00,0.0025308116425577184,0.001425443997991269,6133
1970-01-06 06:37:00+00:00,0.0018270375971436734,0.0011192934075155772,7036
1970-01-06 06:38:00+00:00,0.0014500642780407125,0.0007924135370764256,5926
1970-01-06 06:39:00+00:00,0.0009202290441786924,0.0008409897947741663,6929
1970-01-06 06:40:00+00:00,0.006067615697616512,0.0039964062966547035,9833
1970-01-06 06:41:00+00:00,0.0024631728153774726,0.001321103807713627,7302
1970-01-06 06:42:00+00:00,0.0029871598189611147,0.001322554208794071,7561
1970-01-06 06:43:00+00:00,0.0022597510984739694,0.0009961742063176,7755
1970-01-06 06:44:00+00:00,0.0018113087935380497,0.0011601368101389427,7072
1970-01-06 06:45:00+00:00,0.006149595113401511,0.0039304442126711706,9834
1970-01-06 06:46:00+00:00,0.0027683776076166946,0.0012642116673156848,6722
1970-01-06 06:47:00+00:00,0.0025724522095482926,0.0008884450612310452,7204
1970-01-06 06:48:00+00:00,0.0015798202381262314,0.0009249610866597409,7217
1970-01-06 06:49:00+00:00,0.0020343380806739685,0.0008033131514320592,7553
1970-01-06 06:50:00+00:00,0.005999009959508786,0.003858745295074861,9836
1970-01-06 06:51:00+00:00,0.0024818199201186537,0.0011174076009266352,7798
1970-01-06 06:52:00+00:00,0.0018960300972185454,0.0010750153968859442,7860
1970-01-06 06:53:00+00:00,0.0025895755865740257,0.0008864307763053949,7163
1970-01-06 06:54:00+00:00,0.0013124179319277856,0.0010468360876732244,7700
1970-01-06 06:55:00+00:00,0.006061034005471379,0.0038282299208745683,9838
1970-01-06 06:56:00+00:00,0.0022792841450695366,0.0010812665512469541,7353
1970-01-06 06:57:00+00:00,0.00199388093900229,0.0021005443572010662,6756
1970-01-06 06:58:00+00:00,0.0019051602947229899,0.0006709386521390972,7026
1970-01-06 06:59:00+00:00,0.0018183430723740183,0.0007503885368113768,6970
1970-01-06 07:00:00+00:00,0.005955808001870695,0.003772771731189056,9837
1970-01-06 07:01:00+00:00,0.002494382776386963,0.0011128657104294926,7799
1970-01-06 07:02:00+00:00,0.0026182109678459615,0.0011748672675927021,7435
1970-01-06 07:03:00+00:00,0.0018975560381713007,0.0009363345492768926,7452
1970-01-06 07:04:00+00:00,0.001095530537356262,0.0006517492344683059,7597
1970-01-06 07:05:00+00:00,0.006017561867359788,0.0037845362915776043,9837
1970-01-06 07:06:00+00:00,0.0021670769825165195,0.0011099909596455637,6467
1970-01-06 07:07:00+00:00,0.0012589283536834823,0.0009480048038248245,7272
1970-01-06 07:08:00+00:00,0.002224731041070481,0.0008640922956018648,6960
1970-01-06 07:09:00+00:00,0.0014287379794560412,0.0005456032538784548,7381
1970-01-06 07:10:00+00:00,0.0059836527892296295,0.0038012187644933288,9836
1970-01-06 07:11:00+00:00,0.002262563530956488,0.0010476382186336815,7411
1970-01-06 07:12:00+00:00,0.0017339439558096007,0.0010265227455443914,6785
1970-01-06 07:13:00+00:00,0.0014938880540727789,0.0007150265269903216,7549
1970-01-06 07:14:00+00:00,0.0012829577747330266,0.000719065234208262,7872
1970-01-06 07:15:00+00:00,0.006027398507111009,0.0038650005067015093,9836
1970-01-06 07:16:00+00:00,0.0019504821757985935,0.0012782372409035356,6804
1970-01-06 07:17:00+00:00,0.0024358882422789237,0.0013338034566609226,6929
1970-01-06 07:18:00+00:00,0.0025955141158677075,0.0011750740828149065,7456
1970-01-06 07:19:00+00:00,0.0017046934023775297,0.0007274186043590966,7652
1970-01-06 07:20:00+00:00,0.0059292062411309635,0.003838098894527903,9837
1970-01-06 07:21:00+00:00,0.002429163344892493,0.0008034542391447856,6351
1970-01-06 07:22:00+00:00,0.0028704267820903835,0.0006838847961259842,7975
1970-01-06 07:23:00+00:00,0.0021633699741833547,0.0013468384456530834,8036
1970-01-06 07:24:00+00:00,0.002069309698851516,0.0005772534281507853,7489
1970-01-06 07:25:00+00:00,0.005722867317887298,0.003958682005400291,9836
1970-01-06 07:26:00+00:00,0.002896253965905373,0.0008533584717183214,6987
1970-01-06 07:27:00+00:00,0.0023205384982508165,0.001060723510254197,6470
1970-01-06 07:28:00+00:00,0.0018173785754317098,0.0011204192642239525,6282
1970-01-06 07:29:00+00:00,0.0021111470955777136,0.000646345700042952,6304
1970-01-06 07:30:00+00:00,0.005750938159700447,0.003965090156273789,9835
1970-01-06 07:31:00+00:00,0.002724416475743417,0.0014509351344687807,7560
1970-01-06 07:32:00+00:00,0.0028893961345428563,0.0012123236025295325,6868
1970-01-06 07:33:00+00:00,0.0024889138881515837,0.0009249653736542593,6472
1970-01-06 07:34:00+00:00,0.002250175924258681,0.0012807786998118961,7126
1970-01-06 07:35:00+00:00,0.005901767569454163,0.0039858589007791805,9833
1970-01-06 07:36:00+00:00,0.0031898938982945794,0.0015989533577228225,6706
1970-01-06 07:37:00+00:00,0.002504874708167507,0.0013268599612475157,7124
1970-01-06 07:38:00+00:00,0.002026258645515704,0.0011120080747296188,6777
1970-01-06 07:39:00+00:00,0.001595628255491341,0.000527241657317029,7590
1970-01-06 07:40:00+00:00,0.00596740970144236,0.004223643162151028,9833
1970-01-06 07:41:00+00:00,0.0026269326985896456,0.0010714990984699373,6276
1970-01-06 07:42:00+00:00,0.0020001400620646716,0.000834493408718858,6373
1970-01-06 07:43:00+00:00,0.001840815073674299,0.0008077923472588416,5346
1970-01-06 07:44:00+00:00,0.0016881265047891266,0.0007861461065750237,5684
1970-01-06 07:45:00+00:00,0.005968859945451628,0.004321926527926658,9833
1970-01-06 07:46:00+00:00,0.001718658777626893,0.000955407239217849,7102
1970-01-06 07:47:00+00:00,0.0014091492573263121,0.0007554620502941706,6883
1970-01-06 07:48:00+00:00,0.001852864944595358,0.0009651187597773203,6502
1970-01-06 07:49:00+00:00,0.001660483430173827,0.0006384919377194892,6277
1970-01-06 07:50:00+00:00,0.00612489366822028,0.004434370550649701,9833
1970-01-06 07:51:00+00:00,0.0022776641675522446,0.0013215420045342538,6073
1970-01-06 07:52:00+00:00,0.0023004232187054433,0.0012437876650549995,5978
1970-01-06 07:53:00+00:00,0.0025744169283332076,0.0015351380364921835,6014
1970-01-06 07:54:00+00:00,0.002833759996534464,0.0014633629977806235,6227
1970-01-06 07:55:00+00:00,0.005656691527903971,0.0044172722389975334,9833
1970-01-06 07:56:00+00:00,0.0017930020865636878,0.001075533762315597,5685
1970-01-06 07:57:00+00:00,0.0015897459204264354,0.0009362694312030063,5365
1970-01-06 07:58:00+00:00,0.0014628717407642133,0.0009147678677055481,5221
1970-01-06 07:59:00+00:00,0.0014735619127820806,0.0006930066742286442,5092
1970-01-06 08:00:00+00:00,0.0060633790269427655,0.004416930627028633,9833
1970-01-06 08:01:00+00:00,0.002055337127654176,0.0011375908353853407,6467
1970-01-06 08:02:00+00:00,0.0017821017452552138,0.001041068858209248,6011
1970-01-06 08:03:00+00:00,0.002109022195717527,0.0009304656408849287,6371
1970-01-06 08:04:00+00:00,0.0018074288052714815,0.0006733595208728832,5350
1970-01-06 08:05:00+00:00,0.006459449840243531,0.00446560287651441,9833
1970-01-06 08:06:00+00:00,0.0023879476197716898,0.0012336854058150309,5817
1970-01-06 08:07:00+00:00,0.002102166047723322,0.0011284873523910589,5607
1970-01-06 08:08:00+00:00,0.002152505669351625,0.0010303118835180067,5314
1970-01-06 08:09:00+00:00,0.0018736281535589759,0.0008317111051501307,4641
1970-01-06 08:10:00+00:00,0.00668217012426322,0.004548970320535865,9833
1970-01-06 08:11:00+00:00,0.002308758539204024,0.0009738225879186578,4798
1970-01-06 08:12:00+00:00,0.0025521117916671673,0.0012556353987445742,5561
1970-01-06 08:13:00+00:00,0.0019920388178629326,0.000853306662663119,3875
1970-01-06 08:14:00+00:00,0.002091820951349751,0.0009535706924151566,4683
1970-01-06 08:15:00+00:00,0.006487043534003171,0.004485973342962613,9834
1970-01-06 08:16:00+00:00,0.0016366917638416648,0.0006869463906668097,7490
1970-01-06 08:17:00+00:00,0.0020686882897276043,0.0009582059948011975,5296
1970-01-06 08:18:00+00:00,0.0021234447556685333,0.0009221133595963986,4724
1970-01-06 08:19:00+00:00,0.002415773547040126,0.0010509162874533713,4296
1970-01-06 08:20:00+00:00,0.006488994901384434,0.004636802152006048,9835
1970-01-06 08:21:00+00:00,0.0023494302055247066,0.000896222486060986,6280
1970-01-06 08:22:00+00:00,0.002703042232114112,0.0009257641965352471,4790
1970-01-06 08:23:00+00:00,0.0019193801884849256,0.0008119334933689801,4339
1970-01-06 08:24:00+00:00,0.0018640743097886503,0.0007512429954447019,3942
1970-01-06 08:25:00+00:00,0.006448517778450913,0.004774485417671933,9835
1970-01-06 08:26:00+00:00,0.002149727165686345,0.0009460808222857355,5007
1970-01-06 08:27:00+00:00,0.0019561484888104335,0.00100836272919684,5517
1970-01-06 08:28:00+00:00,0.0017761854025033772,0.0007261257014940501,4771
1970-01-06 08:29:00+00:00,0.002155684608390072,0.0009868025372498028,4356
1970-01-06 08:30:00+00:00,0.0063939270581478075,0.0048169070767954784,9835
1970-01-06 08:31:00+00:00,0.0023565399363692664,0.001153981314783518,5097
1970-01-06 08:32:00+00:00,0.002418889203487874,0.0010771966994641544,4718
1970-01-06 08:33:00+00:00,0.00306548384844852,0.0015433796561159165,5929
1970-01-06 08:34:00+00:00,0.0031209910737778593,0.0018877948216915361,6581
1970-01-06 08:35:00+00:00,0.006529125901252056,0.004803772059420697,9829
1970-01-06 08:36:00+00:00,0.001993130602629612,0.0009987010171733381,6929
1970-01-06 08:37:00+00:00,0.0019101345831807196,0.0010645849290351042,6527
1970-01-06 08:38:00+00:00,0.0018335309997663757,0.0009717660375822927,5020
1970-01-06 08:39:00+00:00,0.0016683334170130755,0.0008544366445403133,5390
1970-01-06 08:40:00+00:00,0.007009789427144311,0.004849266457197259,9827
1970-01-06 08:41:00+00:00,0.003280441134062481,0.0018009091185898015,5956
1970-01-06 08:42:00+00:00,0.0031954301517675234,0.001483241498573549,6132
1970-01-06 08:43:00+00:00,0.0022644666353996232,0.0009212051220190837,5305
1970-01-06 08:44:00+00:00,0.0030059002941967452,0.001656587563828864,5417
1970-01-06 08:45:00+00:00,0.007011546277748689,0.004839966266182932,9827
1970-01-06 08:46:00+00:00,0.00357737643534916,0.002924723081966533,6399
1970-01-06 08:47:00+00:00,0.0026922917551914388,0.0012883870861131273,6774
1970-01-06 08:48:00+00:00,0.0022326230844879552,0.0010778434283424414,4743
1970-01-06 08:49:00+00:00,0.002714469612974229,0.0015602023461668002,6216
1970-01-06 08:50:00+00:00,0.006934840389877228,0.0047980881073360305,9827
1970-01-06 08:51:00+00:00,0.002212175096944091,0.00124166662551133,6102
1970-01-06 08:52:00+00:00,0.003163380496675906,0.0014361782655203587,5829
1970-01-06 08:53:00+00:00,0.0031738477295581644,0.001532929368054309,5629
1970-01-06 08:54:00+00:00,0.002755873319259766,0.0012763479734762854,4303
1970-01-06 08:55:00+00:00,0.00692153650418195,0.0048461162098296226,9827
1970-01-06 08:56:00+00:00,0.0027431058163320437,0.001162304919684974,5046
1970-01-06 08:57:00+00:00,0.0024728476054452003,0.001027270277055526,5388
1970-01-06 08:58:00+00:00,0.0024810988496359737,0.0013254681723262616,4863
1970-01-06 08:59:00+00:00,0.0027014937623387816,0.0010811132508520003,3263
1970-01-06 09:00:00+00:00,0.006920400349159371,0.004907663051926034,9827
1970-01-06 09:01:00+00:00,0.0031723383821602585,0.001552415388780676,4285
1970-01-06 09:02:00+00:00,0.002879664037134737,0.0011978654737596361,4544
1970-01-06 09:03:00+00:00,0.0025974301844249193,0.0010575624274662713,4294
1970-01-06 09:04:00+00:00,0.003174198209488479,0.001292284725409975,3580
1970-01-06 09:05:00+00:00,0.00719696453190103,0.004936878998292726,9827
1970-01-06 09:06:00+00:00,0.0023284063457705844,0.0010574089910620156,3588
1970-01-06 09:07:00+00:00,0.002593516730236423,0.001334316479333869,4079
1970-01-06 09:08:00+00:00,0.002872073118288894,0.0012633733364271424,3615
1970-01-06 09:09:00+00:00,0.0021732512769145626,0.000946922836236963,3466
1970-01-06 09:10:00+00:00,0.00714579918472882,0.004887524881040286,9834
1970-01-06 09:11:00+00:00,0.0032328269886331535,0.001849165579173916,4804
1970-01-06 09:12:00+00:00,0.003211151180254325,0.0017281962643696835,4066
1970-01-06 09:13:00+00:00,0.002221205936275507,0.001402558131681401,4942
1970-01-06 09:14:00+00:00,0.0017394148352453775,0.0008708224938533989,4581
1970-01-06 09:15:00+00:00,0.006934990858369017,0.004933398396075856,9836
1970-01-06 09:16:00+00:00,0.003653216952738544,0.00197952069656544,5278
1970-01-06 09:17:00+00:00,0.00249369514753737,0.001326078585028266,5583
1970-01-06 09:18:00+00:00,0.0023685850147462262,0.0013394550061475664,5166
1970-01-06 09:19:00+00:00,0.0018502683923808376,0.0008914984732310237,4781
1970-01-06 09:20:00+00:00,0.006754633374511489,0.004890404414170952,9835
1970-01-06 09:21:00+00:00,0.002554462774255722,0.0010735064621968673,4146
1970-01-06 09:22:00+00:00,0.001763323234542583,0.0007469521862590675,4589
1970-01-06 09:23:00+00:00,0.0019172046080609278,0.0008299534742129156,3963
1970-01-06 09:24:00+00:00,0.0020911026719817273,0.0012733275508099464,5474
1970-01-06 09:25:00+00:00,0.006759643543649858,0.004758237696417673,9835
1970-01-06 09:26:00+00:00,0.0021971559309658293,0.0012124958582119731,4850
1970-01-06 09:27:00+00:00,0.002195762185126107,0.0010513690642011053,5247
1970-01-06 09:28:00+00:00,0.0019963709131087834,0.001081506630488788,5268
1970-01-06 09:29:00+00:00,0.0023906795922533732,0.0011667196223798262,5393
1970-01-06 09:30:00+00:00,0.006949832512734645,0.004785609770246531,9834
1970-01-06 09:31:00+00:00,0.002773528241635953,0.0013600426398615272,5235
1970-01-06 09:32:00+00:00,0.002524151432606005,0.0014327612011080886,5905
1970-01-06 09:33:00+00:00,0.002558242732261508,0.001402347718821414,6338
1970-01-06 09:34:00+00:00,0.002012155158618759,0.001179991810330942,6913
1970-01-06 09:35:00+00:00,0.006691314983739616,0.004726146463240644,9834
1970-01-06 09:36:00+00:00,0.0026059472070794412,0.0011838835232784806,4956
1970-01-06 09:37:00+00:00,0.0023820037803674813,0.0010229073622089516,5053
1970-01-06 09:38:00+00:00,0.0025385807655058158,0.0012021156928298177,5217
1970-01-06 09:39:00+00:00,0.0019238818952819533,0.0008821830671501542,5296
1970-01-06 09:40:00+00:00,0.00651392106662966,0.004706523939403549,9835
1970-01-06 09:41:00+00:00,0.002605299281310733,0.001481036577564613,6203
1970-01-06 09:42:00+00:00,0.002404257181401006,0.0013619259055082235,5153
1970-01-06 09:43:00+00:00,0.0021656053533739192,0.001081308397929951,5391
1970-01-06 09:44:00+00:00,0.0027002300906754863,0.0013912049755077209,5669
1970-01-06 09:45:00+00:00,0.006670933973251759,0.0047057300442118815,9833
1970-01-06 09:46:00+00:00,0.0024937640453988404,0.0011384230777711313,5713
1970-01-06 09:47:00+00:00,0.002830188266649287,0.0015960811897005511,5581
1970-01-06 09:48:00+00:00,0.0020876280478279285,0.0010053097269412828,5634
1970-01-06 09:49:00+00:00,0.0036879265336140134,0.002044415369643793,8194
1970-01-06 09:50:00+00:00,0.006666593778211244,0.004668148503125248,9832
1970-01-06 09:51:00+00:00,0.002625450180419961,0.0013502685137359235,5889
1970-01-06 09:52:00+00:00,0.0035009406924787633,0.0021450844613325605,6729
1970-01-06 09:53:00+00:00,0.002325574374137736,0.001243346414256523,5063
1970-01-06 09:54:00+00:00,0.0018679287106002076,0.0009724339154852269,6832
1970-01-06 09:55:00+00:00,0.0067329612678789594,0.004772392153013907,9832
1970-01-06 09:56:00+00:00,0.0035683933552020696,0.001992979624365392,4797
1970-01-06 09:57:00+00:00,0.0028776637304168988,0.0013914243039994793,5547
1970-01-06 09:58:00+00:00,0.0021362148718476483,0.0009131455442358397,4092
1970-01-06 09:59:00+00:00,0.0023276014844963336,0.0009747018579860824,5697
1970-01-06 10:00:00+00:00,0.006872460435457429,0.004769675855565038,9831
1970-01-06 10:01:00+00:00,0.003170780506282108,0.00158024015103584,5340
1970-01-06 10:02:00+00:00,0.0028322879413781687,0.001266870799602484,5727
1970-01-06 10:03:00+00:00,0.0026673207264408874,0.0010945972164515879,5385
1970-01-06 10:04:00+00:00,0.002033831330523098,0.0012243278354778673,6429
1970-01-06 10:05:00+00:00,0.006910254564695979,0.004817748713660849,9833
1970-01-06 10:06:00+00:00,0.002825889555369611,0.0014113869861752102,4576
1970-01-06 10:07:00+00:00,0.0027576910661130296,0.0013409780620127067,5253
1970-01-06 10:08:00+00:00,0.0019797451610617414,0.001230958861241618,5209
1970-01-06 10:09:00+00:00,0.0021970459628345186,0.0010292066173513245,4479
1970-01-06 10:10:00+00:00,0.006814495016318734,0.004885955934897648,9834
1970-01-06 10:11:00+00:00,0.003222611269887629,0.001738188634138975,3970
1970-01-06 10:12:00+00:00,0.0032693072374664336,0.0017490202742359365,5106
1970-01-06 10:13:00+00:00,0.002303489421437763,0.0012180147780210054,3758
1970-01-06 10:14:00+00:00,0.0026637027384846363,0.001301462466111473,3136
1970-01-06 10:15:00+00:00,0.0066567868387228425,0.00483697229467644,9834
1970-01-06 10:16:00+00:00,0.00261717779947241,0.001151278787998337,3947
1970-01-06 10:17:00+00:00,0.0029464022273860105,0.0013286629675661704,5715
1970-01-06 10:18:00+00:00,0.002669663313052587,0.001095129127436865,4267
1970-01-06 10:19:00+00:00,0.0026250289939760856,0.0012300255819803142,3900
1970-01-06 10:20:00+00:00,0.006540132715962584,0.004884385421685291,9833
1970-01-06 10:21:00+00:00,0.003414841519842608,0.0017440306189900618,4613
1970-01-06 10:22:00+00:00,0.002689047847915496,0.0013195482498134326,4935
1970-01-06 10:23:00+00:00,0.0027506778717485744,0.0018491911779712565,5189
1970-01-06 10:24:00+00:00,0.0027900497234330194,0.001538792639126063,4357
1970-01-06 10:25:00+00:00,0.006776814165020425,0.0048292402214639265,9833
1970-01-06 10:26:00+00:00,0.0029526160304531664,0.0016354425816448208,5229
1970-01-06 10:27:00+00:00,0.0026221176413251473,0.0015495291735321132,4634
1970-01-06 10:28:00+00:00,0.002905535024534514,0.0014166971196890763,4451
1970-01-06 10:29:00+00:00,0.002688040946169426,0.001627536202749147,5426
1970-01-06 10:30:00+00:00,0.006886461403709895,0.004831979439164744,9834
1970-01-06 10:31:00+00:00,0.0032505617526221507,0.0018660060244261982,6020
1970-01-06 10:32:00+00:00,0.003545458753515291,0.002013203374622468,5680
1970-01-06 10:33:00+00:00,0.002507678553277375,0.0013154191606732394,4767
1970-01-06 10:34:00+00:00,0.003068404632398783,0.0011344512405577242,3903
1970-01-06 10:35:00+00:00,0.007010009675682961,0.004857675834400721,9835
1970-01-06 10:36:00+00:00,0.0036048626167523913,0.0015641632436530913,4112
1970-01-06 10:37:00+00:00,0.00317023050714958,0.0017622034046293244,6031
1970-01-06 10:38:00+00:00,0.003806765370804182,0.0021297654602540307,4952
1970-01-06 10:39:00+00:00,0.0026737679852708762,0.0012879492580026867,5614
1970-01-06 10:40:00+00:00,0.006961387682796621,0.004828434629378706,9834
1970-01-06 10:41:00+00:00,0.0032294777518208726,0.0014283194685765816,4818
1970-01-06 10:42:00+00:00,0.0032067064220887074,0.0014042829745673994,4768
1970-01-06 10:43:00+00:00,0.002686827540970412,0.0010977159112676186,4752
1970-01-06 10:44:00+00:00,0.001996705830210261,0.0008450072137344958,4439
1970-01-06 10:45:00+00:00,0.006864124003846841,0.004735022143766672,9835
1970-01-06 10:46:00+00:00,0.0022179895686380326,0.0009304952338359594,4358
1970-01-06 10:47:00+00:00,0.0028885015432196263,0.0010641714876238404,4536
1970-01-06 10:48:00+00:00,0.002166195960176564,0.0007600023719148008,4124
1970-01-06 10:49:00+00:00,0.002168549502547026,0.000794150257505154,4915
1970-01-06 10:50:00+00:00,0.006889823461987124,0.004748193320180174,9834
1970-01-06 10:51:00+00:00,0.0030154920461485987,0.00140189329828793,3986
1970-01-06 10:52:00+00:00,0.0032126830326571093,0.0016221030619134505,4347
1970-01-06 10:53:00+00:00,0.002238905273665024,0.0012490512417353823,3960
1970-01-06 10:54:00+00:00,0.002225502709993243,0.0009062580743240494,3577
1970-01-06 10:55:00+00:00,0.006961449384649558,0.004810719503547137,9834
1970-01-06 10:56:00+00:00,0.00278574309235117,0.001411851993106333,5927
1970-01-06 10:57:00+00:00,0.0023479771321337005,0.0010024182890804878,3873
1970-01-06 10:58:00+00:00,0.002389065570544732,0.001286502951174624,5096
1970-01-06 10:59:00+00:00,0.001932470415572154,0.0009099609245188193,4425
1970-01-06 11:00:00+00:00,0.006745045470016718,0.004801473067462206,9834
1970-01-06 11:01:00+00:00,0.0029291102848620866,0.0015399344957020972,5210
1970-01-06 11:02:00+00:00,0.003892889198350023,0.0018356985353497168,5340
1970-01-06 11:03:00+00:00,0.0036589878474523174,0.0015020321894155821,4395
1970-01-06 11:04:00+00:00,0.003020479326737489,0.001301631729424761,6366
1970-01-06 11:05:00+00:00,0.006626192631004685,0.004706062903353551,9833
1970-01-06 11:06:00+00:00,0.0032581865382818836,0.0015435185048559312,5229
1970-01-06 11:07:00+00:00,0.0028277355916398726,0.0014645490065415437,4236
1970-01-06 11:08:00+00:00,0.0029226525518777236,0.0013219506607702878,5210
1970-01-06 11:09:00+00:00,0.0022557864759312164,0.0013359976222509723,6574
1970-01-06 11:10:00+00:00,0.006683849101791855,0.004777701412054424,9834
1970-01-06 11:11:00+00:00,0.003138085586840068,0.0016827583048299297,4831
1970-01-06 11:12:00+00:00,0.0035444740138928115,0.0014392889514670498,3501
1970-01-06 11:13:00+00:00,0.003325484830552547,0.001297087483591848,4161
1970-01-06 11:14:00+00:00,0.0023037718887190966,0.0009316754964482369,4572
1970-01-06 11:15:00+00:00,0.006771024504216815,0.004805047943237502,9834
1970-01-06 11:16:00+00:00,0.004004091958756385,0.0017178410398168426,4623
1970-01-06 11:17:00+00:00,0.0031953778731128382,0.0013357372949162906,4939
1970-01-06 11:18:00+00:00,0.003038804957106459,0.001410275550793774,3551
1970-01-06 11:19:00+00:00,0.0029799928422183306,0.0013909423927740427,4868
1970-01-06 11:20:00+00:00,0.006810461958696213,0.00479835427427748,9832
1970-01-06 11:21:00+00:00,0.003056657770969864,0.0013329053576707425,4360
1970-01-06 11:22:00+00:00,0.002347646847571027,0.0012614459063822782,5070
1970-01-06 11:23:00+00:00,0.00241444430996504,0.0011535006853036112,4868
1970-01-06 11:24:00+00:00,0.002543578340970781,0.0010702911751100188,3997
1970-01-06 11:25:00+00:00,0.0066961907255127335,0.004748594942711045,9833
1970-01-06 11:26:00+00:00,0.0027698812074016723,0.0012611319240482962,4216
1970-01-06 11:27:00+00:00,0.0027593924200873445,0.001441027846862548,5521
1970-01-06 11:28:00+00:00,0.002665586519238774,0.0011214981296486625,4160
1970-01-06 11:29:00+00:00,0.00247129932832286,0.0011391405976089776,4585
1970-01-06 11:30:00+00:00,0.006572774709942728,0.004806863522163662,9832
1970-01-06 11:31:00+00:00,0.0028196217879622094,0.001855636153302518,5624
1970-01-06 11:32:00+00:00,0.0027672735470592224,0.001629796446328592,5377
1970-01-06 11:33:00+00:00,0.0024362319502945406,0.001274423053528584,3916
1970-01-06 11:34:00+00:00,0.002560968613232644,0.001281338837666214,4930
1970-01-06 11:35:00+00:00,0.00697163503359748,0.004824421841948858,9831
1970-01-06 11:36:00+00:00,0.0027644857557592513,0.00134786421082181,4710
1970-01-06 11:37:00+00:00,0.003205085240562431,0.001680062761323635,4220
1970-01-06 11:38:00+00:00,0.003354387610443029,0.0016327315850259221,4582
1970-01-06 11:39:00+00:00,0.003123488701377881,0.0013821462990238533,5238
1970-01-06 11:40:00+00:00,0.006961935832697752,0.004787616448572426,9832
1970-01-06 11:41:00+00:00,0.0035991819711839986,0.001944869924925194,6899
1970-01-06 11:42:00+00:00,0.00335382632163069,0.0022083593587981826,6545
1970-01-06 11:43:00+00:00,0.003209186711484563,0.0019761854201820754,6048
1970-01-06 11:44:00+00:00,0.002590434126439512,0.0016466372229478683,5742
1970-01-06 11:45:00+00:00,0.006741966964174207,0.0047914754423888815,9832
1970-01-06 11:46:00+00:00,0.0030046147784403006,0.0017281412540557438,5298
1970-01-06 11:47:00+00:00,0.003273679055222991,0.0013957633092251392,3295
1970-01-06 11:48:00+00:00,0.002710307459736952,0.0014816735613596282,4643
1970-01-06 11:49:00+00:00,0.002647090459787741,0.0015168969078371228,5013
1970-01-06 11:50:00+00:00,0.006835454548676323,0.004805526630140727,9832
1970-01-06 11:51:00+00:00,0.0025807056424154025,0.0013476774244083971,5057
1970-01-06 11:52:00+00:00,0.0027888046838099724,0.001281210830788213,3968
1970-01-06 11:53:00+00:00,0.002888099850730781,0.0013789948607117826,4398
1970-01-06 11:54:00+00:00,0.00268493335496741,0.0009660438829158476,4110
1970-01-06 11:55:00+00:00,0.0070583498293054735,0.004803568889846332,9832
1970-01-06 11:56:00+00:00,0.0028321181630630585,0.0013571189393571772,3890
1970-01-06 11:57:00+00:00,0.0033329965229745464,0.0015551796351040716,4727
1970-01-06 11:58:00+00:00,0.002726090629602822,0.0014709513109288027,4345
1970-01-06 11:59:00+00:00,0.0021462025525386145,0.0010677269103673826,5451
1970-01-06 12:00:00+00:00,0.006978379421979539,0.004801472280911082,9833
1970-01-06 12:01:00+00:00,0.002940227467282402,0.0015733929357310767,5036
1970-01-06 12:02:00+00:00,0.0032041705620187775,0.0016899705047111527,4050
1970-01-06 12:03:00+00:00,0.002985492517977135,0.001783123077869528,5616
1970-01-06 12:04:00+00:00,0.0027782732727255777,0.0014999559423639155,5572
1970-01-06 12:05:00+00:00,0.006881929140931528,0.004809637733414687,9834
1970-01-06 12:06:00+00:00,0.0029837797418175225,0.001748034324751495,7144
1970-01-06 12:07:00+00:00,0.002216301321235944,0.0013592061951616366,5612
1970-01-06 12:08:00+00:00,0.002602973902169538,0.0015856333032646952,4951
1970-01-06 12:09:00+00:00,0.0023363807097657634,0.0012415715557859057,4782
1970-01-06 12:10:00+00:00,0.00696664467670289,0.004820017275470631,9834
1970-01-06 12:11:00+00:00,0.004004464967621828,0.0020044535336805037,5351
1970-01-06 12:12:00+00:00,0.0036885958468421544,0.002196183744985613,5448
1970-01-06 12:13:00+00:00,0.003164677245991737,0.0016787710105950892,3340
1970-01-06 12:14:00+00:00,0.003505567915162592,0.0017734288403786287,4503
1970-01-06 12:15:00+00:00,0.007069193900724971,0.004856237155762004,9832
1970-01-06 12:16:00+00:00,0.0034487923918778258,0.0017203744365906245,6415
1970-01-06 12:17:00+00:00,0.0032041145080580146,0.0016398159495720943,5448
1970-01-06 12:18:00+00:00,0.0033440682319895196,0.0019502467965236262,4556
1970-01-06 12:19:00+00:00,0.003556121437583807,0.0017818346316190532,4655
1970-01-06 12:20:00+00:00,0.0071292569121583355,0.004890693459590666,9832
1970-01-06 12:21:00+00:00,0.0034378432281627603,0.0018329970451463119,5228
1970-01-06 12:22:00+00:00,0.003746002918031135,0.0014622211015517562,4092
1970-01-06 12:23:00+00:00,0.003540986870355713,0.0017456503159696732,3593
1970-01-06 12:24:00+00:00,0.0028956806888766015,0.0012256430148701804,3357
1970-01-06 12:25:00+00:00,0.007066033245203593,0.004893511158669888,9832
1970-01-06 12:26:00+00:00,0.003320171990370396,0.0018269390019063434,4936
1970-01-06 12:27:00+00:00,0.0030549852994397417,0.001483923504791118,5381
1970-01-06 12:28:00+00:00,0.002790901685155297,0.0015846716970639488,5052
1970-01-06 12:29:00+00:00,0.0027263529066931863,0.0013143502865655655,3874
1970-01-06 12:30:00+00:00,0.00705589156568418,0.004908315099102826,9836
1970-01-06 12:31:00+00:00,0.0038716355712661347,0.0020520565472572365,5263
1970-01-06 12:32:00+00:00,0.0036926189016167387,0.001992337079847148,4579
1970-01-06 12:33:00+00:00,0.003277724662363594,0.0014338256342241217,3429
1970-01-06 12:34:00+00:00,0.003098600240227175,0.0014659589258929834,4395
1970-01-06 12:35:00+00:00,0.007095407953715496,0.00490453095303889,9834
1970-01-06 12:36:00+00:00,0.0033875772543385417,0.0014119091349313107,3398
1970-01-06 12:37:00+00:00,0.00430275847865541,0.001610811239563777,3103
1970-01-06 12:38:00+00:00,0.0035989879382257338,0.0014381150274556935,3389
1970-01-06 12:39:00+00:00,0.0027675049734930527,0.0011303581571622963,3450
1970-01-06 12:40:00+00:00,0.006976444960570308,0.004866406714705951,9834
1970-01-06 12:41:00+00:00,0.004208291036362113,0.002150302000993634,4360
1970-01-06 12:42:00+00:00,0.003871753636354613,0.0018779293701996552,4580
1970-01-06 12:43:00+00:00,0.0033785941746949507,0.001829976665257085,3935
1970-01-06 12:44:00+00:00,0.002701554446179911,0.001203631281892176,4387
1970-01-06 12:45:00+00:00,0.006874679128856149,0.004858303054644965,9831
1970-01-06 12:46:00+00:00,0.003654310746803508,0.0018510874486830896,4188
1970-01-06 12:47:00+00:00,0.0033312878304163516,0.0017946029192363222,4411
1970-01-06 12:48:00+00:00,0.002964290779785305,0.0016795535542271241,4750
1970-01-06 12:49:00+00:00,0.0026616500105910643,0.0011691901896503727,3493
1970-01-06 12:50:00+00:00,0.006805238582869451,0.004836597475269773,9830
1970-01-06 12:51:00+00:00,0.0028321660850758558,0.0017519375779812272,5976
1970-01-06 12:52:00+00:00,0.002855816041080328,0.0013551342899413435,4263
1970-01-06 12:53:00+00:00,0.004134084334057688,0.0013507040198148105,3678
1970-01-06 12:54:00+00:00,0.004174674587266941,0.0014601234738753645,5045
1970-01-06 12:55:00+00:00,0.006928043117530829,0.0048086002083487945,9830
1970-01-06 12:56:00+00:00,0.00467258779796399,0.0013735267565654183,4143
1970-01-06 12:57:00+00:00,0.006250225676614997,0.0016431119908718278,5680
1970-01-06 12:58:00+00:00,0.004703515286431623,0.0019054987711737525,5126
1970-01-06 12:59:00+00:00,0.004440360416725466,0.0014489296363745128,4779
1970-01-06 13:00:00+00:00,0.007005894277057283,0.004820294647267079,9828
1970-01-06 13:01:00+00:00,0.004623421323687484,0.0018176095367120795,5303
1970-01-06 13:02:00+00:00,0.003600754565985717,0.0016796705979498915,4921
1970-01-06 13:03:00+00:00,0.0027702376419631246,0.0016641758418016474,5697
1970-01-06 13:04:00+00:00,0.002879276441163207,0.0014914851338997225,4963
1970-01-06 13:05:00+00:00,0.006930931141388681,0.0048239908897933104,9828
1970-01-06 13:06:00+00:00,0.0030131166731135603,0.0014618732133828355,4563
1970-01-06 13:07:00+00:00,0.002824950841118078,0.0013882605145212083,4613
1970-01-06 13:08:00+00:00,0.002952171466778853,0.0013189424330713577,3167
1970-01-06 13:09:00+00:00,0.0030553207977749857,0.0016413288365651737,4319
1970-01-06 13:10:00+00:00,0.006890737542351895,0.004819861393185043,9830
1970-01-06 13:11:00+00:00,0.0035752659679820216,0.0018891502819740249,6291
1970-01-06 13:12:00+00:00,0.003092518694151409,0.0018269274965065107,6831
1970-01-06 13:13:00+00:00,0.0030016695178283234,0.0018401666438049187,6104
1970-01-06 13:14:00+00:00,0.003278735406814005,0.0019397494580552022,5758
1970-01-06 13:15:00+00:00,0.007017677270776613,0.004794036133436962,9829
1970-01-06 13:16:00+00:00,0.003643602929290057,0.001954631435141564,5320
1970-01-06 13:17:00+00:00,0.003179114848336897,0.0017595305712210807,5177
1970-01-06 13:18:00+00:00,0.0032275987348304716,0.0012439216985373168,4071
1970-01-06 13:19:00+00:00,0.002439272957176899,0.0010520701213515315,4079
1970-01-06 13:20:00+00:00,0.00706271978141999,0.00480304961766785,9828
1970-01-06 13:21:00+00:00,0.0030289171960824856,0.0013999936586484997,5351
1970-01-06 13:22:00+00:00,0.002714996097852161,0.0010064773680325883,5319
1970-01-06 13:23:00+00:00,0.0023702450231099783,0.0012902351431796665,6243
1970-01-06 13:24:00+00:00,0.0023684908630937185,0.0011158843566621112,5793
1970-01-06 13:25:00+00:00,0.006854860797966401,0.004738773591459368,9829
1970-01-06 13:26:00+00:00,0.003662039677871616,0.001627252891279778,5102
1970-01-06 13:27:00+00:00,0.0032197643420181286,0.001395824950651102,5341
1970-01-06 13:28:00+00:00,0.002713536511560393,0.00118948144269924,5456
1970-01-06 13:29:00+00:00,0.0025456319722973373,0.0010588999429475476,3765
1970-01-06 13:30:00+00:00,0.007022982725541046,0.004844739141763854,9825
1970-01-06 13:31:00+00:00,0.003133067124546608,0.001347559012976944,4210
1970-01-06 13:32:00+00:00,0.002943983775015677,0.0014359653230868598,5289
1970-01-06 13:33:00+00:00,0.00273042371007319,0.0012090994001748513,4987
1970-01-06 13:34:00+00:00,0.003074856818710242,0.0012580391451798775,3268
1970-01-06 13:35:00+00:00,0.007011385129355505,0.004863147794649023,9825
1970-01-06 13:36:00+00:00,0.0037626815064451804,0.0016553097558561246,4291
1970-01-06 13:37:00+00:00,0.0026525370664106833,0.0012862634405467314,4560
1970-01-06 13:38:00+00:00,0.0030882980004538502,0.0013928276270118172,4934
1970-01-06 13:39:00+00:00,0.0024956324962157133,0.0010845897312565867,3710
1970-01-06 13:40:00+00:00,0.006922111113537191,0.0048158477926175235,9823
1970-01-06 13:41:00+00:00,0.0033971828269402896,0.0014989259488077567,4146
1970-01-06 13:42:00+00:00,0.0037816789743018555,0.0016995625301339664,3598
1970-01-06 13:43:00+00:00,0.002928495129658516,0.0014090946795313369,4629
1970-01-06 13:44:00+00:00,0.002145475874652732,0.0008724288632284514,3782
1970-01-06 13:45:00+00:00,0.006956377442011295,0.004854764448626769,9823
1970-01-06 13:46:00+00:00,0.0033158487998522146,0.0014324085707338415,3333
1970-01-06 13:47:00+00:00,0.0030269218125248743,0.001420414068236526,4456
1970-01-06 13:48:00+00:00,0.002664612456873395,0.001238212988580127,3260
1970-01-06 13:49:00+00:00,0.002898776187905633,0.0013130479789889508,5432
1970-01-06 13:50:00+00:00,0.007193797878137351,0.00486373549092912,9824
1970-01-06 13:51:00+00:00,0.0028753880811990457,0.001566180641729954,5691
1970-01-06 13:52:00+00:00,0.002834930768358974,0.0013355730438468648,4967
1970-01-06 13:53:00+00:00,0.0030480333625142134,0.0011803999176752359,3505
1970-01-06 13:54:00+00:00,0.0028115987871983887,0.0011620132005841623,3160
1970-01-06 13:55:00+00:00,0.007181845613032164,0.0049129497675045215,9827
1970-01-06 13:56:00+00:00,0.003584467388942678,0.0017168245851652097,4153
1970-01-06 13:57:00+00:00,0.003023915322438377,0.00149498087595254,4551
1970-01-06 13:58:00+00:00,0.003305301208145286,0.0013848499245245282,4141
1970-01-06 13:59:00+00:00,0.002846539898168803,0.0011362520541631997,3480
1970-01-06 14:00:00+00:00,0.007089708687247024,0.0049168620882316,9826
1970-01-06 14:01:00+00:00,0.0035067511419964786,0.0016917688214880752,3857
1970-01-06 14:02:00+00:00,0.0031133796308461708,0.0013259418341398307,4535
1970-01-06 14:03:00+00:00,0.0031212384508084554,0.0013648824036049537,3939
1970-01-06 14:04:00+00:00,0.002742096081791728,0.0010482466518922033,2985
1970-01-06 14:05:00+00:00,0.0069416241043422314,0.004863842040337546,9827
1970-01-06 14:06:00+00:00,0.0031544437994322173,0.001254812129434565,3264
1970-01-06 14:07:00+00:00,0.003663051481297912,0.001635052710691025,4670
1970-01-06 14:08:00+00:00,0.0032228759237635514,0.001367855382836912,3663
1970-01-06 14:09:00+00:00,0.002692251457633287,0.0010378487021371749,3046
1970-01-06 14:10:00+00:00,0.007042993821167696,0.004897639223829999,9830
1970-01-06 14:11:00+00:00,0.00368839216120089,0.0016054008962816404,3886
1970-01-06 14:12:00+00:00,0.0031756548146110275,0.0015956089527511368,4278
1970-01-06 14:13:00+00:00,0.0032768154584797804,0.0016113565658500795,4242
1970-01-06 14:14:00+00:00,0.003669468986833387,0.0015088460190559928,3532
1970-01-06 14:15:00+00:00,0.007051934472235732,0.004890615761953934,9828
1970-01-06 14:16:00+00:00,0.003842924761727408,0.0014940810024626462,3729
1970-01-06 14:17:00+00:00,0.0036397961973812986,0.0015917394725953762,4467
1970-01-06 14:18:00+00:00,0.0028190214590702476,0.0010907847586687786,4260
1970-01-06 14:19:00+00:00,0.0031776987441799512,0.0012220553124415133,4019
1970-01-06 14:20:00+00:00,0.006931372519740531,0.004856943592045146,9830
1970-01-06 14:21:00+00:00,0.0033277829648265317,0.0015403720653927905,4623
1970-01-06 14:22:00+00:00,0.003299143273355918,0.0016125124619692428,5063
1970-01-06 14:23:00+00:00,0.0026393950716240605,0.00140916112152372,5007
1970-01-06 14:24:00+00:00,0.0024087582820910515,0.0011000119898307893,4489
1970-01-06 14:25:00+00:00,0.006796091038633737,0.004836384635981737,9829
1970-01-06 14:26:00+00:00,0.0030540167565229646,0.0017423043211795162,5458
1970-01-06 14:27:00+00:00,0.002521148206875788,0.0012505256353690063,4055
1970-01-06 14:28:00+00:00,0.0030277163781201348,0.0013614091464897709,4016
1970-01-06 14:29:00+00:00,0.002795324429081127,0.0011505075840322428,3068
1970-01-06 14:30:00+00:00,0.006829162222812094,0.004854055017610332,9829
1970-01-06 14:31:00+00:00,0.0031941334593970755,0.0012513342893348553,3474
1970-01-06 14:32:00+00:00,0.00544230093250487,0.0015460256105009479,4834
1970-01-06 14:33:00+00:00,0.005318486436516664,0.0012060394652799132,4538
1970-01-06 14:34:00+00:00,0.005428397634620472,0.0013184848106757875,4516
1970-01-06 14:35:00+00:00,0.007059678334497255,0.004819125759263971,9830
1970-01-06 14:36:00+00:00,0.003273401081544294,0.0014482029421791472,4474
1970-01-06 14:37:00+00:00,0.0028155024243158642,0.0013292221715780696,4488
1970-01-06 14:38:00+00:00,0.0026655545161674856,0.0011298662089479863,3458
1970-01-06 14:39:00+00:00,0.0030328333496336558,0.0010816297284651447,3672
1970-01-06 14:40:00+00:00,0.007054440468532925,0.004811465972640679,9833
1970-01-06 14:41:00+00:00,0.0036763377423698934,0.0014904919002330633,4352
1970-01-06 14:42:00+00:00,0.0031991391607619165,0.0013725699897300595,5398
1970-01-06 14:43:00+00:00,0.0027117663029029063,0.0013535964437515877,5198
1970-01-06 14:44:00+00:00,0.002746566286029822,0.0011897460476585253,4070
1970-01-06 14:45:00+00:00,0.006951422623133368,0.00483363583870694,9835
1970-01-06 14:46:00+00:00,0.002888692202415939,0.0012561967931739564,3248
1970-01-06 14:47:00+00:00,0.003023872597680016,0.0015631637825871112,5527
1970-01-06 14:48:00+00:00,0.003241911992582061,0.001647163551208382,5055
1970-01-06 14:49:00+00:00,0.0029115029992903474,0.0014234397324504396,5681
1970-01-06 14:50:00+00:00,0.0067471520822773795,0.0047683982961224496,9832
1970-01-06 14:51:00+00:00,0.002987911317700932,0.0014106112753516568,5039
1970-01-06 14:52:00+00:00,0.0032584857756764105,0.001388609013415417,4475
1970-01-06 14:53:00+00:00,0.003835984703738676,0.0013644855068943233,3580
1970-01-06 14:54:00+00:00,0.002523710110070492,0.0009266058687676548,4697
1970-01-06 14:55:00+00:00,0.006544625162041807,0.004678674205012564,9832
1970-01-06 14:56:00+00:00,0.00206268909469776,0.0009956520811617675,4553
1970-01-06 14:57:00+00:00,0.002667379782704644,0.0012182089793401742,4150
1970-01-06 14:58:00+00:00,0.0027473930170714062,0.001257876257151115,4710
1970-01-06 14:59:00+00:00,0.0023406787802896104,0.0010016552083827038,4680
1970-01-06 15:00:00+00:00,0.006659634793006987,0.004715387947441548,9829
1970-01-06 15:01:00+00:00,0.0022900357294428895,0.0013962144956680364,5020
1970-01-06 15:02:00+00:00,0.0026716959603433157,0.0012377988122472875,3874
1970-01-06 15:03:00+00:00,0.0029074249744269892,0.0013332465769713365,3986
1970-01-06 15:04:00+00:00,0.002413865242536985,0.0013428691378022596,5800
1970-01-06 15:05:00+00:00,0.006690164740982879,0.00474744901247143,9830
1970-01-06 15:06:00+00:00,0.0024017788321268607,0.0013680113225220194,4331
1970-01-06 15:07:00+00:00,0.0024644329358529844,0.0014224919680685703,5317
1970-01-06 15:08:00+00:00,0.0019726826968588344,0.0012181830915762326,5197
1970-01-06 15:09:00+00:00,0.001959044857069378,0.0011325285765068742,5294
1970-01-06 15:10:00+00:00,0.006152440675635957,0.004683731093857038,9829
1970-01-06 15:11:00+00:00,0.0027367228607819336,0.0012774962431568323,3912
1970-01-06 15:12:00+00:00,0.0025654219091941436,0.0014005722543638799,5095
1970-01-06 15:13:00+00:00,0.00300354149311979,0.0013396532178234913,4233
1970-01-06 15:14:00+00:00,0.002592159319381448,0.001162350490480095,5631
1970-01-06 15:15:00+00:00,0.006814734652310882,0.0047344123412980735,9831
1970-01-06 15:16:00+00:00,0.0025645969952487317,0.0011512197533084432,3662
1970-01-06 15:17:00+00:00,0.0027320417177406184,0.001268186111648766,4203
1970-01-06 15:18:00+00:00,0.002453196754224019,0.0011159496350787697,4300
1970-01-06 15:19:00+00:00,0.0029369189245810464,0.0008898058457725487,3296
1970-01-06 15:20:00+00:00,0.00691618494775561,0.004711963093154557,9832
1970-01-06 15:21:00+00:00,0.003261883338864188,0.0014289291999894692,5105
1970-01-06 15:22:00+00:00,0.0030235350862005727,0.0013230185480937091,4439
1970-01-06 15:23:00+00:00,0.00239467327339825,0.0011613383590875351,5502
1970-01-06 15:24:00+00:00,0.0030788727327035674,0.0014798381726066838,5176
1970-01-06 15:25:00+00:00,0.00645047189435825,0.004650259140038925,9832
1970-01-06 15:26:00+00:00,0.002792322950253275,0.0013916680239067448,5169
1970-01-06 15:27:00+00:00,0.0026302301193577714,0.0014322054080431598,5874
1970-01-06 15:28:00+00:00,0.002842015835237948,0.0014376250830609415,4562
1970-01-06 15:29:00+00:00,0.0028032971344482617,0.001401211179816728,4592
1970-01-06 15:30:00+00:00,0.006059912339560723,0.0046572933444183765,9828
1970-01-06 15:31:00+00:00,0.0022301345618959342,0.0010455724626795239,5165
1970-01-06 15:32:00+00:00,0.0026541688798883364,0.0011201990631235573,4360
1970-01-06 15:33:00+00:00,0.0025587428107314604,0.0013958008844765545,4454
1970-01-06 15:34:00+00:00,0.0025018802966484933,0.001162958304146211,3728
1970-01-06 15:35:00+00:00,0.006065614370172844,0.004610180961624048,9828
1970-01-06 15:36:00+00:00,0.002655146312128548,0.0015398449553685495,4994
1970-01-06 15:37:00+00:00,0.0026567227968450173,0.0011568267003421845,4948
1970-01-06 15:38:00+00:00,0.0031283338851359004,0.0012567010091111878,3816
1970-01-06 15:39:00+00:00,0.0030144461001732972,0.0012909237133764133,5103
1970-01-06 15:40:00+00:00,0.0061959370708277416,0.004575390212955205,9826
1970-01-06 15:41:00+00:00,0.0026071545284323643,0.001258273762198897,4565
1970-01-06 15:42:00+00:00,0.0027363425806949076,0.0011428919147963936,4610
1970-01-06 15:43:00+00:00,0.002890267671660277,0.0013454422611379657,5282
1970-01-06 15:44:00+00:00,0.0029623127724867945,0.0013615624651201496,5708
1970-01-06 15:45:00+00:00,0.006039197885792979,0.004536242192432023,9826
1970-01-06 15:46:00+00:00,0.0025743336219917457,0.0014859566204152817,5779
1970-01-06 15:47:00+00:00,0.0027699075707369345,0.0014597770890453525,5330
1970-01-06 15:48:00+00:00,0.002753075935701408,0.001405669955990823,5098
1970-01-06 15:49:00+00:00,0.0026603375271824488,0.0012166455934401307,5072
1970-01-06 15:50:00+00:00,0.006420405948125094,0.0045915270161739795,9825
1970-01-06 15:51:00+00:00,0.0025829395103961266,0.0010902597170916334,4552
1970-01-06 15:52:00+00:00,0.002738917634615885,0.0011119978707690985,3424
1970-01-06 15:53:00+00:00,0.002699833729150783,0.0011068124400015727,3325
1970-01-06 15:54:00+00:00,0.002260365896241059,0.0010706783078104113,4458
1970-01-06 15:55:00+00:00,0.006795979722269814,0.0046654094334673555,9827
1970-01-06 15:56:00+00:00,0.002421876084782414,0.0011934879656167702,4285
1970-01-06 15:57:00+00:00,0.0021683541366867656,0.001042765636045075,4413
1970-01-06 15:58:00+00:00,0.0022291400926151153,0.0010219012070494526,3662
1970-01-06 15:59:00+00:00,0.0023102496921878876,0.0008173792187267694,2492
1970-01-06 16:00:00+00:00,0.006538422444505127,0.004666460555647069,9827
1970-01-06 16:01:00+00:00,0.002379257428608021,0.00107369407086705,3997
1970-01-06 16:02:00+00:00,0.002722348011820801,0.0010525369828172368,2697
1970-01-06 16:03:00+00:00,0.002248158515005702,0.0009332186116044438,2502
1970-01-06 16:04:00+00:00,0.0021865261698465555,0.0007868694512466242,2487
1970-01-06 16:05:00+00:00,0.006348248322656292,0.004690692421738225,9826
1970-01-06 16:06:00+00:00,0.0023541688092135558,0.0009530439926236528,2737
1970-01-06 16:07:00+00:00,0.002350096569005808,0.0010844298823584515,3465
1970-01-06 16:08:00+00:00,0.002106072222285912,0.001127234803875736,3824
1970-01-06 16:09:00+00:00,0.0019880077526021776,0.0008596778387468883,3231
1970-01-06 16:10:00+00:00,0.005611439652109694,0.00466176464038366,9832
1970-01-06 16:11:00+00:00,0.0035311309130310457,0.0018142068592192212,4632
1970-01-06 16:12:00+00:00,0.002532607506501705,0.0013079421537408027,3938
1970-01-06 16:13:00+00:00,0.0021853285821559934,0.0012496739273808808,3672
1970-01-06 16:14:00+00:00,0.0022279720187331517,0.0007403030829117279,2619
1970-01-06 16:15:00+00:00,0.006318505271201605,0.004643547644229041,9832
1970-01-06 16:16:00+00:00,0.0023836254243360996,0.0010035314783995608,3103
1970-01-06 16:17:00+00:00,0.002698776556130893,0.0012782158296158694,3633
1970-01-06 16:18:00+00:00,0.002468880258182878,0.0009666913159327174,3431
1970-01-06 16:19:00+00:00,0.0023752276356817743,0.0011571995549075997,4261
1970-01-06 16:20:00+00:00,0.006727725393911621,0.004616560914439432,9831
1970-01-06 16:21:00+00:00,0.0035703763847405247,0.0018596619119196323,5546
1970-01-06 16:22:00+00:00,0.003223169232248922,0.001359568346577781,4563
1970-01-06 16:23:00+00:00,0.002710463201151193,0.0012328971822287197,5061
1970-01-06 16:24:00+00:00,0.0033240987369632462,0.0013285271734548552,3738
1970-01-06 16:25:00+00:00,0.006114684635501534,0.0045549702236169515,9831
1970-01-06 16:26:00+00:00,0.002694162279992992,0.001122313561615265,3943
1970-01-06 16:27:00+00:00,0.0027458521265828952,0.0011267243762307433,4115
1970-01-06 16:28:00+00:00,0.0028161943209697414,0.0011785898253880698,3954
1970-01-06 16:29:00+00:00,0.002557121001537069,0.001112600936108571,4713
1970-01-06 16:30:00+00:00,0.006294950986915821,0.004593710424604904,9831
1970-01-06 16:31:00+00:00,0.0030881805835978027,0.0017393756770522708,5861
1970-01-06 16:32:00+00:00,0.0029468941346086873,0.0016809275908823038,5780
1970-01-06 16:33:00+00:00,0.002678795696807887,0.0014781771132340521,5313
1970-01-06 16:34:00+00:00,0.002745265951433891,0.00116093389308532,3963
1970-01-06 16:35:00+00:00,0.006560984959943508,0.004632405113955188,9831
1970-01-06 16:36:00+00:00,0.002930999587957537,0.0014005722757250648,3374
1970-01-06 16:37:00+00:00,0.0026655501301376876,0.0011985108147691103,3420
1970-01-06 16:38:00+00:00,0.003063221006462056,0.0012488746704521058,3525
1970-01-06 16:39:00+00:00,0.00290094375808148,0.0010797040635318262,3799
1970-01-06 16:40:00+00:00,0.006842019116619714,0.004652412613761319,9831
1970-01-06 16:41:00+00:00,0.003794505140278719,0.0018152976852226009,4149
1970-01-06 16:42:00+00:00,0.0030193649823610034,0.0015439172060274133,3812
1970-01-06 16:43:00+00:00,0.002898819101941359,0.0012512751666050638,3431
1970-01-06 16:44:00+00:00,0.0026140160971951185,0.001256406452547006,3921
1970-01-06 16:45:00+00:00,0.006903909530136513,0.004690476256760644,9829
1970-01-06 16:46:00+00:00,0.0026876641116428865,0.0011629031072639272,3618
1970-01-06 16:47:00+00:00,0.0029313030087546486,0.001523229602930158,4689
1970-01-06 16:48:00+00:00,0.0022068564700213796,0.0011946350542324108,5062
1970-01-06 16:49:00+00:00,0.002549040724494677,0.0011782249642053667,4331
1970-01-06 16:50:00+00:00,0.006689354706836294,0.004686284936807035,9828
1970-01-06 16:51:00+00:00,0.00368535330433911,0.001830559713517346,5350
1970-01-06 16:52:00+00:00,0.0033306875985565903,0.0013753124629498365,3554
1970-01-06 16:53:00+00:00,0.0026126216797579416,0.0009819684373182245,2584
1970-01-06 16:54:00+00:00,0.0024227896893635487,0.0010119350158300845,3507
1970-01-06 16:55:00+00:00,0.00669960804755819,0.004718003391229781,9827
1970-01-06 16:56:00+00:00,0.002653335143021136,0.0011194053498559558,3435
1970-01-06 16:57:00+00:00,0.0020585959957491935,0.0010374482600919652,4052
1970-01-06 16:58:00+00:00,0.002261732548493332,0.0008773639608398233,2839
1970-01-06 16:59:00+00:00,0.00232337394614937,0.0008568184584227995,2533
1970-01-06 17:00:00+00:00,0.006755414103638686,0.004745069716686775,9828
1970-01-06 17:01:00+00:00,0.0037683346874270956,0.0016950653524781497,4162
1970-01-06 17:02:00+00:00,0.002758041008936875,0.0012882685257216584,2967
1970-01-06 17:03:00+00:00,0.003051686929413349,0.0014177959567284004,3317
1970-01-06 17:04:00+00:00,0.00243040992625523,0.0010578375404602092,4309
1970-01-06 17:05:00+00:00,0.00642768434987854,0.00468143736732894,9825
1970-01-06 17:06:00+00:00,0.0025423914035848615,0.0010001431139444019,3563
1970-01-06 17:07:00+00:00,0.0027146454855932743,0.0010335846495803797,4462
1970-01-06 17:08:00+00:00,0.0037808624863901316,0.0018083982207218144,3265
1970-01-06 17:09:00+00:00,0.0023685408896964603,0.0010658296810917396,3270
1970-01-06 17:10:00+00:00,0.00634254857117825,0.004700655685830436,9825
1970-01-06 17:11:00+00:00,0.0034556926948947765,0.0018696597128761959,6356
1970-01-06 17:12:00+00:00,0.002196062012906022,0.0013345151122802997,5539
1970-01-06 17:13:00+00:00,0.002176973530080095,0.0010881371141490115,4486
1970-01-06 17:14:00+00:00,0.0021102394726500153,0.0009208513182667631,3957
1970-01-06 17:15:00+00:00,0.006553927394552136,0.0046485436984105765,9827
1970-01-06 17:16:00+00:00,0.0032664145122874993,0.00145735718987205,3925
1970-01-06 17:17:00+00:00,0.00304714492147001,0.001396967524789142,4112
1970-01-06 17:18:00+00:00,0.0029539515916231817,0.0011763537218593427,3811
1970-01-06 17:19:00+00:00,0.0026283123193173094,0.0009613894113948961,3452
1970-01-06 17:20:00+00:00,0.006603558121662757,0.004615963494588929,9827
1970-01-06 17:21:00+00:00,0.004118950152834269,0.0018901272522358153,4772
1970-01-06 17:22:00+00:00,0.0027013650620755173,0.001311004841012524,5010
1970-01-06 17:23:00+00:00,0.0021754141271619395,0.0010097028260804004,4174
1970-01-06 17:24:00+00:00,0.0019803562524307794,0.0008290492285225708,3675
1970-01-06 17:25:00+00:00,0.006608723501861377,0.004622704438070183,9827
1970-01-06 17:26:00+00:00,0.0029091074220896854,0.0012651150817267333,3755
1970-01-06 17:27:00+00:00,0.002554428993169047,0.0011239792512808648,3297
1970-01-06 17:28:00+00:00,0.002534493613091765,0.0011320764043051897,3081
1970-01-06 17:29:00+00:00,0.0024068469165391456,0.0009523729629848188,4885
1970-01-06 17:30:00+00:00,0.006684540888527291,0.004661163131905236,9826
1970-01-06 17:31:00+00:00,0.003846060744827349,0.0018124599348558691,4700
1970-01-06 17:32:00+00:00,0.0039062261073330045,0.002017361178790474,4898
1970-01-06 17:33:00+00:00,0.0026190104007698632,0.0012608860450661835,4146
1970-01-06 17:34:00+00:00,0.0025522727635405016,0.0011342961559604196,4266
1970-01-06 17:35:00+00:00,0.006542297649705249,0.004646866522447826,9827
1970-01-06 17:36:00+00:00,0.0033111769073900853,0.0014781186126183498,4534
1970-01-06 17:37:00+00:00,0.00346456766266979,0.00143677073525841,4603
1970-01-06 17:38:00+00:00,0.0036161754389366758,0.0015770369201281718,4606
1970-01-06 17:39:00+00:00,0.0025533921642997043,0.001100192303329524,3969
1970-01-06 17:40:00+00:00,0.0067328939414107595,0.0046662112355091824,9830
1970-01-06 17:41:00+00:00,0.003795032027155488,0.001532997174650848,4128
1970-01-06 17:42:00+00:00,0.0038505716042126015,0.001473093422458728,3646
1970-01-06 17:43:00+00:00,0.002507119016139926,0.00095937705462821,3525
1970-01-06 17:44:00+00:00,0.003255134970148374,0.0014499489044911195,4090
1970-01-06 17:45:00+00:00,0.006636653421737015,0.004631587118008312,9834
1970-01-06 17:46:00+00:00,0.0030365193322700102,0.0011296588875714557,3001
1970-01-06 17:47:00+00:00,0.004847178014355635,0.002099425816548806,4042
1970-01-06 17:48:00+00:00,0.0032913895835863863,0.0015438868377131536,4672
1970-01-06 17:49:00+00:00,0.002481939881139746,0.0010597721736944677,4503
1970-01-06 17:50:00+00:00,0.006692184793661002,0.004650317714323632,9835
1970-01-06 17:51:00+00:00,0.004168060678292834,0.0017091253421695268,5244
1970-01-06 17:52:00+00:00,0.003197343658952063,0.0016761189944969987,6192
1970-01-06 17:53:00+00:00,0.002851693152325233,0.0010141843709174647,3199
1970-01-06 17:54:00+00:00,0.003315271359127436,0.0013782559782294806,3217
1970-01-06 17:55:00+00:00,0.006871489001837072,0.004673281723844081,9834
1970-01-06 17:56:00+00:00,0.0032754417653480493,0.0013993373883950844,3294
1970-01-06 17:57:00+00:00,0.0029743184097364836,0.0011134919954789188,2660
1970-01-06 17:58:00+00:00,0.0038490041195347524,0.0016263033932525793,4106
1970-01-06 17:59:00+00:00,0.003896777769140228,0.0016007929507508433,3582
1970-01-06 18:00:00+00:00,0.006818986346356563,0.004690747028597071,9835
1970-01-06 18:01:00+00:00,0.0038311064246240936,0.0016851772803738127,4466
1970-01-06 18:02:00+00:00,0.00343247689386021,0.00169702125704734,3744
1970-01-06 18:03:00+00:00,0.002463667508634142,0.000996999873152248,2749
1970-01-06 18:04:00+00:00,0.003192506350859261,0.0011906629957193582,3508
1970-01-06 18:05:00+00:00,0.006725253121139951,0.004700320206102525,9836
1970-01-06 18:06:00+00:00,0.003923257316600137,0.0017043997244306248,3000
1970-01-06 18:07:00+00:00,0.0027872835182361647,0.0010214596685075314,3251
1970-01-06 18:08:00+00:00,0.0024463699361461353,0.0010176382235751837,3600
1970-01-06 18:09:00+00:00,0.0032586262556599395,0.0017669343099082128,4039
1970-01-06 18:10:00+00:00,0.006602313854242563,0.004727394860361118,9836
1970-01-06 18:11:00+00:00,0.003074555454743354,0.001482520005079076,3989
1970-01-06 18:12:00+00:00,0.002811768420150265,0.0014146895038827725,4853
1970-01-06 18:13:00+00:00,0.0028953730854393653,0.0015789426487420814,4341
1970-01-06 18:14:00+00:00,0.0022439002990722683,0.0011739376263740682,4251
1970-01-06 18:15:00+00:00,0.006548790078619335,0.004713306774566842,9836
1970-01-06 18:16:00+00:00,0.0035202638253812248,0.0016742302951087969,3257
1970-01-06 18:17:00+00:00,0.0034393679276165973,0.0017278568148369824,4246
1970-01-06 18:18:00+00:00,0.0028664055902459648,0.001091264445419223,3379
1970-01-06 18:19:00+00:00,0.00274441085533262,0.0010986806725709556,3052
1970-01-06 18:20:00+00:00,0.006679564197742206,0.004706671630968348,9836
1970-01-06 18:21:00+00:00,0.0033408906220490585,0.0016639421863388136,4942
1970-01-06 18:22:00+00:00,0.0035800377198241477,0.0015289006779608636,3782
1970-01-06 18:23:00+00:00,0.003183448353275198,0.0013462197192397947,3693
1970-01-06 18:24:00+00:00,0.002620961617714725,0.0010462364081753165,3460
1970-01-06 18:25:00+00:00,0.006555565335669598,0.004715664811586337,9833
1970-01-06 18:26:00+00:00,0.0026633602403679847,0.0011834223809020663,3477
1970-01-06 18:27:00+00:00,0.0027525456452802514,0.0011448417694711213,3452
1970-01-06 18:28:00+00:00,0.0031414731181353297,0.001519385959851563,4534
1970-01-06 18:29:00+00:00,0.0026194569762560387,0.0011626924283591985,4262
1970-01-06 18:30:00+00:00,0.005914356948468295,0.004647185480283516,9833
1970-01-06 18:31:00+00:00,0.003101730534980598,0.0015687654125541744,5147
1970-01-06 18:32:00+00:00,0.002805979618368747,0.001574376422714243,5275
1970-01-06 18:33:00+00:00,0.002228856452726236,0.001162153101928251,4638
1970-01-06 18:34:00+00:00,0.0020494371263094177,0.0010716783228080064,4795
1970-01-06 18:35:00+00:00,0.005451683294144712,0.004573547045832728,9831
1970-01-06 18:36:00+00:00,0.0022944430625428695,0.0011720146931392989,3813
1970-01-06 18:37:00+00:00,0.002503804681229558,0.0014804846184902772,5235
1970-01-06 18:38:00+00:00,0.002692548626404889,0.0013636431050890808,5045
1970-01-06 18:39:00+00:00,0.0027977256441046156,0.0015757504723260434,5805
1970-01-06 18:40:00+00:00,0.0051673269316079885,0.0045194411228407306,9831
1970-01-06 18:41:00+00:00,0.003741978333873909,0.002781631402559905,4988
1970-01-06 18:42:00+00:00,0.0034513743842687645,0.002988226078621661,4766
1970-01-06 18:43:00+00:00,0.003036424184378725,0.001639178957040317,3538
1970-01-06 18:44:00+00:00,0.0017135185091147437,0.001101207393587717,5145
1970-01-06 18:45:00+00:00,0.0047925825427657665,0.004414900188669142,9830
1970-01-06 18:46:00+00:00,0.0024378476116306918,0.002125674122564941,4618
1970-01-06 18:47:00+00:00,0.0031521568584617506,0.0016492980415568309,5060
1970-01-06 18:48:00+00:00,0.0020793776101693143,0.0010509062441237554,5517
1970-01-06 18:49:00+00:00,0.0013102938515136844,0.000749409204799349,6630
1970-01-06 18:50:00+00:00,0.004613005336618151,0.004223970035170343,9830
1970-01-06 18:51:00+00:00,0.002838619294913547,0.001178984156775262,7022
1970-01-06 18:52:00+00:00,0.0029942519732804726,0.0011494092546928546,7482
1970-01-06 18:53:00+00:00,0.002616170715273277,0.0009275600226477072,6117
1970-01-06 18:54:00+00:00,0.0014866495889330705,0.0006313342385310459,4915
1970-01-06 18:55:00+00:00,0.0047592615326994365,0.0042129214692269825,9831
1970-01-06 18:56:00+00:00,0.003001295726322484,0.0011555726779990177,5258
1970-01-06 18:57:00+00:00,0.0032621774203340738,0.0010500822940342923,6229
1970-01-06 18:58:00+00:00,0.001998712240016805,0.0008700543392237646,4775
1970-01-06 18:59:00+00:00,0.003296709030735661,0.0008790118546135697,6711
1970-01-06 19:00:00+00:00,0.004817141716758265,0.00420265722439384,9833
1970-01-06 19:01:00+00:00,0.002843472863650309,0.001403882910672849,7152
1970-01-06 19:02:00+00:00,0.0016691658416553084,0.0009614672256540623,5854
1970-01-06 19:03:00+00:00,0.0019389954526219985,0.0008088483408847314,6520
1970-01-06 19:04:00+00:00,0.0018649595965991184,0.0007481098333203741,6071
1970-01-06 19:05:00+00:00,0.005051250570532572,0.0042558508452683564,9835
1970-01-06 19:06:00+00:00,0.003234138352862686,0.0015127973511216328,5873
1970-01-06 19:07:00+00:00,0.002231009691855964,0.0015689354961241518,5706
1970-01-06 19:08:00+00:00,0.003470872278343877,0.0014883644824023067,7323
1970-01-06 19:09:00+00:00,0.0015696773568026506,0.0005933186702263755,5841
1970-01-06 19:10:00+00:00,0.0051366838693841545,0.004310027223226139,9837
1970-01-06 19:11:00+00:00,0.0027435961973600966,0.0024699849871724737,6612
1970-01-06 19:12:00+00:00,0.00379083948908287,0.0024955350219367125,8688
1970-01-06 19:13:00+00:00,0.0028537482321731077,0.002469074744852992,8275
1970-01-06 19:14:00+00:00,0.0024219643889847892,0.002355630514327033,8142
1970-01-06 19:15:00+00:00,0.004834496381328463,0.004215847511193517,9836
1970-01-06 19:16:00+00:00,0.0023411204441985806,0.003117917022531519,8208
1970-01-06 19:17:00+00:00,0.0021638542591672924,0.0026379909073043404,8200
1970-01-06 19:18:00+00:00,0.0022699043874967835,0.001670038615517149,7441
1970-01-06 19:19:00+00:00,0.002048867212219554,0.0021750884396689323,8713
1970-01-06 19:20:00+00:00,0.00445285878944186,0.004048706445851111,9837
1970-01-06 19:21:00+00:00,0.0025251753271392325,0.002408908754684153,8785
1970-01-06 19:22:00+00:00,0.0022874987044813563,0.002111634524785064,8281
1970-01-06 19:23:00+00:00,0.0021296416515704597,0.001840095900194873,7872
1970-01-06 19:24:00+00:00,0.002131059226363914,0.001324022343960438,7241
1970-01-06 19:25:00+00:00,0.0047492484551060815,0.004071248454704683,9833
1970-01-06 19:26:00+00:00,0.002286173487999939,0.0010693881269783249,6127
1970-01-06 19:27:00+00:00,0.0020580210924050902,0.0012275481116620268,6354
1970-01-06 19:28:00+00:00,0.002104893346321944,0.0010882878875789147,6774
1970-01-06 19:29:00+00:00,0.0018284029074041328,0.0007566352094308911,6670
1970-01-06 19:30:00+00:00,0.004450924410740439,0.003920053010917276,9833
1970-01-06 19:31:00+00:00,0.0024748474659065404,0.0013302240004398947,6964
1970-01-06 19:32:00+00:00,0.001938827135897073,0.0012676454815044324,6980
1970-01-06 19:33:00+00:00,0.0019201228564261266,0.001154568249703564,6544
1970-01-06 19:34:00+00:00,0.002435113792329786,0.0008079535627024196,6767
1970-01-06 19:35:00+00:00,0.004777701855301161,0.003990006622917013,9833
1970-01-06 19:36:00+00:00,0.002995448919719978,0.000918388102623257,6623
1970-01-06 19:37:00+00:00,0.0027459227165974103,0.0010472129094895202,6421
1970-01-06 19:38:00+00:00,0.0023866005893818064,0.0009198021167384216,6226
1970-01-06 19:39:00+00:00,0.0018767860382235238,0.0008896683370964231,6783
1970-01-06 19:40:00+00:00,0.004897008959819274,0.004005856951927858,9831
1970-01-06 19:41:00+00:00,0.0026910204630840326,0.001373563234225753,6598
1970-01-06 19:42:00+00:00,0.002490777556902956,0.0011823512106147016,5819
1970-01-06 19:43:00+00:00,0.0018631492407167817,0.0008539563210206501,5860
1970-01-06 19:44:00+00:00,0.002075980558442638,0.0008226777365719668,6469
1970-01-06 19:45:00+00:00,0.0047749365771533785,0.003906862005397106,9833
1970-01-06 19:46:00+00:00,0.001381660219585672,0.0008908864748761771,6202
1970-01-06 19:47:00+00:00,0.0018444351760163776,0.0009958901570865835,7041
1970-01-06 19:48:00+00:00,0.0016606475825906835,0.001060710120873027,6545
1970-01-06 19:49:00+00:00,0.0014693907755975366,0.0006366342528244576,5545
1970-01-06 19:50:00+00:00,0.005104173511640036,0.004019193768756022,9836
1970-01-06 19:51:00+00:00,0.0030174841724546013,0.0016727857817463387,7363
1970-01-06 19:52:00+00:00,0.0044588751993208395,0.0021297676129186024,6433
1970-01-06 19:53:00+00:00,0.0021089516517976753,0.000987901872667923,5938
1970-01-06 19:54:00+00:00,0.0013601257850294059,0.0007072887560637228,5750
1970-01-06 19:55:00+00:00,0.005065415433891807,0.004035603777546702,9837
1970-01-06 19:56:00+00:00,0.0013830354719450968,0.0008327889782434695,5906
1970-01-06 19:57:00+00:00,0.0017706790582399966,0.001149270834996613,6792
1970-01-06 19:58:00+00:00,0.0017296899628902035,0.0011633692281139074,6190
1970-01-06 19:59:00+00:00,0.0016230351720107885,0.000888889156871134,6792
1970-01-06 20:00:00+00:00,0.004844974208294213,0.003929441231323767,9837
1970-01-06 20:01:00+00:00,0.0022506867669233543,0.00119356553315955,6262
1970-01-06 20:02:00+00:00,0.002210730839113071,0.0012145939811748817,5695
1970-01-06 20:03:00+00:00,0.002839753631701487,0.0014236402077511285,5996
1970-01-06 20:04:00+00:00,0.0011504341632092656,0.0006547838765403839,5833
1970-01-06 20:05:00+00:00,0.004962641106852252,0.003947612224051462,9835
1970-01-06 20:06:00+00:00,0.0021286390826717114,0.001275721331988197,4991
1970-01-06 20:07:00+00:00,0.0019461637611739495,0.0012050864243337172,5067
1970-01-06 20:08:00+00:00,0.0014701864074173389,0.0008474627809318263,5303
1970-01-06 20:09:00+00:00,0.001365818349834244,0.0006541924370908667,4628
1970-01-06 20:10:00+00:00,0.005187688077249553,0.004057492347810772,9833
1970-01-06 20:11:00+00:00,0.0022744095396852798,0.001256438980559386,4977
1970-01-06 20:12:00+00:00,0.0020312166229294244,0.0012226076312819218,4936
1970-01-06 20:13:00+00:00,0.0018023919940193174,0.0011458475260488583,4798
1970-01-06 20:14:00+00:00,0.0014575837508248707,0.0006548054279122758,5146
1970-01-06 20:15:00+00:00,0.005221057941587101,0.003979000970288737,9833
1970-01-06 20:16:00+00:00,0.0024402320059673517,0.0011635353369377863,5887
1970-01-06 20:17:00+00:00,0.0016710341462575847,0.0008108277366229607,6054
1970-01-06 20:18:00+00:00,0.0013280007501525776,0.0006575303919175077,6175
1970-01-06 20:19:00+00:00,0.0011812490347500786,0.00047599963989337717,5310
1970-01-06 20:20:00+00:00,0.004868230990399666,0.003837663404026781,9831
1970-01-06 20:21:00+00:00,0.0027084223139306257,0.0014039592311530513,7444
1970-01-06 20:22:00+00:00,0.0023458915255519497,0.0011330199687901558,7959
1970-01-06 20:23:00+00:00,0.001990811858386025,0.0008758135341592565,8181
1970-01-06 20:24:00+00:00,0.002801818028406129,0.0008991770608877292,8637
1970-01-06 20:25:00+00:00,0.005173468515284673,0.003854595798233698,9831
1970-01-06 20:26:00+00:00,0.002835735447187863,0.0012302954808946598,7418
1970-01-06 20:27:00+00:00,0.0025625883842728594,0.0012931070431855772,8322
1970-01-06 20:28:00+00:00,0.002871417409893019,0.0013293544201877974,7516
1970-01-06 20:29:00+00:00,0.0024926447123861948,0.0010147333477014617,7740
1970-01-06 20:30:00+00:00,0.005503452994211421,0.004121742976843467,9830
1970-01-06 20:31:00+00:00,0.005154478750363192,0.002035780742659039,8961
1970-01-06 20:32:00+00:00,0.004177143984808554,0.001743901903063935,8408
1970-01-06 20:33:00+00:00,0.0037636645265961377,0.0012573138246212332,7974
1970-01-06 20:34:00+00:00,0.0017375321662554389,0.0006777286252946385,7420
1970-01-06 20:35:00+00:00,0.00623948389094059,0.004047141108524179,9832
1970-01-06 20:36:00+00:00,0.002890506518576251,0.00144103094396062,8139
1970-01-06 20:37:00+00:00,0.003263441125770908,0.0017369056393016246,7952
1970-01-06 20:38:00+00:00,0.0018996593770192049,0.0009927932949092195,8452
1970-01-06 20:39:00+00:00,0.002688452552135725,0.001000422857757801,7824
1970-01-06 20:40:00+00:00,0.006450258514964754,0.00430314668667042,9832
1970-01-06 20:41:00+00:00,0.0035434577311585836,0.0016822766837722768,8019
1970-01-06 20:42:00+00:00,0.002807825427833513,0.0014535800416945344,7712
1970-01-06 20:43:00+00:00,0.002523717926193429,0.0012421153160315445,7765
1970-01-06 20:44:00+00:00,0.0016921096401961075,0.0006878778965009156,7234
1970-01-06 20:45:00+00:00,0.006410601835082382,0.004475883817941732,9823
1970-01-06 20:46:00+00:00,0.002340429190368709,0.0015895888319376137,6996
1970-01-06 20:47:00+00:00,0.0019979797659190166,0.001305918779930434,6443
1970-01-06 20:48:00+00:00,0.0016195714306033895,0.0010608927687096154,6417
1970-01-06 20:49:00+00:00,0.0013703583678920485,0.0007758417142099362,7360
1970-01-06 20:50:00+00:00,0.0068530289675539915,0.0046785668241320945,9826
1970-01-06 20:51:00+00:00,0.002771519488219933,0.0016862509769253844,7495
1970-01-06 20:52:00+00:00,0.0022209860525910213,0.0014461717472258843,6600
1970-01-06 20:53:00+00:00,0.0017017227816547372,0.001171986222438944,6646
1970-01-06 20:54:00+00:00,0.0011988956156183618,0.0006954255469832988,6105
1970-01-06 20:55:00+00:00,0.006458703313770464,0.00452569467281336,9829
1970-01-06 20:56:00+00:00,0.002503758766126689,0.0014574851510892395,6705
1970-01-06 20:57:00+00:00,0.0019686255307106906,0.0015302351965925003,7018
1970-01-06 20:58:00+00:00,0.0012604021543433297,0.000912876103410193,6255
1970-01-06 20:59:00+00:00,0.001666141385508119,0.0008245549266908575,7855
1970-01-06 21:00:00+00:00,0.006714754854948205,0.004683495609252015,9829
1970-01-06 21:01:00+00:00,0.0029498064234571783,0.0018987376690460097,7427
1970-01-06 21:02:00+00:00,0.0021940802827470868,0.0014875070135309414,7190
1970-01-06 21:03:00+00:00,0.0017819525766848124,0.0012906828924676716,6833
1970-01-06 21:04:00+00:00,0.001436256827923366,0.0007630309641291457,6464
1970-01-06 21:05:00+00:00,0.006298318328561754,0.004633825749544823,9829
1970-01-06 21:06:00+00:00,0.0039731092474170155,0.002220995195560436,6338
1970-01-06 21:07:00+00:00,0.003147245501136106,0.00197782853055021,6310
1970-01-06 21:08:00+00:00,0.0015453477849963274,0.0011932637629549936,7485
1970-01-06 21:09:00+00:00,0.0009253657907178187,0.0006011084743593083,7545
1970-01-06 21:10:00+00:00,0.006136480580648288,0.004410479398746354,9836
1970-01-06 21:11:00+00:00,0.002040059374426201,0.0014939518803900715,7855
1970-01-06 21:12:00+00:00,0.0021258304788290363,0.0013988446171815888,7308
1970-01-06 21:13:00+00:00,0.0021609934674605737,0.0013942632011919715,7899
1970-01-06 21:14:00+00:00,0.001427874218138427,0.0007635594042978084,7790
1970-01-06 21:15:00+00:00,0.006484366014755593,0.004636099662598599,9832
1970-01-06 21:16:00+00:00,0.0030769776121513832,0.0016288710901752588,7567
1970-01-06 21:17:00+00:00,0.0018827578462420821,0.0012376509070081499,7796
1970-01-06 21:18:00+00:00,0.0017557272373582092,0.0011138693901827988,7214
1970-01-06 21:19:00+00:00,0.0010371627595394742,0.0006505202716514393,7344
1970-01-06 21:20:00+00:00,0.0063191451056756175,0.004552151308084929,9833
1970-01-06 21:21:00+00:00,0.002364960654468566,0.0016751951959019084,7736
1970-01-06 21:22:00+00:00,0.0021021282285418057,0.0014218566759650834,7507
1970-01-06 21:23:00+00:00,0.001732099012790509,0.001181989833890225,6727
1970-01-06 21:24:00+00:00,0.0010002019784369019,0.0005642903959256259,7259
1970-01-06 21:25:00+00:00,0.006962031690206809,0.0047210088988290395,9832
1970-01-06 21:26:00+00:00,0.0023661178367929757,0.0014699711951944316,6973
1970-01-06 21:27:00+00:00,0.001485938409142301,0.0009473115219936121,6362
1970-01-06 21:28:00+00:00,0.0017344992402905225,0.0009130136853326519,7144
1970-01-06 21:29:00+00:00,0.0014810611623893692,0.0007345999990575031,7382
1970-01-06 21:30:00+00:00,0.006532817912829953,0.004567436203517277,9830
1970-01-06 21:31:00+00:00,0.0027938305481780158,0.001754359598717178,7720
1970-01-06 21:32:00+00:00,0.0020572308672127957,0.0012904461675443694,7511
1970-01-06 21:33:00+00:00,0.0024266899664596112,0.0012164197552683308,6861
1970-01-06 21:34:00+00:00,0.0012471580521799138,0.0006928889245108863,6618
1970-01-06 21:35:00+00:00,0.00674775766785546,0.004745184698391733,9832
1970-01-06 21:36:00+00:00,0.0015214162133070043,0.0009304488273635588,6130
1970-01-06 21:37:00+00:00,0.0019708856817679727,0.0011234589764851856,7348
1970-01-06 21:38:00+00:00,0.0017650889405273365,0.0008277258181079611,7027
1970-01-06 21:39:00+00:00,0.0011826269803687501,0.000547731395520471,6599
1970-01-06 21:40:00+00:00,0.007094895737258728,0.004887533794266206,9833
1970-01-06 21:41:00+00:00,0.003190528784983114,0.0018881254588988712,7624
1970-01-06 21:42:00+00:00,0.00260986298922611,0.0016374834610647267,6951
1970-01-06 21:43:00+00:00,0.0024104023647362654,0.0013528447689440048,6916
1970-01-06 21:44:00+00:00,0.0012350223109520533,0.000773982515552154,6522
1970-01-06 21:45:00+00:00,0.00691943382524648,0.004895721210566176,9832
1970-01-06 21:46:00+00:00,0.002069103074442716,0.001396016130388607,6775
1970-01-06 21:47:00+00:00,0.002159192280553433,0.0013997319246847404,5368
1970-01-06 21:48:00+00:00,0.0014384417645479353,0.0008554494452071678,6433
1970-01-06 21:49:00+00:00,0.0014504357365508062,0.0006883712041945663,6430
1970-01-06 21:50:00+00:00,0.006647445622661389,0.00493989568564344,9833
1970-01-06 21:51:00+00:00,0.0029487114534678723,0.0018564273454863575,7114
1970-01-06 21:52:00+00:00,0.0022029964645758613,0.0014780740300429508,7000
1970-01-06 21:53:00+00:00,0.0016979206888217309,0.0011101286562790968,6868
1970-01-06 21:54:00+00:00,0.002777956248986587,0.0018333269044547482,6827
1970-01-06 21:55:00+00:00,0.006783528975265226,0.005016238349004618,9831
1970-01-06 21:56:00+00:00,0.0022588658035472093,0.0014490264585289305,7404
1970-01-06 21:57:00+00:00,0.0014907901071549788,0.0009973340130579305,7360
1970-01-06 21:58:00+00:00,0.0012052422162278384,0.0008181106397604895,6631
1970-01-06 21:59:00+00:00,0.0009765295669852343,0.0005244358874070109,7263
1970-01-06 22:00:00+00:00,0.006685915920684173,0.004926428803320158,9833
1970-01-06 22:01:00+00:00,0.0037476633120469742,0.002391284899611556,6546
1970-01-06 22:02:00+00:00,0.002802344851077071,0.0018639181333386138,6434
1970-01-06 22:03:00+00:00,0.0017822943462221282,0.0012149470009509,7112
1970-01-06 22:04:00+00:00,0.002022055616191084,0.0008360769388543994,6633
1970-01-06 22:05:00+00:00,0.006617767738561192,0.004980218090847279,9831
1970-01-06 22:06:00+00:00,0.0027815552834497483,0.0015988670796780902,6335
1970-01-06 22:07:00+00:00,0.0018639226733073626,0.001370299414471204,6144
1970-01-06 22:08:00+00:00,0.0013189310082657635,0.0009829535327872032,6262
1970-01-06 22:09:00+00:00,0.0010447830930860155,0.0013406165537903627,7408
1970-01-06 22:10:00+00:00,0.006623480170566922,0.005064185522172922,9835
1970-01-06 22:11:00+00:00,0.003985116112047489,0.0021918883380457506,7058
1970-01-06 22:12:00+00:00,0.0021267151517374,0.0015248813530705917,6954
1970-01-06 22:13:00+00:00,0.0014565068631529202,0.0010999525256293297,6490
1970-01-06 22:14:00+00:00,0.005221149018269883,0.003584088054844383,7531
1970-01-06 22:15:00+00:00,0.0066031372297547936,0.004986040520409909,9836
1970-01-06 22:16:00+00:00,0.00208554899062251,0.0016038622994120084,5881
1970-01-06 22:17:00+00:00,0.002409634748435103,0.0016378107053963624,5852
1970-01-06 22:18:00+00:00,0.0014555010203481074,0.0009351243692325246,7053
1970-01-06 22:19:00+00:00,0.0014971581196783028,0.0005056882346294943,7071
1970-01-06 22:20:00+00:00,0.0062921129545999085,0.0047879443022960004,9836
1970-01-06 22:21:00+00:00,0.0031174298448482926,0.0019477871073175317,7882
1970-01-06 22:22:00+00:00,0.0021200682226989497,0.0012393794218341031,6705
1970-01-06 22:23:00+00:00,0.0013303276165351305,0.0007894342087595589,6520
1970-01-06 22:24:00+00:00,0.0015956185579579574,0.0005320295344409554,6206
1970-01-06 22:25:00+00:00,0.0062280917449008865,0.0049127004532076805,9833
1970-01-06 22:26:00+00:00,0.002156765049440786,0.0014611811406100637,7126
1970-01-06 22:27:00+00:00,0.002071901707247021,0.0014556308503351498,6788
1970-01-06 22:28:00+00:00,0.0017901878109783077,0.0012359839719229208,6666
1970-01-06 22:29:00+00:00,0.0012041434074579424,0.0007547267203681927,6835
1970-01-06 22:30:00+00:00,0.006407965564817946,0.005043179952205961,9829
1970-01-06 22:31:00+00:00,0.0025335783584651433,0.001683534856867111,6737
1970-01-06 22:32:00+00:00,0.0019127001839707644,0.0014314523675825175,6761
1970-01-06 22:33:00+00:00,0.0027819066776177694,0.0011684475395858554,6933
1970-01-06 22:34:00+00:00,0.0015062602655624415,0.0008843899157429608,6126
1970-01-06 22:35:00+00:00,0.006257327674531748,0.004985289753575061,9833
1970-01-06 22:36:00+00:00,0.002350351436254523,0.0016209426482269604,6847
1970-01-06 22:37:00+00:00,0.002917425724573976,0.0016645044807117697,5969
1970-01-06 22:38:00+00:00,0.0018548993783064948,0.0012955270399340108,5926
1970-01-06 22:39:00+00:00,0.0015158267026271536,0.0007361357442983843,5792
1970-01-06 22:40:00+00:00,0.006420680865174334,0.004904417601385349,9834
1970-01-06 22:41:00+00:00,0.0030414073860288537,0.001865601551984346,6993
1970-01-06 22:42:00+00:00,0.0025854857281000995,0.0014618873902003256,6409
1970-01-06 22:43:00+00:00,0.001710864999237969,0.0007979110970562663,5518
1970-01-06 22:44:00+00:00,0.001593677857588723,0.0005481227984248701,6471
1970-01-06 22:45:00+00:00,0.00650235732878689,0.004974778493413862,9830
1970-01-06 22:46:00+00:00,0.003263508274360892,0.0020814900051571135,6106
1970-01-06 22:47:00+00:00,0.0024160159004628316,0.0014604744864750278,6305
1970-01-06 22:48:00+00:00,0.002223522510801513,0.0010710733107014722,7328
1970-01-06 22:49:00+00:00,0.001454131171067521,0.0007225602669960036,7244
1970-01-06 22:50:00+00:00,0.006529280696059501,0.005081802049063531,9831
1970-01-06 22:51:00+00:00,0.0027589657350329077,0.001695134248167524,6810
1970-01-06 22:52:00+00:00,0.0025139183133024642,0.0013269915685223236,6024
1970-01-06 22:53:00+00:00,0.00218237168333619,0.0009721644647075777,4995
1970-01-06 22:54:00+00:00,0.0017939282187516999,0.0006989445034462639,5655
1970-01-06 22:55:00+00:00,0.006140543124128991,0.004904997546714835,9834
1970-01-06 22:56:00+00:00,0.003120406338262037,0.0013711971654762319,6969
1970-01-06 22:57:00+00:00,0.0028117855570499203,0.0014049476536141237,7213
1970-01-06 22:58:00+00:00,0.00220452055068889,0.0011555649089618277,6925
1970-01-06 22:59:00+00:00,0.002067765584633548,0.0010249195830112862,7319
1970-01-06 23:00:00+00:00,0.006469864421269475,0.004984288163486674,9835
1970-01-06 23:01:00+00:00,0.003975791636085796,0.0025245103311675003,6752
1970-01-06 23:02:00+00:00,0.002412341285983829,0.001321791515524262,6043
1970-01-06 23:03:00+00:00,0.0022271286060409137,0.000922631204066703,5938
1970-01-06 23:04:00+00:00,0.002416059417730158,0.0006711408504052554,5711
1970-01-06 23:05:00+00:00,0.006537620465243778,0.004962957508460364,9829
1970-01-06 23:06:00+00:00,0.002294523483295709,0.0014974751186876006,6340
1970-01-06 23:07:00+00:00,0.002276753606263267,0.0014562513161537317,5886
1970-01-06 23:08:00+00:00,0.001708063312945007,0.001221729780967818,6362
1970-01-06 23:09:00+00:00,0.001293691324194114,0.0007768183913300169,6270
1970-01-06 23:10:00+00:00,0.006598977924631043,0.004938820623856329,9824
1970-01-06 23:11:00+00:00,0.0031822486045051702,0.001931198380673419,7683
1970-01-06 23:12:00+00:00,0.0020108007437848467,0.0012350935618643066,7036
1970-01-06 23:13:00+00:00,0.0022342584961644535,0.001047621237433051,6520
1970-01-06 23:14:00+00:00,0.0013966537668167057,0.0005904775334205257,6247
1970-01-06 23:15:00+00:00,0.006569833724532767,0.004901253471138215,9823
1970-01-06 23:16:00+00:00,0.003525873345883942,0.0013875829177791494,7459
1970-01-06 23:17:00+00:00,0.0038572647475817773,0.0016050209709603433,7231
1970-01-06 23:18:00+00:00,0.002212605280624464,0.001092725979413893,6315
1970-01-06 23:19:00+00:00,0.0014994397811719277,0.0008026125756884084,6239
1970-01-06 23:20:00+00:00,0.006709887595490924,0.0048289632504517465,9826
1970-01-06 23:21:00+00:00,0.003755723622893751,0.002004875270112095,6724
1970-01-06 23:22:00+00:00,0.0028799358272362584,0.0014118778519429972,7192
1970-01-06 23:23:00+00:00,0.0027817499128280627,0.0014328397583523848,8010
1970-01-06 23:24:00+00:00,0.0018295648374864347,0.0005786418792447398,7772
1970-01-06 23:25:00+00:00,0.006766102176934733,0.004781488716891004,9826
1970-01-06 23:26:00+00:00,0.002414010337650133,0.001501083522574146,7420
1970-01-06 23:27:00+00:00,0.0032794448476195994,0.0014134149933351134,7589
1970-01-06 23:28:00+00:00,0.002350077088903528,0.0011520274129942303,6654
1970-01-06 23:29:00+00:00,0.001447232524874191,0.000789502652919743,6289
1970-01-06 23:30:00+00:00,0.006793732649295972,0.004849978819595244,9832
1970-01-06 23:31:00+00:00,0.0037033684405810632,0.002007029678576067,7010
1970-01-06 23:32:00+00:00,0.0024364180963015376,0.0012459198802830039,7299
1970-01-06 23:33:00+00:00,0.003245597807546494,0.0008142996411983983,8058
1970-01-06 23:34:00+00:00,0.002363746488224548,0.0005282477772579179,7836
1970-01-06 23:35:00+00:00,0.006695362897594074,0.004682531989398535,9833
1970-01-06 23:36:00+00:00,0.0032204168653940193,0.001556420090650932,7469
1970-01-06 23:37:00+00:00,0.005577670952211676,0.0012748335002772712,7503
1970-01-06 23:38:00+00:00,0.003596388947299811,0.0010375536094277586,6343
1970-01-06 23:39:00+00:00,0.009041724196674502,0.0010215775247396058,7517
1970-01-06 23:40:00+00:00,0.006839329552594455,0.0047849210074758395,9836
1970-01-06 23:41:00+00:00,0.003452658396453402,0.001676256083456005,6862
1970-01-06 23:42:00+00:00,0.0037553833891306836,0.0015460152991518723,6016
1970-01-06 23:43:00+00:00,0.0022241814287350466,0.000996294357048895,6853
1970-01-06 23:44:00+00:00,0.0029003703723370156,0.0007358152461165626,6994
1970-01-06 23:45:00+00:00,0.006574977190684559,0.004606686340610327,9837
1970-01-06 23:46:00+00:00,0.0032641158013394993,0.0018494315811107289,6773
1970-01-06 23:47:00+00:00,0.0028611200933192998,0.0016894270327391992,6791
1970-01-06 23:48:00+00:00,0.0023966053222886884,0.0011992745461313454,7348
1970-01-06 23:49:00+00:00,0.00147633051949373,0.0008156207422213894,6049
1970-01-06 23:50:00+00:00,0.0067844440557429725,0.004566279911764645,9838
1970-01-06 23:51:00+00:00,0.0025130992217735054,0.0015233622237952262,6836
1970-01-06 23:52:00+00:00,0.0024451568866887554,0.00168372612480403,7472
1970-01-06 23:53:00+00:00,0.0019173190597558795,0.0011805127400322936,6930
1970-01-06 23:54:00+00:00,0.0014825764010847017,0.0009625447510532569,7124
1970-01-06 23:55:00+00:00,0.006844077273271262,0.004512806241610585,9838
1970-01-06 23:56:00+00:00,0.0033465839489913453,0.0015354012002086277,6311
1970-01-06 23:57:00+00:00,0.002761656696742109,0.001509797507538542,6948
1970-01-06 23:58:00+00:00,0.0021649639902447788,0.0009849449590251678,6284
1970-01-06 23:59:00+00:00,0.0015201754919647332,0.0006274169837728824,6318
1970-01-07 00:00:00+00:00,0.006851119284082634,0.004513061441551271,9837
1970-01-07 00:01:00+00:00,0.0027775201370094623,0.001409082191225198,6867
1970-01-07 00:02:00+00:00,0.002405372226823521,0.0013674814776746182,7061
1970-01-07 00:03:00+00:00,0.0018703344039651488,0.0011868758783859276,7369
1970-01-07 00:04:00+00:00,0.0015661769159101078,0.0005461023690765712,6095
1970-01-07 00:05:00+00:00,0.006906950980271455,0.004537876253693157,9839
1970-01-07 00:06:00+00:00,0.002673772742267668,0.0014987851710954537,6417
1970-01-07 00:07:00+00:00,0.0018442046486889002,0.0012448571194877901,6818
1970-01-07 00:08:00+00:00,0.002172189138750475,0.0013274626189021025,6639
1970-01-07 00:09:00+00:00,0.0017145838977301404,0.000952102735606544,6618
1970-01-07 00:10:00+00:00,0.006669676849788581,0.004532544483955151,9840
1970-01-07 00:11:00+00:00,0.001795888594783882,0.001581539934811301,7653
1970-01-07 00:12:00+00:00,0.001791812443642799,0.001500775957735141,7143
1970-01-07 00:13:00+00:00,0.002134418367570312,0.0016113308883759232,6634
1970-01-07 00:14:00+00:00,0.0012602865484721548,0.0010748052438000768,7590
1970-01-07 00:15:00+00:00,0.006429845254453623,0.004517084241477304,9840
1970-01-07 00:16:00+00:00,0.003766522019881282,0.002239828379018209,6976
1970-01-07 00:17:00+00:00,0.0023160891701959224,0.0013743016674159704,7563
1970-01-07 00:18:00+00:00,0.001728766762909754,0.0009658408580911085,7869
1970-01-07 00:19:00+00:00,0.0017364888084546834,0.001030033547033798,8282
1970-01-07 00:20:00+00:00,0.006281358749868109,0.0042510313508048155,9838
1970-01-07 00:21:00+00:00,0.0021595060007605837,0.0013582282377642598,8161
1970-01-07 00:22:00+00:00,0.0017661631063127317,0.001324899828854544,8105
1970-01-07 00:23:00+00:00,0.0026330071468015624,0.0016281786983165195,8343
1970-01-07 00:24:00+00:00,0.001016343666812972,0.0006907390811762783,5583
1970-01-07 00:25:00+00:00,0.00675956597632494,0.0045682219794954656,9833
1970-01-07 00:26:00+00:00,0.0016510219851532445,0.0012390655888348556,5473
1970-01-07 00:27:00+00:00,0.0013362330764917073,0.0010755267590234951,6109
1970-01-07 00:28:00+00:00,0.00127123907349114,0.0010079242638528641,6325
1970-01-07 00:29:00+00:00,0.0008696721843267875,0.0006174045538095428,6994
1970-01-07 00:30:00+00:00,0.0063389171090015425,0.0044208973831840505,9833
1970-01-07 00:31:00+00:00,0.002428275836829311,0.001808155267125245,7340
1970-01-07 00:32:00+00:00,0.0022160165736013347,0.0016705231141486926,7118
1970-01-07 00:33:00+00:00,0.0016314586621606342,0.0011880846188826394,6477
1970-01-07 00:34:00+00:00,0.001098360402770974,0.0009080304995288275,6632
1970-01-07 00:35:00+00:00,0.0065329938926763755,0.004740610515064137,9835
1970-01-07 00:36:00+00:00,0.0024005721636230883,0.0019018635276157221,5822
1970-01-07 00:37:00+00:00,0.001632268790329181,0.0011402875864352166,5862
1970-01-07 00:38:00+00:00,0.0012758717576707166,0.0009479142887393777,6398
1970-01-07 00:39:00+00:00,0.0015227957160839007,0.000849898773689034,6818
1970-01-07 00:40:00+00:00,0.006191320264638338,0.00466122847955382,9833
1970-01-07 00:41:00+00:00,0.0030545760357439476,0.0021995806194110134,6813
1970-01-07 00:42:00+00:00,0.0023843654617985064,0.0015704721520287618,6104
1970-01-07 00:43:00+00:00,0.0014300236090628946,0.0009975881811234823,6347
1970-01-07 00:44:00+00:00,0.0010668721025761708,0.0005951664656612909,6012
1970-01-07 00:45:00+00:00,0.006461912882640092,0.004796866045753419,9831
1970-01-07 00:46:00+00:00,0.0014718878585198278,0.0010237606341049936,5875
1970-01-07 00:47:00+00:00,0.0015039384124399474,0.0010605938476492584,6078
1970-01-07 00:48:00+00:00,0.0011464386920920343,0.0007257815543604574,5850
1970-01-07 00:49:00+00:00,0.0008622265337217302,0.0004464862326078353,6564
1970-01-07 00:50:00+00:00,0.0063275458298146115,0.004836536907888208,9836
1970-01-07 00:51:00+00:00,0.0026996352867908347,0.0016861555882962116,6245
1970-01-07 00:52:00+00:00,0.0023196640059492215,0.0014619515233652678,5683
1970-01-07 00:53:00+00:00,0.0016639048582140319,0.0011948317834091708,5193
1970-01-07 00:54:00+00:00,0.0011107533350682515,0.0010477250959649346,6188
1970-01-07 00:55:00+00:00,0.00666488446613428,0.004985208289998643,9836
1970-01-07 00:56:00+00:00,0.002218404481179164,0.001715239036293805,6419
1970-01-07 00:57:00+00:00,0.001617864127014381,0.001441591465184359,6228
1970-01-07 00:58:00+00:00,0.0020425843470625368,0.0015716861159407584,6713
1970-01-07 00:59:00+00:00,0.001420858982803913,0.0008318995645187259,6342
1970-01-07 01:00:00+00:00,0.006072251837528541,0.004819454871057419,9835
1970-01-07 01:01:00+00:00,0.002226788717602937,0.0016931425427633626,6607
1970-01-07 01:02:00+00:00,0.0043713869795354516,0.0035045331164175464,7049
1970-01-07 01:03:00+00:00,0.0014804747992141864,0.001127782338550924,6203
1970-01-07 01:04:00+00:00,0.0010228387735434974,0.0006377580222903981,5750
1970-01-07 01:05:00+00:00,0.005941588304514942,0.004719035266248173,9831
1970-01-07 01:06:00+00:00,0.002492189499651618,0.0014395983700045208,5570
1970-01-07 01:07:00+00:00,0.0011192732992655074,0.000721962636294394,6643
1970-01-07 01:08:00+00:00,0.0011961912550384687,0.0007714249910947225,6327
1970-01-07 01:09:00+00:00,0.0008912522488306263,0.0005545842432173204,6457
1970-01-07 01:10:00+00:00,0.006150295343248179,0.004663089959309143,9830
1970-01-07 01:11:00+00:00,0.003201652223364793,0.0021541889170039823,7423
1970-01-07 01:12:00+00:00,0.0020807047848057955,0.0016887408082671845,5994
1970-01-07 01:13:00+00:00,0.004133507751730291,0.001984665909234098,6361
1970-01-07 01:14:00+00:00,0.001392058156078504,0.0007052907903275935,7018
1970-01-07 01:15:00+00:00,0.006613462419990551,0.0047894766983135805,9828
1970-01-07 01:16:00+00:00,0.0023492419524189815,0.0013692286111732536,6273
1970-01-07 01:17:00+00:00,0.0020411606427042667,0.001360111532613072,5416
1970-01-07 01:18:00+00:00,0.005168771168054914,0.001411909933987985,7382
1970-01-07 01:19:00+00:00,0.003626248295622552,0.0010592547731092302,7319
1970-01-07 01:20:00+00:00,0.006672229241600881,0.004761088281765908,9829
1970-01-07 01:21:00+00:00,0.005918198311592957,0.002259100967875817,7994
1970-01-07 01:22:00+00:00,0.002398389328549064,0.0014332533336268124,6988
1970-01-07 01:23:00+00:00,0.004799422853434956,0.001350639886950814,7192
1970-01-07 01:24:00+00:00,0.0014010655794688789,0.000655300378584154,5580
1970-01-07 01:25:00+00:00,0.006968517276367512,0.004858570514189241,9826
1970-01-07 01:26:00+00:00,0.0020659075101558946,0.0014110889236346167,5841
1970-01-07 01:27:00+00:00,0.0018665096535851993,0.001219505604190099,5460
1970-01-07 01:28:00+00:00,0.0013608886814430222,0.0007874478891556365,5896
1970-01-07 01:29:00+00:00,0.0011925052149601733,0.0004979131938967456,5889
1970-01-07 01:30:00+00:00,0.006787694537237418,0.004943976071773817,9829
1970-01-07 01:31:00+00:00,0.0030301881884364913,0.0021508769340026312,6401
1970-01-07 01:32:00+00:00,0.0026399465443326183,0.0019143177090500596,6081
1970-01-07 01:33:00+00:00,0.0019432753826231209,0.0011099225744253946,5806
1970-01-07 01:34:00+00:00,0.0011150825384271441,0.0008484850009606374,5982
1970-01-07 01:35:00+00:00,0.006847005066787003,0.004978503667082429,9831
1970-01-07 01:36:00+00:00,0.0029910532190052757,0.002090619766661027,5440
1970-01-07 01:37:00+00:00,0.0021322073296205072,0.0015342929491578756,5384
1970-01-07 01:38:00+00:00,0.001352698175728064,0.0008565608319737433,5934
1970-01-07 01:39:00+00:00,0.0010294900795140558,0.0006202754245858984,5494
1970-01-07 01:40:00+00:00,0.006418118580379989,0.004754556089700932,9836
1970-01-07 01:41:00+00:00,0.0026282122098482577,0.0022246484903188754,6558
1970-01-07 01:42:00+00:00,0.00292389473461742,0.0019688078895674544,5757
1970-01-07 01:43:00+00:00,0.0016976806824659382,0.001529566014848743,5843
1970-01-07 01:44:00+00:00,0.0014596067329574233,0.001630073148804822,5571
1970-01-07 01:45:00+00:00,0.006392741734537936,0.004894861132135942,9834
1970-01-07 01:46:00+00:00,0.0028010632692974735,0.0025771938566310332,5750
1970-01-07 01:47:00+00:00,0.0018860366580823074,0.0018333983210712455,6379
1970-01-07 01:48:00+00:00,0.0017815252136821845,0.0013411305663011616,6220
1970-01-07 01:49:00+00:00,0.0012332122801259385,0.0007982045999736674,6228
1970-01-07 01:50:00+00:00,0.006404796235230643,0.004909252124181461,9835
1970-01-07 01:51:00+00:00,0.003235369414147402,0.001968767617987824,6059
1970-01-07 01:52:00+00:00,0.002274738388141901,0.0019259680535946594,5962
1970-01-07 01:53:00+00:00,0.001620316768468648,0.0014622793475489609,6246
1970-01-07 01:54:00+00:00,0.0008771543557933298,0.001133531522823782,6717
1970-01-07 01:55:00+00:00,0.006435723477141503,0.004897459446595961,9837
1970-01-07 01:56:00+00:00,0.0026641572469100518,0.0016500660037015791,6721
1970-01-07 01:57:00+00:00,0.00280475494875636,0.0018973491117299662,7131
1970-01-07 01:58:00+00:00,0.0011478176244661543,0.0010550626748510722,6309
1970-01-07 01:59:00+00:00,0.0007619397289575749,0.0006249918960305845,6582
1970-01-07 02:00:00+00:00,0.006210102970161125,0.004731076933584559,9839
1970-01-07 02:01:00+00:00,0.002910649228781869,0.002058323589503473,6867
1970-01-07 02:02:00+00:00,0.0022472720068982778,0.001644929012553535,5951
1970-01-07 02:03:00+00:00,0.001482142828355694,0.0013247238941230587,5299
1970-01-07 02:04:00+00:00,0.00224573465384327,0.0010642007982041872,5700
1970-01-07 02:05:00+00:00,0.0065655806914971596,0.0049589492513877845,9837
1970-01-07 02:06:00+00:00,0.002667001830551284,0.0016758155298364173,5690
1970-01-07 02:07:00+00:00,0.002896881846578154,0.0017043901586985398,5221
1970-01-07 02:08:00+00:00,0.0018878320399794194,0.0014492231397772602,5710
1970-01-07 02:09:00+00:00,0.004321570764050927,0.0031978436590678217,6782
1970-01-07 02:10:00+00:00,0.006454625572451804,0.004850525005913812,9836
1970-01-07 02:11:00+00:00,0.002407346546527143,0.0014413667896342852,6913
1970-01-07 02:12:00+00:00,0.0021254593515631025,0.0012932193330799438,6733
1970-01-07 02:13:00+00:00,0.001202154454230894,0.0006806192549097338,6711
1970-01-07 02:14:00+00:00,0.0015204070614794074,0.0004912694694472949,7135
1970-01-07 02:15:00+00:00,0.006323035592704942,0.004714700638873375,9835
1970-01-07 02:16:00+00:00,0.0024094966834556355,0.001660896344976436,6640
1970-01-07 02:17:00+00:00,0.0019134685779894892,0.0013195648449142762,7145
1970-01-07 02:18:00+00:00,0.0019188715854668475,0.0009352745570933638,7074
1970-01-07 02:19:00+00:00,0.0015383260321263764,0.0007464821480258487,7179
1970-01-07 02:20:00+00:00,0.0065659302681571495,0.004938520490250776,9835
1970-01-07 02:21:00+00:00,0.0028212791239942982,0.0018024653283142138,6834
1970-01-07 02:22:00+00:00,0.002352205432860581,0.0016637398244252883,6757
1970-01-07 02:23:00+00:00,0.0015713245770725126,0.001294074254448084,6294
1970-01-07 02:24:00+00:00,0.00205884513528905,0.0006636598874619268,4975
1970-01-07 02:25:00+00:00,0.006427560493675175,0.005037887688455229,9835
1970-01-07 02:26:00+00:00,0.0028112822092797745,0.0019534484520428524,4993
1970-01-07 02:27:00+00:00,0.0026800657137713234,0.0018273619403345344,5833
1970-01-07 02:28:00+00:00,0.0017857267798955935,0.0012291531739643407,5372
1970-01-07 02:29:00+00:00,0.001221728461244755,0.0008042926279272774,5265
1970-01-07 02:30:00+00:00,0.006326734604162394,0.005031681809980347,9833
1970-01-07 02:31:00+00:00,0.003854242284247215,0.002298207098014367,6066
1970-01-07 02:32:00+00:00,0.00238858209966806,0.001633465366688797,6111
1970-01-07 02:33:00+00:00,0.002088543420484796,0.0016342938117404962,6040
1970-01-07 02:34:00+00:00,0.0010140144258241036,0.0011655919486940557,5832
1970-01-07 02:35:00+00:00,0.0063926383413825715,0.00503753727173943,9835
1970-01-07 02:36:00+00:00,0.002461528804998384,0.0021062519629519534,6396
1970-01-07 02:37:00+00:00,0.0021370177563391833,0.0019256425510400903,6275
1970-01-07 02:38:00+00:00,0.0012112509652006198,0.0013041320702925773,5243
1970-01-07 02:39:00+00:00,0.001089158329385169,0.0008235921776905987,4547
1970-01-07 02:40:00+00:00,0.006649161542847227,0.005076793094373897,9836
1970-01-07 02:41:00+00:00,0.00361146400048521,0.0021893425394120284,5336
1970-01-07 02:42:00+00:00,0.0026761429488841902,0.0017848349402744708,5552
1970-01-07 02:43:00+00:00,0.0024424337814057907,0.0015530124219737356,6078
1970-01-07 02:44:00+00:00,0.0027446649754828308,0.0011528017202066523,5831
1970-01-07 02:45:00+00:00,0.006673124221985269,0.005106311872099348,9834
1970-01-07 02:46:00+00:00,0.0025910776777685607,0.0016320126509677755,5314
1970-01-07 02:47:00+00:00,0.0029072103588371817,0.0017460050145651142,4409
1970-01-07 02:48:00+00:00,0.0025595555758914004,0.0012684920400161726,4227
1970-01-07 02:49:00+00:00,0.0018499004889640483,0.0007803235177616472,4246
1970-01-07 02:50:00+00:00,0.0066860428189189835,0.005098950321039592,9835
1970-01-07 02:51:00+00:00,0.003472121414877132,0.0017653795268924644,5657
1970-01-07 02:52:00+00:00,0.0025858884298215474,0.0015930260934786714,5993
1970-01-07 02:53:00+00:00,0.0019874027488804274,0.0015338659864654778,4967
1970-01-07 02:54:00+00:00,0.0016153892013147386,0.0009231716227942286,5550
1970-01-07 02:55:00+00:00,0.006720116419556283,0.005107853793495424,9837
1970-01-07 02:56:00+00:00,0.002349776034935715,0.0017653401084121642,4577
1970-01-07 02:57:00+00:00,0.0021954029814204835,0.0015626212863164627,5092
1970-01-07 02:58:00+00:00,0.0013938176250757872,0.0029870912734942033,5754
1970-01-07 02:59:00+00:00,0.0015157268772383946,0.000826939679748162,5114
1970-01-07 03:00:00+00:00,0.006803730926423233,0.005102052164531772,9839
1970-01-07 03:01:00+00:00,0.0034411935092286657,0.0022527937986855148,6257
1970-01-07 03:02:00+00:00,0.0023680322766243887,0.0017413452037565308,5753
1970-01-07 03:03:00+00:00,0.0017890855466154332,0.0016302653907751222,4678
1970-01-07 03:04:00+00:00,0.0021728682555390167,0.0009134145167668851,5080
1970-01-07 03:05:00+00:00,0.006744774779087377,0.00504298254708142,9837
1970-01-07 03:06:00+00:00,0.0015483269213881139,0.001389002128832434,6444
1970-01-07 03:07:00+00:00,0.0010987281703221793,0.0009698795406626113,6054
1970-01-07 03:08:00+00:00,0.00197918718918122,0.0011493449475822974,5190
1970-01-07 03:09:00+00:00,0.0010828912300692533,0.0009058896002813767,5025
1970-01-07 03:10:00+00:00,0.006889619363673796,0.00503286369293519,9837
1970-01-07 03:11:00+00:00,0.0032616816288966637,0.0018646921002600778,7581
1970-01-07 03:12:00+00:00,0.0032014152496783713,0.00187557685182132,7402
1970-01-07 03:13:00+00:00,0.0024119811412982237,0.0016542594334058504,6591
1970-01-07 03:14:00+00:00,0.0016239607919917964,0.0011487289690735583,7052
1970-01-07 03:15:00+00:00,0.007111982920924316,0.00514389811873927,9836
1970-01-07 03:16:00+00:00,0.002220897349570469,0.0016954435925216672,6088
1970-01-07 03:17:00+00:00,0.0032338494879924455,0.0015630559006277705,6558
1970-01-07 03:18:00+00:00,0.0018571503148868728,0.001124422003030984,6624
1970-01-07 03:19:00+00:00,0.0010843787671537283,0.0008123970349974891,6579
1970-01-07 03:20:00+00:00,0.007009842792111512,0.004987450582995005,9838
1970-01-07 03:21:00+00:00,0.0025982396676929925,0.0017284631226746829,7042
1970-01-07 03:22:00+00:00,0.0020496442507871504,0.0015348276123797982,7325
1970-01-07 03:23:00+00:00,0.001829884545738091,0.0013019763191180094,6218
1970-01-07 03:24:00+00:00,0.0012947999250305358,0.0007486329668222484,5458
1970-01-07 03:25:00+00:00,0.007163684334680983,0.005077763346752897,9836
1970-01-07 03:26:00+00:00,0.0033898186881853687,0.0022491801692538825,6381
1970-01-07 03:27:00+00:00,0.0034301378691189936,0.0021530673427540524,7139
1970-01-07 03:28:00+00:00,0.0020710366574815432,0.001242109864913439,5832
1970-01-07 03:29:00+00:00,0.00145005478306976,0.0007925206175895336,5047
1970-01-07 03:30:00+00:00,0.007054501271310447,0.004947254245519009,9837
1970-01-07 03:31:00+00:00,0.0026491513281364444,0.0016406728035084355,7449
1970-01-07 03:32:00+00:00,0.0025018580825874256,0.0017706895583374123,6364
1970-01-07 03:33:00+00:00,0.002848952296255238,0.0015382085527692539,6255
1970-01-07 03:34:00+00:00,0.001947817971449652,0.001065784996208539,6381
1970-01-07 03:35:00+00:00,0.006972805495464809,0.0049352859772721835,9838
1970-01-07 03:36:00+00:00,0.0027019715186186962,0.002288512964592932,5776
1970-01-07 03:37:00+00:00,0.002416370878792783,0.001927823345277241,6149
1970-01-07 03:38:00+00:00,0.0023852648629807275,0.0014687771748266181,5439
1970-01-07 03:39:00+00:00,0.001170374408307331,0.0011052758060429598,5803
1970-01-07 03:40:00+00:00,0.0068730608082581916,0.004894294299232967,9837
1970-01-07 03:41:00+00:00,0.0029935327949796825,0.002414767241410783,6376
1970-01-07 03:42:00+00:00,0.002497734570700698,0.0017612727880573719,6679
1970-01-07 03:43:00+00:00,0.0021692179005570363,0.001457644260283997,6867
1970-01-07 03:44:00+00:00,0.0012617604649204854,0.0009402462822318008,6253
1970-01-07 03:45:00+00:00,0.00675956924248638,0.00478427358540513,9837
1970-01-07 03:46:00+00:00,0.002292131504095965,0.0018379008118144283,6540
1970-01-07 03:47:00+00:00,0.0016781959984194007,0.0014278402590180233,7180
1970-01-07 03:48:00+00:00,0.00206833749223932,0.0011653995879510604,7324
1970-01-07 03:49:00+00:00,0.0018587944752629375,0.0008878930795445511,6806
1970-01-07 03:50:00+00:00,0.006635220158580463,0.004631282762581895,9835
1970-01-07 03:51:00+00:00,0.0032111508636015846,0.0015060277791482063,7420
1970-01-07 03:52:00+00:00,0.0021622117921977196,0.0013885719435235216,7988
1970-01-07 03:53:00+00:00,0.002322558464824027,0.0011050868455787094,8232
1970-01-07 03:54:00+00:00,0.001657534295874338,0.0007622942105507416,7478
1970-01-07 03:55:00+00:00,0.006734490315507537,0.004528773020480679,9833
1970-01-07 03:56:00+00:00,0.0022853381987529655,0.0009947673159140789,7705
1970-01-07 03:57:00+00:00,0.0021791491594734527,0.0014712971970399964,7457
1970-01-07 03:58:00+00:00,0.0016227156098696687,0.0008651289449965807,7236
1970-01-07 03:59:00+00:00,0.0016478677275280555,0.0008060773798452105,7315
1970-01-07 04:00:00+00:00,0.00653338010632777,0.004226990099352367,9835
1970-01-07 04:01:00+00:00,0.004009854148632747,0.0021302658583848754,7320
1970-01-07 04:02:00+00:00,0.0024252298786175148,0.001561678340191441,6733
1970-01-07 04:03:00+00:00,0.0035907753372868543,0.0018841363523093694,6755
1970-01-07 04:04:00+00:00,0.0011610862735142327,0.0005917392037082944,6119
1970-01-07 04:05:00+00:00,0.006549724116226946,0.0042732708631263985,9839
1970-01-07 04:06:00+00:00,0.001523630053484911,0.0008658074944364851,5716
1970-01-07 04:07:00+00:00,0.0016160638533683365,0.0008824935713813543,5925
1970-01-07 04:08:00+00:00,0.001366508588044115,0.0007046241136928525,7386
1970-01-07 04:09:00+00:00,0.0011321654283486418,0.000615385237731678,6486
1970-01-07 04:10:00+00:00,0.00641953126044412,0.004162848393243758,9844
1970-01-07 04:11:00+00:00,0.0042220010391412575,0.0022469093245574647,5776
1970-01-07 04:12:00+00:00,0.004514809860634346,0.0024542149172131194,6024
1970-01-07 04:13:00+00:00,0.0022814696909147355,0.0014553035518451844,6421
1970-01-07 04:14:00+00:00,0.0010380810190953583,0.0008125690075824795,6741
1970-01-07 04:15:00+00:00,0.006375671232801403,0.0041251812073266345,9841
1970-01-07 04:16:00+00:00,0.0017848952730835283,0.0010584463886183575,6930
1970-01-07 04:17:00+00:00,0.001442410575705581,0.0008988352396346863,7132
1970-01-07 04:18:00+00:00,0.0012899144628468924,0.0009618609079106631,6335
1970-01-07 04:19:00+00:00,0.00256595228411646,0.001038398174709265,7801
1970-01-07 04:20:00+00:00,0.006230819334441356,0.004077671364918013,9841
1970-01-07 04:21:00+00:00,0.0029129761889433847,0.0016355820347675454,7902
1970-01-07 04:22:00+00:00,0.0017773472316681418,0.0011936615535191144,7521
1970-01-07 04:23:00+00:00,0.002022730775759283,0.0012212038983860994,7549
1970-01-07 04:24:00+00:00,0.0018619009189075977,0.0007602358297701743,6496
1970-01-07 04:25:00+00:00,0.006364121386569822,0.004016751124163126,9839
1970-01-07 04:26:00+00:00,0.0021376102837713127,0.0011506790471496392,7264
1970-01-07 04:27:00+00:00,0.0020162294794401716,0.0014902941815404058,7538
1970-01-07 04:28:00+00:00,0.002207724849656823,0.0014126338294115804,6921
1970-01-07 04:29:00+00:00,0.0027404314316943797,0.0015407975427162224,6624
1970-01-07 04:30:00+00:00,0.006344081794328198,0.004046528880114819,9839
1970-01-07 04:31:00+00:00,0.00360268819290667,0.0019942793275252203,6695
1970-01-07 04:32:00+00:00,0.003596022857961695,0.002059905023865404,7676
1970-01-07 04:33:00+00:00,0.0022152457954634896,0.0011293685398243703,6387
1970-01-07 04:34:00+00:00,0.0015852216977305003,0.0008801983716235591,6416
1970-01-07 04:35:00+00:00,0.00645870417939301,0.004059848754392018,9838
1970-01-07 04:36:00+00:00,0.0019509207393553331,0.0013132008167971146,6577
1970-01-07 04:37:00+00:00,0.002255928151676422,0.0014813932641052996,6726
1970-01-07 04:38:00+00:00,0.002031211322039093,0.0012422144301697234,6414
1970-01-07 04:39:00+00:00,0.001655192372538137,0.000755513267624901,6846
1970-01-07 04:40:00+00:00,0.006449323026090442,0.004015896017015493,9837
1970-01-07 04:41:00+00:00,0.002085836266362388,0.0012588423351908864,7112
1970-01-07 04:42:00+00:00,0.0024921889763182543,0.0010623215002868278,7203
1970-01-07 04:43:00+00:00,0.0025943325447828998,0.0009850161233151316,7989
1970-01-07 04:44:00+00:00,0.0016068620177501424,0.0024334102853431554,6609
1970-01-07 04:45:00+00:00,0.006572512657397453,0.004017653771226561,9839
1970-01-07 04:46:00+00:00,0.0019893135092322795,0.0014301812561942236,6677
1970-01-07 04:47:00+00:00,0.0027321165100293488,0.0018851869199253783,5622
1970-01-07 04:48:00+00:00,0.0024278489936846183,0.0012222986079245804,7398
1970-01-07 04:49:00+00:00,0.0014656397627727175,0.0008548690397572185,6816
1970-01-07 04:50:00+00:00,0.006350734380822096,0.003955227771374959,9843
1970-01-07 04:51:00+00:00,0.002821846243759475,0.0014463395882158413,7267
1970-01-07 04:52:00+00:00,0.003400968608613751,0.001969709041012579,7435
1970-01-07 04:53:00+00:00,0.0018271656864728932,0.0008255930313435455,7376
1970-01-07 04:54:00+00:00,0.0015848511180092848,0.0005158911264184084,5751
1970-01-07 04:55:00+00:00,0.0063961887690473515,0.0040069486372599,9841
1970-01-07 04:56:00+00:00,0.0029282840393043464,0.0012973108862200332,5580
1970-01-07 04:57:00+00:00,0.0018056782474269188,0.0008835959085304528,7112
1970-01-07 04:58:00+00:00,0.0016295148540969755,0.0007709865659805088,6391
1970-01-07 04:59:00+00:00,0.0018190001289296125,0.000890076965771046,5892
1970-01-07 05:00:00+00:00,0.0063909968078645005,0.004030572449976955,9842
1970-01-07 05:01:00+00:00,0.004899653770162379,0.0023664457175874656,6447
1970-01-07 05:02:00+00:00,0.0022189297618988536,0.0011664502713054428,7521
1970-01-07 05:03:00+00:00,0.0019373915028388059,0.0007927079451179711,7665
1970-01-07 05:04:00+00:00,0.001375494702189993,0.000610731870251046,6072
1970-01-07 05:05:00+00:00,0.006127849460248293,0.0038631487274981002,9843
1970-01-07 05:06:00+00:00,0.0015788303524632576,0.0009150266106200751,6399
1970-01-07 05:07:00+00:00,0.0025456353133864037,0.0012475606774351414,6785
1970-01-07 05:08:00+00:00,0.0013242554370923477,0.0006579226147980019,6444
1970-01-07 05:09:00+00:00,0.0019561754645261694,0.0007165973975211048,7380
1970-01-07 05:10:00+00:00,0.006317709258953327,0.0038555979367276105,9841
1970-01-07 05:11:00+00:00,0.003297544866430118,0.002215645519129374,7904
1970-01-07 05:12:00+00:00,0.001975402473716273,0.0010744254733119384,8129
1970-01-07 05:13:00+00:00,0.002397867025156568,0.000875092748264987,6522
1970-01-07 05:14:00+00:00,0.0016828073277579006,0.0005800820802281133,5769
1970-01-07 05:15:00+00:00,0.006627261453770889,0.004142918438334685,9837
1970-01-07 05:16:00+00:00,0.00250431541216565,0.001088609360611136,5182
1970-01-07 05:17:00+00:00,0.0019686575226782604,0.0009450653251770767,6548
1970-01-07 05:18:00+00:00,0.001828962117200158,0.0010115856675985337,5792
1970-01-07 05:19:00+00:00,0.0019005557710859088,0.0007149274110956838,5179
1970-01-07 05:20:00+00:00,0.006577919837718745,0.004212402444672711,9838
1970-01-07 05:21:00+00:00,0.0029298469732579662,0.0012608113788639696,6620
1970-01-07 05:22:00+00:00,0.002429227789959622,0.001170677832113872,6143
1970-01-07 05:23:00+00:00,0.0016282362437173468,0.0008861324443338826,4812
1970-01-07 05:24:00+00:00,0.0016112754109360583,0.0010994802618016694,6475
1970-01-07 05:25:00+00:00,0.006546155920566518,0.0042003930295681086,9838
1970-01-07 05:26:00+00:00,0.0014235575319917686,0.0008641977262486611,6520
1970-01-07 05:27:00+00:00,0.002047101993673074,0.0009920424338160324,6075
1970-01-07 05:28:00+00:00,0.0020883427138378334,0.0009210000568449124,5276
1970-01-07 05:29:00+00:00,0.0013511064049068677,0.0006058343388082973,5367
1970-01-07 05:30:00+00:00,0.006516099674490432,0.0042400030423222265,9842
1970-01-07 05:31:00+00:00,0.0028808925395935954,0.003024574024401656,7938
1970-01-07 05:32:00+00:00,0.002223719662244497,0.0015626439707970825,6412
1970-01-07 05:33:00+00:00,0.0024707195187403143,0.0013154119381234613,7054
1970-01-07 05:34:00+00:00,0.0015155752502429769,0.0009379678830573713,6459
1970-01-07 05:35:00+00:00,0.006382751841946368,0.0040636199413009895,9842
1970-01-07 05:36:00+00:00,0.001364839236275634,0.000814123661472877,7618
1970-01-07 05:37:00+00:00,0.001222555394948905,0.0008495150915512554,6931
1970-01-07 05:38:00+00:00,0.001582740270808602,0.0007962316497912075,6895
1970-01-07 05:39:00+00:00,0.0016914370139187954,0.0006560159342605583,6451
1970-01-07 05:40:00+00:00,0.006457685605064623,0.004147408652510573,9843
1970-01-07 05:41:00+00:00,0.0020167682832801814,0.0010660980785425996,7633
1970-01-07 05:42:00+00:00,0.0025120955838754838,0.0010711517962780602,6290
1970-01-07 05:43:00+00:00,0.0022307664874918016,0.0008203846016215773,7335
1970-01-07 05:44:00+00:00,0.0024195664162152426,0.0010346255915851844,5941
1970-01-07 05:45:00+00:00,0.006581790759375556,0.004284107688587712,9842
1970-01-07 05:46:00+00:00,0.002079472879037109,0.0012512028772196416,6713
1970-01-07 05:47:00+00:00,0.0017157261561377148,0.0008816522869929699,7158
1970-01-07 05:48:00+00:00,0.0016809390628612707,0.0007443018042196255,6535
1970-01-07 05:49:00+00:00,0.0017255546886858874,0.0007729847114896773,6432
1970-01-07 05:50:00+00:00,0.006369106229432444,0.004234908910642131,9842
1970-01-07 05:51:00+00:00,0.0022165929668559146,0.0012075529761124098,6916
1970-01-07 05:52:00+00:00,0.0020869263207303167,0.0014278789765691405,7381
1970-01-07 05:53:00+00:00,0.0029851387287008397,0.0016659176318019346,7044
1970-01-07 05:54:00+00:00,0.0023375833848848318,0.0009205055191575695,6589
1970-01-07 05:55:00+00:00,0.006459097743789969,0.004262907782272146,9843
1970-01-07 05:56:00+00:00,0.0013466467712627676,0.0012265626674210865,5970
1970-01-07 05:57:00+00:00,0.0017608960189624185,0.0008196481424852279,5963
1970-01-07 05:58:00+00:00,0.0014980756806278251,0.0007441236258319798,5745
1970-01-07 05:59:00+00:00,0.0018386817065970515,0.0012958318990044957,6424
1970-01-07 06:00:00+00:00,0.0066243646307468955,0.004352616277760833,9840
1970-01-07 06:01:00+00:00,0.005275292307315462,0.0039814195628249645,6741
1970-01-07 06:02:00+00:00,0.0035230733434882576,0.0022442410138176286,6546
1970-01-07 06:03:00+00:00,0.0017371963925169249,0.0008779729920417397,7366
1970-01-07 06:04:00+00:00,0.0013457803527151205,0.0006266322646140485,6270
1970-01-07 06:05:00+00:00,0.006696498009077271,0.004326107646391315,9839
1970-01-07 06:06:00+00:00,0.0023899527475473668,0.0017077603652780112,6228
1970-01-07 06:07:00+00:00,0.002102394044028405,0.0014316651098080693,6740
1970-01-07 06:08:00+00:00,0.001537963220381826,0.0013151897238077167,6790
1970-01-07 06:09:00+00:00,0.0031111704221744346,0.0017463008000120916,7564
1970-01-07 06:10:00+00:00,0.006680323840280939,0.004284853633753795,9841
1970-01-07 06:11:00+00:00,0.0033461340577913687,0.0017113814474143136,7121
1970-01-07 06:12:00+00:00,0.0025339661168621006,0.0013597505139387152,7390
1970-01-07 06:13:00+00:00,0.00156868512787986,0.0009428822691968129,7328
1970-01-07 06:14:00+00:00,0.0012675159846735572,0.0006818892521047908,6229
1970-01-07 06:15:00+00:00,0.0064307607385683165,0.0040847455961297765,9843
1970-01-07 06:16:00+00:00,0.0013414113590211854,0.0007141768888751596,7747
1970-01-07 06:17:00+00:00,0.0016088420636150918,0.0008674239058809514,7345
1970-01-07 06:18:00+00:00,0.001087633374999421,0.0006577985214863122,6652
1970-01-07 06:19:00+00:00,0.002288706425093442,0.0008993240178634638,7254
1970-01-07 06:20:00+00:00,0.006132494949888975,0.003955181295150691,9841
1970-01-07 06:21:00+00:00,0.0018901213983026617,0.0009522229990928589,8475
1970-01-07 06:22:00+00:00,0.0011496475789950175,0.0007601833352349308,6814
1970-01-07 06:23:00+00:00,0.0021735612154120364,0.0010525142603538087,6940
1970-01-07 06:24:00+00:00,0.0009606129376054501,0.0007401275156844316,5792
1970-01-07 06:25:00+00:00,0.006073770063528552,0.0039943919845046175,9841
1970-01-07 06:26:00+00:00,0.0031514272908262143,0.0017846373375622934,6976
1970-01-07 06:27:00+00:00,0.0022830814102816374,0.0011137141515850661,7619
1970-01-07 06:28:00+00:00,0.00244637763873827,0.0011775984131901728,7320
1970-01-07 06:29:00+00:00,0.002758355012961787,0.0012965589886953898,6667
1970-01-07 06:30:00+00:00,0.00648754751753542,0.004130090684502597,9841
1970-01-07 06:31:00+00:00,0.0035553743093459135,0.0012075024573470876,7827
1970-01-07 06:32:00+00:00,0.0038018592432275972,0.0024077309131043806,7214
1970-01-07 06:33:00+00:00,0.0027611847160469915,0.0008870637168383594,7477
1970-01-07 06:34:00+00:00,0.0022380327671375965,0.0008022718060226254,7259
1970-01-07 06:35:00+00:00,0.006683415081075812,0.0041485035173255535,9842
1970-01-07 06:36:00+00:00,0.0025445602068504343,0.0010969177413325815,7156
1970-01-07 06:37:00+00:00,0.004688355443471095,0.001346821853434264,6760
1970-01-07 06:38:00+00:00,0.003195021817038849,0.0010469702632074063,5179
1970-01-07 06:39:00+00:00,0.0026841644704734867,0.0010191088836790999,6914
1970-01-07 06:40:00+00:00,0.006663315869740559,0.004101836600858301,9842
1970-01-07 06:41:00+00:00,0.0028408268934596633,0.0013276528425612932,7651
1970-01-07 06:42:00+00:00,0.002239559017047152,0.0009620875434032772,7768
1970-01-07 06:43:00+00:00,0.0023515153406661548,0.0009078383006923189,7562
1970-01-07 06:44:00+00:00,0.002222720548487554,0.001073348981638445,7390
1970-01-07 06:45:00+00:00,0.006372245932841127,0.0040235549577093965,9841
1970-01-07 06:46:00+00:00,0.00237371191675284,0.0011304559659589186,7115
1970-01-07 06:47:00+00:00,0.0023897697900311984,0.0010516015257235978,6550
1970-01-07 06:48:00+00:00,0.002299038477761535,0.0009426505110973566,6139
1970-01-07 06:49:00+00:00,0.002002730847513752,0.0009426935781856608,6906
1970-01-07 06:50:00+00:00,0.006523992140986881,0.004066157087896278,9841
1970-01-07 06:51:00+00:00,0.002829403588614459,0.0013230460188360968,6784
1970-01-07 06:52:00+00:00,0.001971899625860997,0.0013883772806905623,5844
1970-01-07 06:53:00+00:00,0.0017141876476084324,0.0007934508274129088,6588
1970-01-07 06:54:00+00:00,0.001162299799391911,0.0007953755466006615,6459
1970-01-07 06:55:00+00:00,0.0065760520182831066,0.004109542213340975,9841
1970-01-07 06:56:00+00:00,0.0027325645474421756,0.0011863467778692697,5346
1970-01-07 06:57:00+00:00,0.0021752779806339553,0.0009384200079242049,5126
1970-01-07 06:58:00+00:00,0.002419882951950538,0.0013643452707602067,5227
1970-01-07 06:59:00+00:00,0.002255258566284825,0.0010628153424744188,5365
1970-01-07 07:00:00+00:00,0.006653212949513989,0.004168827975078775,9841
1970-01-07 07:01:00+00:00,0.0036719458124671403,0.0021425706193414734,6948
1970-01-07 07:02:00+00:00,0.0025602802801524735,0.0010488000920937158,6465
1970-01-07 07:03:00+00:00,0.0019154424624315011,0.0010272869681500567,6136
1970-01-07 07:04:00+00:00,0.0014151061314677318,0.0007667860079450685,5878
1970-01-07 07:05:00+00:00,0.006709441171459994,0.004300886885630066,9841
1970-01-07 07:06:00+00:00,0.0025583817000714424,0.0013302960408712035,4450
1970-01-07 07:07:00+00:00,0.0022574482201784696,0.000983490309092298,5622
1970-01-07 07:08:00+00:00,0.0016895190092360165,0.0009565200542127104,4891
1970-01-07 07:09:00+00:00,0.0020258047467581124,0.0007426294890068406,6478
1970-01-07 07:10:00+00:00,0.006475568793765252,0.004180533586736459,9842
1970-01-07 07:11:00+00:00,0.003526949709290948,0.001820184497941146,7429
1970-01-07 07:12:00+00:00,0.0030521873945049006,0.0015012158696949842,6488
1970-01-07 07:13:00+00:00,0.0012991383595137584,0.0007819018021971966,5171
1970-01-07 07:14:00+00:00,0.001998873828710572,0.0007576489745007478,5204
1970-01-07 07:15:00+00:00,0.006503939499269232,0.004268548811724912,9843
1970-01-07 07:16:00+00:00,0.001804927819039884,0.0009264304959314691,7160
1970-01-07 07:17:00+00:00,0.0015081108103955662,0.0008115349811538947,6982
1970-01-07 07:18:00+00:00,0.0014226039749241268,0.0009045429349388203,7025
1970-01-07 07:19:00+00:00,0.0015922680439817002,0.000673076392654714,6744
1970-01-07 07:20:00+00:00,0.006703773541083909,0.004316201137910674,9845
1970-01-07 07:21:00+00:00,0.001996780763565815,0.0009475788956648164,7332
1970-01-07 07:22:00+00:00,0.00318831696137738,0.001728258629009415,7844
1970-01-07 07:23:00+00:00,0.0009303510428432461,0.0007986773274683876,7470
1970-01-07 07:24:00+00:00,0.0010510082256173616,0.0006479025261003206,5670
1970-01-07 07:25:00+00:00,0.006476481876604354,0.004266945225152418,9845
1970-01-07 07:26:00+00:00,0.001338218926225903,0.0008813074107183244,5532
1970-01-07 07:27:00+00:00,0.0019796180146131287,0.001374436113010125,6920
1970-01-07 07:28:00+00:00,0.0019960414459183184,0.0011565880920572957,6737
1970-01-07 07:29:00+00:00,0.0014045364776012353,0.0008913102989046698,7150
1970-01-07 07:30:00+00:00,0.006332041819581098,0.0041801252323829,9844
1970-01-07 07:31:00+00:00,0.001914190165201823,0.001122923002697169,7848
1970-01-07 07:32:00+00:00,0.0025574308097136415,0.0015159299782933457,7641
1970-01-07 07:33:00+00:00,0.0016029465096513386,0.0009211721733221294,6572
1970-01-07 07:34:00+00:00,0.0013011915173716374,0.0008675830358594646,6213
1970-01-07 07:35:00+00:00,0.006310790826731567,0.0042969931630321015,9845
1970-01-07 07:36:00+00:00,0.0035494449390394717,0.0019291536850583643,6096
1970-01-07 07:37:00+00:00,0.0044860218369058924,0.002175412129387756,6556
1970-01-07 07:38:00+00:00,0.002838277833052338,0.0012159137198362502,7080
1970-01-07 07:39:00+00:00,0.0015509380799476015,0.0004387809326242712,6498
1970-01-07 07:40:00+00:00,0.005966660282273315,0.004380712117608737,9843
1970-01-07 07:41:00+00:00,0.003470549458380852,0.0014189138162367155,7286
1970-01-07 07:42:00+00:00,0.0032117230261094823,0.0014062135252738053,6907
1970-01-07 07:43:00+00:00,0.0019203038607242644,0.0009451114327203314,5430
1970-01-07 07:44:00+00:00,0.001401461879318256,0.000627844782176073,4976
1970-01-07 07:45:00+00:00,0.0060143512425673016,0.0044880487202747016,9842
1970-01-07 07:46:00+00:00,0.0017417069677008966,0.0008187175593283876,5382
1970-01-07 07:47:00+00:00,0.0019577089436544548,0.0009304193816474317,5242
1970-01-07 07:48:00+00:00,0.0024102471157440857,0.0008026272399595579,4937
1970-01-07 07:49:00+00:00,0.001823610423405349,0.0006713853545145583,5089
1970-01-07 07:50:00+00:00,0.0059157145824565065,0.0044979732580155175,9841
1970-01-07 07:51:00+00:00,0.0032393890895989,0.0014151617531835492,5869
1970-01-07 07:52:00+00:00,0.0029042871275712446,0.0011331586821163187,5742
1970-01-07 07:53:00+00:00,0.0018971237399371993,0.0007775676446074301,4724
1970-01-07 07:54:00+00:00,0.0023644984074339417,0.0008200342072435904,4077
1970-01-07 07:55:00+00:00,0.00613748238473246,0.004591304647412933,9841
1970-01-07 07:56:00+00:00,0.002710451004173558,0.0010258089374478487,5250
1970-01-07 07:57:00+00:00,0.0030156045418091772,0.0015143477772378822,5998
1970-01-07 07:58:00+00:00,0.002955162173037712,0.0012975934996835848,5795
1970-01-07 07:59:00+00:00,0.002200019625152796,0.0008761391423272514,4757
1970-01-07 08:00:00+00:00,0.006247668700111901,0.004636193327604789,9840
1970-01-07 08:01:00+00:00,0.003189203129362372,0.001812474677824055,5373
1970-01-07 08:02:00+00:00,0.0032760699413832434,0.001792261975831831,4649
1970-01-07 08:03:00+00:00,0.0022045975574644834,0.001164273946342823,4666
1970-01-07 08:04:00+00:00,0.00196875647339976,0.0007778857837246508,3747
1970-01-07 08:05:00+00:00,0.006354960175599274,0.004650805313244992,9840
1970-01-07 08:06:00+00:00,0.0025432019035871406,0.0012046383526184722,4143
1970-01-07 08:07:00+00:00,0.0020028564776196217,0.0008968731428614031,4324
1970-01-07 08:08:00+00:00,0.004867299148436274,0.0008761389226345205,4230
1970-01-07 08:09:00+00:00,0.0031284802384489354,0.0013794161600488492,4887
1970-01-07 08:10:00+00:00,0.006368057265027922,0.004646006435182977,9844
1970-01-07 08:11:00+00:00,0.003937305336801753,0.0014297226079475445,5335
1970-01-07 08:12:00+00:00,0.0022608560803514,0.0011515399508897275,8953
1970-01-07 08:13:00+00:00,0.0014418077389280247,0.0007805168098422278,8405
1970-01-07 08:14:00+00:00,0.0022497283842410846,0.0006430550889267091,4854
1970-01-07 08:15:00+00:00,0.006566941457312562,0.004849980371307054,9845
1970-01-07 08:16:00+00:00,0.002693974846016243,0.0014137810941061034,4855
1970-01-07 08:17:00+00:00,0.002551221789642188,0.0011021386880744693,4004
1970-01-07 08:18:00+00:00,0.0025242470791665547,0.0010741396416220081,4099
1970-01-07 08:19:00+00:00,0.0020310550834465716,0.0011376354871293,5415
1970-01-07 08:20:00+00:00,0.006441981736350023,0.004814622370035654,9844
1970-01-07 08:21:00+00:00,0.002832043138854722,0.0013335169805005014,5634
1970-01-07 08:22:00+00:00,0.002828759044283795,0.0013299417848093703,5955
1970-01-07 08:23:00+00:00,0.0022351896705323435,0.0013315962946018518,6266
1970-01-07 08:24:00+00:00,0.0021129322762607388,0.0012199322225857866,4684
1970-01-07 08:25:00+00:00,0.006303108847747914,0.004837824372077962,9844
1970-01-07 08:26:00+00:00,0.0025073159753027704,0.0013393957387374412,4491
1970-01-07 08:27:00+00:00,0.002709578088921688,0.0013829481722128544,5271
1970-01-07 08:28:00+00:00,0.002946586668298825,0.0015752920094425347,5046
1970-01-07 08:29:00+00:00,0.0024866477012456954,0.0016612365212863424,5019
1970-01-07 08:30:00+00:00,0.006624600730217321,0.00492200749775482,9843
1970-01-07 08:31:00+00:00,0.003785198242782445,0.0016545873130634956,4208
1970-01-07 08:32:00+00:00,0.002974204211626263,0.0015674000119952824,4233
1970-01-07 08:33:00+00:00,0.002731706432675629,0.0019279734370668787,4681
1970-01-07 08:34:00+00:00,0.0028100843768144425,0.002001771751207834,5172
1970-01-07 08:35:00+00:00,0.00649169239169928,0.004919779074314658,9843
1970-01-07 08:36:00+00:00,0.0031735534929224897,0.0011689148697198628,5289
1970-01-07 08:37:00+00:00,0.003859412206288639,0.0019402835970364306,5210
1970-01-07 08:38:00+00:00,0.002762652772763007,0.0016402903073510552,4491
1970-01-07 08:39:00+00:00,0.001776362426084706,0.0011112100343482246,3478
1970-01-07 08:40:00+00:00,0.006482157626337066,0.004892204850041578,9843
1970-01-07 08:41:00+00:00,0.003428657599552924,0.0019284156591912527,4872
1970-01-07 08:42:00+00:00,0.0037745644831533812,0.00158984905028894,4073
1970-01-07 08:43:00+00:00,0.002376327820078082,0.0009096466331009878,4728
1970-01-07 08:44:00+00:00,0.0020879654266902936,0.0011282648359026216,4015
1970-01-07 08:45:00+00:00,0.00638533495359773,0.004880360658769648,9843
1970-01-07 08:46:00+00:00,0.0024625652089922197,0.0013659369470038934,3794
1970-01-07 08:47:00+00:00,0.00226648839812874,0.0013701967774120585,3550
1970-01-07 08:48:00+00:00,0.0026696615309511943,0.0015295726365324937,4533
1970-01-07 08:49:00+00:00,0.002123589172436382,0.0010910661281376029,2559
1970-01-07 08:50:00+00:00,0.006457771647203344,0.004904310964857471,9844
1970-01-07 08:51:00+00:00,0.003254227627958678,0.001630453664917561,4599
1970-01-07 08:52:00+00:00,0.0033191740424071262,0.0014986467744965333,3908
1970-01-07 08:53:00+00:00,0.0035821662531577004,0.0016127697418894344,3926
1970-01-07 08:54:00+00:00,0.0037753292325497932,0.0015680259015379866,3674
1970-01-07 08:55:00+00:00,0.006663851888777318,0.004949720798693542,9844
1970-01-07 08:56:00+00:00,0.003730127206367508,0.002045179915857886,4774
1970-01-07 08:57:00+00:00,0.002578731984179054,0.0011292885316575322,3496
1970-01-07 08:58:00+00:00,0.0030123575510683587,0.0015239101128290224,3883
1970-01-07 08:59:00+00:00,0.00420131611594193,0.0017824489893383721,3614
1970-01-07 09:00:00+00:00,0.006585809046309427,0.00494020237951736,9844
1970-01-07 09:01:00+00:00,0.004771780607885596,0.0023743747798606173,3698
1970-01-07 09:02:00+00:00,0.003550066109163212,0.001810513507888975,3975
1970-01-07 09:03:00+00:00,0.0029860934577846444,0.0018816170954038785,2710
1970-01-07 09:04:00+00:00,0.0025182596425972377,0.0020565403019471534,4492
1970-01-07 09:05:00+00:00,0.0061196459157734015,0.00495340922531402,9844
1970-01-07 09:06:00+00:00,0.0027630705423210655,0.0021160241753719377,4354
1970-01-07 09:07:00+00:00,0.002308274971236587,0.0020204465856929143,4197
1970-01-07 09:08:00+00:00,0.001765715175117879,0.001767005951703816,4308
1970-01-07 09:09:00+00:00,0.001814333867944912,0.0019395991725190789,4681
1970-01-07 09:10:00+00:00,0.006120892345915331,0.004963920733264087,9844
1970-01-07 09:11:00+00:00,0.003850045589205192,0.0020235795194553344,3023
1970-01-07 09:12:00+00:00,0.0022473863907054256,0.0012069669430258886,2089
1970-01-07 09:13:00+00:00,0.0019317059613490428,0.0009148747481593899,3070
1970-01-07 09:14:00+00:00,0.002234357633216,0.0007419212689417833,2704
1970-01-07 09:15:00+00:00,0.005856863025338708,0.004945942484069746,9843
1970-01-07 09:16:00+00:00,0.0022235116969592478,0.0016335224712036751,3526
1970-01-07 09:17:00+00:00,0.0019847728766940746,0.0010399986346341223,3058
1970-01-07 09:18:00+00:00,0.0016313047733583401,0.0010410701798377938,3634
1970-01-07 09:19:00+00:00,0.0019473104500726476,0.0013191906676376472,3689
1970-01-07 09:20:00+00:00,0.0058544358273517295,0.004898890624300976,9843
1970-01-07 09:21:00+00:00,0.0033463061929411004,0.0035775040889256707,5613
1970-01-07 09:22:00+00:00,0.0018975067931277438,0.0011756089647292512,4353
1970-01-07 09:23:00+00:00,0.001937888315377465,0.0017054331375502335,5610
1970-01-07 09:24:00+00:00,0.0020874550211248087,0.001998455629027159,3835
1970-01-07 09:25:00+00:00,0.005889833071096975,0.0048576525171113135,9843
1970-01-07 09:26:00+00:00,0.0016765824305379775,0.0009230390373943611,3981
1970-01-07 09:27:00+00:00,0.0024736132549501937,0.0011121957143414188,4597
1970-01-07 09:28:00+00:00,0.0031088529904290787,0.0018390542432023742,4283
1970-01-07 09:29:00+00:00,0.0027194533841836633,0.0016032187361971991,4552
1970-01-07 09:30:00+00:00,0.005943363224034539,0.004868629046695606,9843
1970-01-07 09:31:00+00:00,0.0037015823729009707,0.0029811272659762606,6243
1970-01-07 09:32:00+00:00,0.002306414605624808,0.002202395569851094,5459
1970-01-07 09:33:00+00:00,0.0028783676259422643,0.00293167342179976,5362
1970-01-07 09:34:00+00:00,0.001992994651211904,0.002527618448103034,5284
1970-01-07 09:35:00+00:00,0.00630219395720157,0.004863162363660823,9842
1970-01-07 09:36:00+00:00,0.0032484341450708526,0.0017433376969962205,4674
1970-01-07 09:37:00+00:00,0.003771601916148433,0.0021947317924979138,5288
1970-01-07 09:38:00+00:00,0.0025400271720303954,0.0014663510837414752,2889
1970-01-07 09:39:00+00:00,0.0017960774315231344,0.0010318172805790563,4056
1970-01-07 09:40:00+00:00,0.007090244195292773,0.004859775103037299,9842
1970-01-07 09:41:00+00:00,0.005240340427345676,0.0018953030978228018,3818
1970-01-07 09:42:00+00:00,0.0040797145966442235,0.0018404171943511654,3929
1970-01-07 09:43:00+00:00,0.002967701062171693,0.0017883865739544078,4134
1970-01-07 09:44:00+00:00,0.003421179744502458,0.001495815095475307,4454
1970-01-07 09:45:00+00:00,0.007202805973490702,0.0049238144551255756,9843
1970-01-07 09:46:00+00:00,0.0041849116690511655,0.0019139565916102294,3648
1970-01-07 09:47:00+00:00,0.003183868504832345,0.001387551752107928,4253
1970-01-07 09:48:00+00:00,0.0030925074412806427,0.0013999086156760115,4254
1970-01-07 09:49:00+00:00,0.003276863329003465,0.001618443029675294,4567
1970-01-07 09:50:00+00:00,0.007121132623985004,0.004935059015271132,9842
1970-01-07 09:51:00+00:00,0.0038481784129028467,0.0017912198699357505,3986
1970-01-07 09:52:00+00:00,0.003959383564295145,0.0015569363080489098,4146
1970-01-07 09:53:00+00:00,0.0028893177764193687,0.001366674732792869,4545
1970-01-07 09:54:00+00:00,0.002366913892202254,0.0010924143871237837,4605
1970-01-07 09:55:00+00:00,0.007078091881398057,0.004946547367441963,9842
1970-01-07 09:56:00+00:00,0.003388881400807345,0.0015235885558836967,3362
1970-01-07 09:57:00+00:00,0.0040447728042289875,0.0015091495914059086,3846
1970-01-07 09:58:00+00:00,0.0031004907086502513,0.001426074891149297,3480
1970-01-07 09:59:00+00:00,0.002629270695928316,0.0011891966198214218,4262
1970-01-07 10:00:00+00:00,0.006956099311811069,0.004979034240054621,9842
1970-01-07 10:01:00+00:00,0.003500052709090948,0.0021591225649684165,4350
1970-01-07 10:02:00+00:00,0.0036432443521657947,0.0018492428829246636,3899
1970-01-07 10:03:00+00:00,0.003852671752741309,0.001515541959691931,4190
1970-01-07 10:04:00+00:00,0.0028718831478488248,0.0011471840650025698,4129
1970-01-07 10:05:00+00:00,0.007082616637287911,0.0049725830455845865,9841
1970-01-07 10:06:00+00:00,0.0038298686834697202,0.002323421835025638,5422
1970-01-07 10:07:00+00:00,0.003196336292389672,0.0036719994430857304,5539
1970-01-07 10:08:00+00:00,0.0032456288609069494,0.0018762892405049386,5171
1970-01-07 10:09:00+00:00,0.002925828675908174,0.0014097675873333336,4314
1970-01-07 10:10:00+00:00,0.007187056396599573,0.004858260981238661,9841
1970-01-07 10:11:00+00:00,0.004316732949971849,0.002216941329764718,5943
1970-01-07 10:12:00+00:00,0.004562972796950616,0.002557683514334637,5670
1970-01-07 10:13:00+00:00,0.0026883336164781626,0.0013248127739963044,4048
1970-01-07 10:14:00+00:00,0.002093964317201877,0.0008882628283883226,3910
1970-01-07 10:15:00+00:00,0.0069230964489943436,0.004814503892307285,9841
1970-01-07 10:16:00+00:00,0.0039455603200493,0.0017737844182631316,4723
1970-01-07 10:17:00+00:00,0.004160625889904187,0.001704662970118616,4469
1970-01-07 10:18:00+00:00,0.0039915754468991815,0.001636260362015222,3910
1970-01-07 10:19:00+00:00,0.003604510210401564,0.0014583198339555353,4079
1970-01-07 10:20:00+00:00,0.007047723935512095,0.004860902850054798,9839
1970-01-07 10:21:00+00:00,0.005226071627279162,0.002152231205916866,4318
1970-01-07 10:22:00+00:00,0.005016646527751056,0.0019092244720885316,3980
1970-01-07 10:23:00+00:00,0.004520611386977846,0.0019342720702727394,3627
1970-01-07 10:24:00+00:00,0.004354081932626543,0.0014206141754359494,4101
1970-01-07 10:25:00+00:00,0.006983888198490258,0.004843037805228234,9839
1970-01-07 10:26:00+00:00,0.0043674984963831456,0.0016305597647345146,4008
1970-01-07 10:27:00+00:00,0.0039945706095618335,0.001956896479055831,4662
1970-01-07 10:28:00+00:00,0.004469373294750347,0.001886706942758695,4641
1970-01-07 10:29:00+00:00,0.00374235009212636,0.0013025470968441824,3495
1970-01-07 10:30:00+00:00,0.007040104833766408,0.0048689888859672174,9838
1970-01-07 10:31:00+00:00,0.004202114007134863,0.001431129396798984,4496
1970-01-07 10:32:00+00:00,0.004537496879778362,0.0016192398086194084,3764
1970-01-07 10:33:00+00:00,0.003578698455337198,0.0016499303220315767,4913
1970-01-07 10:34:00+00:00,0.0038381109879417922,0.001964846649637316,5368
1970-01-07 10:35:00+00:00,0.007154000591355915,0.004864967463259122,9839
1970-01-07 10:36:00+00:00,0.004422652291416162,0.0016476698324713874,4046
1970-01-07 10:37:00+00:00,0.0036590132669612123,0.0018571663554714513,6524
1970-01-07 10:38:00+00:00,0.003375149718373034,0.0014076118651095667,3970
1970-01-07 10:39:00+00:00,0.0045060143157080335,0.0023106918580945083,5069
1970-01-07 10:40:00+00:00,0.007111053467135922,0.004916979078262633,9839
1970-01-07 10:41:00+00:00,0.004248474617815642,0.0014459295115335537,4813
1970-01-07 10:42:00+00:00,0.004366914304474231,0.00171560505464496,4895
1970-01-07 10:43:00+00:00,0.003571789819802355,0.0013184593749371184,3638
1970-01-07 10:44:00+00:00,0.0034007263154611036,0.0013128037040419454,3401
1970-01-07 10:45:00+00:00,0.007111554184164834,0.004928128081709618,9839
1970-01-07 10:46:00+00:00,0.003402819523178852,0.0014251796188491177,3136
1970-01-07 10:47:00+00:00,0.004096091727235548,0.0016457566501260651,2735
1970-01-07 10:48:00+00:00,0.003563131323072322,0.0016005042981007505,3341
1970-01-07 10:49:00+00:00,0.003026936552663064,0.0013345920574011686,4108
1970-01-07 10:50:00+00:00,0.0071209358746133775,0.00492504841142046,9839
1970-01-07 10:51:00+00:00,0.005031287571799154,0.0024792947776689977,4313
1970-01-07 10:52:00+00:00,0.004906035130458976,0.0025037531683080165,4499
1970-01-07 10:53:00+00:00,0.0037675659588725903,0.002147382406741314,5194
1970-01-07 10:54:00+00:00,0.0037526056051652118,0.0015825654101818201,3740
1970-01-07 10:55:00+00:00,0.007074418317417196,0.004923165461115796,9840
1970-01-07 10:56:00+00:00,0.004612148661721941,0.0023846764873835537,3592
1970-01-07 10:57:00+00:00,0.004650878058616386,0.0017788963310951657,3105
1970-01-07 10:58:00+00:00,0.0027625117659074447,0.0014273134665711378,5364
1970-01-07 10:59:00+00:00,0.0024305467633812293,0.001222731404641265,5175
1970-01-07 11:00:00+00:00,0.007082373526791293,0.004934099328540991,9840
1970-01-07 11:01:00+00:00,0.005628366790361885,0.0020317940423952665,5006
1970-01-07 11:02:00+00:00,0.003599805964849847,0.002071580446037584,4969
1970-01-07 11:03:00+00:00,0.004477231588421025,0.0022965047642096083,4561
1970-01-07 11:04:00+00:00,0.004252349191125961,0.001655703024082585,3659
1970-01-07 11:05:00+00:00,0.006953214394093227,0.004909521932547886,9837
1970-01-07 11:06:00+00:00,0.004140354028989883,0.0022540592959693377,5841
1970-01-07 11:07:00+00:00,0.003584163411006417,0.0018704283878253592,4711
1970-01-07 11:08:00+00:00,0.004301124898659058,0.0021385992443491695,5054
1970-01-07 11:09:00+00:00,0.00358332775725573,0.0015993707631275207,4324
1970-01-07 11:10:00+00:00,0.007004867921690785,0.004896666844869292,9839
1970-01-07 11:11:00+00:00,0.00397325050614563,0.0014211537107713978,4387
1970-01-07 11:12:00+00:00,0.0033378695585395395,0.0012873419054520226,3607
1970-01-07 11:13:00+00:00,0.0029961630328392444,0.0012026736170869293,3835
1970-01-07 11:14:00+00:00,0.0032776596175120767,0.0015505038095192315,3734
1970-01-07 11:15:00+00:00,0.006981638494517712,0.004951535862959293,9839
1970-01-07 11:16:00+00:00,0.0038979841806532217,0.0018671738348784838,4644
1970-01-07 11:17:00+00:00,0.0038843959933511584,0.0016940970253545118,3352
1970-01-07 11:18:00+00:00,0.004550084153751593,0.0019257625845798402,3913
1970-01-07 11:19:00+00:00,0.0038051261773130508,0.0018873750150883435,4230
1970-01-07 11:20:00+00:00,0.006968096777183653,0.004889412361702664,9839
1970-01-07 11:21:00+00:00,0.004905101048244265,0.0016874005385472846,3575
1970-01-07 11:22:00+00:00,0.0022640941864661597,0.0010271169526033601,4329
1970-01-07 11:23:00+00:00,0.004082951700104747,0.0015350145810804393,4045
1970-01-07 11:24:00+00:00,0.0032436661298762396,0.0010927640272108854,3272
1970-01-07 11:25:00+00:00,0.00708956859352174,0.004847262586703701,9836
1970-01-07 11:26:00+00:00,0.004134167587069473,0.0014114090382792732,3826
1970-01-07 11:27:00+00:00,0.003642715643726913,0.0017922143214975693,5452
1970-01-07 11:28:00+00:00,0.0033318683156768353,0.0015729502844393786,4154
1970-01-07 11:29:00+00:00,0.003644437925718112,0.0012529277816115977,3437
1970-01-07 11:30:00+00:00,0.007153829841758497,0.004881637674734509,9835
1970-01-07 11:31:00+00:00,0.004700868888109492,0.0018407101186426464,3656
1970-01-07 11:32:00+00:00,0.0038329607136600953,0.0019738905887498105,4407
1970-01-07 11:33:00+00:00,0.003631435376794099,0.0016005577989716346,4182
1970-01-07 11:34:00+00:00,0.0034912820421140957,0.0014239311373692935,4958
1970-01-07 11:35:00+00:00,0.0070885540678892285,0.004892853531612957,9835
1970-01-07 11:36:00+00:00,0.0049035839614730735,0.00201689137237637,3956
1970-01-07 11:37:00+00:00,0.00473684979618413,0.0019294213835301564,4455
1970-01-07 11:38:00+00:00,0.0034050243948758416,0.0015086886111267727,3757
1970-01-07 11:39:00+00:00,0.003373892090167878,0.0014022725109724774,3770
1970-01-07 11:40:00+00:00,0.0071116029139004,0.004864537749244749,9837
1970-01-07 11:41:00+00:00,0.005068574197682052,0.0019713522124541975,4227
1970-01-07 11:42:00+00:00,0.004306852297776188,0.0018214550367052264,3806
1970-01-07 11:43:00+00:00,0.004737607195149855,0.0022065538538634357,5543
1970-01-07 11:44:00+00:00,0.004592795673044262,0.0016563742867464037,5038
1970-01-07 11:45:00+00:00,0.0072171301109562455,0.00488702354248642,9837
1970-01-07 11:46:00+00:00,0.004345393856670956,0.0016714042429146671,3627
1970-01-07 11:47:00+00:00,0.0035012414631371623,0.001779780377315398,4779
1970-01-07 11:48:00+00:00,0.003308334920996504,0.0013968460582270362,4064
1970-01-07 11:49:00+00:00,0.0042912859965316885,0.0016143393050975009,3822
1970-01-07 11:50:00+00:00,0.007054636627794629,0.004899638072138289,9838
1970-01-07 11:51:00+00:00,0.0049964884671207565,0.0022157024800226487,4984
1970-01-07 11:52:00+00:00,0.004492924415084466,0.002326172666229219,5499
1970-01-07 11:53:00+00:00,0.004013275935253236,0.0017681988360971229,4435
1970-01-07 11:54:00+00:00,0.00434607440301772,0.0024393476354810516,6015
1970-01-07 11:55:00+00:00,0.007064488476493855,0.0049115631757528965,9840
1970-01-07 11:56:00+00:00,0.004428619110758964,0.001919429082647897,3620
1970-01-07 11:57:00+00:00,0.004377584243482633,0.0015236056230155484,5161
1970-01-07 11:58:00+00:00,0.0037403409327728793,0.0016515653823967781,4113
1970-01-07 11:59:00+00:00,0.0034240684434139784,0.0014732828325652327,3330
1970-01-07 12:00:00+00:00,0.007147328699415293,0.004868577975469732,9841
1970-01-07 12:01:00+00:00,0.004170049673309283,0.0018744020761994394,5837
1970-01-07 12:02:00+00:00,0.004023437517928632,0.0015313463017686583,3691
1970-01-07 12:03:00+00:00,0.0036427457040111634,0.0015599035837959602,3904
1970-01-07 12:04:00+00:00,0.003553865587412818,0.0018609344562168567,5373
1970-01-07 12:05:00+00:00,0.007153591994425224,0.004880800776861846,9842
1970-01-07 12:06:00+00:00,0.004623815743945207,0.0022050708715092415,4333
1970-01-07 12:07:00+00:00,0.004585758565959433,0.0022670427388676692,4402
1970-01-07 12:08:00+00:00,0.004271069635590861,0.002768126344298185,5665
1970-01-07 12:09:00+00:00,0.003553872658327448,0.001238295196703386,2996
1970-01-07 12:10:00+00:00,0.006968813234400026,0.004877353727437194,9842
1970-01-07 12:11:00+00:00,0.004188164890808239,0.0018895217099296284,5050
1970-01-07 12:12:00+00:00,0.00394158860833407,0.0014181203896042986,3650
1970-01-07 12:13:00+00:00,0.0035559581968659746,0.0013840206406275802,3437
1970-01-07 12:14:00+00:00,0.0039559185264633895,0.001599172446073166,3353
1970-01-07 12:15:00+00:00,0.006948317266820757,0.00485886490753236,9842
1970-01-07 12:16:00+00:00,0.0032331308214105237,0.0012911789904711882,2695
1970-01-07 12:17:00+00:00,0.004442034691276428,0.002012381229119832,5767
1970-01-07 12:18:00+00:00,0.004499477347776485,0.002007759671583075,5235
1970-01-07 12:19:00+00:00,0.004170399499788062,0.0014052323929772757,5052
1970-01-07 12:20:00+00:00,0.006985212276519822,0.004847895141373205,9842
1970-01-07 12:21:00+00:00,0.004679642210626193,0.0017063927123716633,3692
1970-01-07 12:22:00+00:00,0.004207223666820748,0.0015925459241304275,3971
1970-01-07 12:23:00+00:00,0.004274426856091447,0.0017041160161314272,4485
1970-01-07 12:24:00+00:00,0.004348064122626688,0.0012765036321756645,3600
1970-01-07 12:25:00+00:00,0.006798861796252528,0.004819019478675381,9842
1970-01-07 12:26:00+00:00,0.005050111473977784,0.0017586822102449288,3414
1970-01-07 12:27:00+00:00,0.004313292230728091,0.0017983688796531748,3063
1970-01-07 12:28:00+00:00,0.004511510544364923,0.0017337219912499477,4282
1970-01-07 12:29:00+00:00,0.004390178335188747,0.0011594690855732778,5294
1970-01-07 12:30:00+00:00,0.006779048297210671,0.0047917196313275795,9842
1970-01-07 12:31:00+00:00,0.003681755218100028,0.0015255493813372647,5000
1970-01-07 12:32:00+00:00,0.003916801811413676,0.001438132924043386,3731
1970-01-07 12:33:00+00:00,0.00392323293328278,0.0015570427871379436,4142
1970-01-07 12:34:00+00:00,0.0037822536108799475,0.001454471351128862,3592
1970-01-07 12:35:00+00:00,0.007278017882962186,0.00488657495357425,9838
1970-01-07 12:36:00+00:00,0.004736741760425141,0.001702486844431431,4372
1970-01-07 12:37:00+00:00,0.004318138296497831,0.0014291090166711963,3295
1970-01-07 12:38:00+00:00,0.004694769229192047,0.001293321345903119,3193
1970-01-07 12:39:00+00:00,0.004296600481622008,0.001487984003096888,3513
1970-01-07 12:40:00+00:00,0.007219058380658764,0.00485905454095323,9837
1970-01-07 12:41:00+00:00,0.004715911121480379,0.0019244076033075805,4776
1970-01-07 12:42:00+00:00,0.0029883340103590184,0.0012738813341675091,4951
1970-01-07 12:43:00+00:00,0.00415261433252529,0.001244781270561055,4356
1970-01-07 12:44:00+00:00,0.003076447581994709,0.001309042844002138,5409
1970-01-07 12:45:00+00:00,0.007207540874019445,0.004833034548235461,9836
1970-01-07 12:46:00+00:00,0.004562837705772483,0.0016939138925736181,3442
1970-01-07 12:47:00+00:00,0.0050817493811396875,0.0020357278216982435,5671
1970-01-07 12:48:00+00:00,0.002576109639373946,0.0010952344051480508,5278
1970-01-07 12:49:00+00:00,0.00303146478376891,0.0009274228100191053,4535
1970-01-07 12:50:00+00:00,0.007229290162146617,0.0048252766979283495,9834
1970-01-07 12:51:00+00:00,0.00473012600070673,0.0016755002352193558,3406
1970-01-07 12:52:00+00:00,0.00369914457646274,0.0014646483571146391,4889
1970-01-07 12:53:00+00:00,0.0035072005149889315,0.0014296963901037996,4311
1970-01-07 12:54:00+00:00,0.0030591302331727677,0.0010448085414831879,3003
1970-01-07 12:55:00+00:00,0.0073200423905431114,0.00489735079493646,9832
1970-01-07 12:56:00+00:00,0.006320854150661399,0.0015731556177381372,3030
1970-01-07 12:57:00+00:00,0.004154972444310411,0.0015783577680280223,3933
1970-01-07 12:58:00+00:00,0.004143902760418612,0.0019361586441597766,4094
1970-01-07 12:59:00+00:00,0.003742179033208936,0.0015041474840486692,4418
1970-01-07 13:00:00+00:00,0.007196701903003494,0.0049098425956334265,9833
1970-01-07 13:01:00+00:00,0.004494971731009641,0.0015683979936923892,4056
1970-01-07 13:02:00+00:00,0.003984429676168346,0.002038125693345273,4929
1970-01-07 13:03:00+00:00,0.004134501574998849,0.0014380857004112487,3308
1970-01-07 13:04:00+00:00,0.0030406902901543853,0.0014651656785974337,4499
1970-01-07 13:05:00+00:00,0.007295032554944022,0.004903691133350172,9832
1970-01-07 13:06:00+00:00,0.0036227622292138353,0.0018740661679287982,3585
1970-01-07 13:07:00+00:00,0.004059856987650492,0.0013867121914547858,2906
1970-01-07 13:08:00+00:00,0.0033680953515699214,0.0012320849912386418,2720
1970-01-07 13:09:00+00:00,0.0038064818980476345,0.0013767188376653053,3574
1970-01-07 13:10:00+00:00,0.007216314180175902,0.004925159583066433,9835
1970-01-07 13:11:00+00:00,0.004731843481295272,0.0015159231835722056,4304
1970-01-07 13:12:00+00:00,0.004277648145595591,0.0015686484789566076,3526
1970-01-07 13:13:00+00:00,0.0037054576478178828,0.0015625012776203427,3455
1970-01-07 13:14:00+00:00,0.003191602536844755,0.0012349118007702747,2815
1970-01-07 13:15:00+00:00,0.007300095235473321,0.004953725327463412,9837
1970-01-07 13:16:00+00:00,0.003923053833749309,0.0015877839847118149,2456
1970-01-07 13:17:00+00:00,0.004281955442526324,0.0018650790084682402,4140
1970-01-07 13:18:00+00:00,0.00387835566462203,0.0017897766888574757,4736
1970-01-07 13:19:00+00:00,0.0034597298570644866,0.0012824630037934295,4346
1970-01-07 13:20:00+00:00,0.007303398517983964,0.004907798046059607,9839
1970-01-07 13:21:00+00:00,0.00440050240085829,0.0016423864970732329,3870
1970-01-07 13:22:00+00:00,0.002959609267140016,0.001185726423077191,4305
1970-01-07 13:23:00+00:00,0.0041428448487408984,0.0011633724218569185,5746
1970-01-07 13:24:00+00:00,0.0027968144558429163,0.0009399187995805931,5062
1970-01-07 13:25:00+00:00,0.007176354343327007,0.00481353074465183,9837
1970-01-07 13:26:00+00:00,0.004465878861160291,0.0016898844750229119,4989
1970-01-07 13:27:00+00:00,0.003998629840047662,0.001515790037998992,4538
1970-01-07 13:28:00+00:00,0.0041913800876274806,0.0014568025606593368,4526
1970-01-07 13:29:00+00:00,0.0034850701665816467,0.0012028165046074758,4718
1970-01-07 13:30:00+00:00,0.0072460268810880255,0.004844782669662699,9834
1970-01-07 13:31:00+00:00,0.005835545936085449,0.0020036500810423742,4592
1970-01-07 13:32:00+00:00,0.004386983982354761,0.0016805887300605545,4818
1970-01-07 13:33:00+00:00,0.0042934705434695694,0.0013723564785858456,3881
1970-01-07 13:34:00+00:00,0.004069363629376456,0.0013971301669243527,3470
1970-01-07 13:35:00+00:00,0.007125530184509829,0.004849161785183015,9834
1970-01-07 13:36:00+00:00,0.004546578893544112,0.0014755544299353176,3457
1970-01-07 13:37:00+00:00,0.004000202457987208,0.0014534200608070647,4220
1970-01-07 13:38:00+00:00,0.004297345008863174,0.0016241408815609328,4033
1970-01-07 13:39:00+00:00,0.0036526773118485513,0.0014065542344065699,4288
1970-01-07 13:40:00+00:00,0.0070556651940557125,0.004835080331866639,9834
1970-01-07 13:41:00+00:00,0.005424232109356221,0.0018547468125389294,4871
1970-01-07 13:42:00+00:00,0.00536862482295961,0.001769707961878785,3954
1970-01-07 13:43:00+00:00,0.003964102448666722,0.0013796250231347632,3708
1970-01-07 13:44:00+00:00,0.004699659768497952,0.0015233275787022889,3008
1970-01-07 13:45:00+00:00,0.007063289262594847,0.004856236183720549,9834
1970-01-07 13:46:00+00:00,0.00532969240953007,0.0017873760069530864,3475
1970-01-07 13:47:00+00:00,0.0037419052124023373,0.0014129691244173495,3951
1970-01-07 13:48:00+00:00,0.004442357735584075,0.0015039359121716495,2920
1970-01-07 13:49:00+00:00,0.003800496997310308,0.001382608269013402,3532
1970-01-07 13:50:00+00:00,0.007161266940697024,0.0048606439044429585,9835
1970-01-07 13:51:00+00:00,0.004210744124831217,0.0016457915961687764,4361
1970-01-07 13:52:00+00:00,0.004052190306004404,0.0018612175940325572,3615
1970-01-07 13:53:00+00:00,0.003976335862825159,0.0016099813896743409,3421
1970-01-07 13:54:00+00:00,0.003772464910859945,0.0016704263713820194,3685
1970-01-07 13:55:00+00:00,0.007048056474683935,0.0048504948504241585,9836
1970-01-07 13:56:00+00:00,0.004661865349605652,0.001810620495593774,3046
1970-01-07 13:57:00+00:00,0.004056884140424945,0.0018002641589794075,3055
1970-01-07 13:58:00+00:00,0.003449223880265544,0.0014674680447111595,2805
1970-01-07 13:59:00+00:00,0.0035475796244129137,0.0014495965573137943,3188
1970-01-07 14:00:00+00:00,0.007022369478375421,0.00485071720277687,9837
1970-01-07 14:01:00+00:00,0.004557817839427017,0.001754419205017759,4378
1970-01-07 14:02:00+00:00,0.004591138437774718,0.0020193452971473454,4596
1970-01-07 14:03:00+00:00,0.00336447378563952,0.0016426414280516833,4480
1970-01-07 14:04:00+00:00,0.003076018256312349,0.001196258643698793,3587
1970-01-07 14:05:00+00:00,0.006987894921794831,0.0048451336518380034,9836
1970-01-07 14:06:00+00:00,0.0036714859536095524,0.0015005949900063977,3582
1970-01-07 14:07:00+00:00,0.0035666529059323045,0.0015632665681920162,3457
1970-01-07 14:08:00+00:00,0.003437638143977513,0.0014665427900458087,3109
1970-01-07 14:09:00+00:00,0.0034167051315307563,0.0017068276670946683,3927
1970-01-07 14:10:00+00:00,0.0070350126487973555,0.004840249880006635,9838
1970-01-07 14:11:00+00:00,0.005239575976484316,0.0021805425147230113,5257
1970-01-07 14:12:00+00:00,0.004799342290676447,0.002263167546887852,4715
1970-01-07 14:13:00+00:00,0.0033341694938452647,0.0014615540017126549,3966
1970-01-07 14:14:00+00:00,0.0034294772303067145,0.0012419575306421278,2957
1970-01-07 14:15:00+00:00,0.007042168838114477,0.0048585460350115345,9838
1970-01-07 14:16:00+00:00,0.004457746064927287,0.001682024325524385,3609
1970-01-07 14:17:00+00:00,0.004716415652434436,0.002154775603656287,5263
1970-01-07 14:18:00+00:00,0.0037290650688835223,0.0017896609528819365,4507
1970-01-07 14:19:00+00:00,0.004196446098038589,0.0016736142875108037,4459
1970-01-07 14:20:00+00:00,0.007007495174617229,0.00485617452551035,9839
1970-01-07 14:21:00+00:00,0.0043534644551584435,0.0017439141844238385,5297
1970-01-07 14:22:00+00:00,0.004387769684101792,0.0020327857174213524,4973
1970-01-07 14:23:00+00:00,0.003901990336817082,0.0016573479802583773,4307
1970-01-07 14:24:00+00:00,0.004388816442935746,0.001635885869941142,2783
1970-01-07 14:25:00+00:00,0.007060637984408621,0.004911146994814343,9840
1970-01-07 14:26:00+00:00,0.005360308933098041,0.0017338708784763693,2968
1970-01-07 14:27:00+00:00,0.00487604773987084,0.002035477881439965,3867
1970-01-07 14:28:00+00:00,0.005012966516709398,0.002246785907649043,3569
1970-01-07 14:29:00+00:00,0.0031068737104227033,0.0014239152517904706,4094
1970-01-07 14:30:00+00:00,0.007069000577153743,0.004916606578797719,9839
1970-01-07 14:31:00+00:00,0.004225131602515439,0.002143286142287777,4826
1970-01-07 14:32:00+00:00,0.0043601314609201915,0.0020906263970536113,4112
1970-01-07 14:33:00+00:00,0.002757207209365456,0.0015912530471040881,4553
1970-01-07 14:34:00+00:00,0.0033368998711262227,0.001816202529473707,4301
1970-01-07 14:35:00+00:00,0.007127095443728153,0.004942439837009721,9834
1970-01-07 14:36:00+00:00,0.0037434275203127626,0.0021667396959615458,4160
1970-01-07 14:37:00+00:00,0.003941390440508886,0.002173935177332221,4531
1970-01-07 14:38:00+00:00,0.0035283705587862003,0.0014476812761727211,3221
1970-01-07 14:39:00+00:00,0.0033395723390004218,0.0016227463070925929,4529
1970-01-07 14:40:00+00:00,0.0070605331127905025,0.004945243884812501,9833
1970-01-07 14:41:00+00:00,0.004078231726138241,0.0020187513122921536,5463
1970-01-07 14:42:00+00:00,0.003894198690943711,0.001797698859771273,4627
1970-01-07 14:43:00+00:00,0.0030169862330003405,0.001282303718728745,3394
1970-01-07 14:44:00+00:00,0.003367858357948835,0.0018009737889018277,5013
1970-01-07 14:45:00+00:00,0.007028126575599178,0.004918037958336554,9828
1970-01-07 14:46:00+00:00,0.004718505539188027,0.002122234198324193,3508
1970-01-07 14:47:00+00:00,0.003800634766177652,0.0018906516296541434,3935
1970-01-07 14:48:00+00:00,0.003926846322276874,0.0022013379021910856,4516
1970-01-07 14:49:00+00:00,0.0037688808073389605,0.0019873189383585402,4157
1970-01-07 14:50:00+00:00,0.006982116564168935,0.004900060611740428,9831
1970-01-07 14:51:00+00:00,0.004022422036626625,0.001723047994085591,4132
1970-01-07 14:52:00+00:00,0.004387481378740846,0.0022851661123581735,5412
1970-01-07 14:53:00+00:00,0.002668033613956237,0.0016241240074082396,5631
1970-01-07 14:54:00+00:00,0.0034992703150762672,0.0024185257171860973,5922
1970-01-07 14:55:00+00:00,0.006918258752039169,0.004902501637328236,9833
1970-01-07 14:56:00+00:00,0.003845994797520754,0.0018612398320343696,3024
1970-01-07 14:57:00+00:00,0.004931564352337631,0.0025923639355082137,4251
1970-01-07 14:58:00+00:00,0.0030593808499269344,0.001999860257589502,5151
1970-01-07 14:59:00+00:00,0.0034725263681930026,0.0018754716141552656,4458
1970-01-07 15:00:00+00:00,0.006925524578536379,0.004899622613299561,9832
1970-01-07 15:01:00+00:00,0.003733800020727852,0.0016104943211816128,4027
1970-01-07 15:02:00+00:00,0.004215259558319761,0.0020623012819444954,4503
1970-01-07 15:03:00+00:00,0.0027274161099929447,0.0015422373838259698,4592
1970-01-07 15:04:00+00:00,0.003050745266444118,0.0016190230921191264,4404
1970-01-07 15:05:00+00:00,0.006894418775185689,0.004909469669649804,9833
1970-01-07 15:06:00+00:00,0.0033939808107537844,0.0019259604329254013,4714
1970-01-07 15:07:00+00:00,0.0034076030606700223,0.001426948732751572,3098
1970-01-07 15:08:00+00:00,0.003449689852991679,0.0021403621208591957,5229
1970-01-07 15:09:00+00:00,0.003005325673453214,0.0013598087139951873,3951
1970-01-07 15:10:00+00:00,0.006788858630812647,0.0048703125678409235,9829
1970-01-07 15:11:00+00:00,0.0035194821793073537,0.0014397792942882693,4803
1970-01-07 15:12:00+00:00,0.0043975441484175965,0.002076204814813741,4078
1970-01-07 15:13:00+00:00,0.0034211744476185715,0.0015614524568374707,3219
1970-01-07 15:14:00+00:00,0.0029987932946861045,0.0015706055359871645,3834
1970-01-07 15:15:00+00:00,0.006328565694714142,0.004795631882177163,9826
1970-01-07 15:16:00+00:00,0.0027786796478529103,0.0013455641131920565,5777
1970-01-07 15:17:00+00:00,0.0032326972406801157,0.0016221154669564058,4611
1970-01-07 15:18:00+00:00,0.00410456446208864,0.002198270210626744,5043
1970-01-07 15:19:00+00:00,0.002871474939396235,0.0014090047053111209,5090
1970-01-07 15:20:00+00:00,0.0067853292279295985,0.0047340411846576265,9828
1970-01-07 15:21:00+00:00,0.0030710224422210277,0.0013685545301260823,6388
1970-01-07 15:22:00+00:00,0.0027914179264806062,0.0012040274532552125,5089
1970-01-07 15:23:00+00:00,0.0030857698662000743,0.0011499092127307776,3567
1970-01-07 15:24:00+00:00,0.002640023696692495,0.001088671903896804,3652
1970-01-07 15:25:00+00:00,0.006952549394770019,0.004713890802423718,9829
1970-01-07 15:26:00+00:00,0.0037452853599810034,0.0016618815860094155,3226
1970-01-07 15:27:00+00:00,0.003338708379127411,0.0013815874283598993,3904
1970-01-07 15:28:00+00:00,0.0022800012061118392,0.0014083011885056885,6834
1970-01-07 15:29:00+00:00,0.0028320734135800123,0.0011193098825310194,4673
1970-01-07 15:30:00+00:00,0.0068574850408810424,0.00475898416767191,9829
1970-01-07 15:31:00+00:00,0.004058614393874472,0.002059346057174933,6244
1970-01-07 15:32:00+00:00,0.003697082103897698,0.002049607911780999,6066
1970-01-07 15:33:00+00:00,0.0029277673681200596,0.001254176454343497,4392
1970-01-07 15:34:00+00:00,0.003689650880518124,0.001914216459698372,4635
1970-01-07 15:35:00+00:00,0.006832389958596882,0.004730402311500716,9833
1970-01-07 15:36:00+00:00,0.003931960161590092,0.0019409180546811182,4324
1970-01-07 15:37:00+00:00,0.0029779508398398713,0.0014307156351073822,4585
1970-01-07 15:38:00+00:00,0.003121033806226933,0.001472160937379765,4337
1970-01-07 15:39:00+00:00,0.0027671595480520746,0.00162756681787706,5962
1970-01-07 15:40:00+00:00,0.006719396763986373,0.00471276225684763,9836
1970-01-07 15:41:00+00:00,0.003981898700050439,0.0019299216854944427,5727
1970-01-07 15:42:00+00:00,0.003163118155872896,0.0016661011221795563,5378
1970-01-07 15:43:00+00:00,0.002697175801063746,0.0017535364450628694,6071
1970-01-07 15:44:00+00:00,0.0029407383745466984,0.0016778283899800913,4895
1970-01-07 15:45:00+00:00,0.006634273075804065,0.00472319548422474,9830
1970-01-07 15:46:00+00:00,0.0032688754516618994,0.0017014993800685916,3678
1970-01-07 15:47:00+00:00,0.004069330139355504,0.00187209686643919,3677
1970-01-07 15:48:00+00:00,0.0032717632791192538,0.0017586616944197614,4249
1970-01-07 15:49:00+00:00,0.0029376150779413775,0.0014333916321351235,6418
1970-01-07 15:50:00+00:00,0.00660947519179842,0.004673531709390941,9832
1970-01-07 15:51:00+00:00,0.003465033959343233,0.0012173892024155402,5439
1970-01-07 15:52:00+00:00,0.002837104981977652,0.0013527018394574922,7128
1970-01-07 15:53:00+00:00,0.0031860465260272947,0.001609195701009407,5720
1970-01-07 15:54:00+00:00,0.004197511857955318,0.0013144620715945352,5614
1970-01-07 15:55:00+00:00,0.006657412180834084,0.004633840749634427,9833
1970-01-07 15:56:00+00:00,0.004104772323211748,0.0012501385630837446,6015
1970-01-07 15:57:00+00:00,0.00556865579537296,0.0015595566318669899,5195
1970-01-07 15:58:00+00:00,0.0048887038009258615,0.0014679570090406595,4459
1970-01-07 15:59:00+00:00,0.005157606006935913,0.0013680972586617615,4777
1970-01-07 16:00:00+00:00,0.006682190481563968,0.004711361526245589,9831
1970-01-07 16:01:00+00:00,0.004246874569430992,0.001799062008166135,4767
1970-01-07 16:02:00+00:00,0.003428555730599626,0.0012946167944701532,4785
1970-01-07 16:03:00+00:00,0.0038058767621246214,0.001342260973395513,3784
1970-01-07 16:04:00+00:00,0.0033372610983956126,0.0013901293703864842,4476
1970-01-07 16:05:00+00:00,0.006635434798693462,0.004747319283229353,9832
1970-01-07 16:06:00+00:00,0.003731262367383565,0.0017104043369799622,5287
1970-01-07 16:07:00+00:00,0.0031505471217434266,0.0013030838523558986,4321
1970-01-07 16:08:00+00:00,0.002067547829845652,0.00107790081644995,4338
1970-01-07 16:09:00+00:00,0.0034526692380334872,0.0013653038369757931,5522
1970-01-07 16:10:00+00:00,0.006624867627499143,0.004728276104567043,9834
1970-01-07 16:11:00+00:00,0.006233124983938103,0.0016368119481716661,5476
1970-01-07 16:12:00+00:00,0.003972513915454144,0.001534671881147543,4762
1970-01-07 16:13:00+00:00,0.002805709453810939,0.0011120573586092487,3625
1970-01-07 16:14:00+00:00,0.0023145140512938335,0.0009717781938922053,3315
1970-01-07 16:15:00+00:00,0.006458681254833082,0.004720317294334637,9840
1970-01-07 16:16:00+00:00,0.004860086000459039,0.0010152003992280815,4533
1970-01-07 16:17:00+00:00,0.0039299251765066165,0.001393438830813531,4333
1970-01-07 16:18:00+00:00,0.00542984785102493,0.0012653815535223895,5231
1970-01-07 16:19:00+00:00,0.0030745320871760637,0.0013521424337098894,4617
1970-01-07 16:20:00+00:00,0.006540870639959114,0.004696649917687608,9835
1970-01-07 16:21:00+00:00,0.003754596993291875,0.001908217175952021,5925
1970-01-07 16:22:00+00:00,0.0037254933147895545,0.0017779035335633846,4975
1970-01-07 16:23:00+00:00,0.004843811935606832,0.0014548215185337106,5569
1970-01-07 16:24:00+00:00,0.0032544534654630635,0.0010633308156358804,4173
1970-01-07 16:25:00+00:00,0.006628343452522244,0.004685977587431377,9828
1970-01-07 16:26:00+00:00,0.004118820893137091,0.0016758803819355206,4278
1970-01-07 16:27:00+00:00,0.0038574361858587764,0.0016326636788849599,4386
1970-01-07 16:28:00+00:00,0.0036613510989638755,0.0016335315062987392,4251
1970-01-07 16:29:00+00:00,0.0034674691870502762,0.0010523019001989265,5236
1970-01-07 16:30:00+00:00,0.006632819093371428,0.004665738004619714,9830
1970-01-07 16:31:00+00:00,0.004037105633942395,0.0018970654421918785,4755
1970-01-07 16:32:00+00:00,0.003953660849599725,0.0013775733828156795,5739
1970-01-07 16:33:00+00:00,0.003961630291186572,0.0012816519201865094,5332
1970-01-07 16:34:00+00:00,0.0037238441026411634,0.0011038145480653761,5547
1970-01-07 16:35:00+00:00,0.0065623529715823775,0.004613657982660713,9830
1970-01-07 16:36:00+00:00,0.0034702643315418897,0.0011844791564019975,6374
1970-01-07 16:37:00+00:00,0.0031111415667329913,0.0010453103009210745,5512
1970-01-07 16:38:00+00:00,0.0045962339585871,0.0011235597259786115,4065
1970-01-07 16:39:00+00:00,0.003384764469097794,0.0010583136198665112,3933
1970-01-07 16:40:00+00:00,0.006133909752529667,0.004655742009653515,9830
1970-01-07 16:41:00+00:00,0.004777273760217316,0.0017897418437675609,3805
1970-01-07 16:42:00+00:00,0.0038017649265399854,0.0015826038733154112,4677
1970-01-07 16:43:00+00:00,0.0034396170567143874,0.0013598784116959815,3833
1970-01-07 16:44:00+00:00,0.003944875133213337,0.0011142097962802131,2995
1970-01-07 16:45:00+00:00,0.006504802205695086,0.004641994871700174,9829
1970-01-07 16:46:00+00:00,0.004815748627509395,0.0016591252080799697,4083
1970-01-07 16:47:00+00:00,0.0036469227911703336,0.0014193132635106705,6526
1970-01-07 16:48:00+00:00,0.002584725773125818,0.0008465480584902719,6314
1970-01-07 16:49:00+00:00,0.002522251559896095,0.0008460148776143199,4822
1970-01-07 16:50:00+00:00,0.0065917919214118,0.004612592610917084,9836
1970-01-07 16:51:00+00:00,0.0035229779464597383,0.0015069602285681142,4403
1970-01-07 16:52:00+00:00,0.00397447759977568,0.0016064221042689647,4111
1970-01-07 16:53:00+00:00,0.002646967270780597,0.0008976804091926871,5357
1970-01-07 16:54:00+00:00,0.0022694077676611666,0.0009194828659954445,4645
1970-01-07 16:55:00+00:00,0.006542319952500884,0.0045902358595661255,9841
1970-01-07 16:56:00+00:00,0.003508434453142471,0.0013508724661016088,5950
1970-01-07 16:57:00+00:00,0.003574309556958392,0.0011327515316749961,5397
1970-01-07 16:58:00+00:00,0.0026570032473057616,0.0011252020140363464,6120
1970-01-07 16:59:00+00:00,0.002184467520134784,0.0010502799231636335,5348
1970-01-07 17:00:00+00:00,0.006670661955385211,0.004637144410424822,9840
1970-01-07 17:01:00+00:00,0.0039448136585081214,0.0017393788708770334,5832
1970-01-07 17:02:00+00:00,0.0034637435127556106,0.0012782321849985105,4964
1970-01-07 17:03:00+00:00,0.00339002478382773,0.0010972417857818626,3913
1970-01-07 17:04:00+00:00,0.0024470907851267183,0.0008351199831721135,3943
1970-01-07 17:05:00+00:00,0.006779150680446887,0.0047012363407270994,9841
1970-01-07 17:06:00+00:00,0.0029715228940229758,0.0009609255396457247,5268
1970-01-07 17:07:00+00:00,0.0030453710687383235,0.0010374533847774317,4603
1970-01-07 17:08:00+00:00,0.003547481979953476,0.0013133678079142608,4260
1970-01-07 17:09:00+00:00,0.002996075347706715,0.0009874288982838451,3986
1970-01-07 17:10:00+00:00,0.006836863919670375,0.004716232203380142,9841
1970-01-07 17:11:00+00:00,0.0035549800501906838,0.0014532745101214681,5065
1970-01-07 17:12:00+00:00,0.0036164639307524125,0.0013348243519019096,3592
1970-01-07 17:13:00+00:00,0.004339487466329343,0.001685323882822836,3515
1970-01-07 17:14:00+00:00,0.002677289907030791,0.0006088684541095157,6406
1970-01-07 17:15:00+00:00,0.006223870660045618,0.004595355444563444,9841
1970-01-07 17:16:00+00:00,0.0019159071012424616,0.000920261770133237,3423
1970-01-07 17:17:00+00:00,0.003672469946961279,0.0017226852634727836,3836
1970-01-07 17:18:00+00:00,0.0035211441864413007,0.0015054155184586044,2808
1970-01-07 17:19:00+00:00,0.003136893145128897,0.0012975097836734498,3697
1970-01-07 17:20:00+00:00,0.0063923063457820666,0.004710946935996451,9839
1970-01-07 17:21:00+00:00,0.0041009078601100535,0.0015648664205333812,4620
1970-01-07 17:22:00+00:00,0.002816219713152432,0.0011227645509450772,4656
1970-01-07 17:23:00+00:00,0.0025235444374107803,0.0009544548401228805,5867
1970-01-07 17:24:00+00:00,0.00243514097927397,0.0006633038597167526,6630
1970-01-07 17:25:00+00:00,0.006528030313385374,0.00462075014420723,9834
1970-01-07 17:26:00+00:00,0.003561574353419726,0.0011152616086283573,4371
1970-01-07 17:27:00+00:00,0.004088999533863428,0.0012608367829318229,3831
1970-01-07 17:28:00+00:00,0.0038784404775333166,0.0011859774805106913,3930
1970-01-07 17:29:00+00:00,0.00398288447429206,0.0013531355755829306,3721
1970-01-07 17:30:00+00:00,0.006580926706835816,0.004677341719964902,9833
1970-01-07 17:31:00+00:00,0.004438506471143167,0.0016330181921074842,5202
1970-01-07 17:32:00+00:00,0.0039090008202023185,0.0015480894802745605,5266
1970-01-07 17:33:00+00:00,0.0033210411029572793,0.0013266909418276358,6055
1970-01-07 17:34:00+00:00,0.0030457503763292194,0.0011677364923052024,4349
1970-01-07 17:35:00+00:00,0.006407131973237712,0.004564678155023142,9833
1970-01-07 17:36:00+00:00,0.003783552876554686,0.001052896130330689,6238
1970-01-07 17:37:00+00:00,0.004014880984437198,0.0011624009129567493,6383
1970-01-07 17:38:00+00:00,0.004595371582873534,0.0011981747060189286,6408
1970-01-07 17:39:00+00:00,0.002774205642060204,0.0009535251421272266,6632
1970-01-07 17:40:00+00:00,0.006350062335849875,0.004533765519655621,9835
1970-01-07 17:41:00+00:00,0.0025753799827212807,0.0009711283507352111,6750
1970-01-07 17:42:00+00:00,0.0027153361054338293,0.000983910010665286,5949
1970-01-07 17:43:00+00:00,0.0036550377403614504,0.001112101221669655,5041
1970-01-07 17:44:00+00:00,0.0028382182231211236,0.001020651109437421,4176
1970-01-07 17:45:00+00:00,0.006268634117243429,0.004630780088960638,9830
1970-01-07 17:46:00+00:00,0.0028634009483154213,0.0009504711784936033,4321
1970-01-07 17:47:00+00:00,0.0029053738884834298,0.0009440806826492319,4527
1970-01-07 17:48:00+00:00,0.0027937588549195196,0.0009299940040812446,4789
1970-01-07 17:49:00+00:00,0.0027663373583528576,0.0008531328191764724,4015
1970-01-07 17:50:00+00:00,0.006102585643238415,0.004640686340868038,9832
1970-01-07 17:51:00+00:00,0.0033805108560083577,0.0013139458072075909,6045
1970-01-07 17:52:00+00:00,0.0031274516709378438,0.0010995666186014827,5641
1970-01-07 17:53:00+00:00,0.0029047476381282187,0.0009308915189580752,5389
1970-01-07 17:54:00+00:00,0.0033831877994031177,0.0011159755137040868,5838
1970-01-07 17:55:00+00:00,0.006428776285041805,0.004563098168236097,9835
1970-01-07 17:56:00+00:00,0.0032476607387748008,0.0012976972947197863,5901
1970-01-07 17:57:00+00:00,0.0030514346199196772,0.0013474286416877987,5868
1970-01-07 17:58:00+00:00,0.0031515696418539874,0.0012960183482119813,5241
1970-01-07 17:59:00+00:00,0.002296063431270247,0.0009767731290736541,6245
1970-01-07 18:00:00+00:00,0.006692234523973164,0.004597565455609545,9834
1970-01-07 18:01:00+00:00,0.002847789454865073,0.0015514040913874572,6470
1970-01-07 18:02:00+00:00,0.0033982982503827806,0.0015805314705936578,6154
1970-01-07 18:03:00+00:00,0.002943546107293892,0.0013249589725948484,5602
1970-01-07 18:04:00+00:00,0.0026274247358878734,0.0010541629315256656,5352
1970-01-07 18:05:00+00:00,0.006757694608265158,0.004674536064608148,9831
1970-01-07 18:06:00+00:00,0.003055025488653492,0.0012927556929817688,4414
1970-01-07 18:07:00+00:00,0.0029010347996914583,0.001160660904976638,3779
1970-01-07 18:08:00+00:00,0.002964665599672953,0.001369672870759079,4163
1970-01-07 18:09:00+00:00,0.003847395762581293,0.0016359465983424918,4494
1970-01-07 18:10:00+00:00,0.006775788188422043,0.004683618459317002,9832
1970-01-07 18:11:00+00:00,0.003815169744182574,0.0014653299448706737,4973
1970-01-07 18:12:00+00:00,0.003022732089180083,0.0013846679337680661,5459
1970-01-07 18:13:00+00:00,0.004517453796373484,0.0021830445107834328,5089
1970-01-07 18:14:00+00:00,0.0036558298133691066,0.0017063250610024774,3977
1970-01-07 18:15:00+00:00,0.006712481964440496,0.004721159292026856,9832
1970-01-07 18:16:00+00:00,0.0037690528831330417,0.0017500372376086802,4539
1970-01-07 18:17:00+00:00,0.0031074619647909864,0.0014187577369276058,4794
1970-01-07 18:18:00+00:00,0.004177409414413323,0.001738747348786798,4687
1970-01-07 18:19:00+00:00,0.003160175388829457,0.0012771825477335317,4579
1970-01-07 18:20:00+00:00,0.006706155436196507,0.0047162380070808144,9835
1970-01-07 18:21:00+00:00,0.004131346943084932,0.0017434332923527936,5657
1970-01-07 18:22:00+00:00,0.0033472820625831613,0.0014330523633048818,5517
1970-01-07 18:23:00+00:00,0.0038561379957696568,0.0016075473652375446,4243
1970-01-07 18:24:00+00:00,0.003822690202129935,0.0019012123795517834,4812
1970-01-07 18:25:00+00:00,0.006402845697140231,0.004688653220249206,9832
1970-01-07 18:26:00+00:00,0.0034930869611012336,0.0016838752864497203,4230
1970-01-07 18:27:00+00:00,0.004065458067494957,0.001855927538028778,3960
1970-01-07 18:28:00+00:00,0.003737067892349872,0.0016665814466026226,3587
1970-01-07 18:29:00+00:00,0.003776442432245674,0.0018681604045116392,4632
1970-01-07 18:30:00+00:00,0.005897918732465893,0.004616888304486886,9833
1970-01-07 18:31:00+00:00,0.004263070379613921,0.0018054893469807173,5181
1970-01-07 18:32:00+00:00,0.004559823604032173,0.0016660243655665704,4512
1970-01-07 18:33:00+00:00,0.003927620139910172,0.0014505862851972163,3686
1970-01-07 18:34:00+00:00,0.002669427251766498,0.0009677456442015118,4709
1970-01-07 18:35:00+00:00,0.005207760801523109,0.004527706236712589,9833
1970-01-07 18:36:00+00:00,0.0032128552320991126,0.001009512246759293,5265
1970-01-07 18:37:00+00:00,0.002612075774189659,0.0010228527497143669,5687
1970-01-07 18:38:00+00:00,0.002510269113883778,0.0009408719742816043,6656
1970-01-07 18:39:00+00:00,0.0027427103812826953,0.0008222719141606878,6238
1970-01-07 18:40:00+00:00,0.004963553433913399,0.004339594391968301,9828
1970-01-07 18:41:00+00:00,0.003660585032050032,0.0016175939228347932,7098
1970-01-07 18:42:00+00:00,0.003045817024354634,0.0012471767772030324,8225
1970-01-07 18:43:00+00:00,0.004350773234224131,0.0016072918805953283,8019
1970-01-07 18:44:00+00:00,0.0030744105207542592,0.0011892474135105368,7890
1970-01-07 18:45:00+00:00,0.004745812128456635,0.004277432225891745,9828
1970-01-07 18:46:00+00:00,0.002955112746199926,0.0016542111178830259,7766
1970-01-07 18:47:00+00:00,0.002730645727290377,0.001143629234880385,7786
1970-01-07 18:48:00+00:00,0.002725758468560734,0.0009483891930744349,7097
1970-01-07 18:49:00+00:00,0.0032099258065369563,0.0011251816478336642,7412
1970-01-07 18:50:00+00:00,0.0048092466235298975,0.004159712346584343,9832
1970-01-07 18:51:00+00:00,0.0031288587705627746,0.0013517601800997236,7268
1970-01-07 18:52:00+00:00,0.00428868120590479,0.0013391312057359868,8971
1970-01-07 18:53:00+00:00,0.0037724924938381094,0.001302545758023826,7687
1970-01-07 18:54:00+00:00,0.0028102651493311166,0.001103428299341531,8124
1970-01-07 18:55:00+00:00,0.00457251227546016,0.00418914890769694,9833
1970-01-07 18:56:00+00:00,0.0031203837497587278,0.0014229241468425107,7245
1970-01-07 18:57:00+00:00,0.004527210389970139,0.0012983144463652389,6286
1970-01-07 18:58:00+00:00,0.0038922459065557323,0.001414468711959621,6482
1970-01-07 18:59:00+00:00,0.0037336833373979488,0.000958334292460581,7245
1970-01-07 19:00:00+00:00,0.0047725651176912685,0.004126108518576271,9835
1970-01-07 19:01:00+00:00,0.005281002637951013,0.0016032242661098445,5905
1970-01-07 19:02:00+00:00,0.005015708223037255,0.0015186320956416305,5735
1970-01-07 19:03:00+00:00,0.005977739932970935,0.001337564466265526,6069
1970-01-07 19:04:00+00:00,0.003940704747064617,0.0009683144574569751,6624
1970-01-07 19:05:00+00:00,0.004911882471272407,0.004142452948838679,9835
1970-01-07 19:06:00+00:00,0.003071277461579409,0.001174791450488549,7396
1970-01-07 19:07:00+00:00,0.0031531501777714356,0.0011587868854144303,7713
1970-01-07 19:08:00+00:00,0.0035777529307736973,0.00128460832449154,7109
1970-01-07 19:09:00+00:00,0.0036037344717847392,0.0011659388883183302,7225
1970-01-07 19:10:00+00:00,0.004989674420373887,0.0040894444768059006,9833
1970-01-07 19:11:00+00:00,0.0041288109025125735,0.0013296264899855445,7601
1970-01-07 19:12:00+00:00,0.0033511657312917903,0.0012131164975902938,7278
1970-01-07 19:13:00+00:00,0.0028675693272191714,0.000992442789547349,6931
1970-01-07 19:14:00+00:00,0.0032002806717186887,0.0009789153880596833,6460
1970-01-07 19:15:00+00:00,0.004966277627879563,0.004093641078847341,9835
1970-01-07 19:16:00+00:00,0.004779979032457192,0.001337023553833691,7121
1970-01-07 19:17:00+00:00,0.0032676469055937154,0.0012448830563476128,7256
1970-01-07 19:18:00+00:00,0.002081118970116422,0.0008429006910287387,6899
1970-01-07 19:19:00+00:00,0.005162989302787915,0.001270636239462809,7255
1970-01-07 19:20:00+00:00,0.005431061228095309,0.004276329322172433,9834
1970-01-07 19:21:00+00:00,0.003711641529160432,0.001889002681290129,6330
1970-01-07 19:22:00+00:00,0.002966739702177764,0.001316673336689818,7386
1970-01-07 19:23:00+00:00,0.0021663988521914697,0.0010161528502391382,7151
1970-01-07 19:24:00+00:00,0.0016897710681432693,0.0006559886826415304,6246
1970-01-07 19:25:00+00:00,0.005296370862062315,0.004300855815405477,9835
1970-01-07 19:26:00+00:00,0.003683365964038856,0.0018219992274466539,5442
1970-01-07 19:27:00+00:00,0.0025344533204057426,0.001163476586264894,6679
1970-01-07 19:28:00+00:00,0.0019383943043798316,0.0008657752486958722,6204
1970-01-07 19:29:00+00:00,0.0024106950589359954,0.0006814151275654186,5759
1970-01-07 19:30:00+00:00,0.005444753957576408,0.004402623350406698,9835
1970-01-07 19:31:00+00:00,0.004905543532031722,0.002424708200347895,6319
1970-01-07 19:32:00+00:00,0.0031416057818473044,0.001565990258946826,6935
1970-01-07 19:33:00+00:00,0.002155742583831079,0.001230454615160389,6428
1970-01-07 19:34:00+00:00,0.001785510688279102,0.0008086718973477447,5643
1970-01-07 19:35:00+00:00,0.00547266865832474,0.004499605507543686,9839
1970-01-07 19:36:00+00:00,0.0038233667023348504,0.001861041711093399,4164
1970-01-07 19:37:00+00:00,0.002907962854085873,0.0013372930907048716,5220
1970-01-07 19:38:00+00:00,0.0022492834966058952,0.0009286696540635412,4684
1970-01-07 19:39:00+00:00,0.0016582162865176335,0.0005423832798976736,5754
1970-01-07 19:40:00+00:00,0.005400908462899779,0.004417347830567527,9836
1970-01-07 19:41:00+00:00,0.0045593090884730614,0.002334535909269326,6633
1970-01-07 19:42:00+00:00,0.0037286143511889966,0.001960140395449458,7194
1970-01-07 19:43:00+00:00,0.0023422619238053135,0.0013046387272411235,7016
1970-01-07 19:44:00+00:00,0.002137760141827664,0.0013832866980320816,6586
1970-01-07 19:45:00+00:00,0.005444940495099776,0.004435522482310697,9836
1970-01-07 19:46:00+00:00,0.004902513776718018,0.0022995435587499233,4246
1970-01-07 19:47:00+00:00,0.004398172256542989,0.002208659352395153,4889
1970-01-07 19:48:00+00:00,0.0031785081299191865,0.0015093743231627851,5233
1970-01-07 19:49:00+00:00,0.0030717949021092333,0.0009859749939649491,4882
1970-01-07 19:50:00+00:00,0.005694780418697982,0.004430366743185747,9836
1970-01-07 19:51:00+00:00,0.0032528279876500566,0.0015640100221770534,6198
1970-01-07 19:52:00+00:00,0.003115664966613431,0.0016369161908407273,5990
1970-01-07 19:53:00+00:00,0.0023810491299046605,0.0012874528551291779,5801
1970-01-07 19:54:00+00:00,0.0019200041085490312,0.0009281233353247181,5120
1970-01-07 19:55:00+00:00,0.005611549557001738,0.004357848779763927,9836
1970-01-07 19:56:00+00:00,0.0031923491974094834,0.0016233567808294732,7454
1970-01-07 19:57:00+00:00,0.0033030256807129767,0.0012479522816077795,7358
1970-01-07 19:58:00+00:00,0.0027976567779199103,0.0011257821090838048,6891
1970-01-07 19:59:00+00:00,0.0019103106242967939,0.0008551396595432647,6825
1970-01-07 20:00:00+00:00,0.005859263831045108,0.004380116642859599,9836
1970-01-07 20:01:00+00:00,0.0032697817112463624,0.0017268321975840867,7463
1970-01-07 20:02:00+00:00,0.0033300425848819693,0.0018834280913402881,5654
1970-01-07 20:03:00+00:00,0.0024000507025889284,0.001229902054697103,6422
1970-01-07 20:04:00+00:00,0.0055004089941914774,0.0026692499691472254,8728
1970-01-07 20:05:00+00:00,0.00619540382398863,0.004018546056460719,9835
1970-01-07 20:06:00+00:00,0.003282568605820557,0.0014165234916724467,8260
1970-01-07 20:07:00+00:00,0.0028617908331088735,0.001150963853815008,8226
1970-01-07 20:08:00+00:00,0.0034607804721043744,0.0013485060039305186,8330
1970-01-07 20:09:00+00:00,0.002555243160091118,0.0008936454790390155,8297
1970-01-07 20:10:00+00:00,0.00617488115596185,0.004198018315336615,9834
1970-01-07 20:11:00+00:00,0.0030835512766158664,0.001336944226739506,8795
1970-01-07 20:12:00+00:00,0.0023502712664971205,0.0010926962211359646,7865
1970-01-07 20:13:00+00:00,0.0023774749815815292,0.0010538263377131527,8098
1970-01-07 20:14:00+00:00,0.0017337332766994196,0.000736484684967788,8152
1970-01-07 20:15:00+00:00,0.00595533122319695,0.004063594662853597,9838
1970-01-07 20:16:00+00:00,0.003371770276098775,0.0014750228072441772,8502
1970-01-07 20:17:00+00:00,0.002643423820853578,0.0013601324991771584,8147
1970-01-07 20:18:00+00:00,0.0021376895943738504,0.0011586294155902267,8145
1970-01-07 20:19:00+00:00,0.0024922566415520437,0.0009626799689885139,7417
1970-01-07 20:20:00+00:00,0.006028991586558211,0.004093677539514589,9830
1970-01-07 20:21:00+00:00,0.0036607909198545854,0.0019193079526796926,8650
1970-01-07 20:22:00+00:00,0.003600239728037008,0.0013001235850128047,8240
1970-01-07 20:23:00+00:00,0.0034847823700848877,0.0012638850045994412,8138
1970-01-07 20:24:00+00:00,0.0014272377292044672,0.0007500511457706314,7152
1970-01-07 20:25:00+00:00,0.0060578237064986,0.004046638675530083,9832
1970-01-07 20:26:00+00:00,0.0027638218607826002,0.0017929106737481209,7455
1970-01-07 20:27:00+00:00,0.0021140689776729445,0.0023653206487726495,7081
1970-01-07 20:28:00+00:00,0.0018782124954774533,0.0014249339759007486,7507
1970-01-07 20:29:00+00:00,0.0020635066409344757,0.0011194751179780579,7798
1970-01-07 20:30:00+00:00,0.006315968851803284,0.004130679506352923,9834
1970-01-07 20:31:00+00:00,0.0030127871922149296,0.0018271390878573197,8489
1970-01-07 20:32:00+00:00,0.002978016743784306,0.0016737608322501553,7987
1970-01-07 20:33:00+00:00,0.00292003486491341,0.0012493353001509571,6647
1970-01-07 20:34:00+00:00,0.0027728600905617047,0.0010062989623464851,6637
1970-01-07 20:35:00+00:00,0.0065920468978011015,0.004268795903078074,9833
1970-01-07 20:36:00+00:00,0.005856588214145553,0.0027102397702464696,7126
1970-01-07 20:37:00+00:00,0.005255593723876841,0.002186979372571271,7118
1970-01-07 20:38:00+00:00,0.0032796352383303623,0.0016369230177294646,6887
1970-01-07 20:39:00+00:00,0.003426819729894165,0.0012211629620618688,7439
1970-01-07 20:40:00+00:00,0.0063354179338118086,0.004187127206727647,9835
1970-01-07 20:41:00+00:00,0.003523376084162359,0.0017001429808384363,8280
1970-01-07 20:42:00+00:00,0.0034813922568883533,0.0018691295401452208,7419
1970-01-07 20:43:00+00:00,0.002995019757027973,0.0018397155191458333,6857
1970-01-07 20:44:00+00:00,0.0016487026222870166,0.00108847499420984,6493
1970-01-07 20:45:00+00:00,0.006307878044336838,0.004195924439295939,9836
1970-01-07 20:46:00+00:00,0.002626743758068315,0.0014437952014314222,7789
1970-01-07 20:47:00+00:00,0.003340055289360323,0.0017499927576200562,7009
1970-01-07 20:48:00+00:00,0.001963724262301951,0.0012819774017764907,7771
1970-01-07 20:49:00+00:00,0.002201157763124211,0.000999860784648025,7254
1970-01-07 20:50:00+00:00,0.006524660357704119,0.004133336984434292,9833
1970-01-07 20:51:00+00:00,0.00214682605332301,0.0010582347030669665,8594
1970-01-07 20:52:00+00:00,0.0023422795028231877,0.0011646152785127475,8059
1970-01-07 20:53:00+00:00,0.0025755449773508425,0.0014812590827714062,8184
1970-01-07 20:54:00+00:00,0.0017349925931528475,0.0008965048957405944,7871
1970-01-07 20:55:00+00:00,0.00634630144010494,0.004083651231741138,9832
1970-01-07 20:56:00+00:00,0.0016860083063057689,0.0013189145337734185,7767
1970-01-07 20:57:00+00:00,0.00212114650562533,0.0013699892611579627,7188
1970-01-07 20:58:00+00:00,0.0018802964448551682,0.0012444155119724128,8059
1970-01-07 20:59:00+00:00,0.0012457006731844183,0.000711616583821482,7077
1970-01-07 21:00:00+00:00,0.006244757262376173,0.003963209391762807,9832
1970-01-07 21:01:00+00:00,0.0032653360466256124,0.0016011397251419067,8162
1970-01-07 21:02:00+00:00,0.0020793955757543374,0.001218288917080143,7760
1970-01-07 21:03:00+00:00,0.0038879518709805955,0.0008272147431032981,7736
1970-01-07 21:04:00+00:00,0.0017461705178564346,0.0007273399655632495,7106
1970-01-07 21:05:00+00:00,0.006582909974288217,0.004040253933979758,9833
1970-01-07 21:06:00+00:00,0.0028730047866199044,0.001526807312932915,7151
1970-01-07 21:07:00+00:00,0.00217964387287056,0.0012049669245173492,7460
1970-01-07 21:08:00+00:00,0.0027978344756135866,0.0015431362324391388,8089
1970-01-07 21:09:00+00:00,0.001607793225440485,0.0009208030432310755,7311
1970-01-07 21:10:00+00:00,0.006471905230046283,0.004010795447741018,9833
1970-01-07 21:11:00+00:00,0.0024631504698939383,0.0017105136583533268,8074
1970-01-07 21:12:00+00:00,0.0022527616020262117,0.0015907262670007518,6883
1970-01-07 21:13:00+00:00,0.0017313745421476262,0.0010160704259787095,8242
1970-01-07 21:14:00+00:00,0.001296372905194724,0.000641649690892371,7289
1970-01-07 21:15:00+00:00,0.006062035280164163,0.0039061500107617927,9832
1970-01-07 21:16:00+00:00,0.0019331826847345233,0.0010283747746032848,8512
1970-01-07 21:17:00+00:00,0.001841842014773619,0.0011496351750975463,8565
1970-01-07 21:18:00+00:00,0.002121814667960492,0.0008171136000572228,7975
1970-01-07 21:19:00+00:00,0.0013257218744481074,0.0006935937280227999,8475
1970-01-07 21:20:00+00:00,0.00619651008952747,0.004009572752907117,9832
1970-01-07 21:21:00+00:00,0.002707133699575667,0.0013178746100686275,8318
1970-01-07 21:22:00+00:00,0.0015885219554997475,0.0009893873795130187,8005
1970-01-07 21:23:00+00:00,0.0019357880791534858,0.0008803236975928825,7374
1970-01-07 21:24:00+00:00,0.0016921531384058801,0.0007814183718600964,8433
1970-01-07 21:25:00+00:00,0.00630519337576442,0.004053190991028989,9827
1970-01-07 21:26:00+00:00,0.0018271527294829064,0.001156717903228168,8470
1970-01-07 21:27:00+00:00,0.001851589030472534,0.0011478852758859176,8456
1970-01-07 21:28:00+00:00,0.0015571355031904462,0.0009018361429617691,8340
1970-01-07 21:29:00+00:00,0.0021047958237432984,0.0009456484799970386,8194
1970-01-07 21:30:00+00:00,0.0064892000132863795,0.004196408707359532,9828
1970-01-07 21:31:00+00:00,0.002728597442642271,0.001328995811059959,8450
1970-01-07 21:32:00+00:00,0.0019252886021542375,0.0009465692220306901,7933
1970-01-07 21:33:00+00:00,0.0022150164419497322,0.0010854501914935076,8687
1970-01-07 21:34:00+00:00,0.0019683785946988464,0.0008788996749934762,8637
1970-01-07 21:35:00+00:00,0.0062344536591216314,0.0041076276828871305,9829
1970-01-07 21:36:00+00:00,0.0022663961453289793,0.0013080985345700806,7964
1970-01-07 21:37:00+00:00,0.002019710954497544,0.001199532520007201,7918
1970-01-07 21:38:00+00:00,0.0018922822261418254,0.0010718340676740441,8119
1970-01-07 21:39:00+00:00,0.0015668078043910823,0.000780502974876464,7669
1970-01-07 21:40:00+00:00,0.006050329719108577,0.004011084716320079,9831
1970-01-07 21:41:00+00:00,0.0018708244989588836,0.0010580931121719575,8786
1970-01-07 21:42:00+00:00,0.0016422679426279624,0.001124861083366909,7695
1970-01-07 21:43:00+00:00,0.0014289556600516735,0.000607119258204029,7167
1970-01-07 21:44:00+00:00,0.0018050945253400917,0.0008000855608024069,8074
1970-01-07 21:45:00+00:00,0.006043895536297752,0.004101533449958609,9832
1970-01-07 21:46:00+00:00,0.0017677329326859096,0.0014127019104017311,7127
1970-01-07 21:47:00+00:00,0.0016172590686476377,0.00106640756696274,6693
1970-01-07 21:48:00+00:00,0.0014609356793695045,0.0008656086969104146,7674
1970-01-07 21:49:00+00:00,0.002217906722663591,0.0010607399639054073,8208
1970-01-07 21:50:00+00:00,0.006183941642818737,0.004210181209120948,9837
1970-01-07 21:51:00+00:00,0.0029074942484255705,0.0017590282757414487,7722
1970-01-07 21:52:00+00:00,0.0023727420801844313,0.0014173148820759473,6546
1970-01-07 21:53:00+00:00,0.001959067949826491,0.0011155692732756765,7548
1970-01-07 21:54:00+00:00,0.0015851632787939798,0.0009545530958823815,6768
1970-01-07 21:55:00+00:00,0.0061604896138735,0.004201311736520087,9837
1970-01-07 21:56:00+00:00,0.0017405343949379462,0.0011178713188319611,6859
1970-01-07 21:57:00+00:00,0.002395463668250861,0.0011561853020115888,6896
1970-01-07 21:58:00+00:00,0.0012201718628131423,0.000945962618623975,7274
1970-01-07 21:59:00+00:00,0.0015103199681767926,0.001000285168770241,7087
1970-01-07 22:00:00+00:00,0.006018615613358836,0.0041351120557783574,9833
1970-01-07 22:01:00+00:00,0.003041641259875414,0.0021459960082880905,7452
1970-01-07 22:02:00+00:00,0.0025656326500865054,0.001726575952851561,7076
1970-01-07 22:03:00+00:00,0.002003047401306558,0.0012058124400915785,7224
1970-01-07 22:04:00+00:00,0.0011586252689171678,0.0007005883539885065,7859
1970-01-07 22:05:00+00:00,0.005912342890635946,0.004154072984960179,9830
1970-01-07 22:06:00+00:00,0.00214299375872575,0.001219030330427543,8254
1970-01-07 22:07:00+00:00,0.0017949611724582617,0.0011146410652438227,8380
1970-01-07 22:08:00+00:00,0.001443042877985397,0.0009663497196380411,8548
1970-01-07 22:09:00+00:00,0.001508850745609512,0.0007572361729988684,7917
1970-01-07 22:10:00+00:00,0.0062016713844332124,0.004297981397661681,9828
1970-01-07 22:11:00+00:00,0.0026958058408298536,0.0013443574551905728,8603
1970-01-07 22:12:00+00:00,0.0021479557421635034,0.001006884790797446,8103
1970-01-07 22:13:00+00:00,0.001853089923073256,0.000915060946291781,7713
1970-01-07 22:14:00+00:00,0.0014339229875771726,0.0006687936416572916,8134
1970-01-07 22:15:00+00:00,0.006259753682692285,0.004279641877089787,9828
1970-01-07 22:16:00+00:00,0.0018149992569156622,0.0009785628935730828,7151
1970-01-07 22:17:00+00:00,0.0016324869621733584,0.0011113720825345322,7163
1970-01-07 22:18:00+00:00,0.0018127667526210603,0.0007984817809009752,7813
1970-01-07 22:19:00+00:00,0.0015765051454919314,0.0007120308773496406,8422
1970-01-07 22:20:00+00:00,0.006114354226638895,0.004245717550609803,9829
1970-01-07 22:21:00+00:00,0.002225832960328568,0.0012944035107161226,8711
1970-01-07 22:22:00+00:00,0.0016248426676284083,0.001012651482120855,8278
1970-01-07 22:23:00+00:00,0.0022547185061793274,0.0009385497789074457,8246
1970-01-07 22:24:00+00:00,0.001849972341385979,0.000748763823522672,7372
1970-01-07 22:25:00+00:00,0.006026399087016003,0.0042797061081137665,9830
1970-01-07 22:26:00+00:00,0.00306106760364309,0.0014731714677083335,7866
1970-01-07 22:27:00+00:00,0.0022868760895625355,0.001075950147521848,7866
1970-01-07 22:28:00+00:00,0.0020595991765707355,0.000999337093444167,7679
1970-01-07 22:29:00+00:00,0.002013241729569186,0.0008797219968811762,7569
1970-01-07 22:30:00+00:00,0.006130530138000309,0.004323314999389755,9833
1970-01-07 22:31:00+00:00,0.0027581991915161513,0.0014448976817965818,8117
1970-01-07 22:32:00+00:00,0.0024245885089127246,0.001224595507039831,7243
1970-01-07 22:33:00+00:00,0.0020740970233423177,0.0009294813430364776,7628
1970-01-07 22:34:00+00:00,0.002314005985408343,0.0007597903304799153,7922
1970-01-07 22:35:00+00:00,0.005818111808945105,0.004142134701281647,9836
1970-01-07 22:36:00+00:00,0.002256215823929217,0.00131504186670001,8190
1970-01-07 22:37:00+00:00,0.0018264732383552213,0.0014074988761422266,8279
1970-01-07 22:38:00+00:00,0.0021989709146952308,0.0011919661503398292,8297
1970-01-07 22:39:00+00:00,0.00142717325628701,0.0007605903458639734,8185
1970-01-07 22:40:00+00:00,0.005678883281609181,0.004100538325919201,9838
1970-01-07 22:41:00+00:00,0.002004630588699372,0.0012985044784839454,8516
1970-01-07 22:42:00+00:00,0.002373037003383191,0.0013118478573527733,7853
1970-01-07 22:43:00+00:00,0.0023114956603955323,0.0011807798878740935,7525
1970-01-07 22:44:00+00:00,0.0022535914776216433,0.0007025252374391221,7425
