{
  "fixed5": {
    "total_reward": -90261.125,
    "total_reward_std": 9562.999353360587,
    "total_unmet": 87744.0675,
    "total_unmet_std": 9561.255863271506,
    "mean_servers": 5.0,
    "mean_servers_std": 0.0
  },
  "reactive": {
    "total_reward": -76663.82974999963,
    "total_reward_std": 6787.672745545501,
    "total_unmet": 55439.5925,
    "total_unmet_std": 6495.186604897795,
    "mean_servers": 3.4833225000000003,
    "mean_servers_std": 0.1360930539511477
  },
  "hyst": {
    "total_reward": -76728.85834999975,
    "total_reward_std": 6450.313888963738,
    "total_unmet": 59653.169,
    "total_unmet_std": 6311.394967314199,
    "mean_servers": 4.1297017,
    "mean_servers_std": 0.16042072022376036
  },
  "oracle": {
    "total_reward": -76756.97759999965,
    "total_reward_std": 6706.398783814565,
    "total_unmet": 55545.2095,
    "total_unmet_std": 6374.851575418031,
    "mean_servers": 3.4844882,
    "mean_servers_std": 0.1337861135572747
  }
}